sales_key,transaction_id,detail_id,time_key,customer_key,product_key,store_key,channel_key,payment_key,promotion_key,quantity_sold,unit_price,gross_sales,discount_amount,net_sales,cost_amount,net_profit
1,TRX-00001,DTL-000001,20240101,54,66,5,2,1,16,1,5499000,5499000.0,274950.0,5224050.0,3959000.0,1265050.0
2,TRX-00001,DTL-000002,20240101,54,36,5,2,1,12,1,3999000,3999000.0,399900.0,3599100.0,2879000.0,720100.0
3,TRX-00001,DTL-000003,20240101,54,98,5,2,1,21,1,1695000,1695000.0,0.0,1695000.0,1220000.0,475000.0
4,TRX-00002,DTL-000004,20240321,171,93,21,2,2,21,1,699000,699000.0,0.0,699000.0,503000.0,196000.0
5,TRX-00002,DTL-000005,20240321,171,42,21,2,2,3,1,3499000,3499000.0,279920.0,3219080.0,2519000.0,700080.0
6,TRX-00002,DTL-000006,20240321,171,99,21,2,2,21,1,3079000,3079000.0,0.0,3079000.0,2217000.0,862000.0
7,TRX-00003,DTL-000007,20241220,574,13,7,1,3,21,2,6499000,12998000.0,0.0,12998000.0,9358000.0,3640000.0
8,TRX-00003,DTL-000008,20241220,574,32,7,1,3,21,1,28499000,28499000.0,0.0,28499000.0,20519000.0,7980000.0
9,TRX-00004,DTL-000009,20250112,622,41,9,2,4,8,1,6499000,6499000.0,324950.0,6174050.0,4679000.0,1495050.0
10,TRX-00004,DTL-000010,20250112,622,37,9,2,4,18,1,2999000,2999000.0,449850.0,2549150.0,2159000.0,390150.0
11,TRX-00004,DTL-000011,20250112,622,45,9,2,4,21,2,3999000,7998000.0,0.0,7998000.0,5758000.0,2240000.0
12,TRX-00005,DTL-000012,20250429,559,44,4,2,5,5,2,4499000,8998000.0,719840.0,8278160.0,6478000.0,1800160.0
13,TRX-00005,DTL-000013,20250429,559,77,4,2,5,13,2,1999000,3998000.0,399800.0,3598200.0,2878000.0,720200.0
14,TRX-00006,DTL-000014,20240304,285,72,7,3,6,21,1,6999000,6999000.0,0.0,6999000.0,5039000.0,1960000.0
15,TRX-00006,DTL-000015,20240304,285,19,7,3,6,5,2,14999000,29998000.0,2399840.0,27598160.0,21598000.0,6000160.0
16,TRX-00006,DTL-000016,20240304,285,40,7,3,6,21,2,15999000,31998000.0,0.0,31998000.0,23038000.0,8960000.0
17,TRX-00007,DTL-000017,20240303,514,92,5,2,7,21,1,649000,649000.0,0.0,649000.0,467000.0,182000.0
18,TRX-00008,DTL-000018,20241225,857,1,23,2,8,21,1,20499000,20499000.0,0.0,20499000.0,14759000.0,5740000.0
19,TRX-00008,DTL-000019,20241225,857,22,23,2,8,10,1,499000,499000.0,24950.0,474050.0,359000.0,115050.0
20,TRX-00009,DTL-000020,20240810,899,57,24,3,9,21,2,5999000,11998000.0,0.0,11998000.0,8638000.0,3360000.0
21,TRX-00009,DTL-000021,20240810,899,98,24,3,9,4,2,1695000,3390000.0,406800.0,2983200.0,2440000.0,543200.0
22,TRX-00009,DTL-000022,20240810,899,2,24,3,9,21,1,23499000,23499000.0,0.0,23499000.0,16919000.0,6580000.0
23,TRX-00009,DTL-000023,20240810,899,36,24,3,9,18,1,3999000,3999000.0,599850.0,3399150.0,2879000.0,520150.0
24,TRX-00010,DTL-000024,20240723,451,62,9,2,10,21,1,5999000,5999000.0,0.0,5999000.0,4319000.0,1680000.0
25,TRX-00010,DTL-000025,20240723,451,36,9,2,10,21,1,3999000,3999000.0,0.0,3999000.0,2879000.0,1120000.0
26,TRX-00011,DTL-000026,20240803,831,44,22,2,11,21,3,4499000,13497000.0,0.0,13497000.0,9717000.0,3780000.0
27,TRX-00011,DTL-000027,20240803,831,48,22,2,11,16,1,16999000,16999000.0,849950.0,16149050.0,12239000.0,3910050.0
28,TRX-00012,DTL-000028,20240428,487,32,5,2,12,21,1,28499000,28499000.0,0.0,28499000.0,20519000.0,7980000.0
29,TRX-00012,DTL-000029,20240428,487,21,5,2,12,3,2,2499000,4998000.0,399840.0,4598160.0,3598000.0,1000160.0
30,TRX-00013,DTL-000030,20250501,103,56,6,2,13,21,1,5799000,5799000.0,0.0,5799000.0,4175000.0,1624000.0
31,TRX-00013,DTL-000031,20250501,103,48,6,2,13,21,1,16999000,16999000.0,0.0,16999000.0,12239000.0,4760000.0
32,TRX-00014,DTL-000032,20240906,346,70,16,2,14,21,2,6499000,12998000.0,0.0,12998000.0,9358000.0,3640000.0
33,TRX-00014,DTL-000033,20240906,346,17,16,2,14,21,2,22999000,45998000.0,0.0,45998000.0,33118000.0,12880000.0
34,TRX-00015,DTL-000034,20240130,308,67,20,2,15,10,1,3999000,3999000.0,199950.0,3799050.0,2879000.0,920050.0
35,TRX-00016,DTL-000035,20240524,170,8,15,2,16,2,2,10999000,21998000.0,1759840.0,20238160.0,15838000.0,4400160.0
36,TRX-00016,DTL-000036,20240524,170,98,15,2,16,21,1,1695000,1695000.0,0.0,1695000.0,1220000.0,475000.0
37,TRX-00016,DTL-000037,20240524,170,99,15,2,16,21,1,3079000,3079000.0,0.0,3079000.0,2217000.0,862000.0
38,TRX-00017,DTL-000038,20240612,704,53,13,2,17,21,1,5099000,5099000.0,0.0,5099000.0,3671000.0,1428000.0
39,TRX-00017,DTL-000039,20240612,704,54,13,2,17,21,1,4499000,4499000.0,0.0,4499000.0,3239000.0,1260000.0
40,TRX-00017,DTL-000040,20240612,704,51,13,2,17,4,1,6499000,6499000.0,779880.0,5719120.0,4679000.0,1040120.0
41,TRX-00017,DTL-000041,20240612,704,14,13,2,17,9,1,9499000,9499000.0,284970.0,9214030.0,6839000.0,2375030.0
42,TRX-00018,DTL-000042,20240314,994,36,19,2,18,11,1,3999000,3999000.0,319920.0,3679080.0,2879000.0,800080.0
43,TRX-00018,DTL-000043,20240314,994,5,19,2,18,21,1,13999000,13999000.0,0.0,13999000.0,10079000.0,3920000.0
44,TRX-00019,DTL-000044,20240521,1000,40,10,3,19,4,1,15999000,15999000.0,1919880.0,14079120.0,11519000.0,2560120.0
45,TRX-00019,DTL-000045,20240521,1000,62,10,3,19,21,1,5999000,5999000.0,0.0,5999000.0,4319000.0,1680000.0
46,TRX-00020,DTL-000046,20250211,477,98,3,2,20,21,1,1695000,1695000.0,0.0,1695000.0,1220000.0,475000.0
47,TRX-00020,DTL-000047,20250211,477,90,3,2,20,4,2,699000,1398000.0,167760.0,1230240.0,1006000.0,224240.0
48,TRX-00020,DTL-000048,20250211,477,8,3,2,20,21,1,10999000,10999000.0,0.0,10999000.0,7919000.0,3080000.0
49,TRX-00021,DTL-000049,20240225,650,81,4,2,21,21,1,7999000,7999000.0,0.0,7999000.0,5759000.0,2240000.0
50,TRX-00021,DTL-000050,20240225,650,8,4,2,21,17,1,10999000,10999000.0,1319880.0,9679120.0,7919000.0,1760120.0
51,TRX-00021,DTL-000051,20240225,650,6,4,2,21,5,3,12499000,37497000.0,2999760.0,34497240.0,26997000.0,7500240.0
52,TRX-00022,DTL-000052,20240322,957,20,23,1,22,21,1,3999000,3999000.0,0.0,3999000.0,2879000.0,1120000.0
53,TRX-00022,DTL-000053,20240322,957,24,23,1,22,21,2,399000,798000.0,0.0,798000.0,574000.0,224000.0
54,TRX-00023,DTL-000054,20240221,436,92,11,2,23,11,1,649000,649000.0,51920.0,597080.0,467000.0,130080.0
55,TRX-00023,DTL-000055,20240221,436,84,11,2,23,21,1,1399000,1399000.0,0.0,1399000.0,1007000.0,392000.0
56,TRX-00023,DTL-000056,20240221,436,20,11,2,23,3,1,3999000,3999000.0,319920.0,3679080.0,2879000.0,800080.0
57,TRX-00024,DTL-000057,20240327,149,89,21,2,24,21,1,779000,779000.0,0.0,779000.0,561000.0,218000.0
58,TRX-00024,DTL-000058,20240327,149,4,21,2,24,21,1,16999000,16999000.0,0.0,16999000.0,12239000.0,4760000.0
59,TRX-00025,DTL-000059,20240211,151,73,20,2,25,21,1,4299000,4299000.0,0.0,4299000.0,3095000.0,1204000.0
60,TRX-00025,DTL-000060,20240211,151,93,20,2,25,21,1,699000,699000.0,0.0,699000.0,503000.0,196000.0
61,TRX-00026,DTL-000061,20240322,585,13,9,3,26,21,1,6499000,6499000.0,0.0,6499000.0,4679000.0,1820000.0
62,TRX-00026,DTL-000062,20240322,585,6,9,3,26,21,1,12499000,12499000.0,0.0,12499000.0,8999000.0,3500000.0
63,TRX-00026,DTL-000063,20240322,585,32,9,3,26,21,1,28499000,28499000.0,0.0,28499000.0,20519000.0,7980000.0
64,TRX-00026,DTL-000064,20240322,585,10,9,3,26,21,1,12599000,12599000.0,0.0,12599000.0,9071000.0,3528000.0
65,TRX-00027,DTL-000065,20240216,695,54,10,2,27,21,1,4499000,4499000.0,0.0,4499000.0,3239000.0,1260000.0
66,TRX-00028,DTL-000066,20241121,727,99,11,3,28,21,1,3079000,3079000.0,0.0,3079000.0,2217000.0,862000.0
67,TRX-00028,DTL-000067,20241121,727,32,11,3,28,21,2,28499000,56998000.0,0.0,56998000.0,41038000.0,15960000.0
68,TRX-00029,DTL-000068,20240113,843,29,15,2,29,21,1,17499000,17499000.0,0.0,17499000.0,12599000.0,4900000.0
69,TRX-00029,DTL-000069,20240113,843,59,15,2,29,21,1,2299000,2299000.0,0.0,2299000.0,1655000.0,644000.0
70,TRX-00030,DTL-000070,20250513,766,46,17,1,30,21,1,2999000,2999000.0,0.0,2999000.0,2159000.0,840000.0
71,TRX-00030,DTL-000071,20250513,766,79,17,1,30,18,1,18999000,18999000.0,2849850.0,16149150.0,13679000.0,2470150.0
72,TRX-00031,DTL-000072,20240124,503,77,8,2,31,21,1,1999000,1999000.0,0.0,1999000.0,1439000.0,560000.0
73,TRX-00031,DTL-000073,20240124,503,75,8,2,31,21,1,4699000,4699000.0,0.0,4699000.0,3383000.0,1316000.0
74,TRX-00031,DTL-000074,20240124,503,52,8,2,31,9,1,2099000,2099000.0,62970.0,2036030.0,1511000.0,525030.0
75,TRX-00031,DTL-000075,20240124,503,61,8,2,31,12,1,5599000,5599000.0,559900.0,5039100.0,4031000.0,1008100.0
76,TRX-00032,DTL-000076,20241012,109,54,22,2,32,21,1,4499000,4499000.0,0.0,4499000.0,3239000.0,1260000.0
77,TRX-00032,DTL-000077,20241012,109,51,22,2,32,21,1,6499000,6499000.0,0.0,6499000.0,4679000.0,1820000.0
78,TRX-00033,DTL-000078,20240104,476,14,21,2,33,21,1,9499000,9499000.0,0.0,9499000.0,6839000.0,2660000.0
79,TRX-00033,DTL-000079,20240104,476,15,21,2,33,21,3,13599000,40797000.0,0.0,40797000.0,29373000.0,11424000.0
80,TRX-00033,DTL-000080,20240104,476,100,21,2,33,21,1,1799000,1799000.0,0.0,1799000.0,1295000.0,504000.0
81,TRX-00034,DTL-000081,20250222,171,73,19,2,34,21,1,4299000,4299000.0,0.0,4299000.0,3095000.0,1204000.0
82,TRX-00034,DTL-000082,20250222,171,38,19,2,34,21,2,1599000,3198000.0,0.0,3198000.0,2302000.0,896000.0
83,TRX-00034,DTL-000083,20250222,171,19,19,2,34,21,1,14999000,14999000.0,0.0,14999000.0,10799000.0,4200000.0
84,TRX-00035,DTL-000084,20240902,944,27,7,3,35,18,1,16499000,16499000.0,2474850.0,14024150.0,11879000.0,2145150.0
85,TRX-00035,DTL-000085,20240902,944,92,7,3,35,19,1,649000,649000.0,32450.0,616550.0,467000.0,149550.0
86,TRX-00036,DTL-000086,20250527,858,23,11,1,36,21,1,499000,499000.0,0.0,499000.0,359000.0,140000.0
87,TRX-00036,DTL-000087,20250527,858,66,11,1,36,1,3,5499000,16497000.0,494910.0,16002090.0,11877000.0,4125090.0
88,TRX-00036,DTL-000088,20250527,858,44,11,1,36,21,1,4499000,4499000.0,0.0,4499000.0,3239000.0,1260000.0
89,TRX-00036,DTL-000089,20250527,858,37,11,1,36,21,1,2999000,2999000.0,0.0,2999000.0,2159000.0,840000.0
90,TRX-00037,DTL-000090,20240503,547,8,23,1,37,12,2,10999000,21998000.0,2199800.0,19798200.0,15838000.0,3960200.0
91,TRX-00038,DTL-000091,20250326,150,52,9,2,38,21,1,2099000,2099000.0,0.0,2099000.0,1511000.0,588000.0
92,TRX-00038,DTL-000092,20250326,150,81,9,2,38,7,1,7999000,7999000.0,799900.0,7199100.0,5759000.0,1440100.0
93,TRX-00038,DTL-000093,20250326,150,44,9,2,38,3,2,4499000,8998000.0,719840.0,8278160.0,6478000.0,1800160.0
94,TRX-00039,DTL-000094,20250518,351,18,10,1,39,21,2,7999000,15998000.0,0.0,15998000.0,11518000.0,4480000.0
95,TRX-00039,DTL-000095,20250518,351,73,10,1,39,21,1,4299000,4299000.0,0.0,4299000.0,3095000.0,1204000.0
96,TRX-00039,DTL-000096,20250518,351,47,10,1,39,9,1,12499000,12499000.0,374970.0,12124030.0,8999000.0,3125030.0
97,TRX-00040,DTL-000097,20241025,650,3,10,2,40,21,1,18499000,18499000.0,0.0,18499000.0,13319000.0,5180000.0
98,TRX-00040,DTL-000098,20241025,650,56,10,2,40,9,1,5799000,5799000.0,173970.0,5625030.0,4175000.0,1450030.0
99,TRX-00040,DTL-000099,20241025,650,79,10,2,40,7,2,18999000,37998000.0,3799800.0,34198200.0,27358000.0,6840200.0
100,TRX-00041,DTL-000100,20240113,764,65,17,2,41,21,1,6299000,6299000.0,0.0,6299000.0,4535000.0,1764000.0
101,TRX-00041,DTL-000101,20240113,764,44,17,2,41,21,1,4499000,4499000.0,0.0,4499000.0,3239000.0,1260000.0
102,TRX-00042,DTL-000102,20250508,15,33,22,3,42,4,1,15999000,15999000.0,1919880.0,14079120.0,11519000.0,2560120.0
103,TRX-00042,DTL-000103,20250508,15,40,22,3,42,21,1,15999000,15999000.0,0.0,15999000.0,11519000.0,4480000.0
104,TRX-00042,DTL-000104,20250508,15,53,22,3,42,21,2,5099000,10198000.0,0.0,10198000.0,7342000.0,2856000.0
105,TRX-00042,DTL-000105,20250508,15,73,22,3,42,21,1,4299000,4299000.0,0.0,4299000.0,3095000.0,1204000.0
106,TRX-00043,DTL-000106,20240726,1000,95,21,1,43,17,1,399000,399000.0,47880.0,351120.0,287000.0,64120.0
107,TRX-00044,DTL-000107,20240227,251,84,9,1,44,21,1,1399000,1399000.0,0.0,1399000.0,1007000.0,392000.0
108,TRX-00044,DTL-000108,20240227,251,14,9,1,44,21,1,9499000,9499000.0,0.0,9499000.0,6839000.0,2660000.0
109,TRX-00044,DTL-000109,20240227,251,24,9,1,44,19,1,399000,399000.0,19950.0,379050.0,287000.0,92050.0
110,TRX-00045,DTL-000110,20240306,213,8,8,3,45,21,1,10999000,10999000.0,0.0,10999000.0,7919000.0,3080000.0
111,TRX-00045,DTL-000111,20240306,213,55,8,3,45,21,1,3299000,3299000.0,0.0,3299000.0,2375000.0,924000.0
112,TRX-00046,DTL-000112,20250328,556,79,19,2,46,21,1,18999000,18999000.0,0.0,18999000.0,13679000.0,5320000.0
113,TRX-00046,DTL-000113,20250328,556,86,19,2,46,14,2,1199000,2398000.0,71940.0,2326060.0,1726000.0,600060.0
114,TRX-00047,DTL-000114,20240101,278,17,16,3,47,21,1,22999000,22999000.0,0.0,22999000.0,16559000.0,6440000.0
115,TRX-00047,DTL-000115,20240101,278,51,16,3,47,17,3,6499000,19497000.0,2339640.0,17157360.0,14037000.0,3120360.0
116,TRX-00047,DTL-000116,20240101,278,15,16,3,47,17,1,13599000,13599000.0,1631880.0,11967120.0,9791000.0,2176120.0
117,TRX-00048,DTL-000117,20240705,998,94,17,1,48,21,1,2999000,2999000.0,0.0,2999000.0,2159000.0,840000.0
118,TRX-00048,DTL-000118,20240705,998,48,17,1,48,14,1,16999000,16999000.0,509970.0,16489030.0,12239000.0,4250030.0
119,TRX-00049,DTL-000119,20240421,514,6,10,2,49,19,1,12499000,12499000.0,624950.0,11874050.0,8999000.0,2875050.0
120,TRX-00049,DTL-000120,20240421,514,55,10,2,49,21,1,3299000,3299000.0,0.0,3299000.0,2375000.0,924000.0
121,TRX-00049,DTL-000121,20240421,514,24,10,2,49,12,1,399000,399000.0,39900.0,359100.0,287000.0,72100.0
122,TRX-00050,DTL-000122,20241129,808,5,14,3,50,9,1,13999000,13999000.0,419970.0,13579030.0,10079000.0,3500030.0
123,TRX-00050,DTL-000123,20241129,808,80,14,3,50,11,1,10999000,10999000.0,879920.0,10119080.0,7919000.0,2200080.0
124,TRX-00050,DTL-000124,20241129,808,53,14,3,50,9,2,5099000,10198000.0,305940.0,9892060.0,7342000.0,2550060.0
125,TRX-00051,DTL-000125,20250217,825,58,5,2,51,8,2,4999000,9998000.0,499900.0,9498100.0,7198000.0,2300100.0
126,TRX-00051,DTL-000126,20250217,825,97,5,2,51,21,1,1565000,1565000.0,0.0,1565000.0,1127000.0,438000.0
127,TRX-00051,DTL-000127,20250217,825,34,5,2,51,21,1,5999000,5999000.0,0.0,5999000.0,4319000.0,1680000.0
128,TRX-00052,DTL-000128,20250530,77,46,8,3,52,21,1,2999000,2999000.0,0.0,2999000.0,2159000.0,840000.0
129,TRX-00053,DTL-000129,20250203,256,48,9,3,53,20,1,16999000,16999000.0,849950.0,16149050.0,12239000.0,3910050.0
130,TRX-00053,DTL-000130,20250203,256,57,9,3,53,21,1,5999000,5999000.0,0.0,5999000.0,4319000.0,1680000.0
131,TRX-00053,DTL-000131,20250203,256,46,9,3,53,15,1,2999000,2999000.0,239920.0,2759080.0,2159000.0,600080.0
132,TRX-00053,DTL-000132,20250203,256,9,9,3,53,21,1,12999000,12999000.0,0.0,12999000.0,9359000.0,3640000.0
133,TRX-00054,DTL-000133,20240603,576,95,3,3,54,21,1,399000,399000.0,0.0,399000.0,287000.0,112000.0
134,TRX-00054,DTL-000134,20240603,576,12,3,3,54,21,1,11499000,11499000.0,0.0,11499000.0,8279000.0,3220000.0
135,TRX-00055,DTL-000135,20241117,766,21,7,1,55,21,1,2499000,2499000.0,0.0,2499000.0,1799000.0,700000.0
136,TRX-00056,DTL-000136,20240124,438,15,13,2,56,21,1,13599000,13599000.0,0.0,13599000.0,9791000.0,3808000.0
137,TRX-00056,DTL-000137,20240124,438,13,13,2,56,13,1,6499000,6499000.0,649900.0,5849100.0,4679000.0,1170100.0
138,TRX-00056,DTL-000138,20240124,438,96,13,2,56,21,3,1599000,4797000.0,0.0,4797000.0,3453000.0,1344000.0
139,TRX-00057,DTL-000139,20241207,579,7,3,2,57,21,1,9999000,9999000.0,0.0,9999000.0,7199000.0,2800000.0
140,TRX-00057,DTL-000140,20241207,579,66,3,2,57,21,2,5499000,10998000.0,0.0,10998000.0,7918000.0,3080000.0
141,TRX-00057,DTL-000141,20241207,579,47,3,2,57,21,1,12499000,12499000.0,0.0,12499000.0,8999000.0,3500000.0
142,TRX-00058,DTL-000142,20250421,757,85,5,3,58,21,1,399000,399000.0,0.0,399000.0,287000.0,112000.0
143,TRX-00058,DTL-000143,20250421,757,53,5,3,58,21,1,5099000,5099000.0,0.0,5099000.0,3671000.0,1428000.0
144,TRX-00058,DTL-000144,20250421,757,47,5,3,58,21,1,12499000,12499000.0,0.0,12499000.0,8999000.0,3500000.0
145,TRX-00059,DTL-000145,20250203,438,96,5,2,59,14,1,1599000,1599000.0,47970.0,1551030.0,1151000.0,400030.0
146,TRX-00059,DTL-000146,20250203,438,1,5,2,59,18,1,20499000,20499000.0,3074850.0,17424150.0,14759000.0,2665150.0
147,TRX-00059,DTL-000147,20250203,438,5,5,2,59,21,2,13999000,27998000.0,0.0,27998000.0,20158000.0,7840000.0
148,TRX-00059,DTL-000148,20250203,438,38,5,2,59,21,1,1599000,1599000.0,0.0,1599000.0,1151000.0,448000.0
149,TRX-00060,DTL-000149,20240127,41,2,25,2,60,7,1,23499000,23499000.0,2349900.0,21149100.0,16919000.0,4230100.0
150,TRX-00060,DTL-000150,20240127,41,97,25,2,60,5,1,1565000,1565000.0,125200.0,1439800.0,1127000.0,312800.0
151,TRX-00061,DTL-000151,20240128,451,74,4,3,61,21,1,5999000,5999000.0,0.0,5999000.0,4319000.0,1680000.0
152,TRX-00061,DTL-000152,20240128,451,89,4,3,61,1,2,779000,1558000.0,46740.0,1511260.0,1122000.0,389260.0
153,TRX-00061,DTL-000153,20240128,451,59,4,3,61,21,1,2299000,2299000.0,0.0,2299000.0,1655000.0,644000.0
154,TRX-00062,DTL-000154,20240628,529,93,4,2,62,21,2,699000,1398000.0,0.0,1398000.0,1006000.0,392000.0
155,TRX-00062,DTL-000155,20240628,529,51,4,2,62,21,1,6499000,6499000.0,0.0,6499000.0,4679000.0,1820000.0
156,TRX-00062,DTL-000156,20240628,529,92,4,2,62,2,1,649000,649000.0,51920.0,597080.0,467000.0,130080.0
157,TRX-00063,DTL-000157,20250412,431,49,13,2,63,20,1,6999000,6999000.0,349950.0,6649050.0,5039000.0,1610050.0
158,TRX-00063,DTL-000158,20250412,431,27,13,2,63,21,1,16499000,16499000.0,0.0,16499000.0,11879000.0,4620000.0
159,TRX-00064,DTL-000159,20240117,332,62,2,1,64,16,1,5999000,5999000.0,299950.0,5699050.0,4319000.0,1380050.0
160,TRX-00065,DTL-000160,20240802,633,45,14,2,65,21,2,3999000,7998000.0,0.0,7998000.0,5758000.0,2240000.0
161,TRX-00065,DTL-000161,20240802,633,71,14,2,65,21,1,4999000,4999000.0,0.0,4999000.0,3599000.0,1400000.0
162,TRX-00066,DTL-000162,20240131,641,53,12,3,66,21,1,5099000,5099000.0,0.0,5099000.0,3671000.0,1428000.0
163,TRX-00066,DTL-000163,20240131,641,71,12,3,66,21,1,4999000,4999000.0,0.0,4999000.0,3599000.0,1400000.0
164,TRX-00066,DTL-000164,20240131,641,88,12,3,66,21,1,2799000,2799000.0,0.0,2799000.0,2015000.0,784000.0
165,TRX-00066,DTL-000165,20240131,641,37,12,3,66,12,2,2999000,5998000.0,599800.0,5398200.0,4318000.0,1080200.0
166,TRX-00067,DTL-000166,20240116,430,48,3,2,67,21,3,16999000,50997000.0,0.0,50997000.0,36717000.0,14280000.0
167,TRX-00067,DTL-000167,20240116,430,10,3,2,67,19,1,12599000,12599000.0,629950.0,11969050.0,9071000.0,2898050.0
168,TRX-00067,DTL-000168,20240116,430,41,3,2,67,15,2,6499000,12998000.0,1039840.0,11958160.0,9358000.0,2600160.0
169,TRX-00067,DTL-000169,20240116,430,45,3,2,67,21,1,3999000,3999000.0,0.0,3999000.0,2879000.0,1120000.0
170,TRX-00068,DTL-000170,20240408,873,13,19,1,68,21,1,6499000,6499000.0,0.0,6499000.0,4679000.0,1820000.0
171,TRX-00069,DTL-000171,20241016,257,3,6,3,69,21,1,18499000,18499000.0,0.0,18499000.0,13319000.0,5180000.0
172,TRX-00069,DTL-000172,20241016,257,92,6,3,69,21,1,649000,649000.0,0.0,649000.0,467000.0,182000.0
173,TRX-00069,DTL-000173,20241016,257,52,6,3,69,21,1,2099000,2099000.0,0.0,2099000.0,1511000.0,588000.0
174,TRX-00070,DTL-000174,20240528,36,34,24,2,70,4,1,5999000,5999000.0,719880.0,5279120.0,4319000.0,960120.0
175,TRX-00070,DTL-000175,20240528,36,92,24,2,70,21,1,649000,649000.0,0.0,649000.0,467000.0,182000.0
176,TRX-00070,DTL-000176,20240528,36,22,24,2,70,21,1,499000,499000.0,0.0,499000.0,359000.0,140000.0
177,TRX-00071,DTL-000177,20250219,270,55,18,2,71,21,1,3299000,3299000.0,0.0,3299000.0,2375000.0,924000.0
178,TRX-00072,DTL-000178,20250514,99,71,22,2,72,21,1,4999000,4999000.0,0.0,4999000.0,3599000.0,1400000.0
179,TRX-00072,DTL-000179,20250514,99,72,22,2,72,21,1,6999000,6999000.0,0.0,6999000.0,5039000.0,1960000.0
180,TRX-00072,DTL-000180,20250514,99,81,22,2,72,14,1,7999000,7999000.0,239970.0,7759030.0,5759000.0,2000030.0
181,TRX-00073,DTL-000181,20241221,963,41,3,2,73,21,2,6499000,12998000.0,0.0,12998000.0,9358000.0,3640000.0
182,TRX-00074,DTL-000182,20240722,616,2,25,3,74,17,1,23499000,23499000.0,2819880.0,20679120.0,16919000.0,3760120.0
183,TRX-00075,DTL-000183,20240611,650,52,20,2,75,21,1,2099000,2099000.0,0.0,2099000.0,1511000.0,588000.0
184,TRX-00075,DTL-000184,20240611,650,66,20,2,75,21,3,5499000,16497000.0,0.0,16497000.0,11877000.0,4620000.0
185,TRX-00075,DTL-000185,20240611,650,8,20,2,75,12,1,10999000,10999000.0,1099900.0,9899100.0,7919000.0,1980100.0
186,TRX-00076,DTL-000186,20250424,308,77,1,1,76,19,1,1999000,1999000.0,99950.0,1899050.0,1439000.0,460050.0
187,TRX-00077,DTL-000187,20250507,974,57,8,2,77,21,1,5999000,5999000.0,0.0,5999000.0,4319000.0,1680000.0
188,TRX-00077,DTL-000188,20250507,974,91,8,2,77,21,1,699000,699000.0,0.0,699000.0,503000.0,196000.0
189,TRX-00077,DTL-000189,20250507,974,7,8,2,77,21,1,9999000,9999000.0,0.0,9999000.0,7199000.0,2800000.0
190,TRX-00078,DTL-000190,20240604,283,56,25,1,78,3,1,5799000,5799000.0,463920.0,5335080.0,4175000.0,1160080.0
191,TRX-00078,DTL-000191,20240604,283,86,25,1,78,21,1,1199000,1199000.0,0.0,1199000.0,863000.0,336000.0
192,TRX-00079,DTL-000192,20250410,773,80,24,2,79,21,3,10999000,32997000.0,0.0,32997000.0,23757000.0,9240000.0
193,TRX-00079,DTL-000193,20250410,773,83,24,2,79,14,2,7499000,14998000.0,449940.0,14548060.0,10798000.0,3750060.0
194,TRX-00079,DTL-000194,20250410,773,89,24,2,79,15,1,779000,779000.0,62320.0,716680.0,561000.0,155680.0
195,TRX-00079,DTL-000195,20250410,773,21,24,2,79,3,1,2499000,2499000.0,199920.0,2299080.0,1799000.0,500080.0
196,TRX-00080,DTL-000196,20240904,987,40,14,1,80,21,1,15999000,15999000.0,0.0,15999000.0,11519000.0,4480000.0
197,TRX-00080,DTL-000197,20240904,987,99,14,1,80,21,2,3079000,6158000.0,0.0,6158000.0,4434000.0,1724000.0
198,TRX-00081,DTL-000198,20240914,1000,74,23,2,81,21,1,5999000,5999000.0,0.0,5999000.0,4319000.0,1680000.0
199,TRX-00081,DTL-000199,20240914,1000,92,23,2,81,21,1,649000,649000.0,0.0,649000.0,467000.0,182000.0
200,TRX-00082,DTL-000200,20250119,684,77,13,3,82,21,1,1999000,1999000.0,0.0,1999000.0,1439000.0,560000.0
201,TRX-00083,DTL-000201,20240901,926,54,20,1,83,20,1,4499000,4499000.0,224950.0,4274050.0,3239000.0,1035050.0
202,TRX-00083,DTL-000202,20240901,926,34,20,1,83,21,2,5999000,11998000.0,0.0,11998000.0,8638000.0,3360000.0
203,TRX-00084,DTL-000203,20250318,1000,17,19,3,84,13,2,22999000,45998000.0,4599800.0,41398200.0,33118000.0,8280200.0
204,TRX-00085,DTL-000204,20241218,803,9,2,2,85,21,1,12999000,12999000.0,0.0,12999000.0,9359000.0,3640000.0
205,TRX-00085,DTL-000205,20241218,803,79,2,2,85,21,1,18999000,18999000.0,0.0,18999000.0,13679000.0,5320000.0
206,TRX-00086,DTL-000206,20240625,361,19,20,3,86,9,2,14999000,29998000.0,899940.0,29098060.0,21598000.0,7500060.0
207,TRX-00086,DTL-000207,20240625,361,50,20,3,86,21,1,8499000,8499000.0,0.0,8499000.0,6119000.0,2380000.0
208,TRX-00087,DTL-000208,20250126,498,66,12,3,87,21,2,5499000,10998000.0,0.0,10998000.0,7918000.0,3080000.0
209,TRX-00087,DTL-000209,20250126,498,1,12,3,87,3,3,20499000,61497000.0,4919760.0,56577240.0,44277000.0,12300240.0
210,TRX-00088,DTL-000210,20241030,408,57,20,3,88,21,1,5999000,5999000.0,0.0,5999000.0,4319000.0,1680000.0
211,TRX-00088,DTL-000211,20241030,408,62,20,3,88,21,2,5999000,11998000.0,0.0,11998000.0,8638000.0,3360000.0
212,TRX-00088,DTL-000212,20241030,408,18,20,3,88,10,2,7999000,15998000.0,799900.0,15198100.0,11518000.0,3680100.0
213,TRX-00089,DTL-000213,20241027,332,41,8,2,89,21,1,6499000,6499000.0,0.0,6499000.0,4679000.0,1820000.0
214,TRX-00089,DTL-000214,20241027,332,12,8,2,89,21,1,11499000,11499000.0,0.0,11499000.0,8279000.0,3220000.0
215,TRX-00089,DTL-000215,20241027,332,71,8,2,89,21,2,4999000,9998000.0,0.0,9998000.0,7198000.0,2800000.0
216,TRX-00090,DTL-000216,20241030,495,74,15,2,90,16,1,5999000,5999000.0,299950.0,5699050.0,4319000.0,1380050.0
217,TRX-00090,DTL-000217,20241030,495,53,15,2,90,21,1,5099000,5099000.0,0.0,5099000.0,3671000.0,1428000.0
218,TRX-00091,DTL-000218,20250107,380,98,12,3,91,21,1,1695000,1695000.0,0.0,1695000.0,1220000.0,475000.0
219,TRX-00091,DTL-000219,20250107,380,72,12,3,91,21,1,6999000,6999000.0,0.0,6999000.0,5039000.0,1960000.0
220,TRX-00091,DTL-000220,20250107,380,61,12,3,91,21,1,5599000,5599000.0,0.0,5599000.0,4031000.0,1568000.0
221,TRX-00091,DTL-000221,20250107,380,1,12,3,91,21,1,20499000,20499000.0,0.0,20499000.0,14759000.0,5740000.0
222,TRX-00092,DTL-000222,20241117,234,5,24,3,92,21,1,13999000,13999000.0,0.0,13999000.0,10079000.0,3920000.0
223,TRX-00092,DTL-000223,20241117,234,64,24,3,92,21,3,7499000,22497000.0,0.0,22497000.0,16197000.0,6300000.0
224,TRX-00093,DTL-000224,20250322,1000,28,15,2,93,21,1,20999000,20999000.0,0.0,20999000.0,15119000.0,5880000.0
225,TRX-00093,DTL-000225,20250322,1000,76,15,2,93,21,1,2999000,2999000.0,0.0,2999000.0,2159000.0,840000.0
226,TRX-00093,DTL-000226,20250322,1000,32,15,2,93,21,1,28499000,28499000.0,0.0,28499000.0,20519000.0,7980000.0
227,TRX-00094,DTL-000227,20250517,137,35,13,3,94,21,1,4999000,4999000.0,0.0,4999000.0,3599000.0,1400000.0
228,TRX-00094,DTL-000228,20250517,137,7,13,3,94,16,1,9999000,9999000.0,499950.0,9499050.0,7199000.0,2300050.0
229,TRX-00095,DTL-000229,20241118,1000,97,25,1,95,2,1,1565000,1565000.0,125200.0,1439800.0,1127000.0,312800.0
230,TRX-00095,DTL-000230,20241118,1000,26,25,1,95,21,1,19499000,19499000.0,0.0,19499000.0,14039000.0,5460000.0
231,TRX-00096,DTL-000231,20240702,507,25,24,3,96,21,1,24499000,24499000.0,0.0,24499000.0,17639000.0,6860000.0
232,TRX-00097,DTL-000232,20250430,99,36,10,2,97,21,2,3999000,7998000.0,0.0,7998000.0,5758000.0,2240000.0
233,TRX-00098,DTL-000233,20240324,537,37,9,2,98,11,3,2999000,8997000.0,719760.0,8277240.0,6477000.0,1800240.0
234,TRX-00098,DTL-000234,20240324,537,73,9,2,98,16,1,4299000,4299000.0,214950.0,4084050.0,3095000.0,989050.0
235,TRX-00098,DTL-000235,20240324,537,97,9,2,98,9,1,1565000,1565000.0,46950.0,1518050.0,1127000.0,391050.0
236,TRX-00098,DTL-000236,20240324,537,69,9,2,98,21,1,1599000,1599000.0,0.0,1599000.0,1151000.0,448000.0
237,TRX-00099,DTL-000237,20250525,354,23,4,2,99,21,1,499000,499000.0,0.0,499000.0,359000.0,140000.0
238,TRX-00099,DTL-000238,20250525,354,40,4,2,99,21,2,15999000,31998000.0,0.0,31998000.0,23038000.0,8960000.0
239,TRX-00100,DTL-000239,20240209,964,9,4,2,100,16,1,12999000,12999000.0,649950.0,12349050.0,9359000.0,2990050.0
240,TRX-00100,DTL-000240,20240209,964,70,4,2,100,6,1,6499000,6499000.0,194970.0,6304030.0,4679000.0,1625030.0
241,TRX-00100,DTL-000241,20240209,964,20,4,2,100,21,1,3999000,3999000.0,0.0,3999000.0,2879000.0,1120000.0
242,TRX-00100,DTL-000242,20240209,964,83,4,2,100,21,2,7499000,14998000.0,0.0,14998000.0,10798000.0,4200000.0
243,TRX-00101,DTL-000243,20240429,1000,2,8,3,101,21,3,23499000,70497000.0,0.0,70497000.0,50757000.0,19740000.0
244,TRX-00101,DTL-000244,20240429,1000,62,8,3,101,1,2,5999000,11998000.0,359940.0,11638060.0,8638000.0,3000060.0
245,TRX-00102,DTL-000245,20240403,540,32,19,2,102,21,1,28499000,28499000.0,0.0,28499000.0,20519000.0,7980000.0
246,TRX-00102,DTL-000246,20240403,540,92,19,2,102,14,1,649000,649000.0,19470.0,629530.0,467000.0,162530.0
247,TRX-00102,DTL-000247,20240403,540,49,19,2,102,20,1,6999000,6999000.0,349950.0,6649050.0,5039000.0,1610050.0
248,TRX-00103,DTL-000248,20250518,625,23,13,2,103,21,1,499000,499000.0,0.0,499000.0,359000.0,140000.0
249,TRX-00103,DTL-000249,20250518,625,71,13,2,103,21,1,4999000,4999000.0,0.0,4999000.0,3599000.0,1400000.0
250,TRX-00104,DTL-000250,20240626,548,70,1,1,104,21,1,6499000,6499000.0,0.0,6499000.0,4679000.0,1820000.0
251,TRX-00105,DTL-000251,20240701,46,66,7,3,105,10,1,5499000,5499000.0,274950.0,5224050.0,3959000.0,1265050.0
252,TRX-00106,DTL-000252,20240116,922,13,23,2,106,21,2,6499000,12998000.0,0.0,12998000.0,9358000.0,3640000.0
253,TRX-00106,DTL-000253,20240116,922,8,23,2,106,5,2,10999000,21998000.0,1759840.0,20238160.0,15838000.0,4400160.0
254,TRX-00106,DTL-000254,20240116,922,87,23,2,106,21,3,1199000,3597000.0,0.0,3597000.0,2589000.0,1008000.0
255,TRX-00106,DTL-000255,20240116,922,98,23,2,106,21,1,1695000,1695000.0,0.0,1695000.0,1220000.0,475000.0
256,TRX-00107,DTL-000256,20240921,885,58,21,3,107,21,2,4999000,9998000.0,0.0,9998000.0,7198000.0,2800000.0
257,TRX-00107,DTL-000257,20240921,885,55,21,3,107,21,1,3299000,3299000.0,0.0,3299000.0,2375000.0,924000.0
258,TRX-00108,DTL-000258,20240713,11,11,21,3,108,21,1,15999000,15999000.0,0.0,15999000.0,11519000.0,4480000.0
259,TRX-00108,DTL-000259,20240713,11,20,21,3,108,20,1,3999000,3999000.0,199950.0,3799050.0,2879000.0,920050.0
260,TRX-00108,DTL-000260,20240713,11,29,21,3,108,15,1,17499000,17499000.0,1399920.0,16099080.0,12599000.0,3500080.0
261,TRX-00109,DTL-000261,20240919,408,52,10,1,109,3,2,2099000,4198000.0,335840.0,3862160.0,3022000.0,840160.0
262,TRX-00109,DTL-000262,20240919,408,3,10,1,109,21,1,18499000,18499000.0,0.0,18499000.0,13319000.0,5180000.0
263,TRX-00110,DTL-000263,20240206,235,56,2,2,110,13,1,5799000,5799000.0,579900.0,5219100.0,4175000.0,1044100.0
264,TRX-00111,DTL-000264,20240212,998,50,7,2,111,21,1,8499000,8499000.0,0.0,8499000.0,6119000.0,2380000.0
265,TRX-00111,DTL-000265,20240212,998,39,7,2,111,21,1,13999000,13999000.0,0.0,13999000.0,10079000.0,3920000.0
266,TRX-00111,DTL-000266,20240212,998,45,7,2,111,21,2,3999000,7998000.0,0.0,7998000.0,5758000.0,2240000.0
267,TRX-00112,DTL-000267,20241025,643,24,7,2,112,21,1,399000,399000.0,0.0,399000.0,287000.0,112000.0
268,TRX-00112,DTL-000268,20241025,643,94,7,2,112,21,2,2999000,5998000.0,0.0,5998000.0,4318000.0,1680000.0
269,TRX-00112,DTL-000269,20241025,643,59,7,2,112,17,1,2299000,2299000.0,275880.0,2023120.0,1655000.0,368120.0
270,TRX-00113,DTL-000270,20240118,956,92,11,2,113,12,1,649000,649000.0,64900.0,584100.0,467000.0,117100.0
271,TRX-00114,DTL-000271,20240502,578,45,18,3,114,21,2,3999000,7998000.0,0.0,7998000.0,5758000.0,2240000.0
272,TRX-00115,DTL-000272,20240831,354,87,21,2,115,21,1,1199000,1199000.0,0.0,1199000.0,863000.0,336000.0
273,TRX-00115,DTL-000273,20240831,354,8,21,2,115,20,1,10999000,10999000.0,549950.0,10449050.0,7919000.0,2530050.0
274,TRX-00116,DTL-000274,20240613,1000,6,10,1,116,21,1,12499000,12499000.0,0.0,12499000.0,8999000.0,3500000.0
275,TRX-00117,DTL-000275,20241227,428,28,15,3,117,21,3,20999000,62997000.0,0.0,62997000.0,45357000.0,17640000.0
276,TRX-00117,DTL-000276,20241227,428,59,15,3,117,21,1,2299000,2299000.0,0.0,2299000.0,1655000.0,644000.0
277,TRX-00117,DTL-000277,20241227,428,27,15,3,117,21,1,16499000,16499000.0,0.0,16499000.0,11879000.0,4620000.0
278,TRX-00118,DTL-000278,20250107,812,32,14,2,118,21,1,28499000,28499000.0,0.0,28499000.0,20519000.0,7980000.0
279,TRX-00118,DTL-000279,20250107,812,66,14,2,118,21,1,5499000,5499000.0,0.0,5499000.0,3959000.0,1540000.0
280,TRX-00118,DTL-000280,20250107,812,45,14,2,118,21,2,3999000,7998000.0,0.0,7998000.0,5758000.0,2240000.0
281,TRX-00119,DTL-000281,20240609,443,18,6,2,119,21,1,7999000,7999000.0,0.0,7999000.0,5759000.0,2240000.0
282,TRX-00120,DTL-000282,20250215,155,3,14,3,120,15,2,18499000,36998000.0,2959840.0,34038160.0,26638000.0,7400160.0
283,TRX-00120,DTL-000283,20250215,155,39,14,3,120,21,1,13999000,13999000.0,0.0,13999000.0,10079000.0,3920000.0
284,TRX-00121,DTL-000284,20240307,1000,30,2,3,121,21,1,13499000,13499000.0,0.0,13499000.0,9719000.0,3780000.0
285,TRX-00121,DTL-000285,20240307,1000,44,2,3,121,6,1,4499000,4499000.0,134970.0,4364030.0,3239000.0,1125030.0
286,TRX-00122,DTL-000286,20250402,297,31,10,1,122,21,1,20999000,20999000.0,0.0,20999000.0,15119000.0,5880000.0
287,TRX-00123,DTL-000287,20250425,926,67,8,2,123,1,2,3999000,7998000.0,239940.0,7758060.0,5758000.0,2000060.0
288,TRX-00123,DTL-000288,20250425,926,6,8,2,123,21,1,12499000,12499000.0,0.0,12499000.0,8999000.0,3500000.0
289,TRX-00123,DTL-000289,20250425,926,78,8,2,123,21,1,21999000,21999000.0,0.0,21999000.0,15839000.0,6160000.0
290,TRX-00124,DTL-000290,20240705,1000,43,16,1,124,2,1,8999000,8999000.0,719920.0,8279080.0,6479000.0,1800080.0
291,TRX-00124,DTL-000291,20240705,1000,71,16,1,124,4,2,4999000,9998000.0,1199760.0,8798240.0,7198000.0,1600240.0
292,TRX-00124,DTL-000292,20240705,1000,95,16,1,124,21,1,399000,399000.0,0.0,399000.0,287000.0,112000.0
293,TRX-00124,DTL-000293,20240705,1000,35,16,1,124,6,2,4999000,9998000.0,299940.0,9698060.0,7198000.0,2500060.0
294,TRX-00125,DTL-000294,20250521,428,97,6,2,125,21,1,1565000,1565000.0,0.0,1565000.0,1127000.0,438000.0
295,TRX-00125,DTL-000295,20250521,428,70,6,2,125,10,2,6499000,12998000.0,649900.0,12348100.0,9358000.0,2990100.0
296,TRX-00125,DTL-000296,20250521,428,71,6,2,125,7,2,4999000,9998000.0,999800.0,8998200.0,7198000.0,1800200.0
297,TRX-00125,DTL-000297,20250521,428,67,6,2,125,13,1,3999000,3999000.0,399900.0,3599100.0,2879000.0,720100.0
298,TRX-00126,DTL-000298,20241206,949,83,20,3,126,21,1,7499000,7499000.0,0.0,7499000.0,5399000.0,2100000.0
299,TRX-00127,DTL-000299,20241003,823,96,17,3,127,21,1,1599000,1599000.0,0.0,1599000.0,1151000.0,448000.0
300,TRX-00127,DTL-000300,20241003,823,2,17,3,127,21,1,23499000,23499000.0,0.0,23499000.0,16919000.0,6580000.0
301,TRX-00127,DTL-000301,20241003,823,53,17,3,127,9,1,5099000,5099000.0,152970.0,4946030.0,3671000.0,1275030.0
302,TRX-00127,DTL-000302,20241003,823,85,17,3,127,21,1,399000,399000.0,0.0,399000.0,287000.0,112000.0
303,TRX-00128,DTL-000303,20240426,781,2,4,1,128,7,1,23499000,23499000.0,2349900.0,21149100.0,16919000.0,4230100.0
304,TRX-00128,DTL-000304,20240426,781,12,4,1,128,21,1,11499000,11499000.0,0.0,11499000.0,8279000.0,3220000.0
305,TRX-00129,DTL-000305,20240313,893,40,15,1,129,3,2,15999000,31998000.0,2559840.0,29438160.0,23038000.0,6400160.0
306,TRX-00129,DTL-000306,20240313,893,91,15,1,129,2,1,699000,699000.0,55920.0,643080.0,503000.0,140080.0
307,TRX-00129,DTL-000307,20240313,893,83,15,1,129,21,1,7499000,7499000.0,0.0,7499000.0,5399000.0,2100000.0
308,TRX-00130,DTL-000308,20240322,198,32,16,2,130,9,1,28499000,28499000.0,854970.0,27644030.0,20519000.0,7125030.0
309,TRX-00130,DTL-000309,20240322,198,92,16,2,130,21,1,649000,649000.0,0.0,649000.0,467000.0,182000.0
310,TRX-00130,DTL-000310,20240322,198,77,16,2,130,21,2,1999000,3998000.0,0.0,3998000.0,2878000.0,1120000.0
311,TRX-00131,DTL-000311,20240712,78,21,7,2,131,20,3,2499000,7497000.0,374850.0,7122150.0,5397000.0,1725150.0
312,TRX-00131,DTL-000312,20240712,78,66,7,2,131,13,2,5499000,10998000.0,1099800.0,9898200.0,7918000.0,1980200.0
313,TRX-00131,DTL-000313,20240712,78,84,7,2,131,13,1,1399000,1399000.0,139900.0,1259100.0,1007000.0,252100.0
314,TRX-00132,DTL-000314,20240914,64,67,3,2,132,21,1,3999000,3999000.0,0.0,3999000.0,2879000.0,1120000.0
315,TRX-00132,DTL-000315,20240914,64,68,3,2,132,21,1,3499000,3499000.0,0.0,3499000.0,2519000.0,980000.0
316,TRX-00133,DTL-000316,20250105,983,88,3,2,133,21,1,2799000,2799000.0,0.0,2799000.0,2015000.0,784000.0
317,TRX-00133,DTL-000317,20250105,983,12,3,2,133,21,2,11499000,22998000.0,0.0,22998000.0,16558000.0,6440000.0
318,TRX-00134,DTL-000318,20240713,708,35,12,1,134,21,1,4999000,4999000.0,0.0,4999000.0,3599000.0,1400000.0
319,TRX-00134,DTL-000319,20240713,708,26,12,1,134,21,2,19499000,38998000.0,0.0,38998000.0,28078000.0,10920000.0
320,TRX-00135,DTL-000320,20250129,808,37,11,2,135,21,1,2999000,2999000.0,0.0,2999000.0,2159000.0,840000.0
321,TRX-00135,DTL-000321,20250129,808,90,11,2,135,21,1,699000,699000.0,0.0,699000.0,503000.0,196000.0
322,TRX-00135,DTL-000322,20250129,808,95,11,2,135,5,2,399000,798000.0,63840.0,734160.0,574000.0,160160.0
323,TRX-00135,DTL-000323,20250129,808,29,11,2,135,15,1,17499000,17499000.0,1399920.0,16099080.0,12599000.0,3500080.0
324,TRX-00136,DTL-000324,20240611,563,99,9,2,136,21,1,3079000,3079000.0,0.0,3079000.0,2217000.0,862000.0
325,TRX-00137,DTL-000325,20240418,623,23,10,2,137,15,1,499000,499000.0,39920.0,459080.0,359000.0,100080.0
326,TRX-00137,DTL-000326,20240418,623,77,10,2,137,5,1,1999000,1999000.0,159920.0,1839080.0,1439000.0,400080.0
327,TRX-00138,DTL-000327,20240504,350,55,24,2,138,21,1,3299000,3299000.0,0.0,3299000.0,2375000.0,924000.0
328,TRX-00138,DTL-000328,20240504,350,36,24,2,138,11,1,3999000,3999000.0,319920.0,3679080.0,2879000.0,800080.0
329,TRX-00138,DTL-000329,20240504,350,26,24,2,138,10,1,19499000,19499000.0,974950.0,18524050.0,14039000.0,4485050.0
330,TRX-00139,DTL-000330,20250502,592,24,11,3,139,20,1,399000,399000.0,19950.0,379050.0,287000.0,92050.0
331,TRX-00139,DTL-000331,20250502,592,83,11,3,139,21,1,7499000,7499000.0,0.0,7499000.0,5399000.0,2100000.0
332,TRX-00139,DTL-000332,20250502,592,69,11,3,139,21,1,1599000,1599000.0,0.0,1599000.0,1151000.0,448000.0
333,TRX-00140,DTL-000333,20240120,394,13,25,2,140,21,1,6499000,6499000.0,0.0,6499000.0,4679000.0,1820000.0
334,TRX-00140,DTL-000334,20240120,394,31,25,2,140,21,2,20999000,41998000.0,0.0,41998000.0,30238000.0,11760000.0
335,TRX-00140,DTL-000335,20240120,394,6,25,2,140,12,1,12499000,12499000.0,1249900.0,11249100.0,8999000.0,2250100.0
336,TRX-00141,DTL-000336,20250107,229,14,21,3,141,21,2,9499000,18998000.0,0.0,18998000.0,13678000.0,5320000.0
337,TRX-00142,DTL-000337,20241117,844,73,21,2,142,1,1,4299000,4299000.0,128970.0,4170030.0,3095000.0,1075030.0
338,TRX-00142,DTL-000338,20241117,844,92,21,2,142,16,1,649000,649000.0,32450.0,616550.0,467000.0,149550.0
339,TRX-00142,DTL-000339,20241117,844,82,21,2,142,21,1,7499000,7499000.0,0.0,7499000.0,5399000.0,2100000.0
340,TRX-00142,DTL-000340,20241117,844,38,21,2,142,21,1,1599000,1599000.0,0.0,1599000.0,1151000.0,448000.0
341,TRX-00143,DTL-000341,20240130,81,93,12,2,143,21,1,699000,699000.0,0.0,699000.0,503000.0,196000.0
342,TRX-00143,DTL-000342,20240130,81,85,12,2,143,21,1,399000,399000.0,0.0,399000.0,287000.0,112000.0
343,TRX-00143,DTL-000343,20240130,81,3,12,2,143,21,1,18499000,18499000.0,0.0,18499000.0,13319000.0,5180000.0
344,TRX-00144,DTL-000344,20240615,18,52,4,2,144,12,1,2099000,2099000.0,209900.0,1889100.0,1511000.0,378100.0
345,TRX-00144,DTL-000345,20240615,18,35,4,2,144,21,1,4999000,4999000.0,0.0,4999000.0,3599000.0,1400000.0
346,TRX-00144,DTL-000346,20240615,18,66,4,2,144,21,1,5499000,5499000.0,0.0,5499000.0,3959000.0,1540000.0
347,TRX-00144,DTL-000347,20240615,18,74,4,2,144,21,1,5999000,5999000.0,0.0,5999000.0,4319000.0,1680000.0
348,TRX-00145,DTL-000348,20240210,731,73,5,3,145,16,1,4299000,4299000.0,214950.0,4084050.0,3095000.0,989050.0
349,TRX-00145,DTL-000349,20240210,731,42,5,3,145,21,1,3499000,3499000.0,0.0,3499000.0,2519000.0,980000.0
350,TRX-00146,DTL-000350,20250226,1000,28,13,2,146,21,1,20999000,20999000.0,0.0,20999000.0,15119000.0,5880000.0
351,TRX-00147,DTL-000351,20240428,233,86,8,2,147,21,1,1199000,1199000.0,0.0,1199000.0,863000.0,336000.0
352,TRX-00147,DTL-000352,20240428,233,26,8,2,147,21,1,19499000,19499000.0,0.0,19499000.0,14039000.0,5460000.0
353,TRX-00147,DTL-000353,20240428,233,12,8,2,147,21,1,11499000,11499000.0,0.0,11499000.0,8279000.0,3220000.0
354,TRX-00148,DTL-000354,20241126,406,4,1,2,148,21,1,16999000,16999000.0,0.0,16999000.0,12239000.0,4760000.0
355,TRX-00148,DTL-000355,20241126,406,91,1,2,148,6,1,699000,699000.0,20970.0,678030.0,503000.0,175030.0
356,TRX-00148,DTL-000356,20241126,406,12,1,2,148,18,1,11499000,11499000.0,1724850.0,9774150.0,8279000.0,1495150.0
357,TRX-00149,DTL-000357,20250111,407,73,7,2,149,21,1,4299000,4299000.0,0.0,4299000.0,3095000.0,1204000.0
358,TRX-00149,DTL-000358,20250111,407,57,7,2,149,21,1,5999000,5999000.0,0.0,5999000.0,4319000.0,1680000.0
359,TRX-00150,DTL-000359,20240719,123,100,21,2,150,21,1,1799000,1799000.0,0.0,1799000.0,1295000.0,504000.0
360,TRX-00150,DTL-000360,20240719,123,27,21,2,150,21,1,16499000,16499000.0,0.0,16499000.0,11879000.0,4620000.0
361,TRX-00151,DTL-000361,20240729,766,92,10,3,151,21,1,649000,649000.0,0.0,649000.0,467000.0,182000.0
362,TRX-00151,DTL-000362,20240729,766,93,10,3,151,21,1,699000,699000.0,0.0,699000.0,503000.0,196000.0
363,TRX-00151,DTL-000363,20240729,766,27,10,3,151,8,1,16499000,16499000.0,824950.0,15674050.0,11879000.0,3795050.0
364,TRX-00152,DTL-000364,20240704,738,13,13,2,152,15,1,6499000,6499000.0,519920.0,5979080.0,4679000.0,1300080.0
365,TRX-00152,DTL-000365,20240704,738,35,13,2,152,21,1,4999000,4999000.0,0.0,4999000.0,3599000.0,1400000.0
366,TRX-00153,DTL-000366,20240419,1000,75,2,2,153,21,1,4699000,4699000.0,0.0,4699000.0,3383000.0,1316000.0
367,TRX-00153,DTL-000367,20240419,1000,77,2,2,153,21,1,1999000,1999000.0,0.0,1999000.0,1439000.0,560000.0
368,TRX-00153,DTL-000368,20240419,1000,56,2,2,153,21,1,5799000,5799000.0,0.0,5799000.0,4175000.0,1624000.0
369,TRX-00153,DTL-000369,20240419,1000,47,2,2,153,21,1,12499000,12499000.0,0.0,12499000.0,8999000.0,3500000.0
370,TRX-00154,DTL-000370,20240123,1000,68,4,2,154,21,2,3499000,6998000.0,0.0,6998000.0,5038000.0,1960000.0
371,TRX-00155,DTL-000371,20250502,743,91,8,1,155,21,1,699000,699000.0,0.0,699000.0,503000.0,196000.0
372,TRX-00155,DTL-000372,20250502,743,31,8,1,155,21,1,20999000,20999000.0,0.0,20999000.0,15119000.0,5880000.0
373,TRX-00156,DTL-000373,20250211,1000,28,16,2,156,1,1,20999000,20999000.0,629970.0,20369030.0,15119000.0,5250030.0
374,TRX-00156,DTL-000374,20250211,1000,39,16,2,156,21,1,13999000,13999000.0,0.0,13999000.0,10079000.0,3920000.0
375,TRX-00156,DTL-000375,20250211,1000,17,16,2,156,21,2,22999000,45998000.0,0.0,45998000.0,33118000.0,12880000.0
376,TRX-00157,DTL-000376,20241005,830,21,1,2,157,21,2,2499000,4998000.0,0.0,4998000.0,3598000.0,1400000.0
377,TRX-00157,DTL-000377,20241005,830,17,1,2,157,21,1,22999000,22999000.0,0.0,22999000.0,16559000.0,6440000.0
378,TRX-00157,DTL-000378,20241005,830,18,1,2,157,21,1,7999000,7999000.0,0.0,7999000.0,5759000.0,2240000.0
379,TRX-00157,DTL-000379,20241005,830,26,1,2,157,11,1,19499000,19499000.0,1559920.0,17939080.0,14039000.0,3900080.0
380,TRX-00158,DTL-000380,20250115,329,94,24,2,158,21,1,2999000,2999000.0,0.0,2999000.0,2159000.0,840000.0
381,TRX-00158,DTL-000381,20250115,329,32,24,2,158,15,1,28499000,28499000.0,2279920.0,26219080.0,20519000.0,5700080.0
382,TRX-00159,DTL-000382,20240916,661,42,15,2,159,21,1,3499000,3499000.0,0.0,3499000.0,2519000.0,980000.0
383,TRX-00159,DTL-000383,20240916,661,55,15,2,159,21,1,3299000,3299000.0,0.0,3299000.0,2375000.0,924000.0
384,TRX-00159,DTL-000384,20240916,661,58,15,2,159,10,3,4999000,14997000.0,749850.0,14247150.0,10797000.0,3450150.0
385,TRX-00160,DTL-000385,20240522,406,81,3,1,160,21,1,7999000,7999000.0,0.0,7999000.0,5759000.0,2240000.0
386,TRX-00160,DTL-000386,20240522,406,100,3,1,160,21,1,1799000,1799000.0,0.0,1799000.0,1295000.0,504000.0
387,TRX-00160,DTL-000387,20240522,406,67,3,1,160,21,1,3999000,3999000.0,0.0,3999000.0,2879000.0,1120000.0
388,TRX-00161,DTL-000388,20241129,562,73,13,2,161,21,1,4299000,4299000.0,0.0,4299000.0,3095000.0,1204000.0
389,TRX-00161,DTL-000389,20241129,562,54,13,2,161,21,1,4499000,4499000.0,0.0,4499000.0,3239000.0,1260000.0
390,TRX-00161,DTL-000390,20241129,562,5,13,2,161,21,1,13999000,13999000.0,0.0,13999000.0,10079000.0,3920000.0
391,TRX-00162,DTL-000391,20240420,712,100,10,3,162,20,1,1799000,1799000.0,89950.0,1709050.0,1295000.0,414050.0
392,TRX-00162,DTL-000392,20240420,712,65,10,3,162,21,1,6299000,6299000.0,0.0,6299000.0,4535000.0,1764000.0
393,TRX-00163,DTL-000393,20240314,122,79,14,2,163,12,1,18999000,18999000.0,1899900.0,17099100.0,13679000.0,3420100.0
394,TRX-00163,DTL-000394,20240314,122,8,14,2,163,19,1,10999000,10999000.0,549950.0,10449050.0,7919000.0,2530050.0
395,TRX-00163,DTL-000395,20240314,122,65,14,2,163,21,1,6299000,6299000.0,0.0,6299000.0,4535000.0,1764000.0
396,TRX-00164,DTL-000396,20250526,1000,44,23,1,164,21,1,4499000,4499000.0,0.0,4499000.0,3239000.0,1260000.0
397,TRX-00164,DTL-000397,20250526,1000,4,23,1,164,21,1,16999000,16999000.0,0.0,16999000.0,12239000.0,4760000.0
398,TRX-00165,DTL-000398,20250124,89,82,16,1,165,21,1,7499000,7499000.0,0.0,7499000.0,5399000.0,2100000.0
399,TRX-00165,DTL-000399,20250124,89,85,16,1,165,21,1,399000,399000.0,0.0,399000.0,287000.0,112000.0
400,TRX-00166,DTL-000400,20250425,796,36,23,2,166,21,1,3999000,3999000.0,0.0,3999000.0,2879000.0,1120000.0
401,TRX-00166,DTL-000401,20250425,796,8,23,2,166,21,1,10999000,10999000.0,0.0,10999000.0,7919000.0,3080000.0
402,TRX-00167,DTL-000402,20250419,821,22,18,2,167,21,1,499000,499000.0,0.0,499000.0,359000.0,140000.0
403,TRX-00167,DTL-000403,20250419,821,99,18,2,167,5,2,3079000,6158000.0,492640.0,5665360.0,4434000.0,1231360.0
404,TRX-00168,DTL-000404,20240607,256,39,1,2,168,12,1,13999000,13999000.0,1399900.0,12599100.0,10079000.0,2520100.0
405,TRX-00168,DTL-000405,20240607,256,77,1,2,168,10,1,1999000,1999000.0,99950.0,1899050.0,1439000.0,460050.0
406,TRX-00168,DTL-000406,20240607,256,48,1,2,168,21,2,16999000,33998000.0,0.0,33998000.0,24478000.0,9520000.0
407,TRX-00169,DTL-000407,20240522,620,77,19,2,169,21,2,1999000,3998000.0,0.0,3998000.0,2878000.0,1120000.0
408,TRX-00169,DTL-000408,20240522,620,5,19,2,169,21,1,13999000,13999000.0,0.0,13999000.0,10079000.0,3920000.0
409,TRX-00170,DTL-000409,20241012,69,48,3,2,170,21,1,16999000,16999000.0,0.0,16999000.0,12239000.0,4760000.0
410,TRX-00170,DTL-000410,20241012,69,64,3,2,170,4,1,7499000,7499000.0,899880.0,6599120.0,5399000.0,1200120.0
411,TRX-00171,DTL-000411,20240720,383,12,18,2,171,21,1,11499000,11499000.0,0.0,11499000.0,8279000.0,3220000.0
412,TRX-00171,DTL-000412,20240720,383,60,18,2,171,6,1,4999000,4999000.0,149970.0,4849030.0,3599000.0,1250030.0
413,TRX-00172,DTL-000413,20240302,1000,13,17,2,172,21,1,6499000,6499000.0,0.0,6499000.0,4679000.0,1820000.0
414,TRX-00172,DTL-000414,20240302,1000,5,17,2,172,15,1,13999000,13999000.0,1119920.0,12879080.0,10079000.0,2800080.0
415,TRX-00173,DTL-000415,20240807,649,35,21,2,173,16,1,4999000,4999000.0,249950.0,4749050.0,3599000.0,1150050.0
416,TRX-00173,DTL-000416,20240807,649,77,21,2,173,21,1,1999000,1999000.0,0.0,1999000.0,1439000.0,560000.0
417,TRX-00173,DTL-000417,20240807,649,40,21,2,173,21,1,15999000,15999000.0,0.0,15999000.0,11519000.0,4480000.0
418,TRX-00173,DTL-000418,20240807,649,16,21,2,173,20,1,14999000,14999000.0,749950.0,14249050.0,10799000.0,3450050.0
419,TRX-00174,DTL-000419,20240925,44,48,11,1,174,21,1,16999000,16999000.0,0.0,16999000.0,12239000.0,4760000.0
420,TRX-00174,DTL-000420,20240925,44,44,11,1,174,21,1,4499000,4499000.0,0.0,4499000.0,3239000.0,1260000.0
421,TRX-00174,DTL-000421,20240925,44,74,11,1,174,4,2,5999000,11998000.0,1439760.0,10558240.0,8638000.0,1920240.0
422,TRX-00175,DTL-000422,20240610,510,70,25,1,175,2,1,6499000,6499000.0,519920.0,5979080.0,4679000.0,1300080.0
423,TRX-00176,DTL-000423,20250206,940,60,11,2,176,15,1,4999000,4999000.0,399920.0,4599080.0,3599000.0,1000080.0
424,TRX-00176,DTL-000424,20250206,940,34,11,2,176,21,1,5999000,5999000.0,0.0,5999000.0,4319000.0,1680000.0
425,TRX-00176,DTL-000425,20250206,940,48,11,2,176,21,2,16999000,33998000.0,0.0,33998000.0,24478000.0,9520000.0
426,TRX-00177,DTL-000426,20240520,502,95,11,2,177,21,1,399000,399000.0,0.0,399000.0,287000.0,112000.0
427,TRX-00177,DTL-000427,20240520,502,57,11,2,177,21,2,5999000,11998000.0,0.0,11998000.0,8638000.0,3360000.0
428,TRX-00178,DTL-000428,20240714,344,22,17,1,178,21,1,499000,499000.0,0.0,499000.0,359000.0,140000.0
429,TRX-00178,DTL-000429,20240714,344,74,17,1,178,21,1,5999000,5999000.0,0.0,5999000.0,4319000.0,1680000.0
430,TRX-00178,DTL-000430,20240714,344,63,17,1,178,9,2,6999000,13998000.0,419940.0,13578060.0,10078000.0,3500060.0
431,TRX-00179,DTL-000431,20240728,178,89,4,2,179,21,1,779000,779000.0,0.0,779000.0,561000.0,218000.0
432,TRX-00179,DTL-000432,20240728,178,100,4,2,179,21,1,1799000,1799000.0,0.0,1799000.0,1295000.0,504000.0
433,TRX-00179,DTL-000433,20240728,178,43,4,2,179,21,2,8999000,17998000.0,0.0,17998000.0,12958000.0,5040000.0
434,TRX-00180,DTL-000434,20241215,259,11,4,2,180,8,1,15999000,15999000.0,799950.0,15199050.0,11519000.0,3680050.0
435,TRX-00180,DTL-000435,20241215,259,17,4,2,180,21,2,22999000,45998000.0,0.0,45998000.0,33118000.0,12880000.0
436,TRX-00180,DTL-000436,20241215,259,15,4,2,180,21,3,13599000,40797000.0,0.0,40797000.0,29373000.0,11424000.0
437,TRX-00181,DTL-000437,20250313,488,55,14,2,181,21,1,3299000,3299000.0,0.0,3299000.0,2375000.0,924000.0
438,TRX-00181,DTL-000438,20250313,488,77,14,2,181,2,2,1999000,3998000.0,319840.0,3678160.0,2878000.0,800160.0
439,TRX-00182,DTL-000439,20240408,41,88,22,2,182,21,1,2799000,2799000.0,0.0,2799000.0,2015000.0,784000.0
440,TRX-00183,DTL-000440,20240930,156,14,1,2,183,21,1,9499000,9499000.0,0.0,9499000.0,6839000.0,2660000.0
441,TRX-00183,DTL-000441,20240930,156,59,1,2,183,19,2,2299000,4598000.0,229900.0,4368100.0,3310000.0,1058100.0
442,TRX-00184,DTL-000442,20241003,253,51,14,3,184,21,1,6499000,6499000.0,0.0,6499000.0,4679000.0,1820000.0
443,TRX-00184,DTL-000443,20241003,253,19,14,3,184,21,2,14999000,29998000.0,0.0,29998000.0,21598000.0,8400000.0
444,TRX-00185,DTL-000444,20250130,868,66,3,1,185,21,1,5499000,5499000.0,0.0,5499000.0,3959000.0,1540000.0
445,TRX-00185,DTL-000445,20250130,868,6,3,1,185,21,1,12499000,12499000.0,0.0,12499000.0,8999000.0,3500000.0
446,TRX-00186,DTL-000446,20250518,351,10,11,2,186,21,1,12599000,12599000.0,0.0,12599000.0,9071000.0,3528000.0
447,TRX-00186,DTL-000447,20250518,351,5,11,2,186,2,1,13999000,13999000.0,1119920.0,12879080.0,10079000.0,2800080.0
448,TRX-00187,DTL-000448,20250217,415,95,9,2,187,21,1,399000,399000.0,0.0,399000.0,287000.0,112000.0
449,TRX-00187,DTL-000449,20250217,415,56,9,2,187,18,1,5799000,5799000.0,869850.0,4929150.0,4175000.0,754150.0
450,TRX-00187,DTL-000450,20250217,415,88,9,2,187,21,1,2799000,2799000.0,0.0,2799000.0,2015000.0,784000.0
451,TRX-00188,DTL-000451,20250103,742,5,15,2,188,8,1,13999000,13999000.0,699950.0,13299050.0,10079000.0,3220050.0
452,TRX-00189,DTL-000452,20240719,779,33,8,3,189,21,1,15999000,15999000.0,0.0,15999000.0,11519000.0,4480000.0
453,TRX-00190,DTL-000453,20250408,447,35,9,1,190,16,1,4999000,4999000.0,249950.0,4749050.0,3599000.0,1150050.0
454,TRX-00190,DTL-000454,20250408,447,30,9,1,190,21,1,13499000,13499000.0,0.0,13499000.0,9719000.0,3780000.0
455,TRX-00190,DTL-000455,20250408,447,54,9,1,190,21,1,4499000,4499000.0,0.0,4499000.0,3239000.0,1260000.0
456,TRX-00190,DTL-000456,20250408,447,53,9,1,190,21,2,5099000,10198000.0,0.0,10198000.0,7342000.0,2856000.0
457,TRX-00191,DTL-000457,20250309,1000,67,7,2,191,5,1,3999000,3999000.0,319920.0,3679080.0,2879000.0,800080.0
458,TRX-00191,DTL-000458,20250309,1000,35,7,2,191,21,1,4999000,4999000.0,0.0,4999000.0,3599000.0,1400000.0
459,TRX-00191,DTL-000459,20250309,1000,96,7,2,191,21,1,1599000,1599000.0,0.0,1599000.0,1151000.0,448000.0
460,TRX-00192,DTL-000460,20240109,279,12,17,2,192,1,1,11499000,11499000.0,344970.0,11154030.0,8279000.0,2875030.0
461,TRX-00192,DTL-000461,20240109,279,61,17,2,192,21,1,5599000,5599000.0,0.0,5599000.0,4031000.0,1568000.0
462,TRX-00193,DTL-000462,20241012,728,6,4,2,193,12,1,12499000,12499000.0,1249900.0,11249100.0,8999000.0,2250100.0
463,TRX-00194,DTL-000463,20250208,911,40,17,3,194,21,2,15999000,31998000.0,0.0,31998000.0,23038000.0,8960000.0
464,TRX-00194,DTL-000464,20250208,911,77,17,3,194,21,1,1999000,1999000.0,0.0,1999000.0,1439000.0,560000.0
465,TRX-00195,DTL-000465,20240619,825,43,2,1,195,21,3,8999000,26997000.0,0.0,26997000.0,19437000.0,7560000.0
466,TRX-00195,DTL-000466,20240619,825,37,2,1,195,21,1,2999000,2999000.0,0.0,2999000.0,2159000.0,840000.0
467,TRX-00196,DTL-000467,20240722,794,37,21,2,196,21,2,2999000,5998000.0,0.0,5998000.0,4318000.0,1680000.0
468,TRX-00196,DTL-000468,20240722,794,32,21,2,196,7,1,28499000,28499000.0,2849900.0,25649100.0,20519000.0,5130100.0
469,TRX-00197,DTL-000469,20250212,904,9,7,2,197,20,1,12999000,12999000.0,649950.0,12349050.0,9359000.0,2990050.0
470,TRX-00198,DTL-000470,20250130,613,88,10,2,198,21,1,2799000,2799000.0,0.0,2799000.0,2015000.0,784000.0
471,TRX-00198,DTL-000471,20250130,613,48,10,2,198,21,2,16999000,33998000.0,0.0,33998000.0,24478000.0,9520000.0
472,TRX-00198,DTL-000472,20250130,613,90,10,2,198,16,1,699000,699000.0,34950.0,664050.0,503000.0,161050.0
473,TRX-00199,DTL-000473,20241003,646,37,17,3,199,21,1,2999000,2999000.0,0.0,2999000.0,2159000.0,840000.0
474,TRX-00199,DTL-000474,20241003,646,60,17,3,199,21,1,4999000,4999000.0,0.0,4999000.0,3599000.0,1400000.0
475,TRX-00200,DTL-000475,20250324,527,38,2,2,200,21,1,1599000,1599000.0,0.0,1599000.0,1151000.0,448000.0
476,TRX-00200,DTL-000476,20250324,527,36,2,2,200,21,1,3999000,3999000.0,0.0,3999000.0,2879000.0,1120000.0
477,TRX-00200,DTL-000477,20250324,527,65,2,2,200,21,1,6299000,6299000.0,0.0,6299000.0,4535000.0,1764000.0
478,TRX-00201,DTL-000478,20240720,404,100,8,2,201,18,3,1799000,5397000.0,809550.0,4587450.0,3885000.0,702450.0
479,TRX-00202,DTL-000479,20240918,168,64,2,2,202,21,1,7499000,7499000.0,0.0,7499000.0,5399000.0,2100000.0
480,TRX-00202,DTL-000480,20240918,168,100,2,2,202,21,3,1799000,5397000.0,0.0,5397000.0,3885000.0,1512000.0
481,TRX-00202,DTL-000481,20240918,168,17,2,2,202,14,1,22999000,22999000.0,689970.0,22309030.0,16559000.0,5750030.0
482,TRX-00203,DTL-000482,20240921,923,77,24,1,203,18,1,1999000,1999000.0,299850.0,1699150.0,1439000.0,260150.0
483,TRX-00203,DTL-000483,20240921,923,9,24,1,203,19,1,12999000,12999000.0,649950.0,12349050.0,9359000.0,2990050.0
484,TRX-00204,DTL-000484,20241005,997,47,24,2,204,21,1,12499000,12499000.0,0.0,12499000.0,8999000.0,3500000.0
485,TRX-00205,DTL-000485,20240812,949,70,4,3,205,21,1,6499000,6499000.0,0.0,6499000.0,4679000.0,1820000.0
486,TRX-00205,DTL-000486,20240812,949,99,4,3,205,2,1,3079000,3079000.0,246320.0,2832680.0,2217000.0,615680.0
487,TRX-00205,DTL-000487,20240812,949,14,4,3,205,21,1,9499000,9499000.0,0.0,9499000.0,6839000.0,2660000.0
488,TRX-00206,DTL-000488,20240228,158,90,14,1,206,21,1,699000,699000.0,0.0,699000.0,503000.0,196000.0
489,TRX-00206,DTL-000489,20240228,158,72,14,1,206,21,1,6999000,6999000.0,0.0,6999000.0,5039000.0,1960000.0
490,TRX-00207,DTL-000490,20250219,250,75,20,2,207,21,1,4699000,4699000.0,0.0,4699000.0,3383000.0,1316000.0
491,TRX-00207,DTL-000491,20250219,250,84,20,2,207,21,1,1399000,1399000.0,0.0,1399000.0,1007000.0,392000.0
492,TRX-00208,DTL-000492,20240604,34,72,5,1,208,21,1,6999000,6999000.0,0.0,6999000.0,5039000.0,1960000.0
493,TRX-00208,DTL-000493,20240604,34,49,5,1,208,21,2,6999000,13998000.0,0.0,13998000.0,10078000.0,3920000.0
494,TRX-00209,DTL-000494,20240209,630,95,1,2,209,21,1,399000,399000.0,0.0,399000.0,287000.0,112000.0
495,TRX-00209,DTL-000495,20240209,630,89,1,2,209,21,1,779000,779000.0,0.0,779000.0,561000.0,218000.0
496,TRX-00209,DTL-000496,20240209,630,82,1,2,209,21,1,7499000,7499000.0,0.0,7499000.0,5399000.0,2100000.0
497,TRX-00210,DTL-000497,20240923,528,97,4,2,210,21,1,1565000,1565000.0,0.0,1565000.0,1127000.0,438000.0
498,TRX-00210,DTL-000498,20240923,528,8,4,2,210,15,1,10999000,10999000.0,879920.0,10119080.0,7919000.0,2200080.0
499,TRX-00210,DTL-000499,20240923,528,4,4,2,210,21,2,16999000,33998000.0,0.0,33998000.0,24478000.0,9520000.0
500,TRX-00211,DTL-000500,20240828,335,40,7,2,211,18,1,15999000,15999000.0,2399850.0,13599150.0,11519000.0,2080150.0
501,TRX-00211,DTL-000501,20240828,335,92,7,2,211,14,2,649000,1298000.0,38940.0,1259060.0,934000.0,325060.0
502,TRX-00212,DTL-000502,20241123,446,62,14,3,212,21,1,5999000,5999000.0,0.0,5999000.0,4319000.0,1680000.0
503,TRX-00213,DTL-000503,20240204,354,68,3,1,213,5,2,3499000,6998000.0,559840.0,6438160.0,5038000.0,1400160.0
504,TRX-00214,DTL-000504,20241127,764,51,23,3,214,21,3,6499000,19497000.0,0.0,19497000.0,14037000.0,5460000.0
505,TRX-00214,DTL-000505,20241127,764,56,23,3,214,5,2,5799000,11598000.0,927840.0,10670160.0,8350000.0,2320160.0
506,TRX-00215,DTL-000506,20241208,246,90,17,1,215,21,2,699000,1398000.0,0.0,1398000.0,1006000.0,392000.0
507,TRX-00215,DTL-000507,20241208,246,3,17,1,215,21,1,18499000,18499000.0,0.0,18499000.0,13319000.0,5180000.0
508,TRX-00215,DTL-000508,20241208,246,68,17,1,215,21,1,3499000,3499000.0,0.0,3499000.0,2519000.0,980000.0
509,TRX-00216,DTL-000509,20250528,697,90,22,2,216,21,2,699000,1398000.0,0.0,1398000.0,1006000.0,392000.0
510,TRX-00216,DTL-000510,20250528,697,21,22,2,216,21,1,2499000,2499000.0,0.0,2499000.0,1799000.0,700000.0
511,TRX-00217,DTL-000511,20241024,292,28,11,2,217,13,3,20999000,62997000.0,6299700.0,56697300.0,45357000.0,11340300.0
512,TRX-00217,DTL-000512,20241024,292,34,11,2,217,21,2,5999000,11998000.0,0.0,11998000.0,8638000.0,3360000.0
513,TRX-00218,DTL-000513,20240816,668,63,2,3,218,8,2,6999000,13998000.0,699900.0,13298100.0,10078000.0,3220100.0
514,TRX-00218,DTL-000514,20240816,668,29,2,3,218,7,1,17499000,17499000.0,1749900.0,15749100.0,12599000.0,3150100.0
515,TRX-00218,DTL-000515,20240816,668,32,2,3,218,21,3,28499000,85497000.0,0.0,85497000.0,61557000.0,23940000.0
516,TRX-00219,DTL-000516,20241007,963,11,14,3,219,21,3,15999000,47997000.0,0.0,47997000.0,34557000.0,13440000.0
517,TRX-00220,DTL-000517,20250523,566,81,10,3,220,21,1,7999000,7999000.0,0.0,7999000.0,5759000.0,2240000.0
518,TRX-00220,DTL-000518,20250523,566,35,10,3,220,17,1,4999000,4999000.0,599880.0,4399120.0,3599000.0,800120.0
519,TRX-00220,DTL-000519,20250523,566,48,10,3,220,13,1,16999000,16999000.0,1699900.0,15299100.0,12239000.0,3060100.0
520,TRX-00221,DTL-000520,20240512,674,10,10,2,221,21,1,12599000,12599000.0,0.0,12599000.0,9071000.0,3528000.0
521,TRX-00221,DTL-000521,20240512,674,59,10,2,221,21,1,2299000,2299000.0,0.0,2299000.0,1655000.0,644000.0
522,TRX-00222,DTL-000522,20240319,960,78,1,3,222,21,1,21999000,21999000.0,0.0,21999000.0,15839000.0,6160000.0
523,TRX-00222,DTL-000523,20240319,960,57,1,3,222,21,2,5999000,11998000.0,0.0,11998000.0,8638000.0,3360000.0
524,TRX-00222,DTL-000524,20240319,960,39,1,3,222,21,1,13999000,13999000.0,0.0,13999000.0,10079000.0,3920000.0
525,TRX-00222,DTL-000525,20240319,960,31,1,3,222,21,1,20999000,20999000.0,0.0,20999000.0,15119000.0,5880000.0
526,TRX-00223,DTL-000526,20241011,95,35,12,2,223,21,1,4999000,4999000.0,0.0,4999000.0,3599000.0,1400000.0
527,TRX-00223,DTL-000527,20241011,95,20,12,2,223,21,2,3999000,7998000.0,0.0,7998000.0,5758000.0,2240000.0
528,TRX-00224,DTL-000528,20241216,548,80,7,2,224,12,1,10999000,10999000.0,1099900.0,9899100.0,7919000.0,1980100.0
529,TRX-00224,DTL-000529,20241216,548,82,7,2,224,21,2,7499000,14998000.0,0.0,14998000.0,10798000.0,4200000.0
530,TRX-00224,DTL-000530,20241216,548,71,7,2,224,21,2,4999000,9998000.0,0.0,9998000.0,7198000.0,2800000.0
531,TRX-00224,DTL-000531,20241216,548,47,7,2,224,19,1,12499000,12499000.0,624950.0,11874050.0,8999000.0,2875050.0
532,TRX-00225,DTL-000532,20240820,507,45,18,1,225,21,1,3999000,3999000.0,0.0,3999000.0,2879000.0,1120000.0
533,TRX-00225,DTL-000533,20240820,507,74,18,1,225,6,2,5999000,11998000.0,359940.0,11638060.0,8638000.0,3000060.0
534,TRX-00225,DTL-000534,20240820,507,44,18,1,225,21,1,4499000,4499000.0,0.0,4499000.0,3239000.0,1260000.0
535,TRX-00226,DTL-000535,20240108,138,97,4,2,226,15,1,1565000,1565000.0,125200.0,1439800.0,1127000.0,312800.0
536,TRX-00226,DTL-000536,20240108,138,94,4,2,226,21,1,2999000,2999000.0,0.0,2999000.0,2159000.0,840000.0
537,TRX-00227,DTL-000537,20241120,436,57,10,3,227,4,1,5999000,5999000.0,719880.0,5279120.0,4319000.0,960120.0
538,TRX-00228,DTL-000538,20250225,511,40,10,2,228,2,3,15999000,47997000.0,3839760.0,44157240.0,34557000.0,9600240.0
539,TRX-00228,DTL-000539,20250225,511,37,10,2,228,21,2,2999000,5998000.0,0.0,5998000.0,4318000.0,1680000.0
540,TRX-00229,DTL-000540,20240927,127,75,6,2,229,9,1,4699000,4699000.0,140970.0,4558030.0,3383000.0,1175030.0
541,TRX-00229,DTL-000541,20240927,127,68,6,2,229,21,2,3499000,6998000.0,0.0,6998000.0,5038000.0,1960000.0
542,TRX-00230,DTL-000542,20241031,917,80,13,1,230,21,1,10999000,10999000.0,0.0,10999000.0,7919000.0,3080000.0
543,TRX-00230,DTL-000543,20241031,917,30,13,1,230,1,1,13499000,13499000.0,404970.0,13094030.0,9719000.0,3375030.0
544,TRX-00230,DTL-000544,20241031,917,46,13,1,230,18,1,2999000,2999000.0,449850.0,2549150.0,2159000.0,390150.0
545,TRX-00231,DTL-000545,20250104,163,40,19,2,231,20,1,15999000,15999000.0,799950.0,15199050.0,11519000.0,3680050.0
546,TRX-00231,DTL-000546,20250104,163,86,19,2,231,21,2,1199000,2398000.0,0.0,2398000.0,1726000.0,672000.0
547,TRX-00231,DTL-000547,20250104,163,13,19,2,231,21,1,6499000,6499000.0,0.0,6499000.0,4679000.0,1820000.0
548,TRX-00231,DTL-000548,20250104,163,28,19,2,231,21,1,20999000,20999000.0,0.0,20999000.0,15119000.0,5880000.0
549,TRX-00232,DTL-000549,20250221,280,51,19,2,232,12,1,6499000,6499000.0,649900.0,5849100.0,4679000.0,1170100.0
550,TRX-00232,DTL-000550,20250221,280,70,19,2,232,21,1,6499000,6499000.0,0.0,6499000.0,4679000.0,1820000.0
551,TRX-00233,DTL-000551,20241021,911,10,4,2,233,21,1,12599000,12599000.0,0.0,12599000.0,9071000.0,3528000.0
552,TRX-00233,DTL-000552,20241021,911,75,4,2,233,8,1,4699000,4699000.0,234950.0,4464050.0,3383000.0,1081050.0
553,TRX-00234,DTL-000553,20240911,1000,54,8,2,234,21,1,4499000,4499000.0,0.0,4499000.0,3239000.0,1260000.0
554,TRX-00234,DTL-000554,20240911,1000,83,8,2,234,21,1,7499000,7499000.0,0.0,7499000.0,5399000.0,2100000.0
555,TRX-00234,DTL-000555,20240911,1000,34,8,2,234,21,1,5999000,5999000.0,0.0,5999000.0,4319000.0,1680000.0
556,TRX-00235,DTL-000556,20250402,805,39,4,2,235,21,1,13999000,13999000.0,0.0,13999000.0,10079000.0,3920000.0
557,TRX-00235,DTL-000557,20250402,805,31,4,2,235,21,1,20999000,20999000.0,0.0,20999000.0,15119000.0,5880000.0
558,TRX-00236,DTL-000558,20240905,448,40,2,2,236,21,1,15999000,15999000.0,0.0,15999000.0,11519000.0,4480000.0
559,TRX-00237,DTL-000559,20250227,291,83,9,2,237,21,1,7499000,7499000.0,0.0,7499000.0,5399000.0,2100000.0
560,TRX-00237,DTL-000560,20250227,291,95,9,2,237,21,1,399000,399000.0,0.0,399000.0,287000.0,112000.0
561,TRX-00238,DTL-000561,20241009,492,90,8,3,238,15,1,699000,699000.0,55920.0,643080.0,503000.0,140080.0
562,TRX-00238,DTL-000562,20241009,492,57,8,3,238,21,1,5999000,5999000.0,0.0,5999000.0,4319000.0,1680000.0
563,TRX-00239,DTL-000563,20250114,279,80,22,2,239,3,1,10999000,10999000.0,879920.0,10119080.0,7919000.0,2200080.0
564,TRX-00239,DTL-000564,20250114,279,62,22,2,239,7,1,5999000,5999000.0,599900.0,5399100.0,4319000.0,1080100.0
565,TRX-00239,DTL-000565,20250114,279,15,22,2,239,21,1,13599000,13599000.0,0.0,13599000.0,9791000.0,3808000.0
566,TRX-00240,DTL-000566,20250523,21,67,11,1,240,21,1,3999000,3999000.0,0.0,3999000.0,2879000.0,1120000.0
567,TRX-00240,DTL-000567,20250523,21,43,11,1,240,3,1,8999000,8999000.0,719920.0,8279080.0,6479000.0,1800080.0
568,TRX-00240,DTL-000568,20250523,21,59,11,1,240,21,1,2299000,2299000.0,0.0,2299000.0,1655000.0,644000.0
569,TRX-00241,DTL-000569,20250215,579,61,19,2,241,21,1,5599000,5599000.0,0.0,5599000.0,4031000.0,1568000.0
570,TRX-00242,DTL-000570,20240903,442,72,18,2,242,13,1,6999000,6999000.0,699900.0,6299100.0,5039000.0,1260100.0
571,TRX-00242,DTL-000571,20240903,442,55,18,2,242,13,2,3299000,6598000.0,659800.0,5938200.0,4750000.0,1188200.0
572,TRX-00242,DTL-000572,20240903,442,57,18,2,242,21,1,5999000,5999000.0,0.0,5999000.0,4319000.0,1680000.0
573,TRX-00243,DTL-000573,20240518,380,8,4,2,243,8,1,10999000,10999000.0,549950.0,10449050.0,7919000.0,2530050.0
574,TRX-00243,DTL-000574,20240518,380,72,4,2,243,21,1,6999000,6999000.0,0.0,6999000.0,5039000.0,1960000.0
575,TRX-00244,DTL-000575,20240405,550,71,24,2,244,21,1,4999000,4999000.0,0.0,4999000.0,3599000.0,1400000.0
576,TRX-00245,DTL-000576,20241204,235,54,19,3,245,21,1,4499000,4499000.0,0.0,4499000.0,3239000.0,1260000.0
577,TRX-00245,DTL-000577,20241204,235,53,19,3,245,21,1,5099000,5099000.0,0.0,5099000.0,3671000.0,1428000.0
578,TRX-00246,DTL-000578,20241008,240,53,24,2,246,9,2,5099000,10198000.0,305940.0,9892060.0,7342000.0,2550060.0
579,TRX-00246,DTL-000579,20241008,240,9,24,2,246,21,1,12999000,12999000.0,0.0,12999000.0,9359000.0,3640000.0
580,TRX-00246,DTL-000580,20241008,240,61,24,2,246,3,1,5599000,5599000.0,447920.0,5151080.0,4031000.0,1120080.0
581,TRX-00247,DTL-000581,20241102,65,55,6,3,247,5,1,3299000,3299000.0,263920.0,3035080.0,2375000.0,660080.0
582,TRX-00247,DTL-000582,20241102,65,61,6,3,247,21,1,5599000,5599000.0,0.0,5599000.0,4031000.0,1568000.0
583,TRX-00248,DTL-000583,20250301,833,32,6,2,248,21,1,28499000,28499000.0,0.0,28499000.0,20519000.0,7980000.0
584,TRX-00248,DTL-000584,20250301,833,30,6,2,248,21,2,13499000,26998000.0,0.0,26998000.0,19438000.0,7560000.0
585,TRX-00248,DTL-000585,20250301,833,56,6,2,248,21,2,5799000,11598000.0,0.0,11598000.0,8350000.0,3248000.0
586,TRX-00249,DTL-000586,20240808,857,1,15,3,249,21,1,20499000,20499000.0,0.0,20499000.0,14759000.0,5740000.0
587,TRX-00249,DTL-000587,20240808,857,44,15,3,249,21,2,4499000,8998000.0,0.0,8998000.0,6478000.0,2520000.0
588,TRX-00250,DTL-000588,20240403,130,49,2,2,250,15,2,6999000,13998000.0,1119840.0,12878160.0,10078000.0,2800160.0
589,TRX-00250,DTL-000589,20240403,130,76,2,2,250,21,1,2999000,2999000.0,0.0,2999000.0,2159000.0,840000.0
590,TRX-00250,DTL-000590,20240403,130,80,2,2,250,21,1,10999000,10999000.0,0.0,10999000.0,7919000.0,3080000.0
591,TRX-00251,DTL-000591,20240903,557,99,3,3,251,21,1,3079000,3079000.0,0.0,3079000.0,2217000.0,862000.0
592,TRX-00251,DTL-000592,20240903,557,33,3,3,251,17,1,15999000,15999000.0,1919880.0,14079120.0,11519000.0,2560120.0
593,TRX-00252,DTL-000593,20240729,716,55,21,2,252,21,1,3299000,3299000.0,0.0,3299000.0,2375000.0,924000.0
594,TRX-00252,DTL-000594,20240729,716,75,21,2,252,10,1,4699000,4699000.0,234950.0,4464050.0,3383000.0,1081050.0
595,TRX-00253,DTL-000595,20240112,708,21,1,2,253,21,1,2499000,2499000.0,0.0,2499000.0,1799000.0,700000.0
596,TRX-00254,DTL-000596,20240410,664,35,12,2,254,4,3,4999000,14997000.0,1799640.0,13197360.0,10797000.0,2400360.0
597,TRX-00254,DTL-000597,20240410,664,27,12,2,254,3,3,16499000,49497000.0,3959760.0,45537240.0,35637000.0,9900240.0
598,TRX-00254,DTL-000598,20240410,664,79,12,2,254,21,2,18999000,37998000.0,0.0,37998000.0,27358000.0,10640000.0
599,TRX-00255,DTL-000599,20240531,489,79,10,2,255,9,1,18999000,18999000.0,569970.0,18429030.0,13679000.0,4750030.0
600,TRX-00255,DTL-000600,20240531,489,96,10,2,255,21,1,1599000,1599000.0,0.0,1599000.0,1151000.0,448000.0
601,TRX-00256,DTL-000601,20240127,1000,6,22,2,256,21,1,12499000,12499000.0,0.0,12499000.0,8999000.0,3500000.0
602,TRX-00256,DTL-000602,20240127,1000,10,22,2,256,21,1,12599000,12599000.0,0.0,12599000.0,9071000.0,3528000.0
603,TRX-00256,DTL-000603,20240127,1000,8,22,2,256,21,1,10999000,10999000.0,0.0,10999000.0,7919000.0,3080000.0
604,TRX-00256,DTL-000604,20240127,1000,17,22,2,256,4,1,22999000,22999000.0,2759880.0,20239120.0,16559000.0,3680120.0
605,TRX-00257,DTL-000605,20240220,804,96,19,2,257,21,1,1599000,1599000.0,0.0,1599000.0,1151000.0,448000.0
606,TRX-00257,DTL-000606,20240220,804,95,19,2,257,13,1,399000,399000.0,39900.0,359100.0,287000.0,72100.0
607,TRX-00257,DTL-000607,20240220,804,33,19,2,257,21,1,15999000,15999000.0,0.0,15999000.0,11519000.0,4480000.0
608,TRX-00258,DTL-000608,20240708,1000,11,2,3,258,21,1,15999000,15999000.0,0.0,15999000.0,11519000.0,4480000.0
609,TRX-00258,DTL-000609,20240708,1000,83,2,3,258,21,1,7499000,7499000.0,0.0,7499000.0,5399000.0,2100000.0
610,TRX-00258,DTL-000610,20240708,1000,54,2,3,258,20,1,4499000,4499000.0,224950.0,4274050.0,3239000.0,1035050.0
611,TRX-00258,DTL-000611,20240708,1000,25,2,3,258,21,1,24499000,24499000.0,0.0,24499000.0,17639000.0,6860000.0
612,TRX-00259,DTL-000612,20240911,783,63,7,2,259,2,1,6999000,6999000.0,559920.0,6439080.0,5039000.0,1400080.0
613,TRX-00259,DTL-000613,20240911,783,91,7,2,259,21,1,699000,699000.0,0.0,699000.0,503000.0,196000.0
614,TRX-00259,DTL-000614,20240911,783,74,7,2,259,21,1,5999000,5999000.0,0.0,5999000.0,4319000.0,1680000.0
615,TRX-00260,DTL-000615,20240611,775,10,23,2,260,21,2,12599000,25198000.0,0.0,25198000.0,18142000.0,7056000.0
616,TRX-00260,DTL-000616,20240611,775,36,23,2,260,21,1,3999000,3999000.0,0.0,3999000.0,2879000.0,1120000.0
617,TRX-00261,DTL-000617,20241025,969,59,25,3,261,12,2,2299000,4598000.0,459800.0,4138200.0,3310000.0,828200.0
618,TRX-00261,DTL-000618,20241025,969,94,25,3,261,21,2,2999000,5998000.0,0.0,5998000.0,4318000.0,1680000.0
619,TRX-00262,DTL-000619,20240124,316,47,14,2,262,21,1,12499000,12499000.0,0.0,12499000.0,8999000.0,3500000.0
620,TRX-00262,DTL-000620,20240124,316,44,14,2,262,21,1,4499000,4499000.0,0.0,4499000.0,3239000.0,1260000.0
621,TRX-00262,DTL-000621,20240124,316,32,14,2,262,21,1,28499000,28499000.0,0.0,28499000.0,20519000.0,7980000.0
622,TRX-00262,DTL-000622,20240124,316,24,14,2,262,21,1,399000,399000.0,0.0,399000.0,287000.0,112000.0
623,TRX-00263,DTL-000623,20240517,64,93,22,2,263,21,1,699000,699000.0,0.0,699000.0,503000.0,196000.0
624,TRX-00264,DTL-000624,20241229,602,6,11,2,264,21,2,12499000,24998000.0,0.0,24998000.0,17998000.0,7000000.0
625,TRX-00264,DTL-000625,20241229,602,25,11,2,264,21,1,24499000,24499000.0,0.0,24499000.0,17639000.0,6860000.0
626,TRX-00265,DTL-000626,20240722,696,74,7,2,265,21,1,5999000,5999000.0,0.0,5999000.0,4319000.0,1680000.0
627,TRX-00265,DTL-000627,20240722,696,61,7,2,265,21,1,5599000,5599000.0,0.0,5599000.0,4031000.0,1568000.0
628,TRX-00266,DTL-000628,20250523,98,54,15,1,266,21,1,4499000,4499000.0,0.0,4499000.0,3239000.0,1260000.0
629,TRX-00266,DTL-000629,20250523,98,43,15,1,266,21,2,8999000,17998000.0,0.0,17998000.0,12958000.0,5040000.0
630,TRX-00266,DTL-000630,20250523,98,68,15,1,266,21,1,3499000,3499000.0,0.0,3499000.0,2519000.0,980000.0
631,TRX-00266,DTL-000631,20250523,98,49,15,1,266,3,3,6999000,20997000.0,1679760.0,19317240.0,15117000.0,4200240.0
632,TRX-00267,DTL-000632,20240114,484,16,21,2,267,21,2,14999000,29998000.0,0.0,29998000.0,21598000.0,8400000.0
633,TRX-00267,DTL-000633,20240114,484,7,21,2,267,21,3,9999000,29997000.0,0.0,29997000.0,21597000.0,8400000.0
634,TRX-00268,DTL-000634,20241220,1000,100,10,2,268,21,2,1799000,3598000.0,0.0,3598000.0,2590000.0,1008000.0
635,TRX-00269,DTL-000635,20250210,28,34,19,2,269,21,1,5999000,5999000.0,0.0,5999000.0,4319000.0,1680000.0
636,TRX-00269,DTL-000636,20250210,28,65,19,2,269,19,1,6299000,6299000.0,314950.0,5984050.0,4535000.0,1449050.0
637,TRX-00269,DTL-000637,20250210,28,21,19,2,269,14,1,2499000,2499000.0,74970.0,2424030.0,1799000.0,625030.0
638,TRX-00270,DTL-000638,20240207,302,53,5,2,270,21,1,5099000,5099000.0,0.0,5099000.0,3671000.0,1428000.0
639,TRX-00270,DTL-000639,20240207,302,48,5,2,270,21,1,16999000,16999000.0,0.0,16999000.0,12239000.0,4760000.0
640,TRX-00271,DTL-000640,20240217,765,57,5,2,271,21,2,5999000,11998000.0,0.0,11998000.0,8638000.0,3360000.0
641,TRX-00271,DTL-000641,20240217,765,38,5,2,271,6,2,1599000,3198000.0,95940.0,3102060.0,2302000.0,800060.0
642,TRX-00271,DTL-000642,20240217,765,70,5,2,271,21,1,6499000,6499000.0,0.0,6499000.0,4679000.0,1820000.0
643,TRX-00272,DTL-000643,20250411,218,57,4,2,272,21,2,5999000,11998000.0,0.0,11998000.0,8638000.0,3360000.0
644,TRX-00272,DTL-000644,20250411,218,84,4,2,272,21,2,1399000,2798000.0,0.0,2798000.0,2014000.0,784000.0
645,TRX-00272,DTL-000645,20250411,218,25,4,2,272,21,1,24499000,24499000.0,0.0,24499000.0,17639000.0,6860000.0
646,TRX-00273,DTL-000646,20240526,852,59,9,3,273,17,1,2299000,2299000.0,275880.0,2023120.0,1655000.0,368120.0
647,TRX-00273,DTL-000647,20240526,852,6,9,3,273,21,1,12499000,12499000.0,0.0,12499000.0,8999000.0,3500000.0
648,TRX-00274,DTL-000648,20240519,661,77,12,2,274,21,1,1999000,1999000.0,0.0,1999000.0,1439000.0,560000.0
649,TRX-00274,DTL-000649,20240519,661,78,12,2,274,1,1,21999000,21999000.0,659970.0,21339030.0,15839000.0,5500030.0
650,TRX-00274,DTL-000650,20240519,661,56,12,2,274,21,1,5799000,5799000.0,0.0,5799000.0,4175000.0,1624000.0
651,TRX-00275,DTL-000651,20240705,262,64,19,2,275,21,1,7499000,7499000.0,0.0,7499000.0,5399000.0,2100000.0
652,TRX-00275,DTL-000652,20240705,262,92,19,2,275,21,1,649000,649000.0,0.0,649000.0,467000.0,182000.0
653,TRX-00276,DTL-000653,20250412,149,74,18,3,276,21,1,5999000,5999000.0,0.0,5999000.0,4319000.0,1680000.0
654,TRX-00276,DTL-000654,20250412,149,71,18,3,276,3,1,4999000,4999000.0,399920.0,4599080.0,3599000.0,1000080.0
655,TRX-00276,DTL-000655,20250412,149,69,18,3,276,21,1,1599000,1599000.0,0.0,1599000.0,1151000.0,448000.0
656,TRX-00277,DTL-000656,20240713,827,81,8,1,277,21,1,7999000,7999000.0,0.0,7999000.0,5759000.0,2240000.0
657,TRX-00277,DTL-000657,20240713,827,87,8,1,277,21,1,1199000,1199000.0,0.0,1199000.0,863000.0,336000.0
658,TRX-00278,DTL-000658,20250429,469,55,25,1,278,21,1,3299000,3299000.0,0.0,3299000.0,2375000.0,924000.0
659,TRX-00278,DTL-000659,20250429,469,42,25,1,278,7,1,3499000,3499000.0,349900.0,3149100.0,2519000.0,630100.0
660,TRX-00279,DTL-000660,20240906,575,17,25,1,279,21,3,22999000,68997000.0,0.0,68997000.0,49677000.0,19320000.0
661,TRX-00280,DTL-000661,20250320,870,78,5,1,280,21,1,21999000,21999000.0,0.0,21999000.0,15839000.0,6160000.0
662,TRX-00280,DTL-000662,20250320,870,47,5,1,280,17,1,12499000,12499000.0,1499880.0,10999120.0,8999000.0,2000120.0
663,TRX-00281,DTL-000663,20240809,437,5,4,3,281,21,2,13999000,27998000.0,0.0,27998000.0,20158000.0,7840000.0
664,TRX-00281,DTL-000664,20240809,437,66,4,3,281,10,2,5499000,10998000.0,549900.0,10448100.0,7918000.0,2530100.0
665,TRX-00281,DTL-000665,20240809,437,44,4,3,281,21,3,4499000,13497000.0,0.0,13497000.0,9717000.0,3780000.0
666,TRX-00282,DTL-000666,20240601,319,60,17,2,282,21,2,4999000,9998000.0,0.0,9998000.0,7198000.0,2800000.0
667,TRX-00282,DTL-000667,20240601,319,49,17,2,282,21,1,6999000,6999000.0,0.0,6999000.0,5039000.0,1960000.0
668,TRX-00282,DTL-000668,20240601,319,62,17,2,282,21,1,5999000,5999000.0,0.0,5999000.0,4319000.0,1680000.0
669,TRX-00283,DTL-000669,20240226,397,75,17,2,283,21,1,4699000,4699000.0,0.0,4699000.0,3383000.0,1316000.0
670,TRX-00284,DTL-000670,20240308,1000,83,21,2,284,21,1,7499000,7499000.0,0.0,7499000.0,5399000.0,2100000.0
671,TRX-00285,DTL-000671,20240719,643,47,5,1,285,21,1,12499000,12499000.0,0.0,12499000.0,8999000.0,3500000.0
672,TRX-00286,DTL-000672,20240615,907,46,5,2,286,21,1,2999000,2999000.0,0.0,2999000.0,2159000.0,840000.0
673,TRX-00286,DTL-000673,20240615,907,50,5,2,286,21,1,8499000,8499000.0,0.0,8499000.0,6119000.0,2380000.0
674,TRX-00286,DTL-000674,20240615,907,52,5,2,286,21,1,2099000,2099000.0,0.0,2099000.0,1511000.0,588000.0
675,TRX-00287,DTL-000675,20240613,69,55,25,1,287,21,1,3299000,3299000.0,0.0,3299000.0,2375000.0,924000.0
676,TRX-00287,DTL-000676,20240613,69,80,25,1,287,6,1,10999000,10999000.0,329970.0,10669030.0,7919000.0,2750030.0
677,TRX-00287,DTL-000677,20240613,69,81,25,1,287,21,1,7999000,7999000.0,0.0,7999000.0,5759000.0,2240000.0
678,TRX-00288,DTL-000678,20240624,411,62,4,2,288,5,1,5999000,5999000.0,479920.0,5519080.0,4319000.0,1200080.0
679,TRX-00288,DTL-000679,20240624,411,65,4,2,288,5,1,6299000,6299000.0,503920.0,5795080.0,4535000.0,1260080.0
680,TRX-00289,DTL-000680,20241121,588,91,12,2,289,21,1,699000,699000.0,0.0,699000.0,503000.0,196000.0
681,TRX-00290,DTL-000681,20240621,1000,11,13,2,290,1,1,15999000,15999000.0,479970.0,15519030.0,11519000.0,4000030.0
682,TRX-00290,DTL-000682,20240621,1000,31,13,2,290,8,1,20999000,20999000.0,1049950.0,19949050.0,15119000.0,4830050.0
683,TRX-00291,DTL-000683,20240525,684,97,17,2,291,2,1,1565000,1565000.0,125200.0,1439800.0,1127000.0,312800.0
684,TRX-00291,DTL-000684,20240525,684,33,17,2,291,21,2,15999000,31998000.0,0.0,31998000.0,23038000.0,8960000.0
685,TRX-00291,DTL-000685,20240525,684,39,17,2,291,21,1,13999000,13999000.0,0.0,13999000.0,10079000.0,3920000.0
686,TRX-00291,DTL-000686,20240525,684,84,17,2,291,16,1,1399000,1399000.0,69950.0,1329050.0,1007000.0,322050.0
687,TRX-00292,DTL-000687,20250518,449,68,8,2,292,21,2,3499000,6998000.0,0.0,6998000.0,5038000.0,1960000.0
688,TRX-00292,DTL-000688,20250518,449,39,8,2,292,21,2,13999000,27998000.0,0.0,27998000.0,20158000.0,7840000.0
689,TRX-00292,DTL-000689,20250518,449,59,8,2,292,21,1,2299000,2299000.0,0.0,2299000.0,1655000.0,644000.0
690,TRX-00292,DTL-000690,20250518,449,33,8,2,292,7,1,15999000,15999000.0,1599900.0,14399100.0,11519000.0,2880100.0
691,TRX-00293,DTL-000691,20250314,122,47,15,2,293,21,2,12499000,24998000.0,0.0,24998000.0,17998000.0,7000000.0
692,TRX-00293,DTL-000692,20250314,122,9,15,2,293,21,2,12999000,25998000.0,0.0,25998000.0,18718000.0,7280000.0
693,TRX-00293,DTL-000693,20250314,122,95,15,2,293,21,2,399000,798000.0,0.0,798000.0,574000.0,224000.0
694,TRX-00294,DTL-000694,20240327,230,52,21,2,294,21,1,2099000,2099000.0,0.0,2099000.0,1511000.0,588000.0
695,TRX-00294,DTL-000695,20240327,230,17,21,2,294,21,2,22999000,45998000.0,0.0,45998000.0,33118000.0,12880000.0
696,TRX-00295,DTL-000696,20240928,75,59,17,1,295,21,1,2299000,2299000.0,0.0,2299000.0,1655000.0,644000.0
697,TRX-00295,DTL-000697,20240928,75,86,17,1,295,21,1,1199000,1199000.0,0.0,1199000.0,863000.0,336000.0
698,TRX-00295,DTL-000698,20240928,75,41,17,1,295,21,3,6499000,19497000.0,0.0,19497000.0,14037000.0,5460000.0
699,TRX-00296,DTL-000699,20241001,555,47,10,3,296,1,1,12499000,12499000.0,374970.0,12124030.0,8999000.0,3125030.0
700,TRX-00296,DTL-000700,20241001,555,15,10,3,296,21,2,13599000,27198000.0,0.0,27198000.0,19582000.0,7616000.0
701,TRX-00296,DTL-000701,20241001,555,53,10,3,296,21,3,5099000,15297000.0,0.0,15297000.0,11013000.0,4284000.0
702,TRX-00297,DTL-000702,20240913,306,38,20,1,297,21,1,1599000,1599000.0,0.0,1599000.0,1151000.0,448000.0
703,TRX-00297,DTL-000703,20240913,306,2,20,1,297,11,1,23499000,23499000.0,1879920.0,21619080.0,16919000.0,4700080.0
704,TRX-00298,DTL-000704,20240206,366,4,6,1,298,21,1,16999000,16999000.0,0.0,16999000.0,12239000.0,4760000.0
705,TRX-00298,DTL-000705,20240206,366,49,6,1,298,21,1,6999000,6999000.0,0.0,6999000.0,5039000.0,1960000.0
706,TRX-00299,DTL-000706,20250124,66,49,24,2,299,21,1,6999000,6999000.0,0.0,6999000.0,5039000.0,1960000.0
707,TRX-00299,DTL-000707,20250124,66,39,24,2,299,21,2,13999000,27998000.0,0.0,27998000.0,20158000.0,7840000.0
708,TRX-00300,DTL-000708,20240512,506,69,24,3,300,21,1,1599000,1599000.0,0.0,1599000.0,1151000.0,448000.0
709,TRX-00301,DTL-000709,20241002,370,71,25,2,301,21,1,4999000,4999000.0,0.0,4999000.0,3599000.0,1400000.0
710,TRX-00301,DTL-000710,20241002,370,17,25,2,301,21,1,22999000,22999000.0,0.0,22999000.0,16559000.0,6440000.0
711,TRX-00302,DTL-000711,20241216,957,100,17,3,302,19,1,1799000,1799000.0,89950.0,1709050.0,1295000.0,414050.0
712,TRX-00302,DTL-000712,20241216,957,29,17,3,302,21,1,17499000,17499000.0,0.0,17499000.0,12599000.0,4900000.0
713,TRX-00303,DTL-000713,20241002,228,52,7,3,303,21,2,2099000,4198000.0,0.0,4198000.0,3022000.0,1176000.0
714,TRX-00303,DTL-000714,20241002,228,97,7,3,303,2,1,1565000,1565000.0,125200.0,1439800.0,1127000.0,312800.0
715,TRX-00304,DTL-000715,20241211,936,90,11,2,304,21,1,699000,699000.0,0.0,699000.0,503000.0,196000.0
716,TRX-00305,DTL-000716,20250113,963,70,17,2,305,20,1,6499000,6499000.0,324950.0,6174050.0,4679000.0,1495050.0
717,TRX-00305,DTL-000717,20250113,963,4,17,2,305,12,1,16999000,16999000.0,1699900.0,15299100.0,12239000.0,3060100.0
718,TRX-00306,DTL-000718,20250514,268,97,8,2,306,21,1,1565000,1565000.0,0.0,1565000.0,1127000.0,438000.0
719,TRX-00307,DTL-000719,20240425,49,30,7,1,307,1,1,13499000,13499000.0,404970.0,13094030.0,9719000.0,3375030.0
720,TRX-00307,DTL-000720,20240425,49,6,7,1,307,21,1,12499000,12499000.0,0.0,12499000.0,8999000.0,3500000.0
721,TRX-00308,DTL-000721,20241130,747,18,6,2,308,21,2,7999000,15998000.0,0.0,15998000.0,11518000.0,4480000.0
722,TRX-00308,DTL-000722,20241130,747,56,6,2,308,21,2,5799000,11598000.0,0.0,11598000.0,8350000.0,3248000.0
723,TRX-00308,DTL-000723,20241130,747,24,6,2,308,21,1,399000,399000.0,0.0,399000.0,287000.0,112000.0
724,TRX-00309,DTL-000724,20240602,112,55,10,2,309,21,1,3299000,3299000.0,0.0,3299000.0,2375000.0,924000.0
725,TRX-00310,DTL-000725,20240302,776,35,16,2,310,21,1,4999000,4999000.0,0.0,4999000.0,3599000.0,1400000.0
726,TRX-00310,DTL-000726,20240302,776,25,16,2,310,21,1,24499000,24499000.0,0.0,24499000.0,17639000.0,6860000.0
727,TRX-00311,DTL-000727,20250314,885,69,25,2,311,21,1,1599000,1599000.0,0.0,1599000.0,1151000.0,448000.0
728,TRX-00311,DTL-000728,20250314,885,32,25,2,311,21,1,28499000,28499000.0,0.0,28499000.0,20519000.0,7980000.0
729,TRX-00312,DTL-000729,20241013,603,38,14,2,312,21,2,1599000,3198000.0,0.0,3198000.0,2302000.0,896000.0
730,TRX-00312,DTL-000730,20241013,603,70,14,2,312,21,1,6499000,6499000.0,0.0,6499000.0,4679000.0,1820000.0
731,TRX-00312,DTL-000731,20241013,603,15,14,2,312,21,1,13599000,13599000.0,0.0,13599000.0,9791000.0,3808000.0
732,TRX-00313,DTL-000732,20240127,904,16,2,1,313,21,1,14999000,14999000.0,0.0,14999000.0,10799000.0,4200000.0
733,TRX-00314,DTL-000733,20240514,847,39,4,1,314,10,1,13999000,13999000.0,699950.0,13299050.0,10079000.0,3220050.0
734,TRX-00314,DTL-000734,20240514,847,60,4,1,314,6,1,4999000,4999000.0,149970.0,4849030.0,3599000.0,1250030.0
735,TRX-00314,DTL-000735,20240514,847,8,4,1,314,21,1,10999000,10999000.0,0.0,10999000.0,7919000.0,3080000.0
736,TRX-00315,DTL-000736,20250127,734,32,16,2,315,21,1,28499000,28499000.0,0.0,28499000.0,20519000.0,7980000.0
737,TRX-00315,DTL-000737,20250127,734,87,16,2,315,21,1,1199000,1199000.0,0.0,1199000.0,863000.0,336000.0
738,TRX-00316,DTL-000738,20240602,867,91,17,3,316,21,1,699000,699000.0,0.0,699000.0,503000.0,196000.0
739,TRX-00316,DTL-000739,20240602,867,82,17,3,316,21,1,7499000,7499000.0,0.0,7499000.0,5399000.0,2100000.0
740,TRX-00316,DTL-000740,20240602,867,94,17,3,316,21,1,2999000,2999000.0,0.0,2999000.0,2159000.0,840000.0
741,TRX-00316,DTL-000741,20240602,867,38,17,3,316,21,1,1599000,1599000.0,0.0,1599000.0,1151000.0,448000.0
742,TRX-00317,DTL-000742,20240509,862,66,21,3,317,21,1,5499000,5499000.0,0.0,5499000.0,3959000.0,1540000.0
743,TRX-00318,DTL-000743,20240612,354,27,1,2,318,21,1,16499000,16499000.0,0.0,16499000.0,11879000.0,4620000.0
744,TRX-00319,DTL-000744,20250506,997,12,12,1,319,21,1,11499000,11499000.0,0.0,11499000.0,8279000.0,3220000.0
745,TRX-00319,DTL-000745,20250506,997,85,12,1,319,21,2,399000,798000.0,0.0,798000.0,574000.0,224000.0
746,TRX-00320,DTL-000746,20250409,247,56,24,3,320,14,1,5799000,5799000.0,173970.0,5625030.0,4175000.0,1450030.0
747,TRX-00321,DTL-000747,20240808,746,47,7,2,321,21,3,12499000,37497000.0,0.0,37497000.0,26997000.0,10500000.0
748,TRX-00321,DTL-000748,20240808,746,14,7,2,321,18,1,9499000,9499000.0,1424850.0,8074150.0,6839000.0,1235150.0
749,TRX-00321,DTL-000749,20240808,746,16,7,2,321,21,3,14999000,44997000.0,0.0,44997000.0,32397000.0,12600000.0
750,TRX-00322,DTL-000750,20250313,600,21,3,1,322,5,1,2499000,2499000.0,199920.0,2299080.0,1799000.0,500080.0
751,TRX-00322,DTL-000751,20250313,600,22,3,1,322,21,1,499000,499000.0,0.0,499000.0,359000.0,140000.0
752,TRX-00322,DTL-000752,20250313,600,4,3,1,322,21,3,16999000,50997000.0,0.0,50997000.0,36717000.0,14280000.0
753,TRX-00323,DTL-000753,20241111,743,59,21,2,323,12,1,2299000,2299000.0,229900.0,2069100.0,1655000.0,414100.0
754,TRX-00323,DTL-000754,20241111,743,54,21,2,323,21,1,4499000,4499000.0,0.0,4499000.0,3239000.0,1260000.0
755,TRX-00323,DTL-000755,20241111,743,82,21,2,323,8,1,7499000,7499000.0,374950.0,7124050.0,5399000.0,1725050.0
756,TRX-00324,DTL-000756,20240429,845,17,19,2,324,1,1,22999000,22999000.0,689970.0,22309030.0,16559000.0,5750030.0
757,TRX-00325,DTL-000757,20250524,725,95,11,2,325,21,2,399000,798000.0,0.0,798000.0,574000.0,224000.0
758,TRX-00325,DTL-000758,20250524,725,25,11,2,325,3,1,24499000,24499000.0,1959920.0,22539080.0,17639000.0,4900080.0
759,TRX-00326,DTL-000759,20240626,1000,26,25,2,326,21,2,19499000,38998000.0,0.0,38998000.0,28078000.0,10920000.0
760,TRX-00326,DTL-000760,20240626,1000,82,25,2,326,21,1,7499000,7499000.0,0.0,7499000.0,5399000.0,2100000.0
761,TRX-00327,DTL-000761,20250116,243,64,21,3,327,21,1,7499000,7499000.0,0.0,7499000.0,5399000.0,2100000.0
762,TRX-00327,DTL-000762,20250116,243,23,21,3,327,21,1,499000,499000.0,0.0,499000.0,359000.0,140000.0
763,TRX-00328,DTL-000763,20240829,587,10,19,1,328,21,1,12599000,12599000.0,0.0,12599000.0,9071000.0,3528000.0
764,TRX-00328,DTL-000764,20240829,587,29,19,1,328,18,1,17499000,17499000.0,2624850.0,14874150.0,12599000.0,2275150.0
765,TRX-00329,DTL-000765,20240620,601,7,24,3,329,8,1,9999000,9999000.0,499950.0,9499050.0,7199000.0,2300050.0
766,TRX-00329,DTL-000766,20240620,601,51,24,3,329,21,1,6499000,6499000.0,0.0,6499000.0,4679000.0,1820000.0
767,TRX-00330,DTL-000767,20250301,608,59,16,1,330,4,1,2299000,2299000.0,275880.0,2023120.0,1655000.0,368120.0
768,TRX-00331,DTL-000768,20250416,143,19,2,2,331,12,1,14999000,14999000.0,1499900.0,13499100.0,10799000.0,2700100.0
769,TRX-00331,DTL-000769,20250416,143,87,2,2,331,5,1,1199000,1199000.0,95920.0,1103080.0,863000.0,240080.0
770,TRX-00331,DTL-000770,20250416,143,89,2,2,331,21,1,779000,779000.0,0.0,779000.0,561000.0,218000.0
771,TRX-00332,DTL-000771,20250324,765,4,24,3,332,21,1,16999000,16999000.0,0.0,16999000.0,12239000.0,4760000.0
772,TRX-00332,DTL-000772,20250324,765,91,24,3,332,21,1,699000,699000.0,0.0,699000.0,503000.0,196000.0
773,TRX-00333,DTL-000773,20240416,181,53,4,3,333,21,2,5099000,10198000.0,0.0,10198000.0,7342000.0,2856000.0
774,TRX-00334,DTL-000774,20241130,385,16,5,1,334,21,1,14999000,14999000.0,0.0,14999000.0,10799000.0,4200000.0
775,TRX-00335,DTL-000775,20240308,2,16,7,3,335,18,1,14999000,14999000.0,2249850.0,12749150.0,10799000.0,1950150.0
776,TRX-00335,DTL-000776,20240308,2,26,7,3,335,3,1,19499000,19499000.0,1559920.0,17939080.0,14039000.0,3900080.0
777,TRX-00335,DTL-000777,20240308,2,75,7,3,335,21,1,4699000,4699000.0,0.0,4699000.0,3383000.0,1316000.0
778,TRX-00336,DTL-000778,20250110,134,5,7,2,336,21,2,13999000,27998000.0,0.0,27998000.0,20158000.0,7840000.0
779,TRX-00336,DTL-000779,20250110,134,26,7,2,336,21,1,19499000,19499000.0,0.0,19499000.0,14039000.0,5460000.0
780,TRX-00337,DTL-000780,20250505,62,20,6,2,337,21,1,3999000,3999000.0,0.0,3999000.0,2879000.0,1120000.0
781,TRX-00337,DTL-000781,20250505,62,4,6,2,337,21,1,16999000,16999000.0,0.0,16999000.0,12239000.0,4760000.0
782,TRX-00337,DTL-000782,20250505,62,15,6,2,337,4,1,13599000,13599000.0,1631880.0,11967120.0,9791000.0,2176120.0
783,TRX-00338,DTL-000783,20240924,647,75,21,2,338,1,2,4699000,9398000.0,281940.0,9116060.0,6766000.0,2350060.0
784,TRX-00338,DTL-000784,20240924,647,94,21,2,338,21,1,2999000,2999000.0,0.0,2999000.0,2159000.0,840000.0
785,TRX-00339,DTL-000785,20250407,316,82,20,2,339,21,1,7499000,7499000.0,0.0,7499000.0,5399000.0,2100000.0
786,TRX-00339,DTL-000786,20250407,316,4,20,2,339,21,1,16999000,16999000.0,0.0,16999000.0,12239000.0,4760000.0
787,TRX-00340,DTL-000787,20240520,3,21,4,3,340,21,1,2499000,2499000.0,0.0,2499000.0,1799000.0,700000.0
788,TRX-00341,DTL-000788,20250226,409,42,9,3,341,21,1,3499000,3499000.0,0.0,3499000.0,2519000.0,980000.0
789,TRX-00341,DTL-000789,20250226,409,9,9,3,341,3,1,12999000,12999000.0,1039920.0,11959080.0,9359000.0,2600080.0
790,TRX-00341,DTL-000790,20250226,409,91,9,3,341,21,2,699000,1398000.0,0.0,1398000.0,1006000.0,392000.0
791,TRX-00342,DTL-000791,20240420,1000,53,3,1,342,1,1,5099000,5099000.0,152970.0,4946030.0,3671000.0,1275030.0
792,TRX-00343,DTL-000792,20241021,504,68,10,1,343,21,1,3499000,3499000.0,0.0,3499000.0,2519000.0,980000.0
793,TRX-00344,DTL-000793,20241229,611,18,9,2,344,6,1,7999000,7999000.0,239970.0,7759030.0,5759000.0,2000030.0
794,TRX-00345,DTL-000794,20250323,81,55,12,1,345,15,1,3299000,3299000.0,263920.0,3035080.0,2375000.0,660080.0
795,TRX-00345,DTL-000795,20250323,81,84,12,1,345,8,1,1399000,1399000.0,69950.0,1329050.0,1007000.0,322050.0
796,TRX-00346,DTL-000796,20240126,52,20,15,1,346,21,1,3999000,3999000.0,0.0,3999000.0,2879000.0,1120000.0
797,TRX-00346,DTL-000797,20240126,52,18,15,1,346,21,1,7999000,7999000.0,0.0,7999000.0,5759000.0,2240000.0
798,TRX-00347,DTL-000798,20241003,684,31,23,2,347,21,1,20999000,20999000.0,0.0,20999000.0,15119000.0,5880000.0
799,TRX-00347,DTL-000799,20241003,684,43,23,2,347,21,1,8999000,8999000.0,0.0,8999000.0,6479000.0,2520000.0
800,TRX-00348,DTL-000800,20250208,505,98,21,1,348,21,1,1695000,1695000.0,0.0,1695000.0,1220000.0,475000.0
801,TRX-00348,DTL-000801,20250208,505,83,21,1,348,21,1,7499000,7499000.0,0.0,7499000.0,5399000.0,2100000.0
802,TRX-00349,DTL-000802,20250126,294,90,2,2,349,21,1,699000,699000.0,0.0,699000.0,503000.0,196000.0
803,TRX-00349,DTL-000803,20250126,294,11,2,2,349,21,1,15999000,15999000.0,0.0,15999000.0,11519000.0,4480000.0
804,TRX-00350,DTL-000804,20241023,626,40,15,3,350,21,1,15999000,15999000.0,0.0,15999000.0,11519000.0,4480000.0
805,TRX-00350,DTL-000805,20241023,626,72,15,3,350,21,1,6999000,6999000.0,0.0,6999000.0,5039000.0,1960000.0
806,TRX-00350,DTL-000806,20241023,626,85,15,3,350,21,3,399000,1197000.0,0.0,1197000.0,861000.0,336000.0
807,TRX-00351,DTL-000807,20240624,862,83,6,2,351,17,1,7499000,7499000.0,899880.0,6599120.0,5399000.0,1200120.0
808,TRX-00351,DTL-000808,20240624,862,13,6,2,351,21,2,6499000,12998000.0,0.0,12998000.0,9358000.0,3640000.0
809,TRX-00351,DTL-000809,20240624,862,65,6,2,351,21,1,6299000,6299000.0,0.0,6299000.0,4535000.0,1764000.0
810,TRX-00352,DTL-000810,20250404,456,98,1,2,352,21,3,1695000,5085000.0,0.0,5085000.0,3660000.0,1425000.0
811,TRX-00352,DTL-000811,20250404,456,90,1,2,352,21,1,699000,699000.0,0.0,699000.0,503000.0,196000.0
812,TRX-00353,DTL-000812,20241107,124,83,15,1,353,21,1,7499000,7499000.0,0.0,7499000.0,5399000.0,2100000.0
813,TRX-00353,DTL-000813,20241107,124,62,15,1,353,21,2,5999000,11998000.0,0.0,11998000.0,8638000.0,3360000.0
814,TRX-00353,DTL-000814,20241107,124,18,15,1,353,21,1,7999000,7999000.0,0.0,7999000.0,5759000.0,2240000.0
815,TRX-00353,DTL-000815,20241107,124,17,15,1,353,5,1,22999000,22999000.0,1839920.0,21159080.0,16559000.0,4600080.0
816,TRX-00354,DTL-000816,20250430,849,14,6,2,354,21,1,9499000,9499000.0,0.0,9499000.0,6839000.0,2660000.0
817,TRX-00354,DTL-000817,20250430,849,2,6,2,354,21,1,23499000,23499000.0,0.0,23499000.0,16919000.0,6580000.0
818,TRX-00355,DTL-000818,20241003,434,99,18,3,355,21,1,3079000,3079000.0,0.0,3079000.0,2217000.0,862000.0
819,TRX-00355,DTL-000819,20241003,434,82,18,3,355,21,1,7499000,7499000.0,0.0,7499000.0,5399000.0,2100000.0
820,TRX-00355,DTL-000820,20241003,434,97,18,3,355,21,2,1565000,3130000.0,0.0,3130000.0,2254000.0,876000.0
821,TRX-00355,DTL-000821,20241003,434,66,18,3,355,18,1,5499000,5499000.0,824850.0,4674150.0,3959000.0,715150.0
822,TRX-00356,DTL-000822,20240331,364,34,14,1,356,15,1,5999000,5999000.0,479920.0,5519080.0,4319000.0,1200080.0
823,TRX-00357,DTL-000823,20241207,798,22,15,2,357,21,1,499000,499000.0,0.0,499000.0,359000.0,140000.0
824,TRX-00357,DTL-000824,20241207,798,86,15,2,357,21,1,1199000,1199000.0,0.0,1199000.0,863000.0,336000.0
825,TRX-00357,DTL-000825,20241207,798,34,15,2,357,21,2,5999000,11998000.0,0.0,11998000.0,8638000.0,3360000.0
826,TRX-00358,DTL-000826,20240911,440,44,1,2,358,21,1,4499000,4499000.0,0.0,4499000.0,3239000.0,1260000.0
827,TRX-00358,DTL-000827,20240911,440,62,1,2,358,12,1,5999000,5999000.0,599900.0,5399100.0,4319000.0,1080100.0
828,TRX-00359,DTL-000828,20240905,560,33,5,2,359,21,3,15999000,47997000.0,0.0,47997000.0,34557000.0,13440000.0
829,TRX-00359,DTL-000829,20240905,560,67,5,2,359,21,1,3999000,3999000.0,0.0,3999000.0,2879000.0,1120000.0
830,TRX-00360,DTL-000830,20240520,771,46,17,1,360,2,1,2999000,2999000.0,239920.0,2759080.0,2159000.0,600080.0
831,TRX-00360,DTL-000831,20240520,771,95,17,1,360,3,1,399000,399000.0,31920.0,367080.0,287000.0,80080.0
832,TRX-00361,DTL-000832,20240616,239,51,7,2,361,7,1,6499000,6499000.0,649900.0,5849100.0,4679000.0,1170100.0
833,TRX-00361,DTL-000833,20240616,239,100,7,2,361,17,1,1799000,1799000.0,215880.0,1583120.0,1295000.0,288120.0
834,TRX-00361,DTL-000834,20240616,239,47,7,2,361,21,1,12499000,12499000.0,0.0,12499000.0,8999000.0,3500000.0
835,TRX-00362,DTL-000835,20241012,269,9,4,2,362,21,1,12999000,12999000.0,0.0,12999000.0,9359000.0,3640000.0
836,TRX-00363,DTL-000836,20240305,919,63,24,2,363,21,1,6999000,6999000.0,0.0,6999000.0,5039000.0,1960000.0
837,TRX-00363,DTL-000837,20240305,919,46,24,2,363,21,1,2999000,2999000.0,0.0,2999000.0,2159000.0,840000.0
838,TRX-00363,DTL-000838,20240305,919,45,24,2,363,21,1,3999000,3999000.0,0.0,3999000.0,2879000.0,1120000.0
839,TRX-00364,DTL-000839,20240528,1000,55,9,2,364,21,2,3299000,6598000.0,0.0,6598000.0,4750000.0,1848000.0
840,TRX-00364,DTL-000840,20240528,1000,36,9,2,364,21,1,3999000,3999000.0,0.0,3999000.0,2879000.0,1120000.0
841,TRX-00365,DTL-000841,20240911,634,30,18,2,365,2,1,13499000,13499000.0,1079920.0,12419080.0,9719000.0,2700080.0
842,TRX-00365,DTL-000842,20240911,634,78,18,2,365,21,1,21999000,21999000.0,0.0,21999000.0,15839000.0,6160000.0
843,TRX-00366,DTL-000843,20240518,60,72,22,2,366,21,1,6999000,6999000.0,0.0,6999000.0,5039000.0,1960000.0
844,TRX-00366,DTL-000844,20240518,60,9,22,2,366,21,1,12999000,12999000.0,0.0,12999000.0,9359000.0,3640000.0
845,TRX-00366,DTL-000845,20240518,60,32,22,2,366,1,1,28499000,28499000.0,854970.0,27644030.0,20519000.0,7125030.0
846,TRX-00366,DTL-000846,20240518,60,3,22,2,366,21,1,18499000,18499000.0,0.0,18499000.0,13319000.0,5180000.0
847,TRX-00367,DTL-000847,20241117,664,43,5,2,367,21,1,8999000,8999000.0,0.0,8999000.0,6479000.0,2520000.0
848,TRX-00367,DTL-000848,20241117,664,94,5,2,367,21,1,2999000,2999000.0,0.0,2999000.0,2159000.0,840000.0
849,TRX-00368,DTL-000849,20241101,49,68,10,3,368,17,1,3499000,3499000.0,419880.0,3079120.0,2519000.0,560120.0
850,TRX-00368,DTL-000850,20241101,49,67,10,3,368,21,1,3999000,3999000.0,0.0,3999000.0,2879000.0,1120000.0
851,TRX-00368,DTL-000851,20241101,49,59,10,3,368,13,1,2299000,2299000.0,229900.0,2069100.0,1655000.0,414100.0
852,TRX-00368,DTL-000852,20241101,49,50,10,3,368,9,1,8499000,8499000.0,254970.0,8244030.0,6119000.0,2125030.0
853,TRX-00369,DTL-000853,20241214,1000,26,15,3,369,21,1,19499000,19499000.0,0.0,19499000.0,14039000.0,5460000.0
854,TRX-00369,DTL-000854,20241214,1000,42,15,3,369,21,1,3499000,3499000.0,0.0,3499000.0,2519000.0,980000.0
855,TRX-00369,DTL-000855,20241214,1000,99,15,3,369,21,1,3079000,3079000.0,0.0,3079000.0,2217000.0,862000.0
856,TRX-00370,DTL-000856,20250125,189,71,25,3,370,20,1,4999000,4999000.0,249950.0,4749050.0,3599000.0,1150050.0
857,TRX-00370,DTL-000857,20250125,189,76,25,3,370,21,1,2999000,2999000.0,0.0,2999000.0,2159000.0,840000.0
858,TRX-00371,DTL-000858,20240710,186,67,25,2,371,21,1,3999000,3999000.0,0.0,3999000.0,2879000.0,1120000.0
859,TRX-00371,DTL-000859,20240710,186,97,25,2,371,10,1,1565000,1565000.0,78250.0,1486750.0,1127000.0,359750.0
860,TRX-00372,DTL-000860,20241014,933,91,17,2,372,21,1,699000,699000.0,0.0,699000.0,503000.0,196000.0
861,TRX-00372,DTL-000861,20241014,933,87,17,2,372,21,1,1199000,1199000.0,0.0,1199000.0,863000.0,336000.0
862,TRX-00373,DTL-000862,20250209,573,76,5,2,373,21,1,2999000,2999000.0,0.0,2999000.0,2159000.0,840000.0
863,TRX-00373,DTL-000863,20250209,573,64,5,2,373,21,1,7499000,7499000.0,0.0,7499000.0,5399000.0,2100000.0
864,TRX-00373,DTL-000864,20250209,573,19,5,2,373,21,2,14999000,29998000.0,0.0,29998000.0,21598000.0,8400000.0
865,TRX-00373,DTL-000865,20250209,573,10,5,2,373,13,1,12599000,12599000.0,1259900.0,11339100.0,9071000.0,2268100.0
866,TRX-00374,DTL-000866,20240423,258,18,8,2,374,21,1,7999000,7999000.0,0.0,7999000.0,5759000.0,2240000.0
867,TRX-00374,DTL-000867,20240423,258,76,8,2,374,21,1,2999000,2999000.0,0.0,2999000.0,2159000.0,840000.0
868,TRX-00375,DTL-000868,20240928,127,66,22,2,375,21,1,5499000,5499000.0,0.0,5499000.0,3959000.0,1540000.0
869,TRX-00375,DTL-000869,20240928,127,75,22,2,375,21,1,4699000,4699000.0,0.0,4699000.0,3383000.0,1316000.0
870,TRX-00375,DTL-000870,20240928,127,8,22,2,375,13,3,10999000,32997000.0,3299700.0,29697300.0,23757000.0,5940300.0
871,TRX-00376,DTL-000871,20241212,866,30,3,3,376,21,1,13499000,13499000.0,0.0,13499000.0,9719000.0,3780000.0
872,TRX-00377,DTL-000872,20250518,87,19,15,2,377,9,1,14999000,14999000.0,449970.0,14549030.0,10799000.0,3750030.0
873,TRX-00377,DTL-000873,20250518,87,8,15,2,377,21,1,10999000,10999000.0,0.0,10999000.0,7919000.0,3080000.0
874,TRX-00377,DTL-000874,20250518,87,14,15,2,377,6,1,9499000,9499000.0,284970.0,9214030.0,6839000.0,2375030.0
875,TRX-00377,DTL-000875,20250518,87,94,15,2,377,21,2,2999000,5998000.0,0.0,5998000.0,4318000.0,1680000.0
876,TRX-00378,DTL-000876,20241228,63,59,3,1,378,21,3,2299000,6897000.0,0.0,6897000.0,4965000.0,1932000.0
877,TRX-00378,DTL-000877,20241228,63,7,3,1,378,21,1,9999000,9999000.0,0.0,9999000.0,7199000.0,2800000.0
878,TRX-00378,DTL-000878,20241228,63,36,3,1,378,21,1,3999000,3999000.0,0.0,3999000.0,2879000.0,1120000.0
879,TRX-00379,DTL-000879,20250530,235,6,11,3,379,20,1,12499000,12499000.0,624950.0,11874050.0,8999000.0,2875050.0
880,TRX-00379,DTL-000880,20250530,235,36,11,3,379,21,1,3999000,3999000.0,0.0,3999000.0,2879000.0,1120000.0
881,TRX-00379,DTL-000881,20250530,235,64,11,3,379,21,1,7499000,7499000.0,0.0,7499000.0,5399000.0,2100000.0
882,TRX-00380,DTL-000882,20241219,939,64,22,3,380,17,1,7499000,7499000.0,899880.0,6599120.0,5399000.0,1200120.0
883,TRX-00380,DTL-000883,20241219,939,2,22,3,380,21,1,23499000,23499000.0,0.0,23499000.0,16919000.0,6580000.0
884,TRX-00380,DTL-000884,20241219,939,55,22,3,380,19,1,3299000,3299000.0,164950.0,3134050.0,2375000.0,759050.0
885,TRX-00380,DTL-000885,20241219,939,45,22,3,380,21,1,3999000,3999000.0,0.0,3999000.0,2879000.0,1120000.0
886,TRX-00381,DTL-000886,20240506,515,46,17,2,381,21,1,2999000,2999000.0,0.0,2999000.0,2159000.0,840000.0
887,TRX-00381,DTL-000887,20240506,515,69,17,2,381,21,1,1599000,1599000.0,0.0,1599000.0,1151000.0,448000.0
888,TRX-00381,DTL-000888,20240506,515,31,17,2,381,21,1,20999000,20999000.0,0.0,20999000.0,15119000.0,5880000.0
889,TRX-00381,DTL-000889,20240506,515,22,17,2,381,21,2,499000,998000.0,0.0,998000.0,718000.0,280000.0
890,TRX-00382,DTL-000890,20240516,461,37,22,2,382,19,1,2999000,2999000.0,149950.0,2849050.0,2159000.0,690050.0
891,TRX-00382,DTL-000891,20240516,461,51,22,2,382,21,1,6499000,6499000.0,0.0,6499000.0,4679000.0,1820000.0
892,TRX-00383,DTL-000892,20240819,242,69,8,1,383,20,1,1599000,1599000.0,79950.0,1519050.0,1151000.0,368050.0
893,TRX-00383,DTL-000893,20240819,242,45,8,1,383,21,1,3999000,3999000.0,0.0,3999000.0,2879000.0,1120000.0
894,TRX-00384,DTL-000894,20240625,51,59,23,2,384,3,1,2299000,2299000.0,183920.0,2115080.0,1655000.0,460080.0
895,TRX-00384,DTL-000895,20240625,51,82,23,2,384,21,1,7499000,7499000.0,0.0,7499000.0,5399000.0,2100000.0
896,TRX-00385,DTL-000896,20250123,521,76,21,2,385,21,2,2999000,5998000.0,0.0,5998000.0,4318000.0,1680000.0
897,TRX-00385,DTL-000897,20250123,521,8,21,2,385,17,1,10999000,10999000.0,1319880.0,9679120.0,7919000.0,1760120.0
898,TRX-00385,DTL-000898,20250123,521,1,21,2,385,11,1,20499000,20499000.0,1639920.0,18859080.0,14759000.0,4100080.0
899,TRX-00386,DTL-000899,20240828,666,24,8,1,386,21,1,399000,399000.0,0.0,399000.0,287000.0,112000.0
900,TRX-00386,DTL-000900,20240828,666,3,8,1,386,17,2,18499000,36998000.0,4439760.0,32558240.0,26638000.0,5920240.0
901,TRX-00386,DTL-000901,20240828,666,87,8,1,386,9,1,1199000,1199000.0,35970.0,1163030.0,863000.0,300030.0
902,TRX-00387,DTL-000902,20240410,792,97,1,3,387,11,1,1565000,1565000.0,125200.0,1439800.0,1127000.0,312800.0
903,TRX-00387,DTL-000903,20240410,792,10,1,3,387,10,2,12599000,25198000.0,1259900.0,23938100.0,18142000.0,5796100.0
904,TRX-00388,DTL-000904,20241205,447,21,14,3,388,2,1,2499000,2499000.0,199920.0,2299080.0,1799000.0,500080.0
905,TRX-00388,DTL-000905,20241205,447,35,14,3,388,21,1,4999000,4999000.0,0.0,4999000.0,3599000.0,1400000.0
906,TRX-00388,DTL-000906,20241205,447,49,14,3,388,2,2,6999000,13998000.0,1119840.0,12878160.0,10078000.0,2800160.0
907,TRX-00388,DTL-000907,20241205,447,93,14,3,388,21,1,699000,699000.0,0.0,699000.0,503000.0,196000.0
908,TRX-00389,DTL-000908,20250402,629,42,19,2,389,21,1,3499000,3499000.0,0.0,3499000.0,2519000.0,980000.0
909,TRX-00389,DTL-000909,20250402,629,77,19,2,389,21,1,1999000,1999000.0,0.0,1999000.0,1439000.0,560000.0
910,TRX-00389,DTL-000910,20250402,629,73,19,2,389,21,1,4299000,4299000.0,0.0,4299000.0,3095000.0,1204000.0
911,TRX-00390,DTL-000911,20250218,804,64,1,2,390,21,1,7499000,7499000.0,0.0,7499000.0,5399000.0,2100000.0
912,TRX-00390,DTL-000912,20250218,804,43,1,2,390,16,1,8999000,8999000.0,449950.0,8549050.0,6479000.0,2070050.0
913,TRX-00391,DTL-000913,20240315,606,29,14,3,391,21,2,17499000,34998000.0,0.0,34998000.0,25198000.0,9800000.0
914,TRX-00392,DTL-000914,20240123,719,54,25,2,392,21,1,4499000,4499000.0,0.0,4499000.0,3239000.0,1260000.0
915,TRX-00392,DTL-000915,20240123,719,84,25,2,392,21,2,1399000,2798000.0,0.0,2798000.0,2014000.0,784000.0
916,TRX-00393,DTL-000916,20250112,370,89,11,3,393,21,1,779000,779000.0,0.0,779000.0,561000.0,218000.0
917,TRX-00393,DTL-000917,20250112,370,55,11,3,393,21,1,3299000,3299000.0,0.0,3299000.0,2375000.0,924000.0
918,TRX-00394,DTL-000918,20240317,855,83,21,2,394,21,1,7499000,7499000.0,0.0,7499000.0,5399000.0,2100000.0
919,TRX-00395,DTL-000919,20250503,461,22,2,2,395,17,1,499000,499000.0,59880.0,439120.0,359000.0,80120.0
920,TRX-00395,DTL-000920,20250503,461,62,2,2,395,15,1,5999000,5999000.0,479920.0,5519080.0,4319000.0,1200080.0
921,TRX-00395,DTL-000921,20250503,461,1,2,2,395,13,2,20499000,40998000.0,4099800.0,36898200.0,29518000.0,7380200.0
922,TRX-00396,DTL-000922,20250110,1000,21,19,2,396,21,1,2499000,2499000.0,0.0,2499000.0,1799000.0,700000.0
923,TRX-00396,DTL-000923,20250110,1000,11,19,2,396,21,2,15999000,31998000.0,0.0,31998000.0,23038000.0,8960000.0
924,TRX-00396,DTL-000924,20250110,1000,41,19,2,396,21,1,6499000,6499000.0,0.0,6499000.0,4679000.0,1820000.0
925,TRX-00396,DTL-000925,20250110,1000,82,19,2,396,4,1,7499000,7499000.0,899880.0,6599120.0,5399000.0,1200120.0
926,TRX-00397,DTL-000926,20241201,6,92,2,2,397,21,2,649000,1298000.0,0.0,1298000.0,934000.0,364000.0
927,TRX-00397,DTL-000927,20241201,6,54,2,2,397,21,1,4499000,4499000.0,0.0,4499000.0,3239000.0,1260000.0
928,TRX-00398,DTL-000928,20240315,954,68,25,1,398,21,1,3499000,3499000.0,0.0,3499000.0,2519000.0,980000.0
929,TRX-00398,DTL-000929,20240315,954,97,25,1,398,21,2,1565000,3130000.0,0.0,3130000.0,2254000.0,876000.0
930,TRX-00399,DTL-000930,20240102,908,43,4,2,399,21,1,8999000,8999000.0,0.0,8999000.0,6479000.0,2520000.0
931,TRX-00399,DTL-000931,20240102,908,87,4,2,399,14,1,1199000,1199000.0,35970.0,1163030.0,863000.0,300030.0
932,TRX-00400,DTL-000932,20250418,322,33,22,2,400,21,1,15999000,15999000.0,0.0,15999000.0,11519000.0,4480000.0
933,TRX-00401,DTL-000933,20241115,301,7,8,2,401,21,1,9999000,9999000.0,0.0,9999000.0,7199000.0,2800000.0
934,TRX-00401,DTL-000934,20241115,301,89,8,2,401,21,1,779000,779000.0,0.0,779000.0,561000.0,218000.0
935,TRX-00401,DTL-000935,20241115,301,37,8,2,401,8,1,2999000,2999000.0,149950.0,2849050.0,2159000.0,690050.0
936,TRX-00402,DTL-000936,20240331,948,28,5,2,402,2,2,20999000,41998000.0,3359840.0,38638160.0,30238000.0,8400160.0
937,TRX-00402,DTL-000937,20240331,948,20,5,2,402,4,1,3999000,3999000.0,479880.0,3519120.0,2879000.0,640120.0
938,TRX-00403,DTL-000938,20240706,219,67,24,2,403,21,1,3999000,3999000.0,0.0,3999000.0,2879000.0,1120000.0
939,TRX-00403,DTL-000939,20240706,219,4,24,2,403,21,1,16999000,16999000.0,0.0,16999000.0,12239000.0,4760000.0
940,TRX-00404,DTL-000940,20250321,199,22,19,1,404,21,3,499000,1497000.0,0.0,1497000.0,1077000.0,420000.0
941,TRX-00404,DTL-000941,20250321,199,12,19,1,404,21,2,11499000,22998000.0,0.0,22998000.0,16558000.0,6440000.0
942,TRX-00405,DTL-000942,20250126,871,19,10,3,405,1,1,14999000,14999000.0,449970.0,14549030.0,10799000.0,3750030.0
943,TRX-00405,DTL-000943,20250126,871,57,10,3,405,21,1,5999000,5999000.0,0.0,5999000.0,4319000.0,1680000.0
944,TRX-00406,DTL-000944,20241209,407,90,6,2,406,21,2,699000,1398000.0,0.0,1398000.0,1006000.0,392000.0
945,TRX-00406,DTL-000945,20241209,407,70,6,2,406,10,1,6499000,6499000.0,324950.0,6174050.0,4679000.0,1495050.0
946,TRX-00407,DTL-000946,20240414,103,58,15,3,407,21,1,4999000,4999000.0,0.0,4999000.0,3599000.0,1400000.0
947,TRX-00407,DTL-000947,20240414,103,78,15,3,407,9,1,21999000,21999000.0,659970.0,21339030.0,15839000.0,5500030.0
948,TRX-00407,DTL-000948,20240414,103,93,15,3,407,21,1,699000,699000.0,0.0,699000.0,503000.0,196000.0
949,TRX-00408,DTL-000949,20240125,942,59,8,2,408,21,1,2299000,2299000.0,0.0,2299000.0,1655000.0,644000.0
950,TRX-00408,DTL-000950,20240125,942,15,8,2,408,21,1,13599000,13599000.0,0.0,13599000.0,9791000.0,3808000.0
951,TRX-00408,DTL-000951,20240125,942,25,8,2,408,21,2,24499000,48998000.0,0.0,48998000.0,35278000.0,13720000.0
952,TRX-00409,DTL-000952,20240301,778,93,23,2,409,21,1,699000,699000.0,0.0,699000.0,503000.0,196000.0
953,TRX-00410,DTL-000953,20240922,348,23,2,1,410,21,3,499000,1497000.0,0.0,1497000.0,1077000.0,420000.0
954,TRX-00410,DTL-000954,20240922,348,14,2,1,410,21,1,9499000,9499000.0,0.0,9499000.0,6839000.0,2660000.0
955,TRX-00411,DTL-000955,20241228,375,65,21,2,411,21,1,6299000,6299000.0,0.0,6299000.0,4535000.0,1764000.0
956,TRX-00411,DTL-000956,20241228,375,6,21,2,411,19,3,12499000,37497000.0,1874850.0,35622150.0,26997000.0,8625150.0
957,TRX-00411,DTL-000957,20241228,375,51,21,2,411,21,1,6499000,6499000.0,0.0,6499000.0,4679000.0,1820000.0
958,TRX-00411,DTL-000958,20241228,375,50,21,2,411,21,1,8499000,8499000.0,0.0,8499000.0,6119000.0,2380000.0
959,TRX-00412,DTL-000959,20240807,716,74,25,1,412,21,1,5999000,5999000.0,0.0,5999000.0,4319000.0,1680000.0
960,TRX-00412,DTL-000960,20240807,716,60,25,1,412,21,2,4999000,9998000.0,0.0,9998000.0,7198000.0,2800000.0
961,TRX-00413,DTL-000961,20240627,769,16,8,2,413,21,1,14999000,14999000.0,0.0,14999000.0,10799000.0,4200000.0
962,TRX-00413,DTL-000962,20240627,769,7,8,2,413,15,1,9999000,9999000.0,799920.0,9199080.0,7199000.0,2000080.0
963,TRX-00413,DTL-000963,20240627,769,98,8,2,413,21,1,1695000,1695000.0,0.0,1695000.0,1220000.0,475000.0
964,TRX-00414,DTL-000964,20240301,450,78,16,1,414,15,1,21999000,21999000.0,1759920.0,20239080.0,15839000.0,4400080.0
965,TRX-00414,DTL-000965,20240301,450,1,16,1,414,21,1,20499000,20499000.0,0.0,20499000.0,14759000.0,5740000.0
966,TRX-00415,DTL-000966,20241022,384,90,8,3,415,21,1,699000,699000.0,0.0,699000.0,503000.0,196000.0
967,TRX-00416,DTL-000967,20240613,75,1,16,2,416,21,1,20499000,20499000.0,0.0,20499000.0,14759000.0,5740000.0
968,TRX-00416,DTL-000968,20240613,75,14,16,2,416,17,1,9499000,9499000.0,1139880.0,8359120.0,6839000.0,1520120.0
969,TRX-00416,DTL-000969,20240613,75,38,16,2,416,21,1,1599000,1599000.0,0.0,1599000.0,1151000.0,448000.0
970,TRX-00416,DTL-000970,20240613,75,13,16,2,416,21,1,6499000,6499000.0,0.0,6499000.0,4679000.0,1820000.0
971,TRX-00417,DTL-000971,20241111,16,63,24,3,417,21,1,6999000,6999000.0,0.0,6999000.0,5039000.0,1960000.0
972,TRX-00417,DTL-000972,20241111,16,66,24,3,417,21,1,5499000,5499000.0,0.0,5499000.0,3959000.0,1540000.0
973,TRX-00417,DTL-000973,20241111,16,5,24,3,417,17,1,13999000,13999000.0,1679880.0,12319120.0,10079000.0,2240120.0
974,TRX-00418,DTL-000974,20240604,455,66,8,2,418,21,1,5499000,5499000.0,0.0,5499000.0,3959000.0,1540000.0
975,TRX-00418,DTL-000975,20240604,455,82,8,2,418,21,3,7499000,22497000.0,0.0,22497000.0,16197000.0,6300000.0
976,TRX-00418,DTL-000976,20240604,455,100,8,2,418,21,1,1799000,1799000.0,0.0,1799000.0,1295000.0,504000.0
977,TRX-00419,DTL-000977,20240709,608,70,25,2,419,21,1,6499000,6499000.0,0.0,6499000.0,4679000.0,1820000.0
978,TRX-00419,DTL-000978,20240709,608,83,25,2,419,21,1,7499000,7499000.0,0.0,7499000.0,5399000.0,2100000.0
979,TRX-00420,DTL-000979,20241228,1000,60,15,2,420,14,1,4999000,4999000.0,149970.0,4849030.0,3599000.0,1250030.0
980,TRX-00420,DTL-000980,20241228,1000,16,15,2,420,21,1,14999000,14999000.0,0.0,14999000.0,10799000.0,4200000.0
981,TRX-00420,DTL-000981,20241228,1000,6,15,2,420,17,2,12499000,24998000.0,2999760.0,21998240.0,17998000.0,4000240.0
982,TRX-00420,DTL-000982,20241228,1000,8,15,2,420,5,1,10999000,10999000.0,879920.0,10119080.0,7919000.0,2200080.0
983,TRX-00421,DTL-000983,20240507,741,45,1,2,421,13,1,3999000,3999000.0,399900.0,3599100.0,2879000.0,720100.0
984,TRX-00421,DTL-000984,20240507,741,43,1,2,421,21,1,8999000,8999000.0,0.0,8999000.0,6479000.0,2520000.0
985,TRX-00422,DTL-000985,20250419,708,18,4,1,422,10,1,7999000,7999000.0,399950.0,7599050.0,5759000.0,1840050.0
986,TRX-00422,DTL-000986,20250419,708,77,4,1,422,21,2,1999000,3998000.0,0.0,3998000.0,2878000.0,1120000.0
987,TRX-00423,DTL-000987,20250119,596,77,16,2,423,21,1,1999000,1999000.0,0.0,1999000.0,1439000.0,560000.0
988,TRX-00423,DTL-000988,20250119,596,36,16,2,423,21,2,3999000,7998000.0,0.0,7998000.0,5758000.0,2240000.0
989,TRX-00423,DTL-000989,20250119,596,13,16,2,423,15,3,6499000,19497000.0,1559760.0,17937240.0,14037000.0,3900240.0
990,TRX-00424,DTL-000990,20241028,859,43,8,2,424,8,1,8999000,8999000.0,449950.0,8549050.0,6479000.0,2070050.0
991,TRX-00424,DTL-000991,20241028,859,50,8,2,424,6,1,8499000,8499000.0,254970.0,8244030.0,6119000.0,2125030.0
992,TRX-00424,DTL-000992,20241028,859,67,8,2,424,21,1,3999000,3999000.0,0.0,3999000.0,2879000.0,1120000.0
993,TRX-00425,DTL-000993,20250103,718,59,1,2,425,6,1,2299000,2299000.0,68970.0,2230030.0,1655000.0,575030.0
994,TRX-00425,DTL-000994,20250103,718,49,1,2,425,4,3,6999000,20997000.0,2519640.0,18477360.0,15117000.0,3360360.0
995,TRX-00425,DTL-000995,20250103,718,43,1,2,425,14,1,8999000,8999000.0,269970.0,8729030.0,6479000.0,2250030.0
996,TRX-00426,DTL-000996,20240415,43,49,25,3,426,1,1,6999000,6999000.0,209970.0,6789030.0,5039000.0,1750030.0
997,TRX-00426,DTL-000997,20240415,43,28,25,3,426,21,1,20999000,20999000.0,0.0,20999000.0,15119000.0,5880000.0
998,TRX-00426,DTL-000998,20240415,43,76,25,3,426,21,1,2999000,2999000.0,0.0,2999000.0,2159000.0,840000.0
999,TRX-00427,DTL-000999,20250326,925,30,19,2,427,21,1,13499000,13499000.0,0.0,13499000.0,9719000.0,3780000.0
1000,TRX-00427,DTL-001000,20250326,925,80,19,2,427,21,1,10999000,10999000.0,0.0,10999000.0,7919000.0,3080000.0
1001,TRX-00427,DTL-001001,20250326,925,70,19,2,427,21,1,6499000,6499000.0,0.0,6499000.0,4679000.0,1820000.0
1002,TRX-00428,DTL-001002,20250122,163,96,19,2,428,17,2,1599000,3198000.0,383760.0,2814240.0,2302000.0,512240.0
1003,TRX-00428,DTL-001003,20250122,163,69,19,2,428,12,2,1599000,3198000.0,319800.0,2878200.0,2302000.0,576200.0
1004,TRX-00429,DTL-001004,20240726,514,12,2,3,429,21,2,11499000,22998000.0,0.0,22998000.0,16558000.0,6440000.0
1005,TRX-00429,DTL-001005,20240726,514,7,2,3,429,21,1,9999000,9999000.0,0.0,9999000.0,7199000.0,2800000.0
1006,TRX-00430,DTL-001006,20250207,824,58,13,2,430,21,1,4999000,4999000.0,0.0,4999000.0,3599000.0,1400000.0
1007,TRX-00430,DTL-001007,20250207,824,66,13,2,430,1,2,5499000,10998000.0,329940.0,10668060.0,7918000.0,2750060.0
1008,TRX-00431,DTL-001008,20240712,353,32,1,3,431,21,1,28499000,28499000.0,0.0,28499000.0,20519000.0,7980000.0
1009,TRX-00431,DTL-001009,20240712,353,92,1,3,431,4,1,649000,649000.0,77880.0,571120.0,467000.0,104120.0
1010,TRX-00432,DTL-001010,20240530,682,16,5,2,432,4,1,14999000,14999000.0,1799880.0,13199120.0,10799000.0,2400120.0
1011,TRX-00432,DTL-001011,20240530,682,69,5,2,432,21,1,1599000,1599000.0,0.0,1599000.0,1151000.0,448000.0
1012,TRX-00432,DTL-001012,20240530,682,72,5,2,432,21,1,6999000,6999000.0,0.0,6999000.0,5039000.0,1960000.0
1013,TRX-00432,DTL-001013,20240530,682,5,5,2,432,21,1,13999000,13999000.0,0.0,13999000.0,10079000.0,3920000.0
1014,TRX-00433,DTL-001014,20250221,319,84,23,2,433,6,1,1399000,1399000.0,41970.0,1357030.0,1007000.0,350030.0
1015,TRX-00433,DTL-001015,20250221,319,73,23,2,433,21,1,4299000,4299000.0,0.0,4299000.0,3095000.0,1204000.0
1016,TRX-00433,DTL-001016,20250221,319,66,23,2,433,21,2,5499000,10998000.0,0.0,10998000.0,7918000.0,3080000.0
1017,TRX-00434,DTL-001017,20240710,1000,13,18,1,434,1,1,6499000,6499000.0,194970.0,6304030.0,4679000.0,1625030.0
1018,TRX-00434,DTL-001018,20240710,1000,89,18,1,434,2,2,779000,1558000.0,124640.0,1433360.0,1122000.0,311360.0
1019,TRX-00435,DTL-001019,20240129,885,49,15,2,435,21,1,6999000,6999000.0,0.0,6999000.0,5039000.0,1960000.0
1020,TRX-00435,DTL-001020,20240129,885,58,15,2,435,21,2,4999000,9998000.0,0.0,9998000.0,7198000.0,2800000.0
1021,TRX-00435,DTL-001021,20240129,885,75,15,2,435,21,1,4699000,4699000.0,0.0,4699000.0,3383000.0,1316000.0
1022,TRX-00435,DTL-001022,20240129,885,35,15,2,435,21,3,4999000,14997000.0,0.0,14997000.0,10797000.0,4200000.0
1023,TRX-00436,DTL-001023,20250104,484,69,9,1,436,21,1,1599000,1599000.0,0.0,1599000.0,1151000.0,448000.0
1024,TRX-00436,DTL-001024,20250104,484,32,9,1,436,21,1,28499000,28499000.0,0.0,28499000.0,20519000.0,7980000.0
1025,TRX-00437,DTL-001025,20241217,1000,86,23,2,437,21,2,1199000,2398000.0,0.0,2398000.0,1726000.0,672000.0
1026,TRX-00437,DTL-001026,20241217,1000,56,23,2,437,21,2,5799000,11598000.0,0.0,11598000.0,8350000.0,3248000.0
1027,TRX-00438,DTL-001027,20241126,407,24,10,2,438,8,2,399000,798000.0,39900.0,758100.0,574000.0,184100.0
1028,TRX-00439,DTL-001028,20240929,834,83,10,1,439,21,3,7499000,22497000.0,0.0,22497000.0,16197000.0,6300000.0
1029,TRX-00440,DTL-001029,20240429,317,37,7,1,440,21,1,2999000,2999000.0,0.0,2999000.0,2159000.0,840000.0
1030,TRX-00440,DTL-001030,20240429,317,86,7,1,440,21,1,1199000,1199000.0,0.0,1199000.0,863000.0,336000.0
1031,TRX-00440,DTL-001031,20240429,317,75,7,1,440,21,1,4699000,4699000.0,0.0,4699000.0,3383000.0,1316000.0
1032,TRX-00441,DTL-001032,20241230,82,26,12,2,441,5,2,19499000,38998000.0,3119840.0,35878160.0,28078000.0,7800160.0
1033,TRX-00441,DTL-001033,20241230,82,58,12,2,441,21,1,4999000,4999000.0,0.0,4999000.0,3599000.0,1400000.0
1034,TRX-00442,DTL-001034,20250416,667,71,22,2,442,21,1,4999000,4999000.0,0.0,4999000.0,3599000.0,1400000.0
1035,TRX-00443,DTL-001035,20250224,841,25,5,3,443,13,1,24499000,24499000.0,2449900.0,22049100.0,17639000.0,4410100.0
1036,TRX-00443,DTL-001036,20250224,841,87,5,3,443,6,1,1199000,1199000.0,35970.0,1163030.0,863000.0,300030.0
1037,TRX-00444,DTL-001037,20240217,835,70,5,1,444,11,1,6499000,6499000.0,519920.0,5979080.0,4679000.0,1300080.0
1038,TRX-00444,DTL-001038,20240217,835,65,5,1,444,21,1,6299000,6299000.0,0.0,6299000.0,4535000.0,1764000.0
1039,TRX-00444,DTL-001039,20240217,835,20,5,1,444,4,3,3999000,11997000.0,1439640.0,10557360.0,8637000.0,1920360.0
1040,TRX-00445,DTL-001040,20240709,969,44,7,2,445,21,1,4499000,4499000.0,0.0,4499000.0,3239000.0,1260000.0
1041,TRX-00445,DTL-001041,20240709,969,65,7,2,445,6,1,6299000,6299000.0,188970.0,6110030.0,4535000.0,1575030.0
1042,TRX-00446,DTL-001042,20240617,388,45,20,2,446,21,1,3999000,3999000.0,0.0,3999000.0,2879000.0,1120000.0
1043,TRX-00446,DTL-001043,20240617,388,88,20,2,446,20,2,2799000,5598000.0,279900.0,5318100.0,4030000.0,1288100.0
1044,TRX-00447,DTL-001044,20241218,631,13,12,3,447,7,1,6499000,6499000.0,649900.0,5849100.0,4679000.0,1170100.0
1045,TRX-00447,DTL-001045,20241218,631,4,12,3,447,14,1,16999000,16999000.0,509970.0,16489030.0,12239000.0,4250030.0
1046,TRX-00447,DTL-001046,20241218,631,82,12,3,447,21,1,7499000,7499000.0,0.0,7499000.0,5399000.0,2100000.0
1047,TRX-00448,DTL-001047,20250107,916,66,8,2,448,11,1,5499000,5499000.0,439920.0,5059080.0,3959000.0,1100080.0
1048,TRX-00448,DTL-001048,20250107,916,23,8,2,448,21,3,499000,1497000.0,0.0,1497000.0,1077000.0,420000.0
1049,TRX-00449,DTL-001049,20240710,983,94,4,2,449,21,2,2999000,5998000.0,0.0,5998000.0,4318000.0,1680000.0
1050,TRX-00449,DTL-001050,20240710,983,64,4,2,449,21,1,7499000,7499000.0,0.0,7499000.0,5399000.0,2100000.0
1051,TRX-00449,DTL-001051,20240710,983,52,4,2,449,20,1,2099000,2099000.0,104950.0,1994050.0,1511000.0,483050.0
1052,TRX-00450,DTL-001052,20240706,505,90,22,2,450,21,1,699000,699000.0,0.0,699000.0,503000.0,196000.0
1053,TRX-00450,DTL-001053,20240706,505,27,22,2,450,21,1,16499000,16499000.0,0.0,16499000.0,11879000.0,4620000.0
1054,TRX-00450,DTL-001054,20240706,505,82,22,2,450,21,1,7499000,7499000.0,0.0,7499000.0,5399000.0,2100000.0
1055,TRX-00450,DTL-001055,20240706,505,68,22,2,450,6,1,3499000,3499000.0,104970.0,3394030.0,2519000.0,875030.0
1056,TRX-00451,DTL-001056,20240118,300,81,9,1,451,21,1,7999000,7999000.0,0.0,7999000.0,5759000.0,2240000.0
1057,TRX-00451,DTL-001057,20240118,300,2,9,1,451,20,1,23499000,23499000.0,1174950.0,22324050.0,16919000.0,5405050.0
1058,TRX-00451,DTL-001058,20240118,300,28,9,1,451,11,2,20999000,41998000.0,3359840.0,38638160.0,30238000.0,8400160.0
1059,TRX-00451,DTL-001059,20240118,300,41,9,1,451,21,1,6499000,6499000.0,0.0,6499000.0,4679000.0,1820000.0
1060,TRX-00452,DTL-001060,20240220,651,71,24,2,452,21,1,4999000,4999000.0,0.0,4999000.0,3599000.0,1400000.0
1061,TRX-00452,DTL-001061,20240220,651,60,24,2,452,15,1,4999000,4999000.0,399920.0,4599080.0,3599000.0,1000080.0
1062,TRX-00452,DTL-001062,20240220,651,58,24,2,452,21,1,4999000,4999000.0,0.0,4999000.0,3599000.0,1400000.0
1063,TRX-00452,DTL-001063,20240220,651,29,24,2,452,21,1,17499000,17499000.0,0.0,17499000.0,12599000.0,4900000.0
1064,TRX-00453,DTL-001064,20241127,74,70,8,3,453,9,1,6499000,6499000.0,194970.0,6304030.0,4679000.0,1625030.0
1065,TRX-00453,DTL-001065,20241127,74,69,8,3,453,15,1,1599000,1599000.0,127920.0,1471080.0,1151000.0,320080.0
1066,TRX-00453,DTL-001066,20241127,74,67,8,3,453,21,1,3999000,3999000.0,0.0,3999000.0,2879000.0,1120000.0
1067,TRX-00454,DTL-001067,20241122,1000,33,6,2,454,2,3,15999000,47997000.0,3839760.0,44157240.0,34557000.0,9600240.0
1068,TRX-00454,DTL-001068,20241122,1000,14,6,2,454,21,1,9499000,9499000.0,0.0,9499000.0,6839000.0,2660000.0
1069,TRX-00455,DTL-001069,20240403,217,44,19,2,455,15,1,4499000,4499000.0,359920.0,4139080.0,3239000.0,900080.0
1070,TRX-00455,DTL-001070,20240403,217,1,19,2,455,21,2,20499000,40998000.0,0.0,40998000.0,29518000.0,11480000.0
1071,TRX-00456,DTL-001071,20240313,99,37,5,3,456,6,1,2999000,2999000.0,89970.0,2909030.0,2159000.0,750030.0
1072,TRX-00456,DTL-001072,20240313,99,45,5,3,456,21,1,3999000,3999000.0,0.0,3999000.0,2879000.0,1120000.0
1073,TRX-00456,DTL-001073,20240313,99,17,5,3,456,21,1,22999000,22999000.0,0.0,22999000.0,16559000.0,6440000.0
1074,TRX-00457,DTL-001074,20250430,503,75,16,2,457,14,3,4699000,14097000.0,422910.0,13674090.0,10149000.0,3525090.0
1075,TRX-00458,DTL-001075,20241213,548,19,20,2,458,21,1,14999000,14999000.0,0.0,14999000.0,10799000.0,4200000.0
1076,TRX-00458,DTL-001076,20241213,548,74,20,2,458,21,2,5999000,11998000.0,0.0,11998000.0,8638000.0,3360000.0
1077,TRX-00458,DTL-001077,20241213,548,64,20,2,458,21,1,7499000,7499000.0,0.0,7499000.0,5399000.0,2100000.0
1078,TRX-00459,DTL-001078,20250126,977,63,17,2,459,5,1,6999000,6999000.0,559920.0,6439080.0,5039000.0,1400080.0
1079,TRX-00459,DTL-001079,20250126,977,12,17,2,459,21,1,11499000,11499000.0,0.0,11499000.0,8279000.0,3220000.0
1080,TRX-00459,DTL-001080,20250126,977,84,17,2,459,21,1,1399000,1399000.0,0.0,1399000.0,1007000.0,392000.0
1081,TRX-00460,DTL-001081,20241017,2,67,5,3,460,17,1,3999000,3999000.0,479880.0,3519120.0,2879000.0,640120.0
1082,TRX-00460,DTL-001082,20241017,2,40,5,3,460,21,1,15999000,15999000.0,0.0,15999000.0,11519000.0,4480000.0
1083,TRX-00461,DTL-001083,20241112,395,74,12,2,461,21,1,5999000,5999000.0,0.0,5999000.0,4319000.0,1680000.0
1084,TRX-00461,DTL-001084,20241112,395,97,12,2,461,21,1,1565000,1565000.0,0.0,1565000.0,1127000.0,438000.0
1085,TRX-00461,DTL-001085,20241112,395,65,12,2,461,21,1,6299000,6299000.0,0.0,6299000.0,4535000.0,1764000.0
1086,TRX-00462,DTL-001086,20240709,1000,7,21,2,462,21,1,9999000,9999000.0,0.0,9999000.0,7199000.0,2800000.0
1087,TRX-00462,DTL-001087,20240709,1000,18,21,2,462,11,1,7999000,7999000.0,639920.0,7359080.0,5759000.0,1600080.0
1088,TRX-00462,DTL-001088,20240709,1000,15,21,2,462,21,1,13599000,13599000.0,0.0,13599000.0,9791000.0,3808000.0
1089,TRX-00463,DTL-001089,20250418,307,54,8,2,463,21,1,4499000,4499000.0,0.0,4499000.0,3239000.0,1260000.0
1090,TRX-00463,DTL-001090,20250418,307,63,8,2,463,21,2,6999000,13998000.0,0.0,13998000.0,10078000.0,3920000.0
1091,TRX-00463,DTL-001091,20250418,307,96,8,2,463,21,1,1599000,1599000.0,0.0,1599000.0,1151000.0,448000.0
1092,TRX-00463,DTL-001092,20250418,307,95,8,2,463,13,1,399000,399000.0,39900.0,359100.0,287000.0,72100.0
1093,TRX-00464,DTL-001093,20241026,264,4,3,1,464,21,1,16999000,16999000.0,0.0,16999000.0,12239000.0,4760000.0
1094,TRX-00464,DTL-001094,20241026,264,41,3,1,464,21,2,6499000,12998000.0,0.0,12998000.0,9358000.0,3640000.0
1095,TRX-00464,DTL-001095,20241026,264,52,3,1,464,8,1,2099000,2099000.0,104950.0,1994050.0,1511000.0,483050.0
1096,TRX-00465,DTL-001096,20241003,1000,4,25,2,465,13,1,16999000,16999000.0,1699900.0,15299100.0,12239000.0,3060100.0
1097,TRX-00466,DTL-001097,20241003,991,4,1,1,466,5,1,16999000,16999000.0,1359920.0,15639080.0,12239000.0,3400080.0
1098,TRX-00466,DTL-001098,20241003,991,13,1,1,466,21,1,6499000,6499000.0,0.0,6499000.0,4679000.0,1820000.0
1099,TRX-00466,DTL-001099,20241003,991,48,1,1,466,16,1,16999000,16999000.0,849950.0,16149050.0,12239000.0,3910050.0
1100,TRX-00466,DTL-001100,20241003,991,87,1,1,466,13,1,1199000,1199000.0,119900.0,1079100.0,863000.0,216100.0
1101,TRX-00467,DTL-001101,20240508,1000,80,10,2,467,21,1,10999000,10999000.0,0.0,10999000.0,7919000.0,3080000.0
1102,TRX-00467,DTL-001102,20240508,1000,54,10,2,467,21,1,4499000,4499000.0,0.0,4499000.0,3239000.0,1260000.0
1103,TRX-00468,DTL-001103,20241230,209,77,24,1,468,21,2,1999000,3998000.0,0.0,3998000.0,2878000.0,1120000.0
1104,TRX-00468,DTL-001104,20241230,209,27,24,1,468,21,1,16499000,16499000.0,0.0,16499000.0,11879000.0,4620000.0
1105,TRX-00468,DTL-001105,20241230,209,60,24,1,468,21,1,4999000,4999000.0,0.0,4999000.0,3599000.0,1400000.0
1106,TRX-00468,DTL-001106,20241230,209,72,24,1,468,21,1,6999000,6999000.0,0.0,6999000.0,5039000.0,1960000.0
1107,TRX-00469,DTL-001107,20240321,71,41,9,1,469,10,1,6499000,6499000.0,324950.0,6174050.0,4679000.0,1495050.0
1108,TRX-00469,DTL-001108,20240321,71,23,9,1,469,2,1,499000,499000.0,39920.0,459080.0,359000.0,100080.0
1109,TRX-00469,DTL-001109,20240321,71,10,9,1,469,21,1,12599000,12599000.0,0.0,12599000.0,9071000.0,3528000.0
1110,TRX-00470,DTL-001110,20240714,759,30,5,1,470,21,1,13499000,13499000.0,0.0,13499000.0,9719000.0,3780000.0
1111,TRX-00471,DTL-001111,20240825,426,66,17,2,471,20,2,5499000,10998000.0,549900.0,10448100.0,7918000.0,2530100.0
1112,TRX-00471,DTL-001112,20240825,426,23,17,2,471,21,1,499000,499000.0,0.0,499000.0,359000.0,140000.0
1113,TRX-00471,DTL-001113,20240825,426,85,17,2,471,21,1,399000,399000.0,0.0,399000.0,287000.0,112000.0
1114,TRX-00472,DTL-001114,20240401,449,86,10,2,472,10,3,1199000,3597000.0,179850.0,3417150.0,2589000.0,828150.0
1115,TRX-00472,DTL-001115,20240401,449,9,10,2,472,11,1,12999000,12999000.0,1039920.0,11959080.0,9359000.0,2600080.0
1116,TRX-00473,DTL-001116,20241014,460,41,25,2,473,6,2,6499000,12998000.0,389940.0,12608060.0,9358000.0,3250060.0
1117,TRX-00473,DTL-001117,20241014,460,71,25,2,473,21,1,4999000,4999000.0,0.0,4999000.0,3599000.0,1400000.0
1118,TRX-00473,DTL-001118,20241014,460,4,25,2,473,4,1,16999000,16999000.0,2039880.0,14959120.0,12239000.0,2720120.0
1119,TRX-00474,DTL-001119,20240808,1000,45,1,1,474,21,1,3999000,3999000.0,0.0,3999000.0,2879000.0,1120000.0
1120,TRX-00474,DTL-001120,20240808,1000,87,1,1,474,13,1,1199000,1199000.0,119900.0,1079100.0,863000.0,216100.0
1121,TRX-00475,DTL-001121,20250313,625,61,12,2,475,11,1,5599000,5599000.0,447920.0,5151080.0,4031000.0,1120080.0
1122,TRX-00475,DTL-001122,20250313,625,78,12,2,475,5,1,21999000,21999000.0,1759920.0,20239080.0,15839000.0,4400080.0
1123,TRX-00476,DTL-001123,20250514,1000,79,9,3,476,17,2,18999000,37998000.0,4559760.0,33438240.0,27358000.0,6080240.0
1124,TRX-00476,DTL-001124,20250514,1000,12,9,3,476,18,1,11499000,11499000.0,1724850.0,9774150.0,8279000.0,1495150.0
1125,TRX-00476,DTL-001125,20250514,1000,77,9,3,476,21,2,1999000,3998000.0,0.0,3998000.0,2878000.0,1120000.0
1126,TRX-00477,DTL-001126,20240616,54,94,12,3,477,21,2,2999000,5998000.0,0.0,5998000.0,4318000.0,1680000.0
1127,TRX-00478,DTL-001127,20240414,508,84,11,2,478,21,2,1399000,2798000.0,0.0,2798000.0,2014000.0,784000.0
1128,TRX-00478,DTL-001128,20240414,508,8,11,2,478,21,2,10999000,21998000.0,0.0,21998000.0,15838000.0,6160000.0
1129,TRX-00479,DTL-001129,20250327,645,28,5,2,479,19,1,20999000,20999000.0,1049950.0,19949050.0,15119000.0,4830050.0
1130,TRX-00479,DTL-001130,20250327,645,92,5,2,479,21,1,649000,649000.0,0.0,649000.0,467000.0,182000.0
1131,TRX-00480,DTL-001131,20241015,743,22,24,3,480,21,1,499000,499000.0,0.0,499000.0,359000.0,140000.0
1132,TRX-00481,DTL-001132,20240412,49,10,4,3,481,21,1,12599000,12599000.0,0.0,12599000.0,9071000.0,3528000.0
1133,TRX-00481,DTL-001133,20240412,49,90,4,3,481,21,3,699000,2097000.0,0.0,2097000.0,1509000.0,588000.0
1134,TRX-00482,DTL-001134,20240316,1000,81,16,3,482,21,2,7999000,15998000.0,0.0,15998000.0,11518000.0,4480000.0
1135,TRX-00482,DTL-001135,20240316,1000,19,16,3,482,21,1,14999000,14999000.0,0.0,14999000.0,10799000.0,4200000.0
1136,TRX-00483,DTL-001136,20240701,919,90,25,3,483,15,1,699000,699000.0,55920.0,643080.0,503000.0,140080.0
1137,TRX-00484,DTL-001137,20250410,1000,40,10,2,484,21,1,15999000,15999000.0,0.0,15999000.0,11519000.0,4480000.0
1138,TRX-00485,DTL-001138,20240715,709,53,18,3,485,14,3,5099000,15297000.0,458910.0,14838090.0,11013000.0,3825090.0
1139,TRX-00485,DTL-001139,20240715,709,86,18,3,485,21,2,1199000,2398000.0,0.0,2398000.0,1726000.0,672000.0
1140,TRX-00485,DTL-001140,20240715,709,58,18,3,485,21,1,4999000,4999000.0,0.0,4999000.0,3599000.0,1400000.0
1141,TRX-00486,DTL-001141,20250420,881,58,12,2,486,21,1,4999000,4999000.0,0.0,4999000.0,3599000.0,1400000.0
1142,TRX-00486,DTL-001142,20250420,881,59,12,2,486,21,1,2299000,2299000.0,0.0,2299000.0,1655000.0,644000.0
1143,TRX-00486,DTL-001143,20250420,881,5,12,2,486,21,1,13999000,13999000.0,0.0,13999000.0,10079000.0,3920000.0
1144,TRX-00487,DTL-001144,20240802,325,28,14,2,487,21,2,20999000,41998000.0,0.0,41998000.0,30238000.0,11760000.0
1145,TRX-00487,DTL-001145,20240802,325,23,14,2,487,11,2,499000,998000.0,79840.0,918160.0,718000.0,200160.0
1146,TRX-00488,DTL-001146,20241223,620,95,5,1,488,21,1,399000,399000.0,0.0,399000.0,287000.0,112000.0
1147,TRX-00489,DTL-001147,20250224,326,50,11,2,489,21,1,8499000,8499000.0,0.0,8499000.0,6119000.0,2380000.0
1148,TRX-00489,DTL-001148,20250224,326,18,11,2,489,21,2,7999000,15998000.0,0.0,15998000.0,11518000.0,4480000.0
1149,TRX-00490,DTL-001149,20240703,344,62,22,3,490,21,1,5999000,5999000.0,0.0,5999000.0,4319000.0,1680000.0
1150,TRX-00490,DTL-001150,20240703,344,67,22,3,490,3,1,3999000,3999000.0,319920.0,3679080.0,2879000.0,800080.0
1151,TRX-00491,DTL-001151,20240817,839,80,21,2,491,21,1,10999000,10999000.0,0.0,10999000.0,7919000.0,3080000.0
1152,TRX-00492,DTL-001152,20240425,891,75,14,2,492,21,3,4699000,14097000.0,0.0,14097000.0,10149000.0,3948000.0
1153,TRX-00492,DTL-001153,20240425,891,28,14,2,492,21,1,20999000,20999000.0,0.0,20999000.0,15119000.0,5880000.0
1154,TRX-00493,DTL-001154,20241112,857,92,22,2,493,21,1,649000,649000.0,0.0,649000.0,467000.0,182000.0
1155,TRX-00494,DTL-001155,20241117,983,21,13,2,494,3,1,2499000,2499000.0,199920.0,2299080.0,1799000.0,500080.0
1156,TRX-00494,DTL-001156,20241117,983,91,13,2,494,21,1,699000,699000.0,0.0,699000.0,503000.0,196000.0
1157,TRX-00495,DTL-001157,20250322,198,80,6,2,495,8,1,10999000,10999000.0,549950.0,10449050.0,7919000.0,2530050.0
1158,TRX-00495,DTL-001158,20250322,198,35,6,2,495,21,1,4999000,4999000.0,0.0,4999000.0,3599000.0,1400000.0
1159,TRX-00496,DTL-001159,20240424,458,11,5,1,496,21,1,15999000,15999000.0,0.0,15999000.0,11519000.0,4480000.0
1160,TRX-00496,DTL-001160,20240424,458,83,5,1,496,21,1,7499000,7499000.0,0.0,7499000.0,5399000.0,2100000.0
1161,TRX-00496,DTL-001161,20240424,458,30,5,1,496,21,1,13499000,13499000.0,0.0,13499000.0,9719000.0,3780000.0
1162,TRX-00497,DTL-001162,20240812,756,65,23,2,497,21,1,6299000,6299000.0,0.0,6299000.0,4535000.0,1764000.0
1163,TRX-00497,DTL-001163,20240812,756,92,23,2,497,21,1,649000,649000.0,0.0,649000.0,467000.0,182000.0
1164,TRX-00497,DTL-001164,20240812,756,100,23,2,497,21,1,1799000,1799000.0,0.0,1799000.0,1295000.0,504000.0
1165,TRX-00498,DTL-001165,20240702,921,27,8,2,498,21,1,16499000,16499000.0,0.0,16499000.0,11879000.0,4620000.0
1166,TRX-00498,DTL-001166,20240702,921,92,8,2,498,21,2,649000,1298000.0,0.0,1298000.0,934000.0,364000.0
1167,TRX-00498,DTL-001167,20240702,921,20,8,2,498,21,1,3999000,3999000.0,0.0,3999000.0,2879000.0,1120000.0
1168,TRX-00499,DTL-001168,20250318,447,74,8,2,499,16,3,5999000,17997000.0,899850.0,17097150.0,12957000.0,4140150.0
1169,TRX-00500,DTL-001169,20250510,518,19,11,2,500,21,2,14999000,29998000.0,0.0,29998000.0,21598000.0,8400000.0
1170,TRX-00500,DTL-001170,20250510,518,34,11,2,500,14,1,5999000,5999000.0,179970.0,5819030.0,4319000.0,1500030.0
1171,TRX-00500,DTL-001171,20250510,518,35,11,2,500,21,1,4999000,4999000.0,0.0,4999000.0,3599000.0,1400000.0
1172,TRX-00500,DTL-001172,20250510,518,11,11,2,500,21,1,15999000,15999000.0,0.0,15999000.0,11519000.0,4480000.0
1173,TRX-00501,DTL-001173,20240609,624,45,5,3,501,21,2,3999000,7998000.0,0.0,7998000.0,5758000.0,2240000.0
1174,TRX-00502,DTL-001174,20240305,961,9,25,3,502,21,1,12999000,12999000.0,0.0,12999000.0,9359000.0,3640000.0
1175,TRX-00502,DTL-001175,20240305,961,18,25,3,502,21,1,7999000,7999000.0,0.0,7999000.0,5759000.0,2240000.0
1176,TRX-00502,DTL-001176,20240305,961,35,25,3,502,21,1,4999000,4999000.0,0.0,4999000.0,3599000.0,1400000.0
1177,TRX-00503,DTL-001177,20240412,789,53,3,2,503,21,1,5099000,5099000.0,0.0,5099000.0,3671000.0,1428000.0
1178,TRX-00504,DTL-001178,20250305,253,27,18,2,504,21,1,16499000,16499000.0,0.0,16499000.0,11879000.0,4620000.0
1179,TRX-00504,DTL-001179,20250305,253,55,18,2,504,21,3,3299000,9897000.0,0.0,9897000.0,7125000.0,2772000.0
1180,TRX-00505,DTL-001180,20250212,627,100,12,3,505,21,1,1799000,1799000.0,0.0,1799000.0,1295000.0,504000.0
1181,TRX-00505,DTL-001181,20250212,627,84,12,3,505,21,1,1399000,1399000.0,0.0,1399000.0,1007000.0,392000.0
1182,TRX-00506,DTL-001182,20241006,10,38,25,2,506,21,1,1599000,1599000.0,0.0,1599000.0,1151000.0,448000.0
1183,TRX-00506,DTL-001183,20241006,10,5,25,2,506,15,1,13999000,13999000.0,1119920.0,12879080.0,10079000.0,2800080.0
1184,TRX-00506,DTL-001184,20241006,10,63,25,2,506,21,1,6999000,6999000.0,0.0,6999000.0,5039000.0,1960000.0
1185,TRX-00507,DTL-001185,20250324,23,28,18,2,507,21,1,20999000,20999000.0,0.0,20999000.0,15119000.0,5880000.0
1186,TRX-00507,DTL-001186,20250324,23,96,18,2,507,21,1,1599000,1599000.0,0.0,1599000.0,1151000.0,448000.0
1187,TRX-00508,DTL-001187,20240318,822,65,17,2,508,21,1,6299000,6299000.0,0.0,6299000.0,4535000.0,1764000.0
1188,TRX-00509,DTL-001188,20240419,547,51,1,2,509,20,2,6499000,12998000.0,649900.0,12348100.0,9358000.0,2990100.0
1189,TRX-00509,DTL-001189,20240419,547,5,1,2,509,21,1,13999000,13999000.0,0.0,13999000.0,10079000.0,3920000.0
1190,TRX-00510,DTL-001190,20240202,470,23,2,3,510,21,1,499000,499000.0,0.0,499000.0,359000.0,140000.0
1191,TRX-00510,DTL-001191,20240202,470,3,2,3,510,21,1,18499000,18499000.0,0.0,18499000.0,13319000.0,5180000.0
1192,TRX-00511,DTL-001192,20240814,587,62,18,2,511,21,1,5999000,5999000.0,0.0,5999000.0,4319000.0,1680000.0
1193,TRX-00511,DTL-001193,20240814,587,71,18,2,511,21,1,4999000,4999000.0,0.0,4999000.0,3599000.0,1400000.0
1194,TRX-00511,DTL-001194,20240814,587,13,18,2,511,21,1,6499000,6499000.0,0.0,6499000.0,4679000.0,1820000.0
1195,TRX-00511,DTL-001195,20240814,587,89,18,2,511,21,1,779000,779000.0,0.0,779000.0,561000.0,218000.0
1196,TRX-00512,DTL-001196,20240830,458,54,12,2,512,21,1,4499000,4499000.0,0.0,4499000.0,3239000.0,1260000.0
1197,TRX-00513,DTL-001197,20241230,1000,53,12,2,513,21,1,5099000,5099000.0,0.0,5099000.0,3671000.0,1428000.0
1198,TRX-00513,DTL-001198,20241230,1000,97,12,2,513,21,2,1565000,3130000.0,0.0,3130000.0,2254000.0,876000.0
1199,TRX-00514,DTL-001199,20240223,739,22,1,2,514,21,1,499000,499000.0,0.0,499000.0,359000.0,140000.0
1200,TRX-00514,DTL-001200,20240223,739,81,1,2,514,6,1,7999000,7999000.0,239970.0,7759030.0,5759000.0,2000030.0
1201,TRX-00515,DTL-001201,20241004,259,20,5,2,515,10,1,3999000,3999000.0,199950.0,3799050.0,2879000.0,920050.0
1202,TRX-00515,DTL-001202,20241004,259,89,5,2,515,21,3,779000,2337000.0,0.0,2337000.0,1683000.0,654000.0
1203,TRX-00516,DTL-001203,20240209,130,56,4,2,516,21,1,5799000,5799000.0,0.0,5799000.0,4175000.0,1624000.0
1204,TRX-00516,DTL-001204,20240209,130,50,4,2,516,21,1,8499000,8499000.0,0.0,8499000.0,6119000.0,2380000.0
1205,TRX-00516,DTL-001205,20240209,130,32,4,2,516,5,1,28499000,28499000.0,2279920.0,26219080.0,20519000.0,5700080.0
1206,TRX-00516,DTL-001206,20240209,130,30,4,2,516,7,1,13499000,13499000.0,1349900.0,12149100.0,9719000.0,2430100.0
1207,TRX-00517,DTL-001207,20240131,923,83,13,2,517,21,2,7499000,14998000.0,0.0,14998000.0,10798000.0,4200000.0
1208,TRX-00517,DTL-001208,20240131,923,84,13,2,517,21,1,1399000,1399000.0,0.0,1399000.0,1007000.0,392000.0
1209,TRX-00518,DTL-001209,20241116,993,90,5,2,518,19,1,699000,699000.0,34950.0,664050.0,503000.0,161050.0
1210,TRX-00518,DTL-001210,20241116,993,36,5,2,518,21,1,3999000,3999000.0,0.0,3999000.0,2879000.0,1120000.0
1211,TRX-00519,DTL-001211,20240310,946,23,25,1,519,21,3,499000,1497000.0,0.0,1497000.0,1077000.0,420000.0
1212,TRX-00519,DTL-001212,20240310,946,46,25,1,519,20,1,2999000,2999000.0,149950.0,2849050.0,2159000.0,690050.0
1213,TRX-00519,DTL-001213,20240310,946,24,25,1,519,11,1,399000,399000.0,31920.0,367080.0,287000.0,80080.0
1214,TRX-00520,DTL-001214,20240624,175,49,22,2,520,21,1,6999000,6999000.0,0.0,6999000.0,5039000.0,1960000.0
1215,TRX-00521,DTL-001215,20250404,54,77,17,2,521,21,1,1999000,1999000.0,0.0,1999000.0,1439000.0,560000.0
1216,TRX-00521,DTL-001216,20250404,54,92,17,2,521,21,1,649000,649000.0,0.0,649000.0,467000.0,182000.0
1217,TRX-00522,DTL-001217,20241031,762,93,24,3,522,21,2,699000,1398000.0,0.0,1398000.0,1006000.0,392000.0
1218,TRX-00522,DTL-001218,20241031,762,36,24,3,522,18,1,3999000,3999000.0,599850.0,3399150.0,2879000.0,520150.0
1219,TRX-00523,DTL-001219,20241207,32,67,8,2,523,21,1,3999000,3999000.0,0.0,3999000.0,2879000.0,1120000.0
1220,TRX-00524,DTL-001220,20240705,1000,10,16,1,524,21,1,12599000,12599000.0,0.0,12599000.0,9071000.0,3528000.0
1221,TRX-00524,DTL-001221,20240705,1000,86,16,1,524,21,1,1199000,1199000.0,0.0,1199000.0,863000.0,336000.0
1222,TRX-00525,DTL-001222,20250321,321,88,6,2,525,21,1,2799000,2799000.0,0.0,2799000.0,2015000.0,784000.0
1223,TRX-00525,DTL-001223,20250321,321,63,6,2,525,7,1,6999000,6999000.0,699900.0,6299100.0,5039000.0,1260100.0
1224,TRX-00526,DTL-001224,20240419,193,36,10,2,526,21,1,3999000,3999000.0,0.0,3999000.0,2879000.0,1120000.0
1225,TRX-00526,DTL-001225,20240419,193,44,10,2,526,21,1,4499000,4499000.0,0.0,4499000.0,3239000.0,1260000.0
1226,TRX-00526,DTL-001226,20240419,193,42,10,2,526,21,1,3499000,3499000.0,0.0,3499000.0,2519000.0,980000.0
1227,TRX-00526,DTL-001227,20240419,193,80,10,2,526,21,2,10999000,21998000.0,0.0,21998000.0,15838000.0,6160000.0
1228,TRX-00527,DTL-001228,20240920,269,42,11,2,527,1,1,3499000,3499000.0,104970.0,3394030.0,2519000.0,875030.0
1229,TRX-00527,DTL-001229,20240920,269,5,11,2,527,21,1,13999000,13999000.0,0.0,13999000.0,10079000.0,3920000.0
1230,TRX-00527,DTL-001230,20240920,269,48,11,2,527,21,1,16999000,16999000.0,0.0,16999000.0,12239000.0,4760000.0
1231,TRX-00528,DTL-001231,20241214,554,49,20,3,528,20,1,6999000,6999000.0,349950.0,6649050.0,5039000.0,1610050.0
1232,TRX-00528,DTL-001232,20241214,554,32,20,3,528,16,1,28499000,28499000.0,1424950.0,27074050.0,20519000.0,6555050.0
1233,TRX-00529,DTL-001233,20250114,898,37,12,3,529,21,1,2999000,2999000.0,0.0,2999000.0,2159000.0,840000.0
1234,TRX-00529,DTL-001234,20250114,898,100,12,3,529,21,1,1799000,1799000.0,0.0,1799000.0,1295000.0,504000.0
1235,TRX-00529,DTL-001235,20250114,898,60,12,3,529,21,1,4999000,4999000.0,0.0,4999000.0,3599000.0,1400000.0
1236,TRX-00530,DTL-001236,20250327,552,82,20,2,530,19,1,7499000,7499000.0,374950.0,7124050.0,5399000.0,1725050.0
1237,TRX-00530,DTL-001237,20250327,552,70,20,2,530,21,2,6499000,12998000.0,0.0,12998000.0,9358000.0,3640000.0
1238,TRX-00530,DTL-001238,20250327,552,5,20,2,530,10,1,13999000,13999000.0,699950.0,13299050.0,10079000.0,3220050.0
1239,TRX-00531,DTL-001239,20240411,212,51,14,1,531,21,1,6499000,6499000.0,0.0,6499000.0,4679000.0,1820000.0
1240,TRX-00531,DTL-001240,20240411,212,62,14,1,531,5,3,5999000,17997000.0,1439760.0,16557240.0,12957000.0,3600240.0
1241,TRX-00532,DTL-001241,20241215,117,95,25,2,532,21,3,399000,1197000.0,0.0,1197000.0,861000.0,336000.0
1242,TRX-00532,DTL-001242,20241215,117,14,25,2,532,10,1,9499000,9499000.0,474950.0,9024050.0,6839000.0,2185050.0
1243,TRX-00533,DTL-001243,20240619,49,75,12,3,533,21,2,4699000,9398000.0,0.0,9398000.0,6766000.0,2632000.0
1244,TRX-00533,DTL-001244,20240619,49,32,12,3,533,11,1,28499000,28499000.0,2279920.0,26219080.0,20519000.0,5700080.0
1245,TRX-00534,DTL-001245,20240122,767,62,1,3,534,12,1,5999000,5999000.0,599900.0,5399100.0,4319000.0,1080100.0
1246,TRX-00534,DTL-001246,20240122,767,63,1,3,534,21,1,6999000,6999000.0,0.0,6999000.0,5039000.0,1960000.0
1247,TRX-00534,DTL-001247,20240122,767,56,1,3,534,18,1,5799000,5799000.0,869850.0,4929150.0,4175000.0,754150.0
1248,TRX-00535,DTL-001248,20250430,323,84,12,2,535,16,1,1399000,1399000.0,69950.0,1329050.0,1007000.0,322050.0
1249,TRX-00535,DTL-001249,20250430,323,88,12,2,535,21,1,2799000,2799000.0,0.0,2799000.0,2015000.0,784000.0
1250,TRX-00536,DTL-001250,20241201,218,83,23,2,536,21,2,7499000,14998000.0,0.0,14998000.0,10798000.0,4200000.0
1251,TRX-00536,DTL-001251,20241201,218,70,23,2,536,21,2,6499000,12998000.0,0.0,12998000.0,9358000.0,3640000.0
1252,TRX-00537,DTL-001252,20240321,738,63,20,1,537,19,1,6999000,6999000.0,349950.0,6649050.0,5039000.0,1610050.0
1253,TRX-00537,DTL-001253,20240321,738,77,20,1,537,10,1,1999000,1999000.0,99950.0,1899050.0,1439000.0,460050.0
1254,TRX-00538,DTL-001254,20241025,667,65,11,2,538,21,1,6299000,6299000.0,0.0,6299000.0,4535000.0,1764000.0
1255,TRX-00538,DTL-001255,20241025,667,42,11,2,538,21,1,3499000,3499000.0,0.0,3499000.0,2519000.0,980000.0
1256,TRX-00538,DTL-001256,20241025,667,22,11,2,538,21,1,499000,499000.0,0.0,499000.0,359000.0,140000.0
1257,TRX-00539,DTL-001257,20240517,498,55,6,2,539,21,1,3299000,3299000.0,0.0,3299000.0,2375000.0,924000.0
1258,TRX-00540,DTL-001258,20240912,387,35,9,2,540,3,1,4999000,4999000.0,399920.0,4599080.0,3599000.0,1000080.0
1259,TRX-00541,DTL-001259,20240728,651,85,10,3,541,21,1,399000,399000.0,0.0,399000.0,287000.0,112000.0
1260,TRX-00541,DTL-001260,20240728,651,41,10,3,541,17,1,6499000,6499000.0,779880.0,5719120.0,4679000.0,1040120.0
1261,TRX-00542,DTL-001261,20240526,138,85,17,2,542,21,1,399000,399000.0,0.0,399000.0,287000.0,112000.0
1262,TRX-00542,DTL-001262,20240526,138,18,17,2,542,21,1,7999000,7999000.0,0.0,7999000.0,5759000.0,2240000.0
1263,TRX-00543,DTL-001263,20240215,712,98,25,2,543,21,2,1695000,3390000.0,0.0,3390000.0,2440000.0,950000.0
1264,TRX-00543,DTL-001264,20240215,712,81,25,2,543,21,1,7999000,7999000.0,0.0,7999000.0,5759000.0,2240000.0
1265,TRX-00543,DTL-001265,20240215,712,12,25,2,543,21,2,11499000,22998000.0,0.0,22998000.0,16558000.0,6440000.0
1266,TRX-00544,DTL-001266,20241225,852,12,25,3,544,15,2,11499000,22998000.0,1839840.0,21158160.0,16558000.0,4600160.0
1267,TRX-00544,DTL-001267,20241225,852,96,25,3,544,6,1,1599000,1599000.0,47970.0,1551030.0,1151000.0,400030.0
1268,TRX-00545,DTL-001268,20240502,860,73,9,1,545,6,2,4299000,8598000.0,257940.0,8340060.0,6190000.0,2150060.0
1269,TRX-00545,DTL-001269,20240502,860,11,9,1,545,21,1,15999000,15999000.0,0.0,15999000.0,11519000.0,4480000.0
1270,TRX-00545,DTL-001270,20240502,860,86,9,1,545,21,2,1199000,2398000.0,0.0,2398000.0,1726000.0,672000.0
1271,TRX-00546,DTL-001271,20240815,291,18,25,1,546,21,2,7999000,15998000.0,0.0,15998000.0,11518000.0,4480000.0
1272,TRX-00546,DTL-001272,20240815,291,100,25,1,546,21,1,1799000,1799000.0,0.0,1799000.0,1295000.0,504000.0
1273,TRX-00547,DTL-001273,20250305,406,87,5,2,547,21,3,1199000,3597000.0,0.0,3597000.0,2589000.0,1008000.0
1274,TRX-00547,DTL-001274,20250305,406,42,5,2,547,21,1,3499000,3499000.0,0.0,3499000.0,2519000.0,980000.0
1275,TRX-00548,DTL-001275,20241230,275,75,25,2,548,21,1,4699000,4699000.0,0.0,4699000.0,3383000.0,1316000.0
1276,TRX-00549,DTL-001276,20240612,246,40,18,2,549,20,1,15999000,15999000.0,799950.0,15199050.0,11519000.0,3680050.0
1277,TRX-00550,DTL-001277,20250421,572,80,16,2,550,21,2,10999000,21998000.0,0.0,21998000.0,15838000.0,6160000.0
1278,TRX-00550,DTL-001278,20250421,572,37,16,2,550,2,1,2999000,2999000.0,239920.0,2759080.0,2159000.0,600080.0
1279,TRX-00550,DTL-001279,20250421,572,54,16,2,550,21,3,4499000,13497000.0,0.0,13497000.0,9717000.0,3780000.0
1280,TRX-00551,DTL-001280,20240807,547,21,20,2,551,21,1,2499000,2499000.0,0.0,2499000.0,1799000.0,700000.0
1281,TRX-00552,DTL-001281,20250212,58,45,5,2,552,13,1,3999000,3999000.0,399900.0,3599100.0,2879000.0,720100.0
1282,TRX-00553,DTL-001282,20240201,620,94,11,2,553,18,1,2999000,2999000.0,449850.0,2549150.0,2159000.0,390150.0
1283,TRX-00554,DTL-001283,20250417,36,25,21,2,554,21,1,24499000,24499000.0,0.0,24499000.0,17639000.0,6860000.0
1284,TRX-00555,DTL-001284,20240318,191,89,4,2,555,21,1,779000,779000.0,0.0,779000.0,561000.0,218000.0
1285,TRX-00555,DTL-001285,20240318,191,8,4,2,555,21,1,10999000,10999000.0,0.0,10999000.0,7919000.0,3080000.0
1286,TRX-00555,DTL-001286,20240318,191,10,4,2,555,21,2,12599000,25198000.0,0.0,25198000.0,18142000.0,7056000.0
1287,TRX-00556,DTL-001287,20240107,417,68,2,2,556,21,1,3499000,3499000.0,0.0,3499000.0,2519000.0,980000.0
1288,TRX-00556,DTL-001288,20240107,417,97,2,2,556,11,2,1565000,3130000.0,250400.0,2879600.0,2254000.0,625600.0
1289,TRX-00556,DTL-001289,20240107,417,94,2,2,556,21,1,2999000,2999000.0,0.0,2999000.0,2159000.0,840000.0
1290,TRX-00557,DTL-001290,20241003,751,62,22,1,557,21,1,5999000,5999000.0,0.0,5999000.0,4319000.0,1680000.0
1291,TRX-00557,DTL-001291,20241003,751,89,22,1,557,21,1,779000,779000.0,0.0,779000.0,561000.0,218000.0
1292,TRX-00557,DTL-001292,20241003,751,24,22,1,557,21,2,399000,798000.0,0.0,798000.0,574000.0,224000.0
1293,TRX-00558,DTL-001293,20241227,134,63,16,3,558,21,1,6999000,6999000.0,0.0,6999000.0,5039000.0,1960000.0
1294,TRX-00558,DTL-001294,20241227,134,61,16,3,558,4,1,5599000,5599000.0,671880.0,4927120.0,4031000.0,896120.0
1295,TRX-00559,DTL-001295,20241225,1000,40,4,2,559,21,1,15999000,15999000.0,0.0,15999000.0,11519000.0,4480000.0
1296,TRX-00559,DTL-001296,20241225,1000,21,4,2,559,21,1,2499000,2499000.0,0.0,2499000.0,1799000.0,700000.0
1297,TRX-00560,DTL-001297,20241019,907,6,14,1,560,21,1,12499000,12499000.0,0.0,12499000.0,8999000.0,3500000.0
1298,TRX-00560,DTL-001298,20241019,907,26,14,1,560,21,3,19499000,58497000.0,0.0,58497000.0,42117000.0,16380000.0
1299,TRX-00561,DTL-001299,20250527,266,73,1,1,561,21,1,4299000,4299000.0,0.0,4299000.0,3095000.0,1204000.0
1300,TRX-00561,DTL-001300,20250527,266,60,1,1,561,21,3,4999000,14997000.0,0.0,14997000.0,10797000.0,4200000.0
1301,TRX-00562,DTL-001301,20240513,52,24,13,2,562,21,1,399000,399000.0,0.0,399000.0,287000.0,112000.0
1302,TRX-00562,DTL-001302,20240513,52,28,13,2,562,21,2,20999000,41998000.0,0.0,41998000.0,30238000.0,11760000.0
1303,TRX-00562,DTL-001303,20240513,52,80,13,2,562,21,1,10999000,10999000.0,0.0,10999000.0,7919000.0,3080000.0
1304,TRX-00563,DTL-001304,20241012,277,3,15,1,563,18,1,18499000,18499000.0,2774850.0,15724150.0,13319000.0,2405150.0
1305,TRX-00563,DTL-001305,20241012,277,17,15,1,563,21,3,22999000,68997000.0,0.0,68997000.0,49677000.0,19320000.0
1306,TRX-00563,DTL-001306,20241012,277,42,15,1,563,21,1,3499000,3499000.0,0.0,3499000.0,2519000.0,980000.0
1307,TRX-00563,DTL-001307,20241012,277,34,15,1,563,21,1,5999000,5999000.0,0.0,5999000.0,4319000.0,1680000.0
1308,TRX-00564,DTL-001308,20250102,780,43,7,1,564,21,1,8999000,8999000.0,0.0,8999000.0,6479000.0,2520000.0
1309,TRX-00565,DTL-001309,20240423,1000,16,17,2,565,3,3,14999000,44997000.0,3599760.0,41397240.0,32397000.0,9000240.0
1310,TRX-00565,DTL-001310,20240423,1000,75,17,2,565,18,1,4699000,4699000.0,704850.0,3994150.0,3383000.0,611150.0
1311,TRX-00565,DTL-001311,20240423,1000,32,17,2,565,21,3,28499000,85497000.0,0.0,85497000.0,61557000.0,23940000.0
1312,TRX-00566,DTL-001312,20240522,468,31,24,3,566,21,1,20999000,20999000.0,0.0,20999000.0,15119000.0,5880000.0
1313,TRX-00566,DTL-001313,20240522,468,100,24,3,566,21,1,1799000,1799000.0,0.0,1799000.0,1295000.0,504000.0
1314,TRX-00566,DTL-001314,20240522,468,10,24,3,566,21,1,12599000,12599000.0,0.0,12599000.0,9071000.0,3528000.0
1315,TRX-00567,DTL-001315,20240325,265,46,13,2,567,21,2,2999000,5998000.0,0.0,5998000.0,4318000.0,1680000.0
1316,TRX-00568,DTL-001316,20240501,976,83,15,2,568,19,2,7499000,14998000.0,749900.0,14248100.0,10798000.0,3450100.0
1317,TRX-00568,DTL-001317,20240501,976,27,15,2,568,21,1,16499000,16499000.0,0.0,16499000.0,11879000.0,4620000.0
1318,TRX-00568,DTL-001318,20240501,976,92,15,2,568,21,1,649000,649000.0,0.0,649000.0,467000.0,182000.0
1319,TRX-00568,DTL-001319,20240501,976,28,15,2,568,21,1,20999000,20999000.0,0.0,20999000.0,15119000.0,5880000.0
1320,TRX-00569,DTL-001320,20240113,781,54,8,3,569,18,1,4499000,4499000.0,674850.0,3824150.0,3239000.0,585150.0
1321,TRX-00569,DTL-001321,20240113,781,55,8,3,569,18,1,3299000,3299000.0,494850.0,2804150.0,2375000.0,429150.0
1322,TRX-00570,DTL-001322,20240531,564,99,5,2,570,17,1,3079000,3079000.0,369480.0,2709520.0,2217000.0,492520.0
1323,TRX-00570,DTL-001323,20240531,564,96,5,2,570,21,2,1599000,3198000.0,0.0,3198000.0,2302000.0,896000.0
1324,TRX-00570,DTL-001324,20240531,564,100,5,2,570,7,1,1799000,1799000.0,179900.0,1619100.0,1295000.0,324100.0
1325,TRX-00570,DTL-001325,20240531,564,31,5,2,570,21,1,20999000,20999000.0,0.0,20999000.0,15119000.0,5880000.0
1326,TRX-00571,DTL-001326,20250204,513,97,3,1,571,7,1,1565000,1565000.0,156500.0,1408500.0,1127000.0,281500.0
1327,TRX-00571,DTL-001327,20250204,513,29,3,1,571,21,2,17499000,34998000.0,0.0,34998000.0,25198000.0,9800000.0
1328,TRX-00572,DTL-001328,20240815,1000,78,10,1,572,21,1,21999000,21999000.0,0.0,21999000.0,15839000.0,6160000.0
1329,TRX-00573,DTL-001329,20240428,644,21,6,2,573,21,1,2499000,2499000.0,0.0,2499000.0,1799000.0,700000.0
1330,TRX-00573,DTL-001330,20240428,644,59,6,2,573,21,1,2299000,2299000.0,0.0,2299000.0,1655000.0,644000.0
1331,TRX-00574,DTL-001331,20250312,1000,6,5,2,574,5,1,12499000,12499000.0,999920.0,11499080.0,8999000.0,2500080.0
1332,TRX-00574,DTL-001332,20250312,1000,54,5,2,574,21,1,4499000,4499000.0,0.0,4499000.0,3239000.0,1260000.0
1333,TRX-00575,DTL-001333,20240401,271,39,18,2,575,21,1,13999000,13999000.0,0.0,13999000.0,10079000.0,3920000.0
1334,TRX-00576,DTL-001334,20240217,148,88,15,2,576,21,1,2799000,2799000.0,0.0,2799000.0,2015000.0,784000.0
1335,TRX-00576,DTL-001335,20240217,148,85,15,2,576,2,3,399000,1197000.0,95760.0,1101240.0,861000.0,240240.0
1336,TRX-00576,DTL-001336,20240217,148,69,15,2,576,15,1,1599000,1599000.0,127920.0,1471080.0,1151000.0,320080.0
1337,TRX-00576,DTL-001337,20240217,148,64,15,2,576,21,1,7499000,7499000.0,0.0,7499000.0,5399000.0,2100000.0
1338,TRX-00577,DTL-001338,20240601,985,46,14,2,577,10,1,2999000,2999000.0,149950.0,2849050.0,2159000.0,690050.0
1339,TRX-00577,DTL-001339,20240601,985,97,14,2,577,21,1,1565000,1565000.0,0.0,1565000.0,1127000.0,438000.0
1340,TRX-00578,DTL-001340,20240104,721,51,13,2,578,4,1,6499000,6499000.0,779880.0,5719120.0,4679000.0,1040120.0
1341,TRX-00578,DTL-001341,20240104,721,69,13,2,578,19,1,1599000,1599000.0,79950.0,1519050.0,1151000.0,368050.0
1342,TRX-00578,DTL-001342,20240104,721,6,13,2,578,21,2,12499000,24998000.0,0.0,24998000.0,17998000.0,7000000.0
1343,TRX-00578,DTL-001343,20240104,721,19,13,2,578,21,1,14999000,14999000.0,0.0,14999000.0,10799000.0,4200000.0
1344,TRX-00579,DTL-001344,20250423,62,14,21,2,579,21,1,9499000,9499000.0,0.0,9499000.0,6839000.0,2660000.0
1345,TRX-00579,DTL-001345,20250423,62,23,21,2,579,18,2,499000,998000.0,149700.0,848300.0,718000.0,130300.0
1346,TRX-00580,DTL-001346,20241116,55,54,10,2,580,3,1,4499000,4499000.0,359920.0,4139080.0,3239000.0,900080.0
1347,TRX-00580,DTL-001347,20241116,55,76,10,2,580,20,1,2999000,2999000.0,149950.0,2849050.0,2159000.0,690050.0
1348,TRX-00580,DTL-001348,20241116,55,74,10,2,580,11,1,5999000,5999000.0,479920.0,5519080.0,4319000.0,1200080.0
1349,TRX-00580,DTL-001349,20241116,55,51,10,2,580,5,1,6499000,6499000.0,519920.0,5979080.0,4679000.0,1300080.0
1350,TRX-00581,DTL-001350,20240331,728,36,20,3,581,4,1,3999000,3999000.0,479880.0,3519120.0,2879000.0,640120.0
1351,TRX-00581,DTL-001351,20240331,728,61,20,3,581,13,1,5599000,5599000.0,559900.0,5039100.0,4031000.0,1008100.0
1352,TRX-00582,DTL-001352,20250527,67,89,17,3,582,21,2,779000,1558000.0,0.0,1558000.0,1122000.0,436000.0
1353,TRX-00582,DTL-001353,20250527,67,57,17,3,582,21,3,5999000,17997000.0,0.0,17997000.0,12957000.0,5040000.0
1354,TRX-00583,DTL-001354,20240214,900,92,12,3,583,5,1,649000,649000.0,51920.0,597080.0,467000.0,130080.0
1355,TRX-00583,DTL-001355,20240214,900,57,12,3,583,12,1,5999000,5999000.0,599900.0,5399100.0,4319000.0,1080100.0
1356,TRX-00584,DTL-001356,20240902,748,27,21,2,584,6,1,16499000,16499000.0,494970.0,16004030.0,11879000.0,4125030.0
1357,TRX-00584,DTL-001357,20240902,748,46,21,2,584,21,1,2999000,2999000.0,0.0,2999000.0,2159000.0,840000.0
1358,TRX-00585,DTL-001358,20241009,942,11,16,2,585,21,1,15999000,15999000.0,0.0,15999000.0,11519000.0,4480000.0
1359,TRX-00585,DTL-001359,20241009,942,85,16,2,585,21,1,399000,399000.0,0.0,399000.0,287000.0,112000.0
1360,TRX-00586,DTL-001360,20250201,364,99,22,1,586,21,3,3079000,9237000.0,0.0,9237000.0,6651000.0,2586000.0
1361,TRX-00586,DTL-001361,20250201,364,98,22,1,586,21,1,1695000,1695000.0,0.0,1695000.0,1220000.0,475000.0
1362,TRX-00586,DTL-001362,20250201,364,38,22,1,586,21,1,1599000,1599000.0,0.0,1599000.0,1151000.0,448000.0
1363,TRX-00587,DTL-001363,20240503,349,86,8,1,587,5,1,1199000,1199000.0,95920.0,1103080.0,863000.0,240080.0
1364,TRX-00587,DTL-001364,20240503,349,74,8,1,587,21,1,5999000,5999000.0,0.0,5999000.0,4319000.0,1680000.0
1365,TRX-00588,DTL-001365,20250424,1000,51,8,2,588,16,1,6499000,6499000.0,324950.0,6174050.0,4679000.0,1495050.0
1366,TRX-00589,DTL-001366,20240726,603,31,21,2,589,21,1,20999000,20999000.0,0.0,20999000.0,15119000.0,5880000.0
1367,TRX-00589,DTL-001367,20240726,603,88,21,2,589,21,1,2799000,2799000.0,0.0,2799000.0,2015000.0,784000.0
1368,TRX-00590,DTL-001368,20240108,16,73,22,1,590,21,1,4299000,4299000.0,0.0,4299000.0,3095000.0,1204000.0
1369,TRX-00590,DTL-001369,20240108,16,49,22,1,590,21,2,6999000,13998000.0,0.0,13998000.0,10078000.0,3920000.0
1370,TRX-00590,DTL-001370,20240108,16,59,22,1,590,21,1,2299000,2299000.0,0.0,2299000.0,1655000.0,644000.0
1371,TRX-00591,DTL-001371,20250208,125,29,13,2,591,21,1,17499000,17499000.0,0.0,17499000.0,12599000.0,4900000.0
1372,TRX-00592,DTL-001372,20250428,699,36,22,2,592,11,1,3999000,3999000.0,319920.0,3679080.0,2879000.0,800080.0
1373,TRX-00593,DTL-001373,20240226,917,73,10,2,593,6,1,4299000,4299000.0,128970.0,4170030.0,3095000.0,1075030.0
1374,TRX-00593,DTL-001374,20240226,917,87,10,2,593,21,1,1199000,1199000.0,0.0,1199000.0,863000.0,336000.0
1375,TRX-00594,DTL-001375,20240609,767,6,23,1,594,21,2,12499000,24998000.0,0.0,24998000.0,17998000.0,7000000.0
1376,TRX-00595,DTL-001376,20240125,757,76,14,2,595,7,2,2999000,5998000.0,599800.0,5398200.0,4318000.0,1080200.0
1377,TRX-00595,DTL-001377,20240125,757,74,14,2,595,2,1,5999000,5999000.0,479920.0,5519080.0,4319000.0,1200080.0
1378,TRX-00595,DTL-001378,20240125,757,77,14,2,595,21,1,1999000,1999000.0,0.0,1999000.0,1439000.0,560000.0
1379,TRX-00596,DTL-001379,20250217,684,57,20,3,596,21,1,5999000,5999000.0,0.0,5999000.0,4319000.0,1680000.0
1380,TRX-00596,DTL-001380,20250217,684,60,20,3,596,21,1,4999000,4999000.0,0.0,4999000.0,3599000.0,1400000.0
1381,TRX-00596,DTL-001381,20250217,684,66,20,3,596,15,2,5499000,10998000.0,879840.0,10118160.0,7918000.0,2200160.0
1382,TRX-00596,DTL-001382,20250217,684,46,20,3,596,21,1,2999000,2999000.0,0.0,2999000.0,2159000.0,840000.0
1383,TRX-00597,DTL-001383,20240505,346,12,11,3,597,2,2,11499000,22998000.0,1839840.0,21158160.0,16558000.0,4600160.0
1384,TRX-00597,DTL-001384,20240505,346,21,11,3,597,21,2,2499000,4998000.0,0.0,4998000.0,3598000.0,1400000.0
1385,TRX-00597,DTL-001385,20240505,346,87,11,3,597,7,1,1199000,1199000.0,119900.0,1079100.0,863000.0,216100.0
1386,TRX-00598,DTL-001386,20241215,875,91,21,2,598,12,1,699000,699000.0,69900.0,629100.0,503000.0,126100.0
1387,TRX-00598,DTL-001387,20241215,875,85,21,2,598,9,1,399000,399000.0,11970.0,387030.0,287000.0,100030.0
1388,TRX-00598,DTL-001388,20241215,875,55,21,2,598,21,1,3299000,3299000.0,0.0,3299000.0,2375000.0,924000.0
1389,TRX-00599,DTL-001389,20250424,453,65,4,3,599,21,1,6299000,6299000.0,0.0,6299000.0,4535000.0,1764000.0
1390,TRX-00600,DTL-001390,20250507,493,79,22,3,600,7,1,18999000,18999000.0,1899900.0,17099100.0,13679000.0,3420100.0
1391,TRX-00600,DTL-001391,20250507,493,68,22,3,600,21,1,3499000,3499000.0,0.0,3499000.0,2519000.0,980000.0
1392,TRX-00600,DTL-001392,20250507,493,100,22,3,600,2,2,1799000,3598000.0,287840.0,3310160.0,2590000.0,720160.0
1393,TRX-00601,DTL-001393,20240704,177,26,11,3,601,21,1,19499000,19499000.0,0.0,19499000.0,14039000.0,5460000.0
1394,TRX-00601,DTL-001394,20240704,177,52,11,3,601,21,3,2099000,6297000.0,0.0,6297000.0,4533000.0,1764000.0
1395,TRX-00602,DTL-001395,20250404,11,13,15,1,602,2,1,6499000,6499000.0,519920.0,5979080.0,4679000.0,1300080.0
1396,TRX-00602,DTL-001396,20250404,11,94,15,1,602,21,2,2999000,5998000.0,0.0,5998000.0,4318000.0,1680000.0
1397,TRX-00602,DTL-001397,20250404,11,64,15,1,602,17,2,7499000,14998000.0,1799760.0,13198240.0,10798000.0,2400240.0
1398,TRX-00603,DTL-001398,20250101,542,39,14,3,603,21,1,13999000,13999000.0,0.0,13999000.0,10079000.0,3920000.0
1399,TRX-00603,DTL-001399,20250101,542,99,14,3,603,21,2,3079000,6158000.0,0.0,6158000.0,4434000.0,1724000.0
1400,TRX-00603,DTL-001400,20250101,542,59,14,3,603,21,2,2299000,4598000.0,0.0,4598000.0,3310000.0,1288000.0
1401,TRX-00604,DTL-001401,20250114,356,85,1,3,604,21,2,399000,798000.0,0.0,798000.0,574000.0,224000.0
1402,TRX-00604,DTL-001402,20250114,356,14,1,3,604,21,1,9499000,9499000.0,0.0,9499000.0,6839000.0,2660000.0
1403,TRX-00604,DTL-001403,20250114,356,22,1,3,604,21,1,499000,499000.0,0.0,499000.0,359000.0,140000.0
1404,TRX-00605,DTL-001404,20240110,756,24,11,1,605,21,1,399000,399000.0,0.0,399000.0,287000.0,112000.0
1405,TRX-00605,DTL-001405,20240110,756,21,11,1,605,21,2,2499000,4998000.0,0.0,4998000.0,3598000.0,1400000.0
1406,TRX-00606,DTL-001406,20240129,266,34,5,1,606,21,1,5999000,5999000.0,0.0,5999000.0,4319000.0,1680000.0
1407,TRX-00606,DTL-001407,20240129,266,83,5,1,606,21,2,7499000,14998000.0,0.0,14998000.0,10798000.0,4200000.0
1408,TRX-00606,DTL-001408,20240129,266,71,5,1,606,5,1,4999000,4999000.0,399920.0,4599080.0,3599000.0,1000080.0
1409,TRX-00607,DTL-001409,20240317,909,46,16,2,607,9,1,2999000,2999000.0,89970.0,2909030.0,2159000.0,750030.0
1410,TRX-00607,DTL-001410,20240317,909,82,16,2,607,21,1,7499000,7499000.0,0.0,7499000.0,5399000.0,2100000.0
1411,TRX-00607,DTL-001411,20240317,909,72,16,2,607,17,1,6999000,6999000.0,839880.0,6159120.0,5039000.0,1120120.0
1412,TRX-00608,DTL-001412,20240416,1000,35,19,2,608,21,1,4999000,4999000.0,0.0,4999000.0,3599000.0,1400000.0
1413,TRX-00609,DTL-001413,20240929,508,82,3,2,609,21,2,7499000,14998000.0,0.0,14998000.0,10798000.0,4200000.0
1414,TRX-00609,DTL-001414,20240929,508,92,3,2,609,21,2,649000,1298000.0,0.0,1298000.0,934000.0,364000.0
1415,TRX-00610,DTL-001415,20240717,910,60,11,2,610,13,1,4999000,4999000.0,499900.0,4499100.0,3599000.0,900100.0
1416,TRX-00610,DTL-001416,20240717,910,48,11,2,610,8,2,16999000,33998000.0,1699900.0,32298100.0,24478000.0,7820100.0
1417,TRX-00610,DTL-001417,20240717,910,10,11,2,610,3,1,12599000,12599000.0,1007920.0,11591080.0,9071000.0,2520080.0
1418,TRX-00610,DTL-001418,20240717,910,12,11,2,610,21,2,11499000,22998000.0,0.0,22998000.0,16558000.0,6440000.0
1419,TRX-00611,DTL-001419,20240106,34,76,24,1,611,11,1,2999000,2999000.0,239920.0,2759080.0,2159000.0,600080.0
1420,TRX-00611,DTL-001420,20240106,34,94,24,1,611,21,1,2999000,2999000.0,0.0,2999000.0,2159000.0,840000.0
1421,TRX-00612,DTL-001421,20240818,777,14,16,2,612,21,1,9499000,9499000.0,0.0,9499000.0,6839000.0,2660000.0
1422,TRX-00612,DTL-001422,20240818,777,60,16,2,612,20,2,4999000,9998000.0,499900.0,9498100.0,7198000.0,2300100.0
1423,TRX-00613,DTL-001423,20240301,430,70,15,3,613,21,2,6499000,12998000.0,0.0,12998000.0,9358000.0,3640000.0
1424,TRX-00613,DTL-001424,20240301,430,46,15,3,613,21,1,2999000,2999000.0,0.0,2999000.0,2159000.0,840000.0
1425,TRX-00614,DTL-001425,20250117,518,33,18,2,614,21,1,15999000,15999000.0,0.0,15999000.0,11519000.0,4480000.0
1426,TRX-00614,DTL-001426,20250117,518,34,18,2,614,21,1,5999000,5999000.0,0.0,5999000.0,4319000.0,1680000.0
1427,TRX-00615,DTL-001427,20240415,610,4,2,2,615,21,2,16999000,33998000.0,0.0,33998000.0,24478000.0,9520000.0
1428,TRX-00616,DTL-001428,20241013,36,35,19,2,616,6,1,4999000,4999000.0,149970.0,4849030.0,3599000.0,1250030.0
1429,TRX-00617,DTL-001429,20240211,668,14,11,2,617,21,1,9499000,9499000.0,0.0,9499000.0,6839000.0,2660000.0
1430,TRX-00617,DTL-001430,20240211,668,38,11,2,617,10,1,1599000,1599000.0,79950.0,1519050.0,1151000.0,368050.0
1431,TRX-00617,DTL-001431,20240211,668,89,11,2,617,21,2,779000,1558000.0,0.0,1558000.0,1122000.0,436000.0
1432,TRX-00617,DTL-001432,20240211,668,48,11,2,617,21,1,16999000,16999000.0,0.0,16999000.0,12239000.0,4760000.0
1433,TRX-00618,DTL-001433,20240801,252,4,7,2,618,13,1,16999000,16999000.0,1699900.0,15299100.0,12239000.0,3060100.0
1434,TRX-00618,DTL-001434,20240801,252,51,7,2,618,21,1,6499000,6499000.0,0.0,6499000.0,4679000.0,1820000.0
1435,TRX-00619,DTL-001435,20240824,808,8,9,1,619,21,1,10999000,10999000.0,0.0,10999000.0,7919000.0,3080000.0
1436,TRX-00619,DTL-001436,20240824,808,63,9,1,619,19,1,6999000,6999000.0,349950.0,6649050.0,5039000.0,1610050.0
1437,TRX-00619,DTL-001437,20240824,808,43,9,1,619,21,1,8999000,8999000.0,0.0,8999000.0,6479000.0,2520000.0
1438,TRX-00620,DTL-001438,20240905,493,50,15,2,620,21,1,8499000,8499000.0,0.0,8499000.0,6119000.0,2380000.0
1439,TRX-00620,DTL-001439,20240905,493,43,15,2,620,21,1,8999000,8999000.0,0.0,8999000.0,6479000.0,2520000.0
1440,TRX-00621,DTL-001440,20250403,101,6,19,2,621,15,1,12499000,12499000.0,999920.0,11499080.0,8999000.0,2500080.0
1441,TRX-00622,DTL-001441,20241007,874,68,17,1,622,4,1,3499000,3499000.0,419880.0,3079120.0,2519000.0,560120.0
1442,TRX-00622,DTL-001442,20241007,874,86,17,1,622,21,1,1199000,1199000.0,0.0,1199000.0,863000.0,336000.0
1443,TRX-00622,DTL-001443,20241007,874,25,17,1,622,21,1,24499000,24499000.0,0.0,24499000.0,17639000.0,6860000.0
1444,TRX-00623,DTL-001444,20241002,63,56,7,2,623,10,1,5799000,5799000.0,289950.0,5509050.0,4175000.0,1334050.0
1445,TRX-00623,DTL-001445,20241002,63,39,7,2,623,8,1,13999000,13999000.0,699950.0,13299050.0,10079000.0,3220050.0
1446,TRX-00623,DTL-001446,20241002,63,15,7,2,623,21,1,13599000,13599000.0,0.0,13599000.0,9791000.0,3808000.0
1447,TRX-00624,DTL-001447,20240220,940,84,19,2,624,21,1,1399000,1399000.0,0.0,1399000.0,1007000.0,392000.0
1448,TRX-00624,DTL-001448,20240220,940,99,19,2,624,21,1,3079000,3079000.0,0.0,3079000.0,2217000.0,862000.0
1449,TRX-00624,DTL-001449,20240220,940,64,19,2,624,2,2,7499000,14998000.0,1199840.0,13798160.0,10798000.0,3000160.0
1450,TRX-00625,DTL-001450,20241125,113,84,19,3,625,17,3,1399000,4197000.0,503640.0,3693360.0,3021000.0,672360.0
1451,TRX-00626,DTL-001451,20240722,175,70,19,3,626,19,1,6499000,6499000.0,324950.0,6174050.0,4679000.0,1495050.0
1452,TRX-00626,DTL-001452,20240722,175,46,19,3,626,14,2,2999000,5998000.0,179940.0,5818060.0,4318000.0,1500060.0
1453,TRX-00627,DTL-001453,20241207,368,23,24,2,627,10,1,499000,499000.0,24950.0,474050.0,359000.0,115050.0
1454,TRX-00627,DTL-001454,20241207,368,41,24,2,627,21,1,6499000,6499000.0,0.0,6499000.0,4679000.0,1820000.0
1455,TRX-00628,DTL-001455,20240929,599,81,25,2,628,21,1,7999000,7999000.0,0.0,7999000.0,5759000.0,2240000.0
1456,TRX-00628,DTL-001456,20240929,599,77,25,2,628,21,2,1999000,3998000.0,0.0,3998000.0,2878000.0,1120000.0
1457,TRX-00629,DTL-001457,20240625,774,82,4,2,629,21,2,7499000,14998000.0,0.0,14998000.0,10798000.0,4200000.0
1458,TRX-00630,DTL-001458,20250225,902,52,6,2,630,8,1,2099000,2099000.0,104950.0,1994050.0,1511000.0,483050.0
1459,TRX-00631,DTL-001459,20240114,404,72,6,2,631,10,1,6999000,6999000.0,349950.0,6649050.0,5039000.0,1610050.0
1460,TRX-00632,DTL-001460,20240717,292,83,21,2,632,2,1,7499000,7499000.0,599920.0,6899080.0,5399000.0,1500080.0
1461,TRX-00633,DTL-001461,20240630,475,87,3,2,633,1,1,1199000,1199000.0,35970.0,1163030.0,863000.0,300030.0
1462,TRX-00633,DTL-001462,20240630,475,38,3,2,633,16,1,1599000,1599000.0,79950.0,1519050.0,1151000.0,368050.0
1463,TRX-00633,DTL-001463,20240630,475,39,3,2,633,21,1,13999000,13999000.0,0.0,13999000.0,10079000.0,3920000.0
1464,TRX-00633,DTL-001464,20240630,475,44,3,2,633,21,1,4499000,4499000.0,0.0,4499000.0,3239000.0,1260000.0
1465,TRX-00634,DTL-001465,20240226,401,43,10,3,634,21,1,8999000,8999000.0,0.0,8999000.0,6479000.0,2520000.0
1466,TRX-00634,DTL-001466,20240226,401,47,10,3,634,14,1,12499000,12499000.0,374970.0,12124030.0,8999000.0,3125030.0
1467,TRX-00635,DTL-001467,20250311,690,6,4,2,635,21,1,12499000,12499000.0,0.0,12499000.0,8999000.0,3500000.0
1468,TRX-00635,DTL-001468,20250311,690,70,4,2,635,21,1,6499000,6499000.0,0.0,6499000.0,4679000.0,1820000.0
1469,TRX-00635,DTL-001469,20250311,690,29,4,2,635,2,1,17499000,17499000.0,1399920.0,16099080.0,12599000.0,3500080.0
1470,TRX-00635,DTL-001470,20250311,690,72,4,2,635,6,3,6999000,20997000.0,629910.0,20367090.0,15117000.0,5250090.0
1471,TRX-00636,DTL-001471,20241021,471,91,6,1,636,21,2,699000,1398000.0,0.0,1398000.0,1006000.0,392000.0
1472,TRX-00636,DTL-001472,20241021,471,19,6,1,636,21,1,14999000,14999000.0,0.0,14999000.0,10799000.0,4200000.0
1473,TRX-00637,DTL-001473,20241026,839,87,9,3,637,10,1,1199000,1199000.0,59950.0,1139050.0,863000.0,276050.0
1474,TRX-00637,DTL-001474,20241026,839,26,9,3,637,21,1,19499000,19499000.0,0.0,19499000.0,14039000.0,5460000.0
1475,TRX-00637,DTL-001475,20241026,839,18,9,3,637,15,1,7999000,7999000.0,639920.0,7359080.0,5759000.0,1600080.0
1476,TRX-00637,DTL-001476,20241026,839,84,9,3,637,21,1,1399000,1399000.0,0.0,1399000.0,1007000.0,392000.0
1477,TRX-00638,DTL-001477,20241020,274,95,25,1,638,11,1,399000,399000.0,31920.0,367080.0,287000.0,80080.0
1478,TRX-00638,DTL-001478,20241020,274,72,25,1,638,6,1,6999000,6999000.0,209970.0,6789030.0,5039000.0,1750030.0
1479,TRX-00639,DTL-001479,20240112,792,32,18,2,639,17,2,28499000,56998000.0,6839760.0,50158240.0,41038000.0,9120240.0
1480,TRX-00639,DTL-001480,20240112,792,7,18,2,639,14,1,9999000,9999000.0,299970.0,9699030.0,7199000.0,2500030.0
1481,TRX-00639,DTL-001481,20240112,792,50,18,2,639,21,1,8499000,8499000.0,0.0,8499000.0,6119000.0,2380000.0
1482,TRX-00640,DTL-001482,20240104,896,55,11,1,640,21,1,3299000,3299000.0,0.0,3299000.0,2375000.0,924000.0
1483,TRX-00640,DTL-001483,20240104,896,34,11,1,640,21,1,5999000,5999000.0,0.0,5999000.0,4319000.0,1680000.0
1484,TRX-00640,DTL-001484,20240104,896,32,11,1,640,18,1,28499000,28499000.0,4274850.0,24224150.0,20519000.0,3705150.0
1485,TRX-00641,DTL-001485,20240813,1000,66,22,2,641,21,2,5499000,10998000.0,0.0,10998000.0,7918000.0,3080000.0
1486,TRX-00642,DTL-001486,20240925,406,95,24,2,642,21,1,399000,399000.0,0.0,399000.0,287000.0,112000.0
1487,TRX-00643,DTL-001487,20250423,774,20,8,1,643,21,2,3999000,7998000.0,0.0,7998000.0,5758000.0,2240000.0
1488,TRX-00643,DTL-001488,20250423,774,63,8,1,643,21,1,6999000,6999000.0,0.0,6999000.0,5039000.0,1960000.0
1489,TRX-00644,DTL-001489,20240204,947,7,23,3,644,21,1,9999000,9999000.0,0.0,9999000.0,7199000.0,2800000.0
1490,TRX-00645,DTL-001490,20250129,373,61,14,3,645,21,1,5599000,5599000.0,0.0,5599000.0,4031000.0,1568000.0
1491,TRX-00645,DTL-001491,20250129,373,84,14,3,645,8,1,1399000,1399000.0,69950.0,1329050.0,1007000.0,322050.0
1492,TRX-00645,DTL-001492,20250129,373,45,14,3,645,21,2,3999000,7998000.0,0.0,7998000.0,5758000.0,2240000.0
1493,TRX-00646,DTL-001493,20240804,718,89,4,3,646,13,1,779000,779000.0,77900.0,701100.0,561000.0,140100.0
1494,TRX-00646,DTL-001494,20240804,718,85,4,3,646,21,2,399000,798000.0,0.0,798000.0,574000.0,224000.0
1495,TRX-00647,DTL-001495,20250407,337,86,7,2,647,21,1,1199000,1199000.0,0.0,1199000.0,863000.0,336000.0
1496,TRX-00647,DTL-001496,20250407,337,40,7,2,647,21,1,15999000,15999000.0,0.0,15999000.0,11519000.0,4480000.0
1497,TRX-00647,DTL-001497,20250407,337,33,7,2,647,5,1,15999000,15999000.0,1279920.0,14719080.0,11519000.0,3200080.0
1498,TRX-00648,DTL-001498,20250213,818,68,21,3,648,21,2,3499000,6998000.0,0.0,6998000.0,5038000.0,1960000.0
1499,TRX-00648,DTL-001499,20250213,818,43,21,3,648,3,1,8999000,8999000.0,719920.0,8279080.0,6479000.0,1800080.0
1500,TRX-00649,DTL-001500,20240320,741,55,15,2,649,2,1,3299000,3299000.0,263920.0,3035080.0,2375000.0,660080.0
1501,TRX-00649,DTL-001501,20240320,741,91,15,2,649,21,1,699000,699000.0,0.0,699000.0,503000.0,196000.0
1502,TRX-00650,DTL-001502,20240323,953,29,6,2,650,6,1,17499000,17499000.0,524970.0,16974030.0,12599000.0,4375030.0
1503,TRX-00651,DTL-001503,20240107,316,35,20,2,651,18,1,4999000,4999000.0,749850.0,4249150.0,3599000.0,650150.0
1504,TRX-00652,DTL-001504,20240330,335,94,10,1,652,9,1,2999000,2999000.0,89970.0,2909030.0,2159000.0,750030.0
1505,TRX-00652,DTL-001505,20240330,335,95,10,1,652,21,1,399000,399000.0,0.0,399000.0,287000.0,112000.0
1506,TRX-00652,DTL-001506,20240330,335,80,10,1,652,21,3,10999000,32997000.0,0.0,32997000.0,23757000.0,9240000.0
1507,TRX-00653,DTL-001507,20250325,622,15,17,2,653,21,1,13599000,13599000.0,0.0,13599000.0,9791000.0,3808000.0
1508,TRX-00653,DTL-001508,20250325,622,97,17,2,653,7,1,1565000,1565000.0,156500.0,1408500.0,1127000.0,281500.0
1509,TRX-00653,DTL-001509,20250325,622,77,17,2,653,21,2,1999000,3998000.0,0.0,3998000.0,2878000.0,1120000.0
1510,TRX-00653,DTL-001510,20250325,622,19,17,2,653,21,2,14999000,29998000.0,0.0,29998000.0,21598000.0,8400000.0
1511,TRX-00654,DTL-001511,20250427,396,48,21,2,654,21,1,16999000,16999000.0,0.0,16999000.0,12239000.0,4760000.0
1512,TRX-00654,DTL-001512,20250427,396,56,21,2,654,21,1,5799000,5799000.0,0.0,5799000.0,4175000.0,1624000.0
1513,TRX-00654,DTL-001513,20250427,396,9,21,2,654,21,1,12999000,12999000.0,0.0,12999000.0,9359000.0,3640000.0
1514,TRX-00654,DTL-001514,20250427,396,38,21,2,654,12,2,1599000,3198000.0,319800.0,2878200.0,2302000.0,576200.0
1515,TRX-00655,DTL-001515,20240525,2,13,7,1,655,21,1,6499000,6499000.0,0.0,6499000.0,4679000.0,1820000.0
1516,TRX-00655,DTL-001516,20240525,2,8,7,1,655,21,2,10999000,21998000.0,0.0,21998000.0,15838000.0,6160000.0
1517,TRX-00655,DTL-001517,20240525,2,47,7,1,655,14,1,12499000,12499000.0,374970.0,12124030.0,8999000.0,3125030.0
1518,TRX-00655,DTL-001518,20240525,2,19,7,1,655,16,2,14999000,29998000.0,1499900.0,28498100.0,21598000.0,6900100.0
1519,TRX-00656,DTL-001519,20250215,969,59,14,2,656,21,1,2299000,2299000.0,0.0,2299000.0,1655000.0,644000.0
1520,TRX-00657,DTL-001520,20240120,676,52,19,3,657,21,1,2099000,2099000.0,0.0,2099000.0,1511000.0,588000.0
1521,TRX-00657,DTL-001521,20240120,676,45,19,3,657,2,1,3999000,3999000.0,319920.0,3679080.0,2879000.0,800080.0
1522,TRX-00657,DTL-001522,20240120,676,76,19,3,657,18,1,2999000,2999000.0,449850.0,2549150.0,2159000.0,390150.0
1523,TRX-00657,DTL-001523,20240120,676,38,19,3,657,21,1,1599000,1599000.0,0.0,1599000.0,1151000.0,448000.0
1524,TRX-00658,DTL-001524,20250428,571,24,2,2,658,1,1,399000,399000.0,11970.0,387030.0,287000.0,100030.0
1525,TRX-00659,DTL-001525,20240927,823,14,20,2,659,16,1,9499000,9499000.0,474950.0,9024050.0,6839000.0,2185050.0
1526,TRX-00659,DTL-001526,20240927,823,25,20,2,659,21,1,24499000,24499000.0,0.0,24499000.0,17639000.0,6860000.0
1527,TRX-00659,DTL-001527,20240927,823,87,20,2,659,21,2,1199000,2398000.0,0.0,2398000.0,1726000.0,672000.0
1528,TRX-00660,DTL-001528,20250117,600,73,3,2,660,17,1,4299000,4299000.0,515880.0,3783120.0,3095000.0,688120.0
1529,TRX-00660,DTL-001529,20250117,600,82,3,2,660,21,2,7499000,14998000.0,0.0,14998000.0,10798000.0,4200000.0
1530,TRX-00660,DTL-001530,20250117,600,74,3,2,660,21,1,5999000,5999000.0,0.0,5999000.0,4319000.0,1680000.0
1531,TRX-00660,DTL-001531,20250117,600,43,3,2,660,12,1,8999000,8999000.0,899900.0,8099100.0,6479000.0,1620100.0
1532,TRX-00661,DTL-001532,20241027,865,48,25,1,661,21,1,16999000,16999000.0,0.0,16999000.0,12239000.0,4760000.0
1533,TRX-00661,DTL-001533,20241027,865,23,25,1,661,21,1,499000,499000.0,0.0,499000.0,359000.0,140000.0
1534,TRX-00661,DTL-001534,20241027,865,74,25,1,661,17,1,5999000,5999000.0,719880.0,5279120.0,4319000.0,960120.0
1535,TRX-00661,DTL-001535,20241027,865,67,25,1,661,21,2,3999000,7998000.0,0.0,7998000.0,5758000.0,2240000.0
1536,TRX-00662,DTL-001536,20250213,921,64,17,1,662,21,1,7499000,7499000.0,0.0,7499000.0,5399000.0,2100000.0
1537,TRX-00662,DTL-001537,20250213,921,15,17,1,662,21,1,13599000,13599000.0,0.0,13599000.0,9791000.0,3808000.0
1538,TRX-00663,DTL-001538,20240721,391,1,13,2,663,21,3,20499000,61497000.0,0.0,61497000.0,44277000.0,17220000.0
1539,TRX-00663,DTL-001539,20240721,391,39,13,2,663,18,1,13999000,13999000.0,2099850.0,11899150.0,10079000.0,1820150.0
1540,TRX-00663,DTL-001540,20240721,391,4,13,2,663,21,1,16999000,16999000.0,0.0,16999000.0,12239000.0,4760000.0
1541,TRX-00664,DTL-001541,20240221,397,33,6,2,664,13,1,15999000,15999000.0,1599900.0,14399100.0,11519000.0,2880100.0
1542,TRX-00664,DTL-001542,20240221,397,37,6,2,664,21,1,2999000,2999000.0,0.0,2999000.0,2159000.0,840000.0
1543,TRX-00664,DTL-001543,20240221,397,80,6,2,664,21,2,10999000,21998000.0,0.0,21998000.0,15838000.0,6160000.0
1544,TRX-00664,DTL-001544,20240221,397,78,6,2,664,11,1,21999000,21999000.0,1759920.0,20239080.0,15839000.0,4400080.0
1545,TRX-00665,DTL-001545,20240607,811,50,24,3,665,21,1,8499000,8499000.0,0.0,8499000.0,6119000.0,2380000.0
1546,TRX-00665,DTL-001546,20240607,811,98,24,3,665,21,1,1695000,1695000.0,0.0,1695000.0,1220000.0,475000.0
1547,TRX-00666,DTL-001547,20240710,13,87,10,2,666,21,1,1199000,1199000.0,0.0,1199000.0,863000.0,336000.0
1548,TRX-00666,DTL-001548,20240710,13,68,10,2,666,19,2,3499000,6998000.0,349900.0,6648100.0,5038000.0,1610100.0
1549,TRX-00667,DTL-001549,20240713,130,12,13,2,667,20,1,11499000,11499000.0,574950.0,10924050.0,8279000.0,2645050.0
1550,TRX-00668,DTL-001550,20240309,678,22,8,2,668,9,2,499000,998000.0,29940.0,968060.0,718000.0,250060.0
1551,TRX-00668,DTL-001551,20240309,678,91,8,2,668,18,1,699000,699000.0,104850.0,594150.0,503000.0,91150.0
1552,TRX-00668,DTL-001552,20240309,678,62,8,2,668,20,1,5999000,5999000.0,299950.0,5699050.0,4319000.0,1380050.0
1553,TRX-00668,DTL-001553,20240309,678,21,8,2,668,21,2,2499000,4998000.0,0.0,4998000.0,3598000.0,1400000.0
1554,TRX-00669,DTL-001554,20250127,684,79,23,3,669,21,1,18999000,18999000.0,0.0,18999000.0,13679000.0,5320000.0
1555,TRX-00670,DTL-001555,20241210,497,63,14,2,670,21,1,6999000,6999000.0,0.0,6999000.0,5039000.0,1960000.0
1556,TRX-00670,DTL-001556,20241210,497,30,14,2,670,21,1,13499000,13499000.0,0.0,13499000.0,9719000.0,3780000.0
1557,TRX-00670,DTL-001557,20241210,497,1,14,2,670,21,1,20499000,20499000.0,0.0,20499000.0,14759000.0,5740000.0
1558,TRX-00671,DTL-001558,20240204,547,37,5,1,671,21,1,2999000,2999000.0,0.0,2999000.0,2159000.0,840000.0
1559,TRX-00671,DTL-001559,20240204,547,6,5,1,671,19,1,12499000,12499000.0,624950.0,11874050.0,8999000.0,2875050.0
1560,TRX-00671,DTL-001560,20240204,547,95,5,1,671,16,1,399000,399000.0,19950.0,379050.0,287000.0,92050.0
1561,TRX-00671,DTL-001561,20240204,547,31,5,1,671,15,1,20999000,20999000.0,1679920.0,19319080.0,15119000.0,4200080.0
1562,TRX-00672,DTL-001562,20240107,315,23,16,3,672,2,1,499000,499000.0,39920.0,459080.0,359000.0,100080.0
1563,TRX-00672,DTL-001563,20240107,315,14,16,3,672,21,1,9499000,9499000.0,0.0,9499000.0,6839000.0,2660000.0
1564,TRX-00673,DTL-001564,20250523,174,46,3,2,673,21,1,2999000,2999000.0,0.0,2999000.0,2159000.0,840000.0
1565,TRX-00673,DTL-001565,20250523,174,35,3,2,673,21,1,4999000,4999000.0,0.0,4999000.0,3599000.0,1400000.0
1566,TRX-00673,DTL-001566,20250523,174,34,3,2,673,10,1,5999000,5999000.0,299950.0,5699050.0,4319000.0,1380050.0
1567,TRX-00673,DTL-001567,20250523,174,87,3,2,673,21,2,1199000,2398000.0,0.0,2398000.0,1726000.0,672000.0
1568,TRX-00674,DTL-001568,20250510,195,40,10,2,674,14,3,15999000,47997000.0,1439910.0,46557090.0,34557000.0,12000090.0
1569,TRX-00674,DTL-001569,20250510,195,34,10,2,674,21,1,5999000,5999000.0,0.0,5999000.0,4319000.0,1680000.0
1570,TRX-00674,DTL-001570,20250510,195,49,10,2,674,21,1,6999000,6999000.0,0.0,6999000.0,5039000.0,1960000.0
1571,TRX-00675,DTL-001571,20240511,68,8,1,2,675,21,1,10999000,10999000.0,0.0,10999000.0,7919000.0,3080000.0
1572,TRX-00675,DTL-001572,20240511,68,78,1,2,675,21,2,21999000,43998000.0,0.0,43998000.0,31678000.0,12320000.0
1573,TRX-00676,DTL-001573,20240901,608,50,12,2,676,19,1,8499000,8499000.0,424950.0,8074050.0,6119000.0,1955050.0
1574,TRX-00676,DTL-001574,20240901,608,24,12,2,676,21,2,399000,798000.0,0.0,798000.0,574000.0,224000.0
1575,TRX-00677,DTL-001575,20240321,329,37,15,2,677,21,1,2999000,2999000.0,0.0,2999000.0,2159000.0,840000.0
1576,TRX-00677,DTL-001576,20240321,329,48,15,2,677,21,1,16999000,16999000.0,0.0,16999000.0,12239000.0,4760000.0
1577,TRX-00678,DTL-001577,20240103,1000,24,8,3,678,9,1,399000,399000.0,11970.0,387030.0,287000.0,100030.0
1578,TRX-00678,DTL-001578,20240103,1000,47,8,3,678,21,1,12499000,12499000.0,0.0,12499000.0,8999000.0,3500000.0
1579,TRX-00678,DTL-001579,20240103,1000,83,8,3,678,17,3,7499000,22497000.0,2699640.0,19797360.0,16197000.0,3600360.0
1580,TRX-00678,DTL-001580,20240103,1000,53,8,3,678,17,1,5099000,5099000.0,611880.0,4487120.0,3671000.0,816120.0
1581,TRX-00679,DTL-001581,20240613,245,4,17,2,679,21,1,16999000,16999000.0,0.0,16999000.0,12239000.0,4760000.0
1582,TRX-00679,DTL-001582,20240613,245,64,17,2,679,21,1,7499000,7499000.0,0.0,7499000.0,5399000.0,2100000.0
1583,TRX-00679,DTL-001583,20240613,245,65,17,2,679,21,1,6299000,6299000.0,0.0,6299000.0,4535000.0,1764000.0
1584,TRX-00679,DTL-001584,20240613,245,46,17,2,679,12,1,2999000,2999000.0,299900.0,2699100.0,2159000.0,540100.0
1585,TRX-00680,DTL-001585,20250126,615,21,7,2,680,1,1,2499000,2499000.0,74970.0,2424030.0,1799000.0,625030.0
1586,TRX-00680,DTL-001586,20250126,615,98,7,2,680,21,2,1695000,3390000.0,0.0,3390000.0,2440000.0,950000.0
1587,TRX-00680,DTL-001587,20250126,615,56,7,2,680,21,1,5799000,5799000.0,0.0,5799000.0,4175000.0,1624000.0
1588,TRX-00681,DTL-001588,20250318,989,90,20,3,681,3,1,699000,699000.0,55920.0,643080.0,503000.0,140080.0
1589,TRX-00681,DTL-001589,20250318,989,69,20,3,681,21,1,1599000,1599000.0,0.0,1599000.0,1151000.0,448000.0
1590,TRX-00682,DTL-001590,20240321,933,90,5,1,682,8,1,699000,699000.0,34950.0,664050.0,503000.0,161050.0
1591,TRX-00682,DTL-001591,20240321,933,93,5,1,682,21,1,699000,699000.0,0.0,699000.0,503000.0,196000.0
1592,TRX-00682,DTL-001592,20240321,933,30,5,1,682,21,1,13499000,13499000.0,0.0,13499000.0,9719000.0,3780000.0
1593,TRX-00683,DTL-001593,20250216,818,96,22,2,683,21,1,1599000,1599000.0,0.0,1599000.0,1151000.0,448000.0
1594,TRX-00684,DTL-001594,20241012,982,18,2,2,684,21,1,7999000,7999000.0,0.0,7999000.0,5759000.0,2240000.0
1595,TRX-00684,DTL-001595,20241012,982,55,2,2,684,2,2,3299000,6598000.0,527840.0,6070160.0,4750000.0,1320160.0
1596,TRX-00684,DTL-001596,20241012,982,56,2,2,684,21,1,5799000,5799000.0,0.0,5799000.0,4175000.0,1624000.0
1597,TRX-00685,DTL-001597,20250307,418,98,5,2,685,21,1,1695000,1695000.0,0.0,1695000.0,1220000.0,475000.0
1598,TRX-00686,DTL-001598,20250128,17,55,5,2,686,12,2,3299000,6598000.0,659800.0,5938200.0,4750000.0,1188200.0
1599,TRX-00686,DTL-001599,20250128,17,15,5,2,686,1,1,13599000,13599000.0,407970.0,13191030.0,9791000.0,3400030.0
1600,TRX-00687,DTL-001600,20240109,544,10,21,2,687,17,1,12599000,12599000.0,1511880.0,11087120.0,9071000.0,2016120.0
1601,TRX-00687,DTL-001601,20240109,544,77,21,2,687,6,1,1999000,1999000.0,59970.0,1939030.0,1439000.0,500030.0
1602,TRX-00687,DTL-001602,20240109,544,13,21,2,687,21,1,6499000,6499000.0,0.0,6499000.0,4679000.0,1820000.0
1603,TRX-00688,DTL-001603,20240526,1000,91,9,3,688,21,1,699000,699000.0,0.0,699000.0,503000.0,196000.0
1604,TRX-00688,DTL-001604,20240526,1000,81,9,3,688,21,1,7999000,7999000.0,0.0,7999000.0,5759000.0,2240000.0
1605,TRX-00689,DTL-001605,20240710,1000,30,23,2,689,21,2,13499000,26998000.0,0.0,26998000.0,19438000.0,7560000.0
1606,TRX-00689,DTL-001606,20240710,1000,85,23,2,689,21,2,399000,798000.0,0.0,798000.0,574000.0,224000.0
1607,TRX-00690,DTL-001607,20240520,571,2,20,3,690,2,2,23499000,46998000.0,3759840.0,43238160.0,33838000.0,9400160.0
1608,TRX-00690,DTL-001608,20240520,571,81,20,3,690,17,1,7999000,7999000.0,959880.0,7039120.0,5759000.0,1280120.0
1609,TRX-00691,DTL-001609,20241224,860,83,10,2,691,11,1,7499000,7499000.0,599920.0,6899080.0,5399000.0,1500080.0
1610,TRX-00691,DTL-001610,20241224,860,18,10,2,691,21,1,7999000,7999000.0,0.0,7999000.0,5759000.0,2240000.0
1611,TRX-00692,DTL-001611,20240828,431,91,5,2,692,20,1,699000,699000.0,34950.0,664050.0,503000.0,161050.0
1612,TRX-00692,DTL-001612,20240828,431,43,5,2,692,21,1,8999000,8999000.0,0.0,8999000.0,6479000.0,2520000.0
1613,TRX-00693,DTL-001613,20240305,73,13,12,2,693,21,1,6499000,6499000.0,0.0,6499000.0,4679000.0,1820000.0
1614,TRX-00693,DTL-001614,20240305,73,86,12,2,693,15,1,1199000,1199000.0,95920.0,1103080.0,863000.0,240080.0
1615,TRX-00693,DTL-001615,20240305,73,65,12,2,693,1,2,6299000,12598000.0,377940.0,12220060.0,9070000.0,3150060.0
1616,TRX-00694,DTL-001616,20240702,1000,8,8,2,694,12,1,10999000,10999000.0,1099900.0,9899100.0,7919000.0,1980100.0
1617,TRX-00694,DTL-001617,20240702,1000,48,8,2,694,21,3,16999000,50997000.0,0.0,50997000.0,36717000.0,14280000.0
1618,TRX-00695,DTL-001618,20250423,472,45,4,3,695,21,1,3999000,3999000.0,0.0,3999000.0,2879000.0,1120000.0
1619,TRX-00695,DTL-001619,20250423,472,93,4,3,695,21,1,699000,699000.0,0.0,699000.0,503000.0,196000.0
1620,TRX-00696,DTL-001620,20250218,398,32,4,3,696,21,2,28499000,56998000.0,0.0,56998000.0,41038000.0,15960000.0
1621,TRX-00696,DTL-001621,20250218,398,30,4,3,696,21,1,13499000,13499000.0,0.0,13499000.0,9719000.0,3780000.0
1622,TRX-00697,DTL-001622,20250424,249,36,24,2,697,21,1,3999000,3999000.0,0.0,3999000.0,2879000.0,1120000.0
1623,TRX-00697,DTL-001623,20250424,249,30,24,2,697,20,1,13499000,13499000.0,674950.0,12824050.0,9719000.0,3105050.0
1624,TRX-00697,DTL-001624,20250424,249,13,24,2,697,21,1,6499000,6499000.0,0.0,6499000.0,4679000.0,1820000.0
1625,TRX-00698,DTL-001625,20240527,491,37,7,2,698,5,1,2999000,2999000.0,239920.0,2759080.0,2159000.0,600080.0
1626,TRX-00698,DTL-001626,20240527,491,78,7,2,698,21,2,21999000,43998000.0,0.0,43998000.0,31678000.0,12320000.0
1627,TRX-00699,DTL-001627,20250416,669,86,6,1,699,5,1,1199000,1199000.0,95920.0,1103080.0,863000.0,240080.0
1628,TRX-00699,DTL-001628,20250416,669,76,6,1,699,21,1,2999000,2999000.0,0.0,2999000.0,2159000.0,840000.0
1629,TRX-00700,DTL-001629,20240705,706,10,1,2,700,21,1,12599000,12599000.0,0.0,12599000.0,9071000.0,3528000.0
1630,TRX-00700,DTL-001630,20240705,706,69,1,2,700,6,1,1599000,1599000.0,47970.0,1551030.0,1151000.0,400030.0
1631,TRX-00701,DTL-001631,20240601,495,86,11,2,701,21,2,1199000,2398000.0,0.0,2398000.0,1726000.0,672000.0
1632,TRX-00701,DTL-001632,20240601,495,81,11,2,701,21,1,7999000,7999000.0,0.0,7999000.0,5759000.0,2240000.0
1633,TRX-00701,DTL-001633,20240601,495,34,11,2,701,21,2,5999000,11998000.0,0.0,11998000.0,8638000.0,3360000.0
1634,TRX-00701,DTL-001634,20240601,495,48,11,2,701,21,1,16999000,16999000.0,0.0,16999000.0,12239000.0,4760000.0
1635,TRX-00702,DTL-001635,20240104,292,100,8,2,702,21,1,1799000,1799000.0,0.0,1799000.0,1295000.0,504000.0
1636,TRX-00702,DTL-001636,20240104,292,7,8,2,702,21,1,9999000,9999000.0,0.0,9999000.0,7199000.0,2800000.0
1637,TRX-00702,DTL-001637,20240104,292,19,8,2,702,21,2,14999000,29998000.0,0.0,29998000.0,21598000.0,8400000.0
1638,TRX-00703,DTL-001638,20240204,748,3,16,2,703,21,1,18499000,18499000.0,0.0,18499000.0,13319000.0,5180000.0
1639,TRX-00703,DTL-001639,20240204,748,83,16,2,703,21,1,7499000,7499000.0,0.0,7499000.0,5399000.0,2100000.0
1640,TRX-00703,DTL-001640,20240204,748,100,16,2,703,21,1,1799000,1799000.0,0.0,1799000.0,1295000.0,504000.0
1641,TRX-00703,DTL-001641,20240204,748,63,16,2,703,21,1,6999000,6999000.0,0.0,6999000.0,5039000.0,1960000.0
1642,TRX-00704,DTL-001642,20240208,305,50,24,3,704,20,1,8499000,8499000.0,424950.0,8074050.0,6119000.0,1955050.0
1643,TRX-00705,DTL-001643,20250314,583,47,1,2,705,12,2,12499000,24998000.0,2499800.0,22498200.0,17998000.0,4500200.0
1644,TRX-00705,DTL-001644,20250314,583,74,1,2,705,21,1,5999000,5999000.0,0.0,5999000.0,4319000.0,1680000.0
1645,TRX-00705,DTL-001645,20250314,583,66,1,2,705,21,3,5499000,16497000.0,0.0,16497000.0,11877000.0,4620000.0
1646,TRX-00706,DTL-001646,20240313,323,64,20,1,706,21,1,7499000,7499000.0,0.0,7499000.0,5399000.0,2100000.0
1647,TRX-00706,DTL-001647,20240313,323,11,20,1,706,21,1,15999000,15999000.0,0.0,15999000.0,11519000.0,4480000.0
1648,TRX-00707,DTL-001648,20241011,1000,41,20,3,707,21,1,6499000,6499000.0,0.0,6499000.0,4679000.0,1820000.0
1649,TRX-00707,DTL-001649,20241011,1000,42,20,3,707,10,1,3499000,3499000.0,174950.0,3324050.0,2519000.0,805050.0
1650,TRX-00707,DTL-001650,20241011,1000,89,20,3,707,6,1,779000,779000.0,23370.0,755630.0,561000.0,194630.0
1651,TRX-00707,DTL-001651,20241011,1000,20,20,3,707,21,1,3999000,3999000.0,0.0,3999000.0,2879000.0,1120000.0
1652,TRX-00708,DTL-001652,20240815,104,94,5,2,708,21,1,2999000,2999000.0,0.0,2999000.0,2159000.0,840000.0
1653,TRX-00709,DTL-001653,20241022,258,35,1,2,709,21,1,4999000,4999000.0,0.0,4999000.0,3599000.0,1400000.0
1654,TRX-00709,DTL-001654,20241022,258,75,1,2,709,21,1,4699000,4699000.0,0.0,4699000.0,3383000.0,1316000.0
1655,TRX-00709,DTL-001655,20241022,258,53,1,2,709,21,1,5099000,5099000.0,0.0,5099000.0,3671000.0,1428000.0
1656,TRX-00710,DTL-001656,20241103,653,69,6,1,710,21,1,1599000,1599000.0,0.0,1599000.0,1151000.0,448000.0
1657,TRX-00710,DTL-001657,20241103,653,29,6,1,710,21,1,17499000,17499000.0,0.0,17499000.0,12599000.0,4900000.0
1658,TRX-00711,DTL-001658,20250509,996,60,10,2,711,6,1,4999000,4999000.0,149970.0,4849030.0,3599000.0,1250030.0
1659,TRX-00711,DTL-001659,20250509,996,4,10,2,711,20,1,16999000,16999000.0,849950.0,16149050.0,12239000.0,3910050.0
1660,TRX-00712,DTL-001660,20241004,333,22,17,2,712,21,1,499000,499000.0,0.0,499000.0,359000.0,140000.0
1661,TRX-00712,DTL-001661,20241004,333,56,17,2,712,21,1,5799000,5799000.0,0.0,5799000.0,4175000.0,1624000.0
1662,TRX-00712,DTL-001662,20241004,333,47,17,2,712,21,1,12499000,12499000.0,0.0,12499000.0,8999000.0,3500000.0
1663,TRX-00713,DTL-001663,20250208,1000,48,18,2,713,21,1,16999000,16999000.0,0.0,16999000.0,12239000.0,4760000.0
1664,TRX-00713,DTL-001664,20250208,1000,4,18,2,713,10,1,16999000,16999000.0,849950.0,16149050.0,12239000.0,3910050.0
1665,TRX-00714,DTL-001665,20250220,950,23,17,3,714,21,1,499000,499000.0,0.0,499000.0,359000.0,140000.0
1666,TRX-00714,DTL-001666,20250220,950,40,17,3,714,21,2,15999000,31998000.0,0.0,31998000.0,23038000.0,8960000.0
1667,TRX-00714,DTL-001667,20250220,950,73,17,3,714,15,3,4299000,12897000.0,1031760.0,11865240.0,9285000.0,2580240.0
1668,TRX-00714,DTL-001668,20250220,950,90,17,3,714,1,1,699000,699000.0,20970.0,678030.0,503000.0,175030.0
1669,TRX-00715,DTL-001669,20250228,299,10,22,3,715,21,1,12599000,12599000.0,0.0,12599000.0,9071000.0,3528000.0
1670,TRX-00716,DTL-001670,20240923,627,26,16,1,716,21,1,19499000,19499000.0,0.0,19499000.0,14039000.0,5460000.0
1671,TRX-00716,DTL-001671,20240923,627,94,16,1,716,21,1,2999000,2999000.0,0.0,2999000.0,2159000.0,840000.0
1672,TRX-00716,DTL-001672,20240923,627,46,16,1,716,21,2,2999000,5998000.0,0.0,5998000.0,4318000.0,1680000.0
1673,TRX-00716,DTL-001673,20240923,627,84,16,1,716,21,1,1399000,1399000.0,0.0,1399000.0,1007000.0,392000.0
1674,TRX-00717,DTL-001674,20250408,47,86,20,3,717,21,1,1199000,1199000.0,0.0,1199000.0,863000.0,336000.0
1675,TRX-00717,DTL-001675,20250408,47,52,20,3,717,21,1,2099000,2099000.0,0.0,2099000.0,1511000.0,588000.0
1676,TRX-00718,DTL-001676,20240816,285,84,24,3,718,13,1,1399000,1399000.0,139900.0,1259100.0,1007000.0,252100.0
1677,TRX-00719,DTL-001677,20250513,157,57,18,2,719,21,1,5999000,5999000.0,0.0,5999000.0,4319000.0,1680000.0
1678,TRX-00720,DTL-001678,20250121,522,22,1,2,720,8,1,499000,499000.0,24950.0,474050.0,359000.0,115050.0
1679,TRX-00720,DTL-001679,20250121,522,12,1,2,720,21,1,11499000,11499000.0,0.0,11499000.0,8279000.0,3220000.0
1680,TRX-00721,DTL-001680,20250318,257,57,9,2,721,21,2,5999000,11998000.0,0.0,11998000.0,8638000.0,3360000.0
1681,TRX-00721,DTL-001681,20250318,257,47,9,2,721,21,3,12499000,37497000.0,0.0,37497000.0,26997000.0,10500000.0
1682,TRX-00721,DTL-001682,20250318,257,40,9,2,721,21,1,15999000,15999000.0,0.0,15999000.0,11519000.0,4480000.0
1683,TRX-00722,DTL-001683,20240118,158,72,2,3,722,21,1,6999000,6999000.0,0.0,6999000.0,5039000.0,1960000.0
1684,TRX-00722,DTL-001684,20240118,158,7,2,3,722,21,1,9999000,9999000.0,0.0,9999000.0,7199000.0,2800000.0
1685,TRX-00723,DTL-001685,20240309,274,49,22,3,723,21,1,6999000,6999000.0,0.0,6999000.0,5039000.0,1960000.0
1686,TRX-00723,DTL-001686,20240309,274,81,22,3,723,19,1,7999000,7999000.0,399950.0,7599050.0,5759000.0,1840050.0
1687,TRX-00724,DTL-001687,20241010,251,49,21,3,724,21,3,6999000,20997000.0,0.0,20997000.0,15117000.0,5880000.0
1688,TRX-00724,DTL-001688,20241010,251,43,21,3,724,21,1,8999000,8999000.0,0.0,8999000.0,6479000.0,2520000.0
1689,TRX-00724,DTL-001689,20241010,251,90,21,3,724,21,1,699000,699000.0,0.0,699000.0,503000.0,196000.0
1690,TRX-00725,DTL-001690,20241026,455,87,7,3,725,21,1,1199000,1199000.0,0.0,1199000.0,863000.0,336000.0
1691,TRX-00725,DTL-001691,20241026,455,56,7,3,725,21,1,5799000,5799000.0,0.0,5799000.0,4175000.0,1624000.0
1692,TRX-00725,DTL-001692,20241026,455,26,7,3,725,2,2,19499000,38998000.0,3119840.0,35878160.0,28078000.0,7800160.0
1693,TRX-00726,DTL-001693,20250527,908,49,13,2,726,21,1,6999000,6999000.0,0.0,6999000.0,5039000.0,1960000.0
1694,TRX-00726,DTL-001694,20250527,908,51,13,2,726,13,1,6499000,6499000.0,649900.0,5849100.0,4679000.0,1170100.0
1695,TRX-00726,DTL-001695,20250527,908,16,13,2,726,14,2,14999000,29998000.0,899940.0,29098060.0,21598000.0,7500060.0
1696,TRX-00727,DTL-001696,20250529,906,10,6,2,727,13,1,12599000,12599000.0,1259900.0,11339100.0,9071000.0,2268100.0
1697,TRX-00727,DTL-001697,20250529,906,71,6,2,727,17,1,4999000,4999000.0,599880.0,4399120.0,3599000.0,800120.0
1698,TRX-00728,DTL-001698,20250422,266,3,3,2,728,21,1,18499000,18499000.0,0.0,18499000.0,13319000.0,5180000.0
1699,TRX-00728,DTL-001699,20250422,266,22,3,2,728,21,1,499000,499000.0,0.0,499000.0,359000.0,140000.0
1700,TRX-00729,DTL-001700,20240803,1000,95,19,3,729,21,1,399000,399000.0,0.0,399000.0,287000.0,112000.0
1701,TRX-00730,DTL-001701,20250203,216,6,17,3,730,21,1,12499000,12499000.0,0.0,12499000.0,8999000.0,3500000.0
1702,TRX-00730,DTL-001702,20250203,216,46,17,3,730,21,2,2999000,5998000.0,0.0,5998000.0,4318000.0,1680000.0
1703,TRX-00731,DTL-001703,20250212,959,70,21,2,731,17,1,6499000,6499000.0,779880.0,5719120.0,4679000.0,1040120.0
1704,TRX-00732,DTL-001704,20250131,524,44,25,2,732,21,1,4499000,4499000.0,0.0,4499000.0,3239000.0,1260000.0
1705,TRX-00732,DTL-001705,20250131,524,73,25,2,732,21,2,4299000,8598000.0,0.0,8598000.0,6190000.0,2408000.0
1706,TRX-00732,DTL-001706,20250131,524,1,25,2,732,21,1,20499000,20499000.0,0.0,20499000.0,14759000.0,5740000.0
1707,TRX-00733,DTL-001707,20240812,569,44,5,2,733,16,1,4499000,4499000.0,224950.0,4274050.0,3239000.0,1035050.0
1708,TRX-00733,DTL-001708,20240812,569,11,5,2,733,21,1,15999000,15999000.0,0.0,15999000.0,11519000.0,4480000.0
1709,TRX-00734,DTL-001709,20240905,1000,10,16,1,734,21,1,12599000,12599000.0,0.0,12599000.0,9071000.0,3528000.0
1710,TRX-00734,DTL-001710,20240905,1000,19,16,1,734,21,2,14999000,29998000.0,0.0,29998000.0,21598000.0,8400000.0
1711,TRX-00735,DTL-001711,20240114,758,89,4,3,735,21,2,779000,1558000.0,0.0,1558000.0,1122000.0,436000.0
1712,TRX-00735,DTL-001712,20240114,758,67,4,3,735,10,1,3999000,3999000.0,199950.0,3799050.0,2879000.0,920050.0
1713,TRX-00735,DTL-001713,20240114,758,23,4,3,735,21,1,499000,499000.0,0.0,499000.0,359000.0,140000.0
1714,TRX-00736,DTL-001714,20240405,692,54,24,2,736,9,2,4499000,8998000.0,269940.0,8728060.0,6478000.0,2250060.0
1715,TRX-00736,DTL-001715,20240405,692,38,24,2,736,21,1,1599000,1599000.0,0.0,1599000.0,1151000.0,448000.0
1716,TRX-00737,DTL-001716,20250509,105,61,25,2,737,21,2,5599000,11198000.0,0.0,11198000.0,8062000.0,3136000.0
1717,TRX-00737,DTL-001717,20250509,105,42,25,2,737,21,1,3499000,3499000.0,0.0,3499000.0,2519000.0,980000.0
1718,TRX-00737,DTL-001718,20250509,105,8,25,2,737,12,1,10999000,10999000.0,1099900.0,9899100.0,7919000.0,1980100.0
1719,TRX-00737,DTL-001719,20250509,105,95,25,2,737,21,2,399000,798000.0,0.0,798000.0,574000.0,224000.0
1720,TRX-00738,DTL-001720,20250406,895,61,5,3,738,21,2,5599000,11198000.0,0.0,11198000.0,8062000.0,3136000.0
1721,TRX-00738,DTL-001721,20250406,895,7,5,3,738,21,1,9999000,9999000.0,0.0,9999000.0,7199000.0,2800000.0
1722,TRX-00739,DTL-001722,20240126,434,42,24,3,739,6,2,3499000,6998000.0,209940.0,6788060.0,5038000.0,1750060.0
1723,TRX-00739,DTL-001723,20240126,434,95,24,3,739,21,2,399000,798000.0,0.0,798000.0,574000.0,224000.0
1724,TRX-00739,DTL-001724,20240126,434,11,24,3,739,21,1,15999000,15999000.0,0.0,15999000.0,11519000.0,4480000.0
1725,TRX-00739,DTL-001725,20240126,434,25,24,3,739,3,1,24499000,24499000.0,1959920.0,22539080.0,17639000.0,4900080.0
1726,TRX-00740,DTL-001726,20240613,151,84,22,2,740,21,1,1399000,1399000.0,0.0,1399000.0,1007000.0,392000.0
1727,TRX-00740,DTL-001727,20240613,151,65,22,2,740,21,1,6299000,6299000.0,0.0,6299000.0,4535000.0,1764000.0
1728,TRX-00741,DTL-001728,20241107,233,83,8,2,741,21,2,7499000,14998000.0,0.0,14998000.0,10798000.0,4200000.0
1729,TRX-00741,DTL-001729,20241107,233,33,8,2,741,21,1,15999000,15999000.0,0.0,15999000.0,11519000.0,4480000.0
1730,TRX-00742,DTL-001730,20250202,308,38,10,2,742,3,1,1599000,1599000.0,127920.0,1471080.0,1151000.0,320080.0
1731,TRX-00742,DTL-001731,20250202,308,42,10,2,742,21,1,3499000,3499000.0,0.0,3499000.0,2519000.0,980000.0
1732,TRX-00742,DTL-001732,20250202,308,3,10,2,742,2,1,18499000,18499000.0,1479920.0,17019080.0,13319000.0,3700080.0
1733,TRX-00743,DTL-001733,20240306,972,71,6,2,743,21,1,4999000,4999000.0,0.0,4999000.0,3599000.0,1400000.0
1734,TRX-00744,DTL-001734,20240411,858,69,9,1,744,18,1,1599000,1599000.0,239850.0,1359150.0,1151000.0,208150.0
1735,TRX-00744,DTL-001735,20240411,858,17,9,1,744,21,1,22999000,22999000.0,0.0,22999000.0,16559000.0,6440000.0
1736,TRX-00744,DTL-001736,20240411,858,92,9,1,744,21,1,649000,649000.0,0.0,649000.0,467000.0,182000.0
1737,TRX-00745,DTL-001737,20240508,653,44,8,2,745,21,2,4499000,8998000.0,0.0,8998000.0,6478000.0,2520000.0
1738,TRX-00745,DTL-001738,20240508,653,88,8,2,745,21,2,2799000,5598000.0,0.0,5598000.0,4030000.0,1568000.0
1739,TRX-00745,DTL-001739,20240508,653,73,8,2,745,20,2,4299000,8598000.0,429900.0,8168100.0,6190000.0,1978100.0
1740,TRX-00746,DTL-001740,20240712,127,81,20,2,746,4,1,7999000,7999000.0,959880.0,7039120.0,5759000.0,1280120.0
1741,TRX-00746,DTL-001741,20240712,127,2,20,2,746,21,3,23499000,70497000.0,0.0,70497000.0,50757000.0,19740000.0
1742,TRX-00746,DTL-001742,20240712,127,20,20,2,746,1,2,3999000,7998000.0,239940.0,7758060.0,5758000.0,2000060.0
1743,TRX-00746,DTL-001743,20240712,127,84,20,2,746,21,1,1399000,1399000.0,0.0,1399000.0,1007000.0,392000.0
1744,TRX-00747,DTL-001744,20240210,743,58,15,2,747,21,1,4999000,4999000.0,0.0,4999000.0,3599000.0,1400000.0
1745,TRX-00747,DTL-001745,20240210,743,16,15,2,747,14,1,14999000,14999000.0,449970.0,14549030.0,10799000.0,3750030.0
1746,TRX-00748,DTL-001746,20250217,632,2,6,2,748,21,1,23499000,23499000.0,0.0,23499000.0,16919000.0,6580000.0
1747,TRX-00748,DTL-001747,20250217,632,53,6,2,748,21,2,5099000,10198000.0,0.0,10198000.0,7342000.0,2856000.0
1748,TRX-00749,DTL-001748,20240422,770,2,5,3,749,21,1,23499000,23499000.0,0.0,23499000.0,16919000.0,6580000.0
1749,TRX-00749,DTL-001749,20240422,770,72,5,3,749,21,1,6999000,6999000.0,0.0,6999000.0,5039000.0,1960000.0
1750,TRX-00750,DTL-001750,20240610,450,17,13,2,750,17,1,22999000,22999000.0,2759880.0,20239120.0,16559000.0,3680120.0
1751,TRX-00750,DTL-001751,20240610,450,26,13,2,750,21,1,19499000,19499000.0,0.0,19499000.0,14039000.0,5460000.0
1752,TRX-00750,DTL-001752,20240610,450,37,13,2,750,2,1,2999000,2999000.0,239920.0,2759080.0,2159000.0,600080.0
1753,TRX-00751,DTL-001753,20240918,185,18,18,3,751,7,1,7999000,7999000.0,799900.0,7199100.0,5759000.0,1440100.0
1754,TRX-00751,DTL-001754,20240918,185,63,18,3,751,11,3,6999000,20997000.0,1679760.0,19317240.0,15117000.0,4200240.0
1755,TRX-00751,DTL-001755,20240918,185,34,18,3,751,21,1,5999000,5999000.0,0.0,5999000.0,4319000.0,1680000.0
1756,TRX-00751,DTL-001756,20240918,185,46,18,3,751,21,1,2999000,2999000.0,0.0,2999000.0,2159000.0,840000.0
1757,TRX-00752,DTL-001757,20240405,603,33,15,2,752,4,2,15999000,31998000.0,3839760.0,28158240.0,23038000.0,5120240.0
1758,TRX-00752,DTL-001758,20240405,603,1,15,2,752,21,2,20499000,40998000.0,0.0,40998000.0,29518000.0,11480000.0
1759,TRX-00753,DTL-001759,20250321,54,84,23,2,753,17,1,1399000,1399000.0,167880.0,1231120.0,1007000.0,224120.0
1760,TRX-00753,DTL-001760,20250321,54,47,23,2,753,9,1,12499000,12499000.0,374970.0,12124030.0,8999000.0,3125030.0
1761,TRX-00753,DTL-001761,20250321,54,41,23,2,753,2,1,6499000,6499000.0,519920.0,5979080.0,4679000.0,1300080.0
1762,TRX-00754,DTL-001762,20250226,820,2,1,2,754,19,1,23499000,23499000.0,1174950.0,22324050.0,16919000.0,5405050.0
1763,TRX-00754,DTL-001763,20250226,820,36,1,2,754,21,1,3999000,3999000.0,0.0,3999000.0,2879000.0,1120000.0
1764,TRX-00754,DTL-001764,20250226,820,32,1,2,754,10,1,28499000,28499000.0,1424950.0,27074050.0,20519000.0,6555050.0
1765,TRX-00755,DTL-001765,20240103,593,60,22,3,755,8,2,4999000,9998000.0,499900.0,9498100.0,7198000.0,2300100.0
1766,TRX-00756,DTL-001766,20240224,1000,60,17,2,756,21,1,4999000,4999000.0,0.0,4999000.0,3599000.0,1400000.0
1767,TRX-00756,DTL-001767,20240224,1000,92,17,2,756,21,1,649000,649000.0,0.0,649000.0,467000.0,182000.0
1768,TRX-00756,DTL-001768,20240224,1000,99,17,2,756,3,1,3079000,3079000.0,246320.0,2832680.0,2217000.0,615680.0
1769,TRX-00756,DTL-001769,20240224,1000,53,17,2,756,21,1,5099000,5099000.0,0.0,5099000.0,3671000.0,1428000.0
1770,TRX-00757,DTL-001770,20240318,580,46,5,2,757,21,1,2999000,2999000.0,0.0,2999000.0,2159000.0,840000.0
1771,TRX-00758,DTL-001771,20240519,1000,64,11,2,758,21,1,7499000,7499000.0,0.0,7499000.0,5399000.0,2100000.0
1772,TRX-00758,DTL-001772,20240519,1000,99,11,2,758,21,1,3079000,3079000.0,0.0,3079000.0,2217000.0,862000.0
1773,TRX-00758,DTL-001773,20240519,1000,63,11,2,758,19,1,6999000,6999000.0,349950.0,6649050.0,5039000.0,1610050.0
1774,TRX-00758,DTL-001774,20240519,1000,24,11,2,758,21,1,399000,399000.0,0.0,399000.0,287000.0,112000.0
1775,TRX-00759,DTL-001775,20240816,658,29,6,2,759,6,3,17499000,52497000.0,1574910.0,50922090.0,37797000.0,13125090.0
1776,TRX-00760,DTL-001776,20250225,222,92,10,2,760,14,1,649000,649000.0,19470.0,629530.0,467000.0,162530.0
1777,TRX-00760,DTL-001777,20250225,222,39,10,2,760,8,1,13999000,13999000.0,699950.0,13299050.0,10079000.0,3220050.0
1778,TRX-00761,DTL-001778,20240225,366,15,8,2,761,21,1,13599000,13599000.0,0.0,13599000.0,9791000.0,3808000.0
1779,TRX-00761,DTL-001779,20240225,366,2,8,2,761,18,2,23499000,46998000.0,7049700.0,39948300.0,33838000.0,6110300.0
1780,TRX-00761,DTL-001780,20240225,366,52,8,2,761,21,1,2099000,2099000.0,0.0,2099000.0,1511000.0,588000.0
1781,TRX-00762,DTL-001781,20240404,393,38,13,2,762,12,2,1599000,3198000.0,319800.0,2878200.0,2302000.0,576200.0
1782,TRX-00762,DTL-001782,20240404,393,59,13,2,762,21,3,2299000,6897000.0,0.0,6897000.0,4965000.0,1932000.0
1783,TRX-00762,DTL-001783,20240404,393,30,13,2,762,21,1,13499000,13499000.0,0.0,13499000.0,9719000.0,3780000.0
1784,TRX-00763,DTL-001784,20240929,225,2,8,2,763,14,1,23499000,23499000.0,704970.0,22794030.0,16919000.0,5875030.0
1785,TRX-00763,DTL-001785,20240929,225,56,8,2,763,21,1,5799000,5799000.0,0.0,5799000.0,4175000.0,1624000.0
1786,TRX-00763,DTL-001786,20240929,225,66,8,2,763,21,2,5499000,10998000.0,0.0,10998000.0,7918000.0,3080000.0
1787,TRX-00764,DTL-001787,20250221,785,57,19,2,764,12,1,5999000,5999000.0,599900.0,5399100.0,4319000.0,1080100.0
1788,TRX-00764,DTL-001788,20250221,785,27,19,2,764,21,1,16499000,16499000.0,0.0,16499000.0,11879000.0,4620000.0
1789,TRX-00764,DTL-001789,20250221,785,85,19,2,764,2,1,399000,399000.0,31920.0,367080.0,287000.0,80080.0
1790,TRX-00764,DTL-001790,20250221,785,73,19,2,764,21,1,4299000,4299000.0,0.0,4299000.0,3095000.0,1204000.0
1791,TRX-00765,DTL-001791,20240817,676,21,10,3,765,21,1,2499000,2499000.0,0.0,2499000.0,1799000.0,700000.0
1792,TRX-00765,DTL-001792,20240817,676,76,10,3,765,3,1,2999000,2999000.0,239920.0,2759080.0,2159000.0,600080.0
1793,TRX-00766,DTL-001793,20240830,778,3,18,2,766,21,2,18499000,36998000.0,0.0,36998000.0,26638000.0,10360000.0
1794,TRX-00766,DTL-001794,20240830,778,61,18,2,766,16,1,5599000,5599000.0,279950.0,5319050.0,4031000.0,1288050.0
1795,TRX-00767,DTL-001795,20240124,134,94,13,2,767,21,1,2999000,2999000.0,0.0,2999000.0,2159000.0,840000.0
1796,TRX-00767,DTL-001796,20240124,134,83,13,2,767,19,2,7499000,14998000.0,749900.0,14248100.0,10798000.0,3450100.0
1797,TRX-00768,DTL-001797,20240120,750,74,9,1,768,9,1,5999000,5999000.0,179970.0,5819030.0,4319000.0,1500030.0
1798,TRX-00768,DTL-001798,20240120,750,36,9,1,768,9,1,3999000,3999000.0,119970.0,3879030.0,2879000.0,1000030.0
1799,TRX-00769,DTL-001799,20241011,852,99,21,2,769,21,1,3079000,3079000.0,0.0,3079000.0,2217000.0,862000.0
1800,TRX-00769,DTL-001800,20241011,852,10,21,2,769,21,1,12599000,12599000.0,0.0,12599000.0,9071000.0,3528000.0
1801,TRX-00770,DTL-001801,20241103,587,98,9,1,770,21,1,1695000,1695000.0,0.0,1695000.0,1220000.0,475000.0
1802,TRX-00770,DTL-001802,20241103,587,77,9,1,770,21,1,1999000,1999000.0,0.0,1999000.0,1439000.0,560000.0
1803,TRX-00771,DTL-001803,20250223,1000,88,22,2,771,3,1,2799000,2799000.0,223920.0,2575080.0,2015000.0,560080.0
1804,TRX-00771,DTL-001804,20250223,1000,73,22,2,771,11,3,4299000,12897000.0,1031760.0,11865240.0,9285000.0,2580240.0
1805,TRX-00772,DTL-001805,20240909,600,40,2,2,772,15,1,15999000,15999000.0,1279920.0,14719080.0,11519000.0,3200080.0
1806,TRX-00773,DTL-001806,20240729,103,42,10,3,773,21,1,3499000,3499000.0,0.0,3499000.0,2519000.0,980000.0
1807,TRX-00774,DTL-001807,20250520,1000,85,9,1,774,9,1,399000,399000.0,11970.0,387030.0,287000.0,100030.0
1808,TRX-00774,DTL-001808,20250520,1000,9,9,1,774,21,1,12999000,12999000.0,0.0,12999000.0,9359000.0,3640000.0
1809,TRX-00774,DTL-001809,20250520,1000,23,9,1,774,21,1,499000,499000.0,0.0,499000.0,359000.0,140000.0
1810,TRX-00774,DTL-001810,20250520,1000,49,9,1,774,5,1,6999000,6999000.0,559920.0,6439080.0,5039000.0,1400080.0
1811,TRX-00775,DTL-001811,20250303,938,90,18,2,775,21,2,699000,1398000.0,0.0,1398000.0,1006000.0,392000.0
1812,TRX-00775,DTL-001812,20250303,938,58,18,2,775,6,1,4999000,4999000.0,149970.0,4849030.0,3599000.0,1250030.0
1813,TRX-00775,DTL-001813,20250303,938,48,18,2,775,21,1,16999000,16999000.0,0.0,16999000.0,12239000.0,4760000.0
1814,TRX-00776,DTL-001814,20240302,436,74,2,1,776,18,3,5999000,17997000.0,2699550.0,15297450.0,12957000.0,2340450.0
1815,TRX-00776,DTL-001815,20240302,436,52,2,1,776,21,1,2099000,2099000.0,0.0,2099000.0,1511000.0,588000.0
1816,TRX-00776,DTL-001816,20240302,436,29,2,1,776,15,1,17499000,17499000.0,1399920.0,16099080.0,12599000.0,3500080.0
1817,TRX-00777,DTL-001817,20240428,723,42,4,3,777,21,2,3499000,6998000.0,0.0,6998000.0,5038000.0,1960000.0
1818,TRX-00777,DTL-001818,20240428,723,84,4,3,777,14,3,1399000,4197000.0,125910.0,4071090.0,3021000.0,1050090.0
1819,TRX-00778,DTL-001819,20240331,861,86,18,2,778,21,1,1199000,1199000.0,0.0,1199000.0,863000.0,336000.0
1820,TRX-00778,DTL-001820,20240331,861,32,18,2,778,19,2,28499000,56998000.0,2849900.0,54148100.0,41038000.0,13110100.0
1821,TRX-00778,DTL-001821,20240331,861,95,18,2,778,21,1,399000,399000.0,0.0,399000.0,287000.0,112000.0
1822,TRX-00778,DTL-001822,20240331,861,60,18,2,778,21,2,4999000,9998000.0,0.0,9998000.0,7198000.0,2800000.0
1823,TRX-00779,DTL-001823,20240901,39,67,21,2,779,21,1,3999000,3999000.0,0.0,3999000.0,2879000.0,1120000.0
1824,TRX-00779,DTL-001824,20240901,39,65,21,2,779,21,2,6299000,12598000.0,0.0,12598000.0,9070000.0,3528000.0
1825,TRX-00780,DTL-001825,20240219,943,81,11,2,780,21,1,7999000,7999000.0,0.0,7999000.0,5759000.0,2240000.0
1826,TRX-00780,DTL-001826,20240219,943,51,11,2,780,21,1,6499000,6499000.0,0.0,6499000.0,4679000.0,1820000.0
1827,TRX-00781,DTL-001827,20241126,758,63,10,2,781,21,1,6999000,6999000.0,0.0,6999000.0,5039000.0,1960000.0
1828,TRX-00782,DTL-001828,20241009,368,13,14,2,782,21,1,6499000,6499000.0,0.0,6499000.0,4679000.0,1820000.0
1829,TRX-00782,DTL-001829,20241009,368,76,14,2,782,11,1,2999000,2999000.0,239920.0,2759080.0,2159000.0,600080.0
1830,TRX-00782,DTL-001830,20241009,368,67,14,2,782,21,1,3999000,3999000.0,0.0,3999000.0,2879000.0,1120000.0
1831,TRX-00783,DTL-001831,20250215,517,33,10,2,783,21,1,15999000,15999000.0,0.0,15999000.0,11519000.0,4480000.0
1832,TRX-00783,DTL-001832,20250215,517,52,10,2,783,21,1,2099000,2099000.0,0.0,2099000.0,1511000.0,588000.0
1833,TRX-00783,DTL-001833,20250215,517,73,10,2,783,21,1,4299000,4299000.0,0.0,4299000.0,3095000.0,1204000.0
1834,TRX-00783,DTL-001834,20250215,517,95,10,2,783,12,1,399000,399000.0,39900.0,359100.0,287000.0,72100.0
1835,TRX-00784,DTL-001835,20241008,839,3,13,2,784,16,2,18499000,36998000.0,1849900.0,35148100.0,26638000.0,8510100.0
1836,TRX-00784,DTL-001836,20241008,839,83,13,2,784,21,1,7499000,7499000.0,0.0,7499000.0,5399000.0,2100000.0
1837,TRX-00784,DTL-001837,20241008,839,81,13,2,784,20,2,7999000,15998000.0,799900.0,15198100.0,11518000.0,3680100.0
1838,TRX-00785,DTL-001838,20241005,139,81,18,2,785,21,1,7999000,7999000.0,0.0,7999000.0,5759000.0,2240000.0
1839,TRX-00786,DTL-001839,20240526,570,6,5,2,786,21,1,12499000,12499000.0,0.0,12499000.0,8999000.0,3500000.0
1840,TRX-00787,DTL-001840,20241031,40,55,24,2,787,3,2,3299000,6598000.0,527840.0,6070160.0,4750000.0,1320160.0
1841,TRX-00787,DTL-001841,20241031,40,79,24,2,787,21,1,18999000,18999000.0,0.0,18999000.0,13679000.0,5320000.0
1842,TRX-00788,DTL-001842,20250329,544,83,19,2,788,21,2,7499000,14998000.0,0.0,14998000.0,10798000.0,4200000.0
1843,TRX-00788,DTL-001843,20250329,544,44,19,2,788,21,1,4499000,4499000.0,0.0,4499000.0,3239000.0,1260000.0
1844,TRX-00788,DTL-001844,20250329,544,99,19,2,788,21,1,3079000,3079000.0,0.0,3079000.0,2217000.0,862000.0
1845,TRX-00788,DTL-001845,20250329,544,70,19,2,788,14,1,6499000,6499000.0,194970.0,6304030.0,4679000.0,1625030.0
1846,TRX-00789,DTL-001846,20240315,637,92,10,2,789,21,1,649000,649000.0,0.0,649000.0,467000.0,182000.0
1847,TRX-00789,DTL-001847,20240315,637,66,10,2,789,21,1,5499000,5499000.0,0.0,5499000.0,3959000.0,1540000.0
1848,TRX-00790,DTL-001848,20250223,905,41,21,2,790,21,1,6499000,6499000.0,0.0,6499000.0,4679000.0,1820000.0
1849,TRX-00790,DTL-001849,20250223,905,45,21,2,790,21,1,3999000,3999000.0,0.0,3999000.0,2879000.0,1120000.0
1850,TRX-00791,DTL-001850,20240126,600,62,25,2,791,21,1,5999000,5999000.0,0.0,5999000.0,4319000.0,1680000.0
1851,TRX-00791,DTL-001851,20240126,600,30,25,2,791,21,1,13499000,13499000.0,0.0,13499000.0,9719000.0,3780000.0
1852,TRX-00791,DTL-001852,20240126,600,99,25,2,791,21,1,3079000,3079000.0,0.0,3079000.0,2217000.0,862000.0
1853,TRX-00792,DTL-001853,20241122,353,57,16,2,792,8,1,5999000,5999000.0,299950.0,5699050.0,4319000.0,1380050.0
1854,TRX-00792,DTL-001854,20241122,353,75,16,2,792,21,1,4699000,4699000.0,0.0,4699000.0,3383000.0,1316000.0
1855,TRX-00793,DTL-001855,20240220,157,14,17,2,793,1,1,9499000,9499000.0,284970.0,9214030.0,6839000.0,2375030.0
1856,TRX-00793,DTL-001856,20240220,157,44,17,2,793,21,1,4499000,4499000.0,0.0,4499000.0,3239000.0,1260000.0
1857,TRX-00793,DTL-001857,20240220,157,98,17,2,793,21,1,1695000,1695000.0,0.0,1695000.0,1220000.0,475000.0
1858,TRX-00794,DTL-001858,20241121,949,82,8,2,794,21,1,7499000,7499000.0,0.0,7499000.0,5399000.0,2100000.0
1859,TRX-00794,DTL-001859,20241121,949,88,8,2,794,21,1,2799000,2799000.0,0.0,2799000.0,2015000.0,784000.0
1860,TRX-00794,DTL-001860,20241121,949,60,8,2,794,21,1,4999000,4999000.0,0.0,4999000.0,3599000.0,1400000.0
1861,TRX-00795,DTL-001861,20250211,793,49,16,2,795,21,2,6999000,13998000.0,0.0,13998000.0,10078000.0,3920000.0
1862,TRX-00795,DTL-001862,20250211,793,89,16,2,795,4,1,779000,779000.0,93480.0,685520.0,561000.0,124520.0
1863,TRX-00796,DTL-001863,20240202,130,80,10,2,796,21,1,10999000,10999000.0,0.0,10999000.0,7919000.0,3080000.0
1864,TRX-00796,DTL-001864,20240202,130,64,10,2,796,10,1,7499000,7499000.0,374950.0,7124050.0,5399000.0,1725050.0
1865,TRX-00796,DTL-001865,20240202,130,62,10,2,796,18,1,5999000,5999000.0,899850.0,5099150.0,4319000.0,780150.0
1866,TRX-00797,DTL-001866,20250122,378,88,15,2,797,21,1,2799000,2799000.0,0.0,2799000.0,2015000.0,784000.0
1867,TRX-00797,DTL-001867,20250122,378,97,15,2,797,19,1,1565000,1565000.0,78250.0,1486750.0,1127000.0,359750.0
1868,TRX-00798,DTL-001868,20241125,143,36,17,3,798,21,1,3999000,3999000.0,0.0,3999000.0,2879000.0,1120000.0
1869,TRX-00798,DTL-001869,20241125,143,27,17,3,798,21,1,16499000,16499000.0,0.0,16499000.0,11879000.0,4620000.0
1870,TRX-00799,DTL-001870,20250329,975,81,6,2,799,14,1,7999000,7999000.0,239970.0,7759030.0,5759000.0,2000030.0
1871,TRX-00800,DTL-001871,20240903,392,55,20,2,800,4,1,3299000,3299000.0,395880.0,2903120.0,2375000.0,528120.0
1872,TRX-00800,DTL-001872,20240903,392,16,20,2,800,21,2,14999000,29998000.0,0.0,29998000.0,21598000.0,8400000.0
1873,TRX-00801,DTL-001873,20250527,961,21,12,2,801,21,1,2499000,2499000.0,0.0,2499000.0,1799000.0,700000.0
1874,TRX-00802,DTL-001874,20240819,619,43,2,2,802,21,1,8999000,8999000.0,0.0,8999000.0,6479000.0,2520000.0
1875,TRX-00803,DTL-001875,20241214,288,95,23,2,803,21,1,399000,399000.0,0.0,399000.0,287000.0,112000.0
1876,TRX-00804,DTL-001876,20240526,799,35,12,1,804,12,1,4999000,4999000.0,499900.0,4499100.0,3599000.0,900100.0
1877,TRX-00804,DTL-001877,20240526,799,45,12,1,804,21,1,3999000,3999000.0,0.0,3999000.0,2879000.0,1120000.0
1878,TRX-00804,DTL-001878,20240526,799,72,12,1,804,21,2,6999000,13998000.0,0.0,13998000.0,10078000.0,3920000.0
1879,TRX-00805,DTL-001879,20241021,1000,97,24,2,805,19,1,1565000,1565000.0,78250.0,1486750.0,1127000.0,359750.0
1880,TRX-00805,DTL-001880,20241021,1000,5,24,2,805,2,1,13999000,13999000.0,1119920.0,12879080.0,10079000.0,2800080.0
1881,TRX-00805,DTL-001881,20241021,1000,60,24,2,805,21,1,4999000,4999000.0,0.0,4999000.0,3599000.0,1400000.0
1882,TRX-00806,DTL-001882,20241218,918,75,25,2,806,2,2,4699000,9398000.0,751840.0,8646160.0,6766000.0,1880160.0
1883,TRX-00807,DTL-001883,20250220,640,55,2,2,807,21,1,3299000,3299000.0,0.0,3299000.0,2375000.0,924000.0
1884,TRX-00808,DTL-001884,20250504,252,59,5,2,808,21,1,2299000,2299000.0,0.0,2299000.0,1655000.0,644000.0
1885,TRX-00809,DTL-001885,20241018,226,57,16,3,809,21,2,5999000,11998000.0,0.0,11998000.0,8638000.0,3360000.0
1886,TRX-00810,DTL-001886,20241210,771,53,18,2,810,21,2,5099000,10198000.0,0.0,10198000.0,7342000.0,2856000.0
1887,TRX-00810,DTL-001887,20241210,771,61,18,2,810,13,1,5599000,5599000.0,559900.0,5039100.0,4031000.0,1008100.0
1888,TRX-00810,DTL-001888,20241210,771,32,18,2,810,21,1,28499000,28499000.0,0.0,28499000.0,20519000.0,7980000.0
1889,TRX-00810,DTL-001889,20241210,771,90,18,2,810,21,1,699000,699000.0,0.0,699000.0,503000.0,196000.0
1890,TRX-00811,DTL-001890,20240921,207,97,22,3,811,21,1,1565000,1565000.0,0.0,1565000.0,1127000.0,438000.0
1891,TRX-00811,DTL-001891,20240921,207,87,22,3,811,16,1,1199000,1199000.0,59950.0,1139050.0,863000.0,276050.0
1892,TRX-00812,DTL-001892,20240201,718,47,14,3,812,21,1,12499000,12499000.0,0.0,12499000.0,8999000.0,3500000.0
1893,TRX-00812,DTL-001893,20240201,718,25,14,3,812,21,2,24499000,48998000.0,0.0,48998000.0,35278000.0,13720000.0
1894,TRX-00813,DTL-001894,20241013,828,20,8,2,813,12,1,3999000,3999000.0,399900.0,3599100.0,2879000.0,720100.0
1895,TRX-00813,DTL-001895,20241013,828,45,8,2,813,21,1,3999000,3999000.0,0.0,3999000.0,2879000.0,1120000.0
1896,TRX-00813,DTL-001896,20241013,828,4,8,2,813,21,1,16999000,16999000.0,0.0,16999000.0,12239000.0,4760000.0
1897,TRX-00813,DTL-001897,20241013,828,13,8,2,813,21,1,6499000,6499000.0,0.0,6499000.0,4679000.0,1820000.0
1898,TRX-00814,DTL-001898,20250111,641,58,5,2,814,21,1,4999000,4999000.0,0.0,4999000.0,3599000.0,1400000.0
1899,TRX-00815,DTL-001899,20240526,785,58,5,1,815,21,1,4999000,4999000.0,0.0,4999000.0,3599000.0,1400000.0
1900,TRX-00815,DTL-001900,20240526,785,23,5,1,815,10,1,499000,499000.0,24950.0,474050.0,359000.0,115050.0
1901,TRX-00815,DTL-001901,20240526,785,28,5,1,815,21,1,20999000,20999000.0,0.0,20999000.0,15119000.0,5880000.0
1902,TRX-00816,DTL-001902,20240315,448,88,22,1,816,21,1,2799000,2799000.0,0.0,2799000.0,2015000.0,784000.0
1903,TRX-00816,DTL-001903,20240315,448,42,22,1,816,21,1,3499000,3499000.0,0.0,3499000.0,2519000.0,980000.0
1904,TRX-00817,DTL-001904,20241219,879,14,5,2,817,21,1,9499000,9499000.0,0.0,9499000.0,6839000.0,2660000.0
1905,TRX-00818,DTL-001905,20240405,862,96,5,2,818,1,1,1599000,1599000.0,47970.0,1551030.0,1151000.0,400030.0
1906,TRX-00819,DTL-001906,20250208,456,41,1,2,819,16,1,6499000,6499000.0,324950.0,6174050.0,4679000.0,1495050.0
1907,TRX-00820,DTL-001907,20240604,51,91,24,1,820,12,1,699000,699000.0,69900.0,629100.0,503000.0,126100.0
1908,TRX-00820,DTL-001908,20240604,51,6,24,1,820,21,2,12499000,24998000.0,0.0,24998000.0,17998000.0,7000000.0
1909,TRX-00820,DTL-001909,20240604,51,74,24,1,820,6,2,5999000,11998000.0,359940.0,11638060.0,8638000.0,3000060.0
1910,TRX-00821,DTL-001910,20240619,511,55,24,2,821,8,1,3299000,3299000.0,164950.0,3134050.0,2375000.0,759050.0
1911,TRX-00821,DTL-001911,20240619,511,57,24,2,821,13,1,5999000,5999000.0,599900.0,5399100.0,4319000.0,1080100.0
1912,TRX-00821,DTL-001912,20240619,511,68,24,2,821,21,2,3499000,6998000.0,0.0,6998000.0,5038000.0,1960000.0
1913,TRX-00822,DTL-001913,20240223,268,73,20,2,822,21,2,4299000,8598000.0,0.0,8598000.0,6190000.0,2408000.0
1914,TRX-00822,DTL-001914,20240223,268,20,20,2,822,21,1,3999000,3999000.0,0.0,3999000.0,2879000.0,1120000.0
1915,TRX-00822,DTL-001915,20240223,268,46,20,2,822,21,3,2999000,8997000.0,0.0,8997000.0,6477000.0,2520000.0
1916,TRX-00823,DTL-001916,20250501,733,56,23,2,823,21,1,5799000,5799000.0,0.0,5799000.0,4175000.0,1624000.0
1917,TRX-00823,DTL-001917,20250501,733,88,23,2,823,21,1,2799000,2799000.0,0.0,2799000.0,2015000.0,784000.0
1918,TRX-00824,DTL-001918,20240303,66,72,12,3,824,6,1,6999000,6999000.0,209970.0,6789030.0,5039000.0,1750030.0
1919,TRX-00824,DTL-001919,20240303,66,15,12,3,824,20,2,13599000,27198000.0,1359900.0,25838100.0,19582000.0,6256100.0
1920,TRX-00825,DTL-001920,20250414,202,81,2,2,825,21,2,7999000,15998000.0,0.0,15998000.0,11518000.0,4480000.0
1921,TRX-00825,DTL-001921,20250414,202,37,2,2,825,3,1,2999000,2999000.0,239920.0,2759080.0,2159000.0,600080.0
1922,TRX-00825,DTL-001922,20250414,202,52,2,2,825,21,1,2099000,2099000.0,0.0,2099000.0,1511000.0,588000.0
1923,TRX-00826,DTL-001923,20250418,415,73,20,2,826,21,1,4299000,4299000.0,0.0,4299000.0,3095000.0,1204000.0
1924,TRX-00826,DTL-001924,20250418,415,95,20,2,826,11,1,399000,399000.0,31920.0,367080.0,287000.0,80080.0
1925,TRX-00826,DTL-001925,20250418,415,70,20,2,826,21,1,6499000,6499000.0,0.0,6499000.0,4679000.0,1820000.0
1926,TRX-00827,DTL-001926,20250426,754,14,23,2,827,1,1,9499000,9499000.0,284970.0,9214030.0,6839000.0,2375030.0
1927,TRX-00827,DTL-001927,20250426,754,90,23,2,827,21,1,699000,699000.0,0.0,699000.0,503000.0,196000.0
1928,TRX-00828,DTL-001928,20240918,603,6,12,2,828,21,1,12499000,12499000.0,0.0,12499000.0,8999000.0,3500000.0
1929,TRX-00828,DTL-001929,20240918,603,24,12,2,828,7,1,399000,399000.0,39900.0,359100.0,287000.0,72100.0
1930,TRX-00829,DTL-001930,20240612,97,41,15,2,829,8,1,6499000,6499000.0,324950.0,6174050.0,4679000.0,1495050.0
1931,TRX-00829,DTL-001931,20240612,97,1,15,2,829,21,2,20499000,40998000.0,0.0,40998000.0,29518000.0,11480000.0
1932,TRX-00830,DTL-001932,20240726,350,7,7,3,830,21,1,9999000,9999000.0,0.0,9999000.0,7199000.0,2800000.0
1933,TRX-00831,DTL-001933,20240312,728,92,2,2,831,21,1,649000,649000.0,0.0,649000.0,467000.0,182000.0
1934,TRX-00831,DTL-001934,20240312,728,54,2,2,831,21,1,4499000,4499000.0,0.0,4499000.0,3239000.0,1260000.0
1935,TRX-00832,DTL-001935,20240108,484,89,5,1,832,21,1,779000,779000.0,0.0,779000.0,561000.0,218000.0
1936,TRX-00832,DTL-001936,20240108,484,40,5,1,832,21,2,15999000,31998000.0,0.0,31998000.0,23038000.0,8960000.0
1937,TRX-00832,DTL-001937,20240108,484,45,5,1,832,15,1,3999000,3999000.0,319920.0,3679080.0,2879000.0,800080.0
1938,TRX-00832,DTL-001938,20240108,484,66,5,1,832,21,2,5499000,10998000.0,0.0,10998000.0,7918000.0,3080000.0
1939,TRX-00833,DTL-001939,20250528,710,97,24,2,833,19,1,1565000,1565000.0,78250.0,1486750.0,1127000.0,359750.0
1940,TRX-00833,DTL-001940,20250528,710,35,24,2,833,21,1,4999000,4999000.0,0.0,4999000.0,3599000.0,1400000.0
1941,TRX-00833,DTL-001941,20250528,710,90,24,2,833,4,1,699000,699000.0,83880.0,615120.0,503000.0,112120.0
1942,TRX-00834,DTL-001942,20241024,988,15,2,2,834,21,2,13599000,27198000.0,0.0,27198000.0,19582000.0,7616000.0
1943,TRX-00834,DTL-001943,20241024,988,61,2,2,834,21,1,5599000,5599000.0,0.0,5599000.0,4031000.0,1568000.0
1944,TRX-00834,DTL-001944,20241024,988,88,2,2,834,21,1,2799000,2799000.0,0.0,2799000.0,2015000.0,784000.0
1945,TRX-00835,DTL-001945,20250501,625,4,14,3,835,21,1,16999000,16999000.0,0.0,16999000.0,12239000.0,4760000.0
1946,TRX-00835,DTL-001946,20250501,625,24,14,3,835,21,1,399000,399000.0,0.0,399000.0,287000.0,112000.0
1947,TRX-00836,DTL-001947,20240929,376,1,5,2,836,12,1,20499000,20499000.0,2049900.0,18449100.0,14759000.0,3690100.0
1948,TRX-00836,DTL-001948,20240929,376,16,5,2,836,21,1,14999000,14999000.0,0.0,14999000.0,10799000.0,4200000.0
1949,TRX-00836,DTL-001949,20240929,376,97,5,2,836,21,2,1565000,3130000.0,0.0,3130000.0,2254000.0,876000.0
1950,TRX-00836,DTL-001950,20240929,376,10,5,2,836,2,3,12599000,37797000.0,3023760.0,34773240.0,27213000.0,7560240.0
1951,TRX-00837,DTL-001951,20240114,292,78,16,1,837,15,1,21999000,21999000.0,1759920.0,20239080.0,15839000.0,4400080.0
1952,TRX-00837,DTL-001952,20240114,292,33,16,1,837,21,2,15999000,31998000.0,0.0,31998000.0,23038000.0,8960000.0
1953,TRX-00837,DTL-001953,20240114,292,76,16,1,837,21,1,2999000,2999000.0,0.0,2999000.0,2159000.0,840000.0
1954,TRX-00838,DTL-001954,20240604,1000,53,2,2,838,8,1,5099000,5099000.0,254950.0,4844050.0,3671000.0,1173050.0
1955,TRX-00838,DTL-001955,20240604,1000,64,2,2,838,21,2,7499000,14998000.0,0.0,14998000.0,10798000.0,4200000.0
1956,TRX-00839,DTL-001956,20241022,367,6,16,2,839,21,1,12499000,12499000.0,0.0,12499000.0,8999000.0,3500000.0
1957,TRX-00839,DTL-001957,20241022,367,66,16,2,839,21,1,5499000,5499000.0,0.0,5499000.0,3959000.0,1540000.0
1958,TRX-00839,DTL-001958,20241022,367,19,16,2,839,21,1,14999000,14999000.0,0.0,14999000.0,10799000.0,4200000.0
1959,TRX-00840,DTL-001959,20240902,1000,65,7,1,840,13,1,6299000,6299000.0,629900.0,5669100.0,4535000.0,1134100.0
1960,TRX-00841,DTL-001960,20250206,911,47,19,2,841,1,1,12499000,12499000.0,374970.0,12124030.0,8999000.0,3125030.0
1961,TRX-00841,DTL-001961,20250206,911,39,19,2,841,21,2,13999000,27998000.0,0.0,27998000.0,20158000.0,7840000.0
1962,TRX-00841,DTL-001962,20250206,911,41,19,2,841,21,1,6499000,6499000.0,0.0,6499000.0,4679000.0,1820000.0
1963,TRX-00841,DTL-001963,20250206,911,83,19,2,841,21,1,7499000,7499000.0,0.0,7499000.0,5399000.0,2100000.0
1964,TRX-00842,DTL-001964,20241123,1000,65,25,3,842,21,2,6299000,12598000.0,0.0,12598000.0,9070000.0,3528000.0
1965,TRX-00842,DTL-001965,20241123,1000,88,25,3,842,21,1,2799000,2799000.0,0.0,2799000.0,2015000.0,784000.0
1966,TRX-00843,DTL-001966,20241123,223,13,13,1,843,21,2,6499000,12998000.0,0.0,12998000.0,9358000.0,3640000.0
1967,TRX-00843,DTL-001967,20241123,223,35,13,1,843,1,1,4999000,4999000.0,149970.0,4849030.0,3599000.0,1250030.0
1968,TRX-00844,DTL-001968,20240308,745,10,1,2,844,20,3,12599000,37797000.0,1889850.0,35907150.0,27213000.0,8694150.0
1969,TRX-00844,DTL-001969,20240308,745,41,1,2,844,8,3,6499000,19497000.0,974850.0,18522150.0,14037000.0,4485150.0
1970,TRX-00844,DTL-001970,20240308,745,84,1,2,844,21,1,1399000,1399000.0,0.0,1399000.0,1007000.0,392000.0
1971,TRX-00844,DTL-001971,20240308,745,90,1,2,844,21,2,699000,1398000.0,0.0,1398000.0,1006000.0,392000.0
1972,TRX-00845,DTL-001972,20240925,428,88,14,2,845,21,1,2799000,2799000.0,0.0,2799000.0,2015000.0,784000.0
1973,TRX-00845,DTL-001973,20240925,428,67,14,2,845,21,1,3999000,3999000.0,0.0,3999000.0,2879000.0,1120000.0
1974,TRX-00846,DTL-001974,20250315,886,81,25,3,846,21,1,7999000,7999000.0,0.0,7999000.0,5759000.0,2240000.0
1975,TRX-00846,DTL-001975,20250315,886,64,25,3,846,21,1,7499000,7499000.0,0.0,7499000.0,5399000.0,2100000.0
1976,TRX-00847,DTL-001976,20240331,970,91,7,2,847,21,1,699000,699000.0,0.0,699000.0,503000.0,196000.0
1977,TRX-00848,DTL-001977,20240406,765,31,10,1,848,21,1,20999000,20999000.0,0.0,20999000.0,15119000.0,5880000.0
1978,TRX-00849,DTL-001978,20240416,491,11,23,3,849,21,1,15999000,15999000.0,0.0,15999000.0,11519000.0,4480000.0
1979,TRX-00849,DTL-001979,20240416,491,53,23,3,849,21,2,5099000,10198000.0,0.0,10198000.0,7342000.0,2856000.0
1980,TRX-00849,DTL-001980,20240416,491,30,23,3,849,21,1,13499000,13499000.0,0.0,13499000.0,9719000.0,3780000.0
1981,TRX-00849,DTL-001981,20240416,491,13,23,3,849,17,1,6499000,6499000.0,779880.0,5719120.0,4679000.0,1040120.0
1982,TRX-00850,DTL-001982,20250210,471,34,13,2,850,21,1,5999000,5999000.0,0.0,5999000.0,4319000.0,1680000.0
1983,TRX-00850,DTL-001983,20250210,471,25,13,2,850,21,1,24499000,24499000.0,0.0,24499000.0,17639000.0,6860000.0
1984,TRX-00851,DTL-001984,20250210,333,91,6,2,851,21,1,699000,699000.0,0.0,699000.0,503000.0,196000.0
1985,TRX-00851,DTL-001985,20250210,333,85,6,2,851,21,1,399000,399000.0,0.0,399000.0,287000.0,112000.0
1986,TRX-00852,DTL-001986,20240418,489,26,16,3,852,21,1,19499000,19499000.0,0.0,19499000.0,14039000.0,5460000.0
1987,TRX-00852,DTL-001987,20240418,489,68,16,3,852,17,1,3499000,3499000.0,419880.0,3079120.0,2519000.0,560120.0
1988,TRX-00853,DTL-001988,20240126,941,2,23,1,853,21,1,23499000,23499000.0,0.0,23499000.0,16919000.0,6580000.0
1989,TRX-00853,DTL-001989,20240126,941,5,23,1,853,21,2,13999000,27998000.0,0.0,27998000.0,20158000.0,7840000.0
1990,TRX-00853,DTL-001990,20240126,941,1,23,1,853,21,1,20499000,20499000.0,0.0,20499000.0,14759000.0,5740000.0
1991,TRX-00853,DTL-001991,20240126,941,80,23,1,853,4,1,10999000,10999000.0,1319880.0,9679120.0,7919000.0,1760120.0
1992,TRX-00854,DTL-001992,20241225,452,6,3,1,854,21,3,12499000,37497000.0,0.0,37497000.0,26997000.0,10500000.0
1993,TRX-00854,DTL-001993,20241225,452,53,3,1,854,21,1,5099000,5099000.0,0.0,5099000.0,3671000.0,1428000.0
1994,TRX-00854,DTL-001994,20241225,452,64,3,1,854,19,1,7499000,7499000.0,374950.0,7124050.0,5399000.0,1725050.0
1995,TRX-00855,DTL-001995,20250402,358,75,21,2,855,4,1,4699000,4699000.0,563880.0,4135120.0,3383000.0,752120.0
1996,TRX-00855,DTL-001996,20250402,358,6,21,2,855,3,1,12499000,12499000.0,999920.0,11499080.0,8999000.0,2500080.0
1997,TRX-00855,DTL-001997,20250402,358,17,21,2,855,20,1,22999000,22999000.0,1149950.0,21849050.0,16559000.0,5290050.0
1998,TRX-00855,DTL-001998,20250402,358,26,21,2,855,21,1,19499000,19499000.0,0.0,19499000.0,14039000.0,5460000.0
1999,TRX-00856,DTL-001999,20240124,353,44,5,2,856,21,1,4499000,4499000.0,0.0,4499000.0,3239000.0,1260000.0
2000,TRX-00857,DTL-002000,20240212,655,77,7,2,857,12,1,1999000,1999000.0,199900.0,1799100.0,1439000.0,360100.0
2001,TRX-00857,DTL-002001,20240212,655,40,7,2,857,21,1,15999000,15999000.0,0.0,15999000.0,11519000.0,4480000.0
2002,TRX-00857,DTL-002002,20240212,655,3,7,2,857,21,1,18499000,18499000.0,0.0,18499000.0,13319000.0,5180000.0
2003,TRX-00857,DTL-002003,20240212,655,41,7,2,857,20,1,6499000,6499000.0,324950.0,6174050.0,4679000.0,1495050.0
2004,TRX-00858,DTL-002004,20240404,313,66,13,2,858,21,1,5499000,5499000.0,0.0,5499000.0,3959000.0,1540000.0
2005,TRX-00858,DTL-002005,20240404,313,67,13,2,858,21,1,3999000,3999000.0,0.0,3999000.0,2879000.0,1120000.0
2006,TRX-00859,DTL-002006,20241107,339,19,24,2,859,21,1,14999000,14999000.0,0.0,14999000.0,10799000.0,4200000.0
2007,TRX-00859,DTL-002007,20241107,339,25,24,2,859,21,1,24499000,24499000.0,0.0,24499000.0,17639000.0,6860000.0
2008,TRX-00860,DTL-002008,20241001,576,3,24,3,860,21,2,18499000,36998000.0,0.0,36998000.0,26638000.0,10360000.0
2009,TRX-00860,DTL-002009,20241001,576,88,24,3,860,21,1,2799000,2799000.0,0.0,2799000.0,2015000.0,784000.0
2010,TRX-00860,DTL-002010,20241001,576,93,24,3,860,21,1,699000,699000.0,0.0,699000.0,503000.0,196000.0
2011,TRX-00860,DTL-002011,20241001,576,81,24,3,860,21,1,7999000,7999000.0,0.0,7999000.0,5759000.0,2240000.0
2012,TRX-00861,DTL-002012,20240131,374,54,17,2,861,5,2,4499000,8998000.0,719840.0,8278160.0,6478000.0,1800160.0
2013,TRX-00862,DTL-002013,20240914,747,39,14,2,862,21,1,13999000,13999000.0,0.0,13999000.0,10079000.0,3920000.0
2014,TRX-00862,DTL-002014,20240914,747,21,14,2,862,21,1,2499000,2499000.0,0.0,2499000.0,1799000.0,700000.0
2015,TRX-00862,DTL-002015,20240914,747,35,14,2,862,1,1,4999000,4999000.0,149970.0,4849030.0,3599000.0,1250030.0
2016,TRX-00863,DTL-002016,20240109,177,39,25,2,863,21,1,13999000,13999000.0,0.0,13999000.0,10079000.0,3920000.0
2017,TRX-00863,DTL-002017,20240109,177,24,25,2,863,21,1,399000,399000.0,0.0,399000.0,287000.0,112000.0
2018,TRX-00863,DTL-002018,20240109,177,16,25,2,863,21,2,14999000,29998000.0,0.0,29998000.0,21598000.0,8400000.0
2019,TRX-00864,DTL-002019,20240105,65,27,14,3,864,1,3,16499000,49497000.0,1484910.0,48012090.0,35637000.0,12375090.0
2020,TRX-00865,DTL-002020,20241217,576,92,4,2,865,14,2,649000,1298000.0,38940.0,1259060.0,934000.0,325060.0
2021,TRX-00865,DTL-002021,20241217,576,7,4,2,865,21,1,9999000,9999000.0,0.0,9999000.0,7199000.0,2800000.0
2022,TRX-00866,DTL-002022,20241204,743,67,4,3,866,21,1,3999000,3999000.0,0.0,3999000.0,2879000.0,1120000.0
2023,TRX-00867,DTL-002023,20250416,861,85,22,2,867,1,1,399000,399000.0,11970.0,387030.0,287000.0,100030.0
2024,TRX-00867,DTL-002024,20250416,861,74,22,2,867,21,1,5999000,5999000.0,0.0,5999000.0,4319000.0,1680000.0
2025,TRX-00867,DTL-002025,20250416,861,17,22,2,867,21,1,22999000,22999000.0,0.0,22999000.0,16559000.0,6440000.0
2026,TRX-00867,DTL-002026,20250416,861,49,22,2,867,21,1,6999000,6999000.0,0.0,6999000.0,5039000.0,1960000.0
2027,TRX-00868,DTL-002027,20240323,81,40,16,1,868,21,1,15999000,15999000.0,0.0,15999000.0,11519000.0,4480000.0
2028,TRX-00868,DTL-002028,20240323,81,18,16,1,868,21,1,7999000,7999000.0,0.0,7999000.0,5759000.0,2240000.0
2029,TRX-00868,DTL-002029,20240323,81,55,16,1,868,21,1,3299000,3299000.0,0.0,3299000.0,2375000.0,924000.0
2030,TRX-00869,DTL-002030,20240420,453,7,9,2,869,10,1,9999000,9999000.0,499950.0,9499050.0,7199000.0,2300050.0
2031,TRX-00870,DTL-002031,20240619,104,58,6,3,870,21,1,4999000,4999000.0,0.0,4999000.0,3599000.0,1400000.0
2032,TRX-00870,DTL-002032,20240619,104,19,6,3,870,21,1,14999000,14999000.0,0.0,14999000.0,10799000.0,4200000.0
2033,TRX-00870,DTL-002033,20240619,104,84,6,3,870,18,1,1399000,1399000.0,209850.0,1189150.0,1007000.0,182150.0
2034,TRX-00871,DTL-002034,20250317,241,63,20,2,871,21,1,6999000,6999000.0,0.0,6999000.0,5039000.0,1960000.0
2035,TRX-00871,DTL-002035,20250317,241,33,20,2,871,10,1,15999000,15999000.0,799950.0,15199050.0,11519000.0,3680050.0
2036,TRX-00872,DTL-002036,20240508,452,45,8,2,872,7,1,3999000,3999000.0,399900.0,3599100.0,2879000.0,720100.0
2037,TRX-00872,DTL-002037,20240508,452,67,8,2,872,21,2,3999000,7998000.0,0.0,7998000.0,5758000.0,2240000.0
2038,TRX-00872,DTL-002038,20240508,452,42,8,2,872,21,1,3499000,3499000.0,0.0,3499000.0,2519000.0,980000.0
2039,TRX-00872,DTL-002039,20240508,452,66,8,2,872,21,1,5499000,5499000.0,0.0,5499000.0,3959000.0,1540000.0
2040,TRX-00873,DTL-002040,20250113,305,7,12,2,873,21,1,9999000,9999000.0,0.0,9999000.0,7199000.0,2800000.0
2041,TRX-00873,DTL-002041,20250113,305,99,12,2,873,4,1,3079000,3079000.0,369480.0,2709520.0,2217000.0,492520.0
2042,TRX-00873,DTL-002042,20250113,305,69,12,2,873,21,1,1599000,1599000.0,0.0,1599000.0,1151000.0,448000.0
2043,TRX-00873,DTL-002043,20250113,305,58,12,2,873,21,1,4999000,4999000.0,0.0,4999000.0,3599000.0,1400000.0
2044,TRX-00874,DTL-002044,20240125,199,80,3,2,874,19,1,10999000,10999000.0,549950.0,10449050.0,7919000.0,2530050.0
2045,TRX-00874,DTL-002045,20240125,199,28,3,2,874,21,1,20999000,20999000.0,0.0,20999000.0,15119000.0,5880000.0
2046,TRX-00874,DTL-002046,20240125,199,33,3,2,874,20,1,15999000,15999000.0,799950.0,15199050.0,11519000.0,3680050.0
2047,TRX-00874,DTL-002047,20240125,199,20,3,2,874,21,2,3999000,7998000.0,0.0,7998000.0,5758000.0,2240000.0
2048,TRX-00875,DTL-002048,20250221,972,3,22,2,875,21,2,18499000,36998000.0,0.0,36998000.0,26638000.0,10360000.0
2049,TRX-00875,DTL-002049,20250221,972,19,22,2,875,21,2,14999000,29998000.0,0.0,29998000.0,21598000.0,8400000.0
2050,TRX-00875,DTL-002050,20250221,972,14,22,2,875,3,1,9499000,9499000.0,759920.0,8739080.0,6839000.0,1900080.0
2051,TRX-00876,DTL-002051,20240224,840,6,20,2,876,21,1,12499000,12499000.0,0.0,12499000.0,8999000.0,3500000.0
2052,TRX-00877,DTL-002052,20250416,792,16,1,2,877,21,1,14999000,14999000.0,0.0,14999000.0,10799000.0,4200000.0
2053,TRX-00878,DTL-002053,20240323,261,16,9,3,878,4,2,14999000,29998000.0,3599760.0,26398240.0,21598000.0,4800240.0
2054,TRX-00878,DTL-002054,20240323,261,15,9,3,878,21,1,13599000,13599000.0,0.0,13599000.0,9791000.0,3808000.0
2055,TRX-00879,DTL-002055,20240205,654,69,12,2,879,21,1,1599000,1599000.0,0.0,1599000.0,1151000.0,448000.0
2056,TRX-00880,DTL-002056,20240729,471,93,22,2,880,21,1,699000,699000.0,0.0,699000.0,503000.0,196000.0
2057,TRX-00880,DTL-002057,20240729,471,24,22,2,880,21,1,399000,399000.0,0.0,399000.0,287000.0,112000.0
2058,TRX-00881,DTL-002058,20240515,1000,41,25,3,881,21,1,6499000,6499000.0,0.0,6499000.0,4679000.0,1820000.0
2059,TRX-00881,DTL-002059,20240515,1000,43,25,3,881,4,1,8999000,8999000.0,1079880.0,7919120.0,6479000.0,1440120.0
2060,TRX-00882,DTL-002060,20240829,758,24,7,2,882,20,1,399000,399000.0,19950.0,379050.0,287000.0,92050.0
2061,TRX-00882,DTL-002061,20240829,758,23,7,2,882,21,1,499000,499000.0,0.0,499000.0,359000.0,140000.0
2062,TRX-00882,DTL-002062,20240829,758,35,7,2,882,21,1,4999000,4999000.0,0.0,4999000.0,3599000.0,1400000.0
2063,TRX-00882,DTL-002063,20240829,758,91,7,2,882,21,1,699000,699000.0,0.0,699000.0,503000.0,196000.0
2064,TRX-00883,DTL-002064,20240113,724,24,10,3,883,21,1,399000,399000.0,0.0,399000.0,287000.0,112000.0
2065,TRX-00883,DTL-002065,20240113,724,12,10,3,883,3,1,11499000,11499000.0,919920.0,10579080.0,8279000.0,2300080.0
2066,TRX-00883,DTL-002066,20240113,724,71,10,3,883,21,2,4999000,9998000.0,0.0,9998000.0,7198000.0,2800000.0
2067,TRX-00884,DTL-002067,20250108,688,100,18,2,884,11,1,1799000,1799000.0,143920.0,1655080.0,1295000.0,360080.0
2068,TRX-00884,DTL-002068,20250108,688,42,18,2,884,18,1,3499000,3499000.0,524850.0,2974150.0,2519000.0,455150.0
2069,TRX-00885,DTL-002069,20250107,632,100,13,2,885,13,1,1799000,1799000.0,179900.0,1619100.0,1295000.0,324100.0
2070,TRX-00885,DTL-002070,20250107,632,20,13,2,885,14,1,3999000,3999000.0,119970.0,3879030.0,2879000.0,1000030.0
2071,TRX-00886,DTL-002071,20240524,411,92,4,2,886,21,2,649000,1298000.0,0.0,1298000.0,934000.0,364000.0
2072,TRX-00886,DTL-002072,20240524,411,50,4,2,886,21,1,8499000,8499000.0,0.0,8499000.0,6119000.0,2380000.0
2073,TRX-00886,DTL-002073,20240524,411,26,4,2,886,21,1,19499000,19499000.0,0.0,19499000.0,14039000.0,5460000.0
2074,TRX-00887,DTL-002074,20241020,223,66,22,2,887,21,1,5499000,5499000.0,0.0,5499000.0,3959000.0,1540000.0
2075,TRX-00887,DTL-002075,20241020,223,48,22,2,887,13,2,16999000,33998000.0,3399800.0,30598200.0,24478000.0,6120200.0
2076,TRX-00887,DTL-002076,20241020,223,20,22,2,887,9,1,3999000,3999000.0,119970.0,3879030.0,2879000.0,1000030.0
2077,TRX-00888,DTL-002077,20240409,688,38,4,2,888,21,1,1599000,1599000.0,0.0,1599000.0,1151000.0,448000.0
2078,TRX-00889,DTL-002078,20250301,1000,14,9,1,889,21,1,9499000,9499000.0,0.0,9499000.0,6839000.0,2660000.0
2079,TRX-00889,DTL-002079,20250301,1000,94,9,1,889,21,1,2999000,2999000.0,0.0,2999000.0,2159000.0,840000.0
2080,TRX-00890,DTL-002080,20240824,226,30,16,2,890,2,1,13499000,13499000.0,1079920.0,12419080.0,9719000.0,2700080.0
2081,TRX-00890,DTL-002081,20240824,226,13,16,2,890,21,1,6499000,6499000.0,0.0,6499000.0,4679000.0,1820000.0
2082,TRX-00890,DTL-002082,20240824,226,34,16,2,890,21,1,5999000,5999000.0,0.0,5999000.0,4319000.0,1680000.0
2083,TRX-00890,DTL-002083,20240824,226,8,16,2,890,21,1,10999000,10999000.0,0.0,10999000.0,7919000.0,3080000.0
2084,TRX-00891,DTL-002084,20240229,287,40,3,2,891,21,1,15999000,15999000.0,0.0,15999000.0,11519000.0,4480000.0
2085,TRX-00891,DTL-002085,20240229,287,2,3,2,891,17,1,23499000,23499000.0,2819880.0,20679120.0,16919000.0,3760120.0
2086,TRX-00891,DTL-002086,20240229,287,66,3,2,891,5,1,5499000,5499000.0,439920.0,5059080.0,3959000.0,1100080.0
2087,TRX-00891,DTL-002087,20240229,287,23,3,2,891,6,1,499000,499000.0,14970.0,484030.0,359000.0,125030.0
2088,TRX-00892,DTL-002088,20250214,492,31,11,3,892,21,1,20999000,20999000.0,0.0,20999000.0,15119000.0,5880000.0
2089,TRX-00892,DTL-002089,20250214,492,13,11,3,892,21,1,6499000,6499000.0,0.0,6499000.0,4679000.0,1820000.0
2090,TRX-00892,DTL-002090,20250214,492,45,11,3,892,21,2,3999000,7998000.0,0.0,7998000.0,5758000.0,2240000.0
2091,TRX-00893,DTL-002091,20241119,110,40,16,2,893,21,2,15999000,31998000.0,0.0,31998000.0,23038000.0,8960000.0
2092,TRX-00894,DTL-002092,20240414,1000,87,7,2,894,21,1,1199000,1199000.0,0.0,1199000.0,863000.0,336000.0
2093,TRX-00894,DTL-002093,20240414,1000,88,7,2,894,14,2,2799000,5598000.0,167940.0,5430060.0,4030000.0,1400060.0
2094,TRX-00895,DTL-002094,20240701,106,82,14,2,895,21,1,7499000,7499000.0,0.0,7499000.0,5399000.0,2100000.0
2095,TRX-00895,DTL-002095,20240701,106,20,14,2,895,6,1,3999000,3999000.0,119970.0,3879030.0,2879000.0,1000030.0
2096,TRX-00896,DTL-002096,20240224,171,9,23,3,896,21,1,12999000,12999000.0,0.0,12999000.0,9359000.0,3640000.0
2097,TRX-00897,DTL-002097,20240624,708,52,7,2,897,19,2,2099000,4198000.0,209900.0,3988100.0,3022000.0,966100.0
2098,TRX-00897,DTL-002098,20240624,708,49,7,2,897,18,2,6999000,13998000.0,2099700.0,11898300.0,10078000.0,1820300.0
2099,TRX-00897,DTL-002099,20240624,708,37,7,2,897,21,1,2999000,2999000.0,0.0,2999000.0,2159000.0,840000.0
2100,TRX-00897,DTL-002100,20240624,708,46,7,2,897,21,1,2999000,2999000.0,0.0,2999000.0,2159000.0,840000.0
2101,TRX-00898,DTL-002101,20241029,516,42,8,2,898,21,3,3499000,10497000.0,0.0,10497000.0,7557000.0,2940000.0
2102,TRX-00898,DTL-002102,20241029,516,43,8,2,898,21,1,8999000,8999000.0,0.0,8999000.0,6479000.0,2520000.0
2103,TRX-00898,DTL-002103,20241029,516,68,8,2,898,21,1,3499000,3499000.0,0.0,3499000.0,2519000.0,980000.0
2104,TRX-00899,DTL-002104,20240606,985,23,11,2,899,21,1,499000,499000.0,0.0,499000.0,359000.0,140000.0
2105,TRX-00899,DTL-002105,20240606,985,28,11,2,899,2,1,20999000,20999000.0,1679920.0,19319080.0,15119000.0,4200080.0
2106,TRX-00900,DTL-002106,20250307,839,80,23,3,900,21,1,10999000,10999000.0,0.0,10999000.0,7919000.0,3080000.0
2107,TRX-00900,DTL-002107,20250307,839,38,23,3,900,21,1,1599000,1599000.0,0.0,1599000.0,1151000.0,448000.0
2108,TRX-00900,DTL-002108,20250307,839,54,23,3,900,21,1,4499000,4499000.0,0.0,4499000.0,3239000.0,1260000.0
2109,TRX-00900,DTL-002109,20250307,839,74,23,3,900,6,1,5999000,5999000.0,179970.0,5819030.0,4319000.0,1500030.0
2110,TRX-00901,DTL-002110,20241117,618,17,8,2,901,21,1,22999000,22999000.0,0.0,22999000.0,16559000.0,6440000.0
2111,TRX-00901,DTL-002111,20241117,618,96,8,2,901,19,1,1599000,1599000.0,79950.0,1519050.0,1151000.0,368050.0
2112,TRX-00901,DTL-002112,20241117,618,75,8,2,901,21,1,4699000,4699000.0,0.0,4699000.0,3383000.0,1316000.0
2113,TRX-00901,DTL-002113,20241117,618,62,8,2,901,18,1,5999000,5999000.0,899850.0,5099150.0,4319000.0,780150.0
2114,TRX-00902,DTL-002114,20240202,888,71,6,1,902,21,1,4999000,4999000.0,0.0,4999000.0,3599000.0,1400000.0
2115,TRX-00902,DTL-002115,20240202,888,95,6,1,902,21,1,399000,399000.0,0.0,399000.0,287000.0,112000.0
2116,TRX-00902,DTL-002116,20240202,888,80,6,1,902,12,1,10999000,10999000.0,1099900.0,9899100.0,7919000.0,1980100.0
2117,TRX-00903,DTL-002117,20250426,30,72,16,2,903,21,1,6999000,6999000.0,0.0,6999000.0,5039000.0,1960000.0
2118,TRX-00904,DTL-002118,20240623,97,15,23,3,904,21,2,13599000,27198000.0,0.0,27198000.0,19582000.0,7616000.0
2119,TRX-00904,DTL-002119,20240623,97,60,23,3,904,7,2,4999000,9998000.0,999800.0,8998200.0,7198000.0,1800200.0
2120,TRX-00904,DTL-002120,20240623,97,81,23,3,904,10,1,7999000,7999000.0,399950.0,7599050.0,5759000.0,1840050.0
2121,TRX-00905,DTL-002121,20241113,780,87,18,2,905,21,1,1199000,1199000.0,0.0,1199000.0,863000.0,336000.0
2122,TRX-00906,DTL-002122,20241111,916,40,3,2,906,10,1,15999000,15999000.0,799950.0,15199050.0,11519000.0,3680050.0
2123,TRX-00906,DTL-002123,20241111,916,22,3,2,906,19,1,499000,499000.0,24950.0,474050.0,359000.0,115050.0
2124,TRX-00906,DTL-002124,20241111,916,75,3,2,906,9,2,4699000,9398000.0,281940.0,9116060.0,6766000.0,2350060.0
2125,TRX-00907,DTL-002125,20240307,1000,10,10,3,907,2,1,12599000,12599000.0,1007920.0,11591080.0,9071000.0,2520080.0
2126,TRX-00907,DTL-002126,20240307,1000,100,10,3,907,21,1,1799000,1799000.0,0.0,1799000.0,1295000.0,504000.0
2127,TRX-00907,DTL-002127,20240307,1000,84,10,3,907,21,1,1399000,1399000.0,0.0,1399000.0,1007000.0,392000.0
2128,TRX-00908,DTL-002128,20240723,274,32,6,2,908,21,1,28499000,28499000.0,0.0,28499000.0,20519000.0,7980000.0
2129,TRX-00908,DTL-002129,20240723,274,44,6,2,908,21,1,4499000,4499000.0,0.0,4499000.0,3239000.0,1260000.0
2130,TRX-00909,DTL-002130,20240620,551,81,13,2,909,21,2,7999000,15998000.0,0.0,15998000.0,11518000.0,4480000.0
2131,TRX-00909,DTL-002131,20240620,551,58,13,2,909,21,1,4999000,4999000.0,0.0,4999000.0,3599000.0,1400000.0
2132,TRX-00910,DTL-002132,20241108,880,53,5,3,910,6,1,5099000,5099000.0,152970.0,4946030.0,3671000.0,1275030.0
2133,TRX-00910,DTL-002133,20241108,880,5,5,3,910,9,1,13999000,13999000.0,419970.0,13579030.0,10079000.0,3500030.0
2134,TRX-00911,DTL-002134,20240920,962,65,24,1,911,1,2,6299000,12598000.0,377940.0,12220060.0,9070000.0,3150060.0
2135,TRX-00911,DTL-002135,20240920,962,80,24,1,911,21,1,10999000,10999000.0,0.0,10999000.0,7919000.0,3080000.0
2136,TRX-00912,DTL-002136,20240629,568,35,11,2,912,21,1,4999000,4999000.0,0.0,4999000.0,3599000.0,1400000.0
2137,TRX-00913,DTL-002137,20250117,944,13,16,1,913,21,1,6499000,6499000.0,0.0,6499000.0,4679000.0,1820000.0
2138,TRX-00913,DTL-002138,20250117,944,46,16,1,913,21,2,2999000,5998000.0,0.0,5998000.0,4318000.0,1680000.0
2139,TRX-00913,DTL-002139,20250117,944,65,16,1,913,6,3,6299000,18897000.0,566910.0,18330090.0,13605000.0,4725090.0
2140,TRX-00914,DTL-002140,20240215,563,34,17,2,914,21,1,5999000,5999000.0,0.0,5999000.0,4319000.0,1680000.0
2141,TRX-00915,DTL-002141,20241008,661,73,13,2,915,21,1,4299000,4299000.0,0.0,4299000.0,3095000.0,1204000.0
2142,TRX-00915,DTL-002142,20241008,661,2,13,2,915,21,1,23499000,23499000.0,0.0,23499000.0,16919000.0,6580000.0
2143,TRX-00916,DTL-002143,20250319,268,5,20,1,916,21,1,13999000,13999000.0,0.0,13999000.0,10079000.0,3920000.0
2144,TRX-00916,DTL-002144,20250319,268,19,20,1,916,21,1,14999000,14999000.0,0.0,14999000.0,10799000.0,4200000.0
2145,TRX-00917,DTL-002145,20250205,443,6,24,2,917,21,1,12499000,12499000.0,0.0,12499000.0,8999000.0,3500000.0
2146,TRX-00918,DTL-002146,20241026,700,57,6,2,918,21,3,5999000,17997000.0,0.0,17997000.0,12957000.0,5040000.0
2147,TRX-00918,DTL-002147,20241026,700,72,6,2,918,21,2,6999000,13998000.0,0.0,13998000.0,10078000.0,3920000.0
2148,TRX-00919,DTL-002148,20240118,419,40,23,2,919,4,1,15999000,15999000.0,1919880.0,14079120.0,11519000.0,2560120.0
2149,TRX-00919,DTL-002149,20240118,419,30,23,2,919,21,2,13499000,26998000.0,0.0,26998000.0,19438000.0,7560000.0
2150,TRX-00919,DTL-002150,20240118,419,90,23,2,919,17,1,699000,699000.0,83880.0,615120.0,503000.0,112120.0
2151,TRX-00920,DTL-002151,20241205,982,80,2,2,920,10,1,10999000,10999000.0,549950.0,10449050.0,7919000.0,2530050.0
2152,TRX-00920,DTL-002152,20241205,982,96,2,2,920,21,2,1599000,3198000.0,0.0,3198000.0,2302000.0,896000.0
2153,TRX-00921,DTL-002153,20241104,1000,14,14,1,921,7,1,9499000,9499000.0,949900.0,8549100.0,6839000.0,1710100.0
2154,TRX-00921,DTL-002154,20241104,1000,42,14,1,921,21,1,3499000,3499000.0,0.0,3499000.0,2519000.0,980000.0
2155,TRX-00921,DTL-002155,20241104,1000,5,14,1,921,12,1,13999000,13999000.0,1399900.0,12599100.0,10079000.0,2520100.0
2156,TRX-00922,DTL-002156,20240327,1000,73,25,2,922,19,1,4299000,4299000.0,214950.0,4084050.0,3095000.0,989050.0
2157,TRX-00922,DTL-002157,20240327,1000,50,25,2,922,9,1,8499000,8499000.0,254970.0,8244030.0,6119000.0,2125030.0
2158,TRX-00923,DTL-002158,20250516,778,19,16,2,923,6,1,14999000,14999000.0,449970.0,14549030.0,10799000.0,3750030.0
2159,TRX-00923,DTL-002159,20250516,778,23,16,2,923,9,1,499000,499000.0,14970.0,484030.0,359000.0,125030.0
2160,TRX-00923,DTL-002160,20250516,778,14,16,2,923,19,1,9499000,9499000.0,474950.0,9024050.0,6839000.0,2185050.0
2161,TRX-00923,DTL-002161,20250516,778,98,16,2,923,21,1,1695000,1695000.0,0.0,1695000.0,1220000.0,475000.0
2162,TRX-00924,DTL-002162,20240314,380,9,15,2,924,21,2,12999000,25998000.0,0.0,25998000.0,18718000.0,7280000.0
2163,TRX-00925,DTL-002163,20241104,473,28,14,1,925,21,2,20999000,41998000.0,0.0,41998000.0,30238000.0,11760000.0
2164,TRX-00926,DTL-002164,20250515,990,99,25,3,926,7,1,3079000,3079000.0,307900.0,2771100.0,2217000.0,554100.0
2165,TRX-00926,DTL-002165,20250515,990,15,25,3,926,21,2,13599000,27198000.0,0.0,27198000.0,19582000.0,7616000.0
2166,TRX-00926,DTL-002166,20250515,990,63,25,3,926,11,1,6999000,6999000.0,559920.0,6439080.0,5039000.0,1400080.0
2167,TRX-00926,DTL-002167,20250515,990,74,25,3,926,21,2,5999000,11998000.0,0.0,11998000.0,8638000.0,3360000.0
2168,TRX-00927,DTL-002168,20240902,571,32,16,1,927,15,2,28499000,56998000.0,4559840.0,52438160.0,41038000.0,11400160.0
2169,TRX-00927,DTL-002169,20240902,571,44,16,1,927,21,1,4499000,4499000.0,0.0,4499000.0,3239000.0,1260000.0
2170,TRX-00928,DTL-002170,20240318,213,23,21,2,928,1,1,499000,499000.0,14970.0,484030.0,359000.0,125030.0
2171,TRX-00929,DTL-002171,20250116,154,99,8,3,929,10,1,3079000,3079000.0,153950.0,2925050.0,2217000.0,708050.0
2172,TRX-00929,DTL-002172,20250116,154,82,8,3,929,21,1,7499000,7499000.0,0.0,7499000.0,5399000.0,2100000.0
2173,TRX-00929,DTL-002173,20250116,154,29,8,3,929,21,1,17499000,17499000.0,0.0,17499000.0,12599000.0,4900000.0
2174,TRX-00930,DTL-002174,20250316,938,40,22,1,930,21,3,15999000,47997000.0,0.0,47997000.0,34557000.0,13440000.0
2175,TRX-00930,DTL-002175,20250316,938,46,22,1,930,21,2,2999000,5998000.0,0.0,5998000.0,4318000.0,1680000.0
2176,TRX-00930,DTL-002176,20250316,938,60,22,1,930,7,1,4999000,4999000.0,499900.0,4499100.0,3599000.0,900100.0
2177,TRX-00931,DTL-002177,20240320,613,66,17,3,931,2,1,5499000,5499000.0,439920.0,5059080.0,3959000.0,1100080.0
2178,TRX-00931,DTL-002178,20240320,613,25,17,3,931,10,1,24499000,24499000.0,1224950.0,23274050.0,17639000.0,5635050.0
2179,TRX-00932,DTL-002179,20241010,1000,36,24,3,932,20,1,3999000,3999000.0,199950.0,3799050.0,2879000.0,920050.0
2180,TRX-00932,DTL-002180,20241010,1000,26,24,3,932,21,1,19499000,19499000.0,0.0,19499000.0,14039000.0,5460000.0
2181,TRX-00933,DTL-002181,20250225,801,27,13,3,933,11,1,16499000,16499000.0,1319920.0,15179080.0,11879000.0,3300080.0
2182,TRX-00933,DTL-002182,20250225,801,6,13,3,933,21,1,12499000,12499000.0,0.0,12499000.0,8999000.0,3500000.0
2183,TRX-00934,DTL-002183,20240310,239,16,23,2,934,13,1,14999000,14999000.0,1499900.0,13499100.0,10799000.0,2700100.0
2184,TRX-00935,DTL-002184,20250507,433,97,6,2,935,2,1,1565000,1565000.0,125200.0,1439800.0,1127000.0,312800.0
2185,TRX-00936,DTL-002185,20250406,859,58,3,2,936,14,1,4999000,4999000.0,149970.0,4849030.0,3599000.0,1250030.0
2186,TRX-00936,DTL-002186,20250406,859,34,3,2,936,4,1,5999000,5999000.0,719880.0,5279120.0,4319000.0,960120.0
2187,TRX-00937,DTL-002187,20240118,939,60,24,2,937,21,1,4999000,4999000.0,0.0,4999000.0,3599000.0,1400000.0
2188,TRX-00937,DTL-002188,20240118,939,52,24,2,937,21,3,2099000,6297000.0,0.0,6297000.0,4533000.0,1764000.0
2189,TRX-00937,DTL-002189,20240118,939,82,24,2,937,21,1,7499000,7499000.0,0.0,7499000.0,5399000.0,2100000.0
2190,TRX-00938,DTL-002190,20240407,941,91,12,2,938,21,1,699000,699000.0,0.0,699000.0,503000.0,196000.0
2191,TRX-00938,DTL-002191,20240407,941,20,12,2,938,13,1,3999000,3999000.0,399900.0,3599100.0,2879000.0,720100.0
2192,TRX-00939,DTL-002192,20250108,501,15,18,2,939,21,1,13599000,13599000.0,0.0,13599000.0,9791000.0,3808000.0
2193,TRX-00939,DTL-002193,20250108,501,86,18,2,939,21,2,1199000,2398000.0,0.0,2398000.0,1726000.0,672000.0
2194,TRX-00940,DTL-002194,20250119,860,57,4,1,940,17,1,5999000,5999000.0,719880.0,5279120.0,4319000.0,960120.0
2195,TRX-00940,DTL-002195,20250119,860,35,4,1,940,21,1,4999000,4999000.0,0.0,4999000.0,3599000.0,1400000.0
2196,TRX-00941,DTL-002196,20240212,984,25,18,2,941,19,1,24499000,24499000.0,1224950.0,23274050.0,17639000.0,5635050.0
2197,TRX-00941,DTL-002197,20240212,984,45,18,2,941,5,3,3999000,11997000.0,959760.0,11037240.0,8637000.0,2400240.0
2198,TRX-00941,DTL-002198,20240212,984,30,18,2,941,21,1,13499000,13499000.0,0.0,13499000.0,9719000.0,3780000.0
2199,TRX-00942,DTL-002199,20240223,178,86,3,1,942,2,1,1199000,1199000.0,95920.0,1103080.0,863000.0,240080.0
2200,TRX-00942,DTL-002200,20240223,178,98,3,1,942,12,3,1695000,5085000.0,508500.0,4576500.0,3660000.0,916500.0
2201,TRX-00943,DTL-002201,20241230,976,36,3,1,943,21,1,3999000,3999000.0,0.0,3999000.0,2879000.0,1120000.0
2202,TRX-00943,DTL-002202,20241230,976,57,3,1,943,21,1,5999000,5999000.0,0.0,5999000.0,4319000.0,1680000.0
2203,TRX-00944,DTL-002203,20250221,680,71,25,1,944,21,1,4999000,4999000.0,0.0,4999000.0,3599000.0,1400000.0
2204,TRX-00944,DTL-002204,20250221,680,54,25,1,944,21,1,4499000,4499000.0,0.0,4499000.0,3239000.0,1260000.0
2205,TRX-00945,DTL-002205,20240707,417,66,20,2,945,2,1,5499000,5499000.0,439920.0,5059080.0,3959000.0,1100080.0
2206,TRX-00945,DTL-002206,20240707,417,22,20,2,945,21,2,499000,998000.0,0.0,998000.0,718000.0,280000.0
2207,TRX-00946,DTL-002207,20250126,96,17,1,1,946,21,2,22999000,45998000.0,0.0,45998000.0,33118000.0,12880000.0
2208,TRX-00947,DTL-002208,20240517,549,4,5,3,947,2,2,16999000,33998000.0,2719840.0,31278160.0,24478000.0,6800160.0
2209,TRX-00947,DTL-002209,20240517,549,22,5,3,947,21,1,499000,499000.0,0.0,499000.0,359000.0,140000.0
2210,TRX-00948,DTL-002210,20250125,647,24,9,3,948,21,2,399000,798000.0,0.0,798000.0,574000.0,224000.0
2211,TRX-00948,DTL-002211,20250125,647,49,9,3,948,21,1,6999000,6999000.0,0.0,6999000.0,5039000.0,1960000.0
2212,TRX-00949,DTL-002212,20240515,721,67,7,2,949,21,3,3999000,11997000.0,0.0,11997000.0,8637000.0,3360000.0
2213,TRX-00950,DTL-002213,20240511,475,58,4,2,950,1,1,4999000,4999000.0,149970.0,4849030.0,3599000.0,1250030.0
2214,TRX-00950,DTL-002214,20240511,475,47,4,2,950,21,1,12499000,12499000.0,0.0,12499000.0,8999000.0,3500000.0
2215,TRX-00950,DTL-002215,20240511,475,17,4,2,950,21,2,22999000,45998000.0,0.0,45998000.0,33118000.0,12880000.0
2216,TRX-00951,DTL-002216,20250124,178,43,6,2,951,15,1,8999000,8999000.0,719920.0,8279080.0,6479000.0,1800080.0
2217,TRX-00952,DTL-002217,20241215,264,15,3,3,952,12,1,13599000,13599000.0,1359900.0,12239100.0,9791000.0,2448100.0
2218,TRX-00952,DTL-002218,20241215,264,10,3,3,952,1,3,12599000,37797000.0,1133910.0,36663090.0,27213000.0,9450090.0
2219,TRX-00952,DTL-002219,20241215,264,56,3,3,952,21,1,5799000,5799000.0,0.0,5799000.0,4175000.0,1624000.0
2220,TRX-00953,DTL-002220,20250518,454,75,24,2,953,21,3,4699000,14097000.0,0.0,14097000.0,10149000.0,3948000.0
2221,TRX-00953,DTL-002221,20250518,454,56,24,2,953,6,1,5799000,5799000.0,173970.0,5625030.0,4175000.0,1450030.0
2222,TRX-00954,DTL-002222,20240521,101,82,24,3,954,21,1,7499000,7499000.0,0.0,7499000.0,5399000.0,2100000.0
2223,TRX-00954,DTL-002223,20240521,101,84,24,3,954,21,1,1399000,1399000.0,0.0,1399000.0,1007000.0,392000.0
2224,TRX-00954,DTL-002224,20240521,101,100,24,3,954,21,1,1799000,1799000.0,0.0,1799000.0,1295000.0,504000.0
2225,TRX-00954,DTL-002225,20240521,101,4,24,3,954,21,2,16999000,33998000.0,0.0,33998000.0,24478000.0,9520000.0
2226,TRX-00955,DTL-002226,20240504,878,38,17,2,955,5,1,1599000,1599000.0,127920.0,1471080.0,1151000.0,320080.0
2227,TRX-00955,DTL-002227,20240504,878,1,17,2,955,21,3,20499000,61497000.0,0.0,61497000.0,44277000.0,17220000.0
2228,TRX-00955,DTL-002228,20240504,878,17,17,2,955,21,1,22999000,22999000.0,0.0,22999000.0,16559000.0,6440000.0
2229,TRX-00956,DTL-002229,20250105,575,38,8,3,956,21,1,1599000,1599000.0,0.0,1599000.0,1151000.0,448000.0
2230,TRX-00956,DTL-002230,20250105,575,25,8,3,956,21,1,24499000,24499000.0,0.0,24499000.0,17639000.0,6860000.0
2231,TRX-00957,DTL-002231,20250207,262,60,17,2,957,21,1,4999000,4999000.0,0.0,4999000.0,3599000.0,1400000.0
2232,TRX-00957,DTL-002232,20250207,262,35,17,2,957,4,2,4999000,9998000.0,1199760.0,8798240.0,7198000.0,1600240.0
2233,TRX-00958,DTL-002233,20240611,550,19,1,3,958,11,1,14999000,14999000.0,1199920.0,13799080.0,10799000.0,3000080.0
2234,TRX-00958,DTL-002234,20240611,550,98,1,3,958,21,1,1695000,1695000.0,0.0,1695000.0,1220000.0,475000.0
2235,TRX-00958,DTL-002235,20240611,550,62,1,3,958,21,1,5999000,5999000.0,0.0,5999000.0,4319000.0,1680000.0
2236,TRX-00959,DTL-002236,20250223,626,54,13,2,959,21,1,4499000,4499000.0,0.0,4499000.0,3239000.0,1260000.0
2237,TRX-00959,DTL-002237,20250223,626,83,13,2,959,21,1,7499000,7499000.0,0.0,7499000.0,5399000.0,2100000.0
2238,TRX-00960,DTL-002238,20241231,490,76,11,2,960,21,1,2999000,2999000.0,0.0,2999000.0,2159000.0,840000.0
2239,TRX-00960,DTL-002239,20241231,490,12,11,2,960,21,2,11499000,22998000.0,0.0,22998000.0,16558000.0,6440000.0
2240,TRX-00960,DTL-002240,20241231,490,51,11,2,960,21,1,6499000,6499000.0,0.0,6499000.0,4679000.0,1820000.0
2241,TRX-00961,DTL-002241,20241025,951,94,6,3,961,21,1,2999000,2999000.0,0.0,2999000.0,2159000.0,840000.0
2242,TRX-00961,DTL-002242,20241025,951,19,6,3,961,21,1,14999000,14999000.0,0.0,14999000.0,10799000.0,4200000.0
2243,TRX-00962,DTL-002243,20250220,786,35,12,2,962,21,1,4999000,4999000.0,0.0,4999000.0,3599000.0,1400000.0
2244,TRX-00962,DTL-002244,20250220,786,50,12,2,962,21,1,8499000,8499000.0,0.0,8499000.0,6119000.0,2380000.0
2245,TRX-00963,DTL-002245,20240707,804,8,7,2,963,21,1,10999000,10999000.0,0.0,10999000.0,7919000.0,3080000.0
2246,TRX-00964,DTL-002246,20241014,221,97,10,2,964,20,1,1565000,1565000.0,78250.0,1486750.0,1127000.0,359750.0
2247,TRX-00965,DTL-002247,20240204,202,81,10,1,965,7,2,7999000,15998000.0,1599800.0,14398200.0,11518000.0,2880200.0
2248,TRX-00965,DTL-002248,20240204,202,76,10,1,965,16,1,2999000,2999000.0,149950.0,2849050.0,2159000.0,690050.0
2249,TRX-00966,DTL-002249,20241220,902,57,1,2,966,13,2,5999000,11998000.0,1199800.0,10798200.0,8638000.0,2160200.0
2250,TRX-00966,DTL-002250,20241220,902,23,1,2,966,12,1,499000,499000.0,49900.0,449100.0,359000.0,90100.0
2251,TRX-00967,DTL-002251,20241206,714,90,10,2,967,16,1,699000,699000.0,34950.0,664050.0,503000.0,161050.0
2252,TRX-00967,DTL-002252,20241206,714,14,10,2,967,21,2,9499000,18998000.0,0.0,18998000.0,13678000.0,5320000.0
2253,TRX-00968,DTL-002253,20250108,88,39,12,3,968,21,2,13999000,27998000.0,0.0,27998000.0,20158000.0,7840000.0
2254,TRX-00968,DTL-002254,20250108,88,44,12,3,968,7,2,4499000,8998000.0,899800.0,8098200.0,6478000.0,1620200.0
2255,TRX-00968,DTL-002255,20250108,88,38,12,3,968,21,2,1599000,3198000.0,0.0,3198000.0,2302000.0,896000.0
2256,TRX-00968,DTL-002256,20250108,88,5,12,3,968,21,1,13999000,13999000.0,0.0,13999000.0,10079000.0,3920000.0
2257,TRX-00969,DTL-002257,20250302,380,75,13,2,969,21,1,4699000,4699000.0,0.0,4699000.0,3383000.0,1316000.0
2258,TRX-00969,DTL-002258,20250302,380,94,13,2,969,21,1,2999000,2999000.0,0.0,2999000.0,2159000.0,840000.0
2259,TRX-00969,DTL-002259,20250302,380,84,13,2,969,21,2,1399000,2798000.0,0.0,2798000.0,2014000.0,784000.0
2260,TRX-00970,DTL-002260,20240412,1000,68,16,3,970,21,1,3499000,3499000.0,0.0,3499000.0,2519000.0,980000.0
2261,TRX-00970,DTL-002261,20240412,1000,60,16,3,970,9,1,4999000,4999000.0,149970.0,4849030.0,3599000.0,1250030.0
2262,TRX-00971,DTL-002262,20250315,533,93,25,3,971,21,1,699000,699000.0,0.0,699000.0,503000.0,196000.0
2263,TRX-00971,DTL-002263,20250315,533,12,25,3,971,21,1,11499000,11499000.0,0.0,11499000.0,8279000.0,3220000.0
2264,TRX-00971,DTL-002264,20250315,533,21,25,3,971,21,1,2499000,2499000.0,0.0,2499000.0,1799000.0,700000.0
2265,TRX-00972,DTL-002265,20250105,270,26,21,2,972,21,1,19499000,19499000.0,0.0,19499000.0,14039000.0,5460000.0
2266,TRX-00972,DTL-002266,20250105,270,67,21,2,972,21,1,3999000,3999000.0,0.0,3999000.0,2879000.0,1120000.0
2267,TRX-00972,DTL-002267,20250105,270,47,21,2,972,21,1,12499000,12499000.0,0.0,12499000.0,8999000.0,3500000.0
2268,TRX-00973,DTL-002268,20240929,56,64,16,3,973,3,1,7499000,7499000.0,599920.0,6899080.0,5399000.0,1500080.0
2269,TRX-00973,DTL-002269,20240929,56,34,16,3,973,21,1,5999000,5999000.0,0.0,5999000.0,4319000.0,1680000.0
2270,TRX-00974,DTL-002270,20240422,474,54,15,3,974,21,1,4499000,4499000.0,0.0,4499000.0,3239000.0,1260000.0
2271,TRX-00974,DTL-002271,20240422,474,69,15,3,974,8,1,1599000,1599000.0,79950.0,1519050.0,1151000.0,368050.0
2272,TRX-00974,DTL-002272,20240422,474,88,15,3,974,21,1,2799000,2799000.0,0.0,2799000.0,2015000.0,784000.0
2273,TRX-00974,DTL-002273,20240422,474,3,15,3,974,21,1,18499000,18499000.0,0.0,18499000.0,13319000.0,5180000.0
2274,TRX-00975,DTL-002274,20240816,749,6,21,2,975,21,1,12499000,12499000.0,0.0,12499000.0,8999000.0,3500000.0
2275,TRX-00975,DTL-002275,20240816,749,63,21,2,975,10,1,6999000,6999000.0,349950.0,6649050.0,5039000.0,1610050.0
2276,TRX-00976,DTL-002276,20250116,1000,64,25,2,976,21,1,7499000,7499000.0,0.0,7499000.0,5399000.0,2100000.0
2277,TRX-00976,DTL-002277,20250116,1000,16,25,2,976,21,1,14999000,14999000.0,0.0,14999000.0,10799000.0,4200000.0
2278,TRX-00976,DTL-002278,20250116,1000,25,25,2,976,13,2,24499000,48998000.0,4899800.0,44098200.0,35278000.0,8820200.0
2279,TRX-00977,DTL-002279,20240925,199,13,14,3,977,21,1,6499000,6499000.0,0.0,6499000.0,4679000.0,1820000.0
2280,TRX-00978,DTL-002280,20250421,608,6,15,2,978,21,1,12499000,12499000.0,0.0,12499000.0,8999000.0,3500000.0
2281,TRX-00978,DTL-002281,20250421,608,58,15,2,978,21,2,4999000,9998000.0,0.0,9998000.0,7198000.0,2800000.0
2282,TRX-00979,DTL-002282,20241123,531,5,23,2,979,21,1,13999000,13999000.0,0.0,13999000.0,10079000.0,3920000.0
2283,TRX-00979,DTL-002283,20241123,531,53,23,2,979,21,1,5099000,5099000.0,0.0,5099000.0,3671000.0,1428000.0
2284,TRX-00980,DTL-002284,20250416,675,17,2,2,980,21,2,22999000,45998000.0,0.0,45998000.0,33118000.0,12880000.0
2285,TRX-00980,DTL-002285,20250416,675,33,2,2,980,1,2,15999000,31998000.0,959940.0,31038060.0,23038000.0,8000060.0
2286,TRX-00981,DTL-002286,20241116,926,37,23,2,981,21,1,2999000,2999000.0,0.0,2999000.0,2159000.0,840000.0
2287,TRX-00982,DTL-002287,20250215,203,73,14,2,982,21,2,4299000,8598000.0,0.0,8598000.0,6190000.0,2408000.0
2288,TRX-00982,DTL-002288,20250215,203,43,14,2,982,21,1,8999000,8999000.0,0.0,8999000.0,6479000.0,2520000.0
2289,TRX-00982,DTL-002289,20250215,203,48,14,2,982,4,1,16999000,16999000.0,2039880.0,14959120.0,12239000.0,2720120.0
2290,TRX-00982,DTL-002290,20250215,203,41,14,2,982,21,1,6499000,6499000.0,0.0,6499000.0,4679000.0,1820000.0
2291,TRX-00983,DTL-002291,20241219,8,6,3,2,983,21,1,12499000,12499000.0,0.0,12499000.0,8999000.0,3500000.0
2292,TRX-00984,DTL-002292,20250218,492,31,23,2,984,8,2,20999000,41998000.0,2099900.0,39898100.0,30238000.0,9660100.0
2293,TRX-00984,DTL-002293,20250218,492,99,23,2,984,21,1,3079000,3079000.0,0.0,3079000.0,2217000.0,862000.0
2294,TRX-00985,DTL-002294,20250323,400,77,1,3,985,21,1,1999000,1999000.0,0.0,1999000.0,1439000.0,560000.0
2295,TRX-00985,DTL-002295,20250323,400,14,1,3,985,15,1,9499000,9499000.0,759920.0,8739080.0,6839000.0,1900080.0
2296,TRX-00986,DTL-002296,20250203,830,94,5,2,986,20,2,2999000,5998000.0,299900.0,5698100.0,4318000.0,1380100.0
2297,TRX-00986,DTL-002297,20250203,830,44,5,2,986,5,1,4499000,4499000.0,359920.0,4139080.0,3239000.0,900080.0
2298,TRX-00986,DTL-002298,20250203,830,52,5,2,986,3,2,2099000,4198000.0,335840.0,3862160.0,3022000.0,840160.0
2299,TRX-00986,DTL-002299,20250203,830,48,5,2,986,21,1,16999000,16999000.0,0.0,16999000.0,12239000.0,4760000.0
2300,TRX-00987,DTL-002300,20241109,463,4,9,3,987,21,1,16999000,16999000.0,0.0,16999000.0,12239000.0,4760000.0
2301,TRX-00987,DTL-002301,20241109,463,11,9,3,987,21,1,15999000,15999000.0,0.0,15999000.0,11519000.0,4480000.0
2302,TRX-00987,DTL-002302,20241109,463,96,9,3,987,2,2,1599000,3198000.0,255840.0,2942160.0,2302000.0,640160.0
2303,TRX-00988,DTL-002303,20241216,461,53,7,3,988,6,1,5099000,5099000.0,152970.0,4946030.0,3671000.0,1275030.0
2304,TRX-00988,DTL-002304,20241216,461,3,7,3,988,21,1,18499000,18499000.0,0.0,18499000.0,13319000.0,5180000.0
2305,TRX-00989,DTL-002305,20250315,550,92,25,2,989,21,1,649000,649000.0,0.0,649000.0,467000.0,182000.0
2306,TRX-00989,DTL-002306,20250315,550,50,25,2,989,2,1,8499000,8499000.0,679920.0,7819080.0,6119000.0,1700080.0
2307,TRX-00989,DTL-002307,20250315,550,32,25,2,989,21,1,28499000,28499000.0,0.0,28499000.0,20519000.0,7980000.0
2308,TRX-00989,DTL-002308,20250315,550,67,25,2,989,1,1,3999000,3999000.0,119970.0,3879030.0,2879000.0,1000030.0
2309,TRX-00990,DTL-002309,20240731,521,94,16,2,990,18,2,2999000,5998000.0,899700.0,5098300.0,4318000.0,780300.0
2310,TRX-00990,DTL-002310,20240731,521,68,16,2,990,21,1,3499000,3499000.0,0.0,3499000.0,2519000.0,980000.0
2311,TRX-00990,DTL-002311,20240731,521,6,16,2,990,21,1,12499000,12499000.0,0.0,12499000.0,8999000.0,3500000.0
2312,TRX-00990,DTL-002312,20240731,521,84,16,2,990,14,3,1399000,4197000.0,125910.0,4071090.0,3021000.0,1050090.0
2313,TRX-00991,DTL-002313,20250307,68,62,21,2,991,17,1,5999000,5999000.0,719880.0,5279120.0,4319000.0,960120.0
2314,TRX-00992,DTL-002314,20241102,589,17,8,2,992,21,1,22999000,22999000.0,0.0,22999000.0,16559000.0,6440000.0
2315,TRX-00992,DTL-002315,20241102,589,97,8,2,992,12,1,1565000,1565000.0,156500.0,1408500.0,1127000.0,281500.0
2316,TRX-00993,DTL-002316,20240326,928,35,22,2,993,21,1,4999000,4999000.0,0.0,4999000.0,3599000.0,1400000.0
2317,TRX-00993,DTL-002317,20240326,928,54,22,2,993,21,2,4499000,8998000.0,0.0,8998000.0,6478000.0,2520000.0
2318,TRX-00993,DTL-002318,20240326,928,27,22,2,993,21,3,16499000,49497000.0,0.0,49497000.0,35637000.0,13860000.0
2319,TRX-00994,DTL-002319,20241210,611,78,15,2,994,21,1,21999000,21999000.0,0.0,21999000.0,15839000.0,6160000.0
2320,TRX-00995,DTL-002320,20250204,180,86,4,2,995,21,1,1199000,1199000.0,0.0,1199000.0,863000.0,336000.0
2321,TRX-00995,DTL-002321,20250204,180,61,4,2,995,10,1,5599000,5599000.0,279950.0,5319050.0,4031000.0,1288050.0
2322,TRX-00995,DTL-002322,20250204,180,97,4,2,995,21,3,1565000,4695000.0,0.0,4695000.0,3381000.0,1314000.0
2323,TRX-00995,DTL-002323,20250204,180,92,4,2,995,13,1,649000,649000.0,64900.0,584100.0,467000.0,117100.0
2324,TRX-00996,DTL-002324,20250411,11,24,5,2,996,21,3,399000,1197000.0,0.0,1197000.0,861000.0,336000.0
2325,TRX-00996,DTL-002325,20250411,11,51,5,2,996,21,1,6499000,6499000.0,0.0,6499000.0,4679000.0,1820000.0
2326,TRX-00997,DTL-002326,20250105,335,50,3,2,997,21,1,8499000,8499000.0,0.0,8499000.0,6119000.0,2380000.0
2327,TRX-00997,DTL-002327,20250105,335,15,3,2,997,21,1,13599000,13599000.0,0.0,13599000.0,9791000.0,3808000.0
2328,TRX-00998,DTL-002328,20240331,194,23,3,2,998,21,3,499000,1497000.0,0.0,1497000.0,1077000.0,420000.0
2329,TRX-00998,DTL-002329,20240331,194,43,3,2,998,21,1,8999000,8999000.0,0.0,8999000.0,6479000.0,2520000.0
2330,TRX-00999,DTL-002330,20250519,717,41,1,2,999,21,1,6499000,6499000.0,0.0,6499000.0,4679000.0,1820000.0
2331,TRX-01000,DTL-002331,20250126,402,95,9,2,1000,21,1,399000,399000.0,0.0,399000.0,287000.0,112000.0
2332,TRX-01000,DTL-002332,20250126,402,31,9,2,1000,12,1,20999000,20999000.0,2099900.0,18899100.0,15119000.0,3780100.0
2333,TRX-01000,DTL-002333,20250126,402,30,9,2,1000,17,1,13499000,13499000.0,1619880.0,11879120.0,9719000.0,2160120.0
2334,TRX-01001,DTL-002334,20250322,230,11,10,2,1001,21,2,15999000,31998000.0,0.0,31998000.0,23038000.0,8960000.0
2335,TRX-01001,DTL-002335,20250322,230,2,10,2,1001,21,2,23499000,46998000.0,0.0,46998000.0,33838000.0,13160000.0
2336,TRX-01001,DTL-002336,20250322,230,60,10,2,1001,21,1,4999000,4999000.0,0.0,4999000.0,3599000.0,1400000.0
2337,TRX-01001,DTL-002337,20250322,230,94,10,2,1001,21,2,2999000,5998000.0,0.0,5998000.0,4318000.0,1680000.0
2338,TRX-01002,DTL-002338,20240927,849,47,24,2,1002,21,3,12499000,37497000.0,0.0,37497000.0,26997000.0,10500000.0
2339,TRX-01002,DTL-002339,20240927,849,3,24,2,1002,21,1,18499000,18499000.0,0.0,18499000.0,13319000.0,5180000.0
2340,TRX-01003,DTL-002340,20240214,450,89,24,2,1003,21,1,779000,779000.0,0.0,779000.0,561000.0,218000.0
2341,TRX-01003,DTL-002341,20240214,450,79,24,2,1003,21,1,18999000,18999000.0,0.0,18999000.0,13679000.0,5320000.0
2342,TRX-01003,DTL-002342,20240214,450,42,24,2,1003,21,1,3499000,3499000.0,0.0,3499000.0,2519000.0,980000.0
2343,TRX-01004,DTL-002343,20250103,823,4,16,1,1004,18,1,16999000,16999000.0,2549850.0,14449150.0,12239000.0,2210150.0
2344,TRX-01004,DTL-002344,20250103,823,49,16,1,1004,14,1,6999000,6999000.0,209970.0,6789030.0,5039000.0,1750030.0
2345,TRX-01005,DTL-002345,20250417,467,75,5,2,1005,21,1,4699000,4699000.0,0.0,4699000.0,3383000.0,1316000.0
2346,TRX-01005,DTL-002346,20250417,467,29,5,2,1005,21,1,17499000,17499000.0,0.0,17499000.0,12599000.0,4900000.0
2347,TRX-01006,DTL-002347,20240921,358,98,24,2,1006,21,1,1695000,1695000.0,0.0,1695000.0,1220000.0,475000.0
2348,TRX-01007,DTL-002348,20240515,35,62,20,2,1007,21,1,5999000,5999000.0,0.0,5999000.0,4319000.0,1680000.0
2349,TRX-01007,DTL-002349,20240515,35,56,20,2,1007,21,1,5799000,5799000.0,0.0,5799000.0,4175000.0,1624000.0
2350,TRX-01007,DTL-002350,20240515,35,60,20,2,1007,21,1,4999000,4999000.0,0.0,4999000.0,3599000.0,1400000.0
2351,TRX-01007,DTL-002351,20240515,35,19,20,2,1007,7,2,14999000,29998000.0,2999800.0,26998200.0,21598000.0,5400200.0
2352,TRX-01008,DTL-002352,20240328,367,40,4,2,1008,21,1,15999000,15999000.0,0.0,15999000.0,11519000.0,4480000.0
2353,TRX-01008,DTL-002353,20240328,367,19,4,2,1008,21,1,14999000,14999000.0,0.0,14999000.0,10799000.0,4200000.0
2354,TRX-01009,DTL-002354,20240825,248,71,2,2,1009,12,2,4999000,9998000.0,999800.0,8998200.0,7198000.0,1800200.0
2355,TRX-01009,DTL-002355,20240825,248,6,2,2,1009,21,1,12499000,12499000.0,0.0,12499000.0,8999000.0,3500000.0
2356,TRX-01010,DTL-002356,20240921,3,20,13,2,1010,21,1,3999000,3999000.0,0.0,3999000.0,2879000.0,1120000.0
2357,TRX-01010,DTL-002357,20240921,3,80,13,2,1010,4,2,10999000,21998000.0,2639760.0,19358240.0,15838000.0,3520240.0
2358,TRX-01011,DTL-002358,20250508,1000,92,13,2,1011,17,2,649000,1298000.0,155760.0,1142240.0,934000.0,208240.0
2359,TRX-01011,DTL-002359,20250508,1000,41,13,2,1011,21,1,6499000,6499000.0,0.0,6499000.0,4679000.0,1820000.0
2360,TRX-01012,DTL-002360,20240111,987,55,10,3,1012,14,2,3299000,6598000.0,197940.0,6400060.0,4750000.0,1650060.0
2361,TRX-01012,DTL-002361,20240111,987,63,10,3,1012,21,1,6999000,6999000.0,0.0,6999000.0,5039000.0,1960000.0
2362,TRX-01012,DTL-002362,20240111,987,83,10,3,1012,21,3,7499000,22497000.0,0.0,22497000.0,16197000.0,6300000.0
2363,TRX-01012,DTL-002363,20240111,987,39,10,3,1012,21,2,13999000,27998000.0,0.0,27998000.0,20158000.0,7840000.0
2364,TRX-01013,DTL-002364,20250402,1000,94,6,2,1013,7,3,2999000,8997000.0,899700.0,8097300.0,6477000.0,1620300.0
2365,TRX-01013,DTL-002365,20250402,1000,47,6,2,1013,21,2,12499000,24998000.0,0.0,24998000.0,17998000.0,7000000.0
2366,TRX-01014,DTL-002366,20241129,945,32,7,1,1014,15,1,28499000,28499000.0,2279920.0,26219080.0,20519000.0,5700080.0
2367,TRX-01014,DTL-002367,20241129,945,82,7,1,1014,21,1,7499000,7499000.0,0.0,7499000.0,5399000.0,2100000.0
2368,TRX-01014,DTL-002368,20241129,945,85,7,1,1014,21,1,399000,399000.0,0.0,399000.0,287000.0,112000.0
2369,TRX-01014,DTL-002369,20241129,945,81,7,1,1014,21,1,7999000,7999000.0,0.0,7999000.0,5759000.0,2240000.0
2370,TRX-01015,DTL-002370,20250105,838,18,4,3,1015,3,1,7999000,7999000.0,639920.0,7359080.0,5759000.0,1600080.0
2371,TRX-01015,DTL-002371,20250105,838,96,4,3,1015,5,1,1599000,1599000.0,127920.0,1471080.0,1151000.0,320080.0
2372,TRX-01016,DTL-002372,20241127,1000,77,17,2,1016,21,1,1999000,1999000.0,0.0,1999000.0,1439000.0,560000.0
2373,TRX-01016,DTL-002373,20241127,1000,76,17,2,1016,20,1,2999000,2999000.0,149950.0,2849050.0,2159000.0,690050.0
2374,TRX-01017,DTL-002374,20250110,543,6,16,2,1017,8,1,12499000,12499000.0,624950.0,11874050.0,8999000.0,2875050.0
2375,TRX-01018,DTL-002375,20240119,416,24,22,2,1018,12,1,399000,399000.0,39900.0,359100.0,287000.0,72100.0
2376,TRX-01018,DTL-002376,20240119,416,11,22,2,1018,21,1,15999000,15999000.0,0.0,15999000.0,11519000.0,4480000.0
2377,TRX-01019,DTL-002377,20240712,382,57,17,1,1019,21,2,5999000,11998000.0,0.0,11998000.0,8638000.0,3360000.0
2378,TRX-01019,DTL-002378,20240712,382,50,17,1,1019,21,1,8499000,8499000.0,0.0,8499000.0,6119000.0,2380000.0
2379,TRX-01019,DTL-002379,20240712,382,99,17,1,1019,21,1,3079000,3079000.0,0.0,3079000.0,2217000.0,862000.0
2380,TRX-01019,DTL-002380,20240712,382,40,17,1,1019,21,2,15999000,31998000.0,0.0,31998000.0,23038000.0,8960000.0
2381,TRX-01020,DTL-002381,20250214,680,95,18,2,1020,21,1,399000,399000.0,0.0,399000.0,287000.0,112000.0
2382,TRX-01020,DTL-002382,20250214,680,99,18,2,1020,3,1,3079000,3079000.0,246320.0,2832680.0,2217000.0,615680.0
2383,TRX-01021,DTL-002383,20240129,586,36,5,3,1021,21,1,3999000,3999000.0,0.0,3999000.0,2879000.0,1120000.0
2384,TRX-01022,DTL-002384,20250405,663,46,7,3,1022,3,1,2999000,2999000.0,239920.0,2759080.0,2159000.0,600080.0
2385,TRX-01022,DTL-002385,20250405,663,84,7,3,1022,21,1,1399000,1399000.0,0.0,1399000.0,1007000.0,392000.0
2386,TRX-01022,DTL-002386,20250405,663,2,7,3,1022,21,1,23499000,23499000.0,0.0,23499000.0,16919000.0,6580000.0
2387,TRX-01023,DTL-002387,20250330,997,71,1,3,1023,21,1,4999000,4999000.0,0.0,4999000.0,3599000.0,1400000.0
2388,TRX-01023,DTL-002388,20250330,997,45,1,3,1023,21,1,3999000,3999000.0,0.0,3999000.0,2879000.0,1120000.0
2389,TRX-01023,DTL-002389,20250330,997,28,1,3,1023,21,3,20999000,62997000.0,0.0,62997000.0,45357000.0,17640000.0
2390,TRX-01023,DTL-002390,20250330,997,5,1,3,1023,14,2,13999000,27998000.0,839940.0,27158060.0,20158000.0,7000060.0
2391,TRX-01024,DTL-002391,20241220,559,44,8,2,1024,21,1,4499000,4499000.0,0.0,4499000.0,3239000.0,1260000.0
2392,TRX-01025,DTL-002392,20250320,176,85,25,2,1025,21,1,399000,399000.0,0.0,399000.0,287000.0,112000.0
2393,TRX-01025,DTL-002393,20250320,176,97,25,2,1025,14,1,1565000,1565000.0,46950.0,1518050.0,1127000.0,391050.0
2394,TRX-01026,DTL-002394,20240422,729,65,10,2,1026,5,1,6299000,6299000.0,503920.0,5795080.0,4535000.0,1260080.0
2395,TRX-01026,DTL-002395,20240422,729,38,10,2,1026,21,1,1599000,1599000.0,0.0,1599000.0,1151000.0,448000.0
2396,TRX-01026,DTL-002396,20240422,729,57,10,2,1026,17,1,5999000,5999000.0,719880.0,5279120.0,4319000.0,960120.0
2397,TRX-01026,DTL-002397,20240422,729,1,10,2,1026,21,1,20499000,20499000.0,0.0,20499000.0,14759000.0,5740000.0
2398,TRX-01027,DTL-002398,20240201,10,66,20,1,1027,13,1,5499000,5499000.0,549900.0,4949100.0,3959000.0,990100.0
2399,TRX-01028,DTL-002399,20240521,158,29,2,2,1028,21,1,17499000,17499000.0,0.0,17499000.0,12599000.0,4900000.0
2400,TRX-01028,DTL-002400,20240521,158,74,2,2,1028,21,1,5999000,5999000.0,0.0,5999000.0,4319000.0,1680000.0
2401,TRX-01029,DTL-002401,20241206,967,78,23,1,1029,9,1,21999000,21999000.0,659970.0,21339030.0,15839000.0,5500030.0
2402,TRX-01030,DTL-002402,20240114,1000,67,9,2,1030,21,1,3999000,3999000.0,0.0,3999000.0,2879000.0,1120000.0
2403,TRX-01030,DTL-002403,20240114,1000,9,9,2,1030,21,1,12999000,12999000.0,0.0,12999000.0,9359000.0,3640000.0
2404,TRX-01030,DTL-002404,20240114,1000,71,9,2,1030,21,1,4999000,4999000.0,0.0,4999000.0,3599000.0,1400000.0
2405,TRX-01030,DTL-002405,20240114,1000,16,9,2,1030,21,1,14999000,14999000.0,0.0,14999000.0,10799000.0,4200000.0
2406,TRX-01031,DTL-002406,20250301,817,32,3,2,1031,13,1,28499000,28499000.0,2849900.0,25649100.0,20519000.0,5130100.0
2407,TRX-01031,DTL-002407,20250301,817,26,3,2,1031,9,1,19499000,19499000.0,584970.0,18914030.0,14039000.0,4875030.0
2408,TRX-01032,DTL-002408,20240213,577,29,1,2,1032,14,1,17499000,17499000.0,524970.0,16974030.0,12599000.0,4375030.0
2409,TRX-01033,DTL-002409,20250407,756,2,23,2,1033,21,2,23499000,46998000.0,0.0,46998000.0,33838000.0,13160000.0
2410,TRX-01033,DTL-002410,20250407,756,15,23,2,1033,21,1,13599000,13599000.0,0.0,13599000.0,9791000.0,3808000.0
2411,TRX-01034,DTL-002411,20240303,373,37,9,2,1034,18,1,2999000,2999000.0,449850.0,2549150.0,2159000.0,390150.0
2412,TRX-01034,DTL-002412,20240303,373,1,9,2,1034,10,1,20499000,20499000.0,1024950.0,19474050.0,14759000.0,4715050.0
2413,TRX-01035,DTL-002413,20241221,711,78,8,1,1035,21,1,21999000,21999000.0,0.0,21999000.0,15839000.0,6160000.0
2414,TRX-01035,DTL-002414,20241221,711,25,8,1,1035,21,1,24499000,24499000.0,0.0,24499000.0,17639000.0,6860000.0
2415,TRX-01036,DTL-002415,20240911,214,16,2,2,1036,21,1,14999000,14999000.0,0.0,14999000.0,10799000.0,4200000.0
2416,TRX-01036,DTL-002416,20240911,214,2,2,2,1036,21,1,23499000,23499000.0,0.0,23499000.0,16919000.0,6580000.0
2417,TRX-01036,DTL-002417,20240911,214,78,2,2,1036,18,2,21999000,43998000.0,6599700.0,37398300.0,31678000.0,5720300.0
2418,TRX-01036,DTL-002418,20240911,214,22,2,2,1036,14,1,499000,499000.0,14970.0,484030.0,359000.0,125030.0
2419,TRX-01037,DTL-002419,20240315,842,19,5,2,1037,11,1,14999000,14999000.0,1199920.0,13799080.0,10799000.0,3000080.0
2420,TRX-01038,DTL-002420,20240930,1000,7,5,3,1038,21,2,9999000,19998000.0,0.0,19998000.0,14398000.0,5600000.0
2421,TRX-01039,DTL-002421,20240609,90,51,5,2,1039,21,2,6499000,12998000.0,0.0,12998000.0,9358000.0,3640000.0
2422,TRX-01039,DTL-002422,20240609,90,28,5,2,1039,2,1,20999000,20999000.0,1679920.0,19319080.0,15119000.0,4200080.0
2423,TRX-01040,DTL-002423,20241223,706,100,10,1,1040,21,2,1799000,3598000.0,0.0,3598000.0,2590000.0,1008000.0
2424,TRX-01040,DTL-002424,20241223,706,99,10,1,1040,21,1,3079000,3079000.0,0.0,3079000.0,2217000.0,862000.0
2425,TRX-01040,DTL-002425,20241223,706,69,10,1,1040,21,1,1599000,1599000.0,0.0,1599000.0,1151000.0,448000.0
2426,TRX-01041,DTL-002426,20250205,982,86,17,1,1041,21,3,1199000,3597000.0,0.0,3597000.0,2589000.0,1008000.0
2427,TRX-01041,DTL-002427,20250205,982,52,17,1,1041,21,1,2099000,2099000.0,0.0,2099000.0,1511000.0,588000.0
2428,TRX-01041,DTL-002428,20250205,982,15,17,1,1041,21,1,13599000,13599000.0,0.0,13599000.0,9791000.0,3808000.0
2429,TRX-01042,DTL-002429,20250318,895,87,25,3,1042,9,2,1199000,2398000.0,71940.0,2326060.0,1726000.0,600060.0
2430,TRX-01043,DTL-002430,20250527,431,8,20,3,1043,6,1,10999000,10999000.0,329970.0,10669030.0,7919000.0,2750030.0
2431,TRX-01043,DTL-002431,20250527,431,81,20,3,1043,21,1,7999000,7999000.0,0.0,7999000.0,5759000.0,2240000.0
2432,TRX-01044,DTL-002432,20240215,773,94,14,2,1044,16,1,2999000,2999000.0,149950.0,2849050.0,2159000.0,690050.0
2433,TRX-01044,DTL-002433,20240215,773,32,14,2,1044,21,1,28499000,28499000.0,0.0,28499000.0,20519000.0,7980000.0
2434,TRX-01044,DTL-002434,20240215,773,71,14,2,1044,8,1,4999000,4999000.0,249950.0,4749050.0,3599000.0,1150050.0
2435,TRX-01045,DTL-002435,20240905,991,28,17,2,1045,21,1,20999000,20999000.0,0.0,20999000.0,15119000.0,5880000.0
2436,TRX-01045,DTL-002436,20240905,991,65,17,2,1045,21,1,6299000,6299000.0,0.0,6299000.0,4535000.0,1764000.0
2437,TRX-01045,DTL-002437,20240905,991,73,17,2,1045,11,2,4299000,8598000.0,687840.0,7910160.0,6190000.0,1720160.0
2438,TRX-01046,DTL-002438,20250213,165,66,13,2,1046,21,1,5499000,5499000.0,0.0,5499000.0,3959000.0,1540000.0
2439,TRX-01047,DTL-002439,20240424,298,46,15,3,1047,21,1,2999000,2999000.0,0.0,2999000.0,2159000.0,840000.0
2440,TRX-01048,DTL-002440,20240130,1000,73,13,3,1048,21,2,4299000,8598000.0,0.0,8598000.0,6190000.0,2408000.0
2441,TRX-01048,DTL-002441,20240130,1000,44,13,3,1048,21,1,4499000,4499000.0,0.0,4499000.0,3239000.0,1260000.0
2442,TRX-01048,DTL-002442,20240130,1000,71,13,3,1048,21,1,4999000,4999000.0,0.0,4999000.0,3599000.0,1400000.0
2443,TRX-01049,DTL-002443,20250417,270,44,19,2,1049,21,1,4499000,4499000.0,0.0,4499000.0,3239000.0,1260000.0
2444,TRX-01049,DTL-002444,20250417,270,43,19,2,1049,17,1,8999000,8999000.0,1079880.0,7919120.0,6479000.0,1440120.0
2445,TRX-01049,DTL-002445,20250417,270,10,19,2,1049,21,1,12599000,12599000.0,0.0,12599000.0,9071000.0,3528000.0
2446,TRX-01049,DTL-002446,20250417,270,3,19,2,1049,21,1,18499000,18499000.0,0.0,18499000.0,13319000.0,5180000.0
2447,TRX-01050,DTL-002447,20250215,769,31,3,3,1050,21,1,20999000,20999000.0,0.0,20999000.0,15119000.0,5880000.0
2448,TRX-01050,DTL-002448,20250215,769,14,3,3,1050,1,1,9499000,9499000.0,284970.0,9214030.0,6839000.0,2375030.0
2449,TRX-01051,DTL-002449,20240807,489,90,16,2,1051,21,1,699000,699000.0,0.0,699000.0,503000.0,196000.0
2450,TRX-01052,DTL-002450,20240420,690,83,5,3,1052,21,1,7499000,7499000.0,0.0,7499000.0,5399000.0,2100000.0
2451,TRX-01053,DTL-002451,20240125,303,6,19,2,1053,21,1,12499000,12499000.0,0.0,12499000.0,8999000.0,3500000.0
2452,TRX-01053,DTL-002452,20240125,303,37,19,2,1053,21,1,2999000,2999000.0,0.0,2999000.0,2159000.0,840000.0
2453,TRX-01054,DTL-002453,20240830,318,60,13,3,1054,21,1,4999000,4999000.0,0.0,4999000.0,3599000.0,1400000.0
2454,TRX-01055,DTL-002454,20240301,299,91,8,3,1055,21,1,699000,699000.0,0.0,699000.0,503000.0,196000.0
2455,TRX-01055,DTL-002455,20240301,299,5,8,3,1055,21,3,13999000,41997000.0,0.0,41997000.0,30237000.0,11760000.0
2456,TRX-01056,DTL-002456,20250226,397,99,5,1,1056,21,1,3079000,3079000.0,0.0,3079000.0,2217000.0,862000.0
2457,TRX-01056,DTL-002457,20250226,397,6,5,1,1056,21,1,12499000,12499000.0,0.0,12499000.0,8999000.0,3500000.0
2458,TRX-01057,DTL-002458,20250217,256,48,2,3,1057,12,3,16999000,50997000.0,5099700.0,45897300.0,36717000.0,9180300.0
2459,TRX-01058,DTL-002459,20240321,755,63,2,2,1058,16,2,6999000,13998000.0,699900.0,13298100.0,10078000.0,3220100.0
2460,TRX-01059,DTL-002460,20250317,118,97,6,2,1059,8,1,1565000,1565000.0,78250.0,1486750.0,1127000.0,359750.0
2461,TRX-01059,DTL-002461,20250317,118,86,6,2,1059,21,1,1199000,1199000.0,0.0,1199000.0,863000.0,336000.0
2462,TRX-01060,DTL-002462,20241130,331,82,18,2,1060,8,1,7499000,7499000.0,374950.0,7124050.0,5399000.0,1725050.0
2463,TRX-01060,DTL-002463,20241130,331,97,18,2,1060,17,1,1565000,1565000.0,187800.0,1377200.0,1127000.0,250200.0
2464,TRX-01061,DTL-002464,20250417,1000,57,12,2,1061,21,2,5999000,11998000.0,0.0,11998000.0,8638000.0,3360000.0
2465,TRX-01061,DTL-002465,20250417,1000,2,12,2,1061,4,2,23499000,46998000.0,5639760.0,41358240.0,33838000.0,7520240.0
2466,TRX-01062,DTL-002466,20240926,255,73,22,3,1062,14,1,4299000,4299000.0,128970.0,4170030.0,3095000.0,1075030.0
2467,TRX-01062,DTL-002467,20240926,255,3,22,3,1062,21,2,18499000,36998000.0,0.0,36998000.0,26638000.0,10360000.0
2468,TRX-01063,DTL-002468,20240508,388,67,22,3,1063,21,2,3999000,7998000.0,0.0,7998000.0,5758000.0,2240000.0
2469,TRX-01063,DTL-002469,20240508,388,35,22,3,1063,21,1,4999000,4999000.0,0.0,4999000.0,3599000.0,1400000.0
2470,TRX-01063,DTL-002470,20240508,388,43,22,3,1063,1,1,8999000,8999000.0,269970.0,8729030.0,6479000.0,2250030.0
2471,TRX-01064,DTL-002471,20240312,879,51,18,2,1064,21,3,6499000,19497000.0,0.0,19497000.0,14037000.0,5460000.0
2472,TRX-01064,DTL-002472,20240312,879,52,18,2,1064,10,1,2099000,2099000.0,104950.0,1994050.0,1511000.0,483050.0
2473,TRX-01065,DTL-002473,20241113,1000,71,12,3,1065,21,1,4999000,4999000.0,0.0,4999000.0,3599000.0,1400000.0
2474,TRX-01065,DTL-002474,20241113,1000,98,12,3,1065,21,2,1695000,3390000.0,0.0,3390000.0,2440000.0,950000.0
2475,TRX-01066,DTL-002475,20240805,269,20,12,2,1066,21,1,3999000,3999000.0,0.0,3999000.0,2879000.0,1120000.0
2476,TRX-01066,DTL-002476,20240805,269,53,12,2,1066,21,1,5099000,5099000.0,0.0,5099000.0,3671000.0,1428000.0
2477,TRX-01067,DTL-002477,20241001,960,4,15,2,1067,21,1,16999000,16999000.0,0.0,16999000.0,12239000.0,4760000.0
2478,TRX-01067,DTL-002478,20241001,960,37,15,2,1067,7,1,2999000,2999000.0,299900.0,2699100.0,2159000.0,540100.0
2479,TRX-01068,DTL-002479,20241022,415,75,10,2,1068,14,1,4699000,4699000.0,140970.0,4558030.0,3383000.0,1175030.0
2480,TRX-01069,DTL-002480,20250515,857,17,2,2,1069,21,1,22999000,22999000.0,0.0,22999000.0,16559000.0,6440000.0
2481,TRX-01070,DTL-002481,20250209,22,3,2,2,1070,21,1,18499000,18499000.0,0.0,18499000.0,13319000.0,5180000.0
2482,TRX-01070,DTL-002482,20250209,22,58,2,2,1070,21,1,4999000,4999000.0,0.0,4999000.0,3599000.0,1400000.0
2483,TRX-01071,DTL-002483,20240915,920,77,21,2,1071,14,1,1999000,1999000.0,59970.0,1939030.0,1439000.0,500030.0
2484,TRX-01071,DTL-002484,20240915,920,6,21,2,1071,2,2,12499000,24998000.0,1999840.0,22998160.0,17998000.0,5000160.0
2485,TRX-01072,DTL-002485,20241116,203,94,7,3,1072,21,1,2999000,2999000.0,0.0,2999000.0,2159000.0,840000.0
2486,TRX-01072,DTL-002486,20241116,203,12,7,3,1072,21,1,11499000,11499000.0,0.0,11499000.0,8279000.0,3220000.0
2487,TRX-01072,DTL-002487,20241116,203,35,7,3,1072,21,1,4999000,4999000.0,0.0,4999000.0,3599000.0,1400000.0
2488,TRX-01073,DTL-002488,20240125,294,94,10,2,1073,21,1,2999000,2999000.0,0.0,2999000.0,2159000.0,840000.0
2489,TRX-01073,DTL-002489,20240125,294,9,10,2,1073,7,1,12999000,12999000.0,1299900.0,11699100.0,9359000.0,2340100.0
2490,TRX-01073,DTL-002490,20240125,294,28,10,2,1073,21,1,20999000,20999000.0,0.0,20999000.0,15119000.0,5880000.0
2491,TRX-01073,DTL-002491,20240125,294,51,10,2,1073,21,1,6499000,6499000.0,0.0,6499000.0,4679000.0,1820000.0
2492,TRX-01074,DTL-002492,20240614,492,49,25,2,1074,21,1,6999000,6999000.0,0.0,6999000.0,5039000.0,1960000.0
2493,TRX-01074,DTL-002493,20240614,492,11,25,2,1074,21,2,15999000,31998000.0,0.0,31998000.0,23038000.0,8960000.0
2494,TRX-01074,DTL-002494,20240614,492,91,25,2,1074,21,1,699000,699000.0,0.0,699000.0,503000.0,196000.0
2495,TRX-01075,DTL-002495,20240807,981,61,24,1,1075,14,2,5599000,11198000.0,335940.0,10862060.0,8062000.0,2800060.0
2496,TRX-01075,DTL-002496,20240807,981,44,24,1,1075,21,1,4499000,4499000.0,0.0,4499000.0,3239000.0,1260000.0
2497,TRX-01075,DTL-002497,20240807,981,88,24,1,1075,21,1,2799000,2799000.0,0.0,2799000.0,2015000.0,784000.0
2498,TRX-01076,DTL-002498,20240604,574,1,12,3,1076,21,2,20499000,40998000.0,0.0,40998000.0,29518000.0,11480000.0
2499,TRX-01076,DTL-002499,20240604,574,58,12,3,1076,21,1,4999000,4999000.0,0.0,4999000.0,3599000.0,1400000.0
2500,TRX-01076,DTL-002500,20240604,574,35,12,3,1076,21,2,4999000,9998000.0,0.0,9998000.0,7198000.0,2800000.0
2501,TRX-01077,DTL-002501,20240321,811,52,4,2,1077,21,1,2099000,2099000.0,0.0,2099000.0,1511000.0,588000.0
2502,TRX-01077,DTL-002502,20240321,811,60,4,2,1077,21,1,4999000,4999000.0,0.0,4999000.0,3599000.0,1400000.0
2503,TRX-01077,DTL-002503,20240321,811,95,4,2,1077,21,1,399000,399000.0,0.0,399000.0,287000.0,112000.0
2504,TRX-01077,DTL-002504,20240321,811,25,4,2,1077,21,2,24499000,48998000.0,0.0,48998000.0,35278000.0,13720000.0
2505,TRX-01078,DTL-002505,20241213,602,11,18,2,1078,9,1,15999000,15999000.0,479970.0,15519030.0,11519000.0,4000030.0
2506,TRX-01079,DTL-002506,20250403,679,85,21,3,1079,21,1,399000,399000.0,0.0,399000.0,287000.0,112000.0
2507,TRX-01079,DTL-002507,20250403,679,88,21,3,1079,21,1,2799000,2799000.0,0.0,2799000.0,2015000.0,784000.0
2508,TRX-01079,DTL-002508,20250403,679,10,21,3,1079,3,1,12599000,12599000.0,1007920.0,11591080.0,9071000.0,2520080.0
2509,TRX-01080,DTL-002509,20240603,854,76,21,1,1080,1,1,2999000,2999000.0,89970.0,2909030.0,2159000.0,750030.0
2510,TRX-01081,DTL-002510,20240226,76,17,14,3,1081,21,1,22999000,22999000.0,0.0,22999000.0,16559000.0,6440000.0
2511,TRX-01082,DTL-002511,20240324,2,52,2,3,1082,21,1,2099000,2099000.0,0.0,2099000.0,1511000.0,588000.0
2512,TRX-01082,DTL-002512,20240324,2,62,2,3,1082,21,1,5999000,5999000.0,0.0,5999000.0,4319000.0,1680000.0
2513,TRX-01082,DTL-002513,20240324,2,4,2,3,1082,21,1,16999000,16999000.0,0.0,16999000.0,12239000.0,4760000.0
2514,TRX-01083,DTL-002514,20250504,224,8,3,1,1083,14,1,10999000,10999000.0,329970.0,10669030.0,7919000.0,2750030.0
2515,TRX-01084,DTL-002515,20250106,621,81,5,1,1084,21,1,7999000,7999000.0,0.0,7999000.0,5759000.0,2240000.0
2516,TRX-01085,DTL-002516,20240324,842,42,10,2,1085,21,1,3499000,3499000.0,0.0,3499000.0,2519000.0,980000.0
2517,TRX-01085,DTL-002517,20240324,842,77,10,2,1085,21,1,1999000,1999000.0,0.0,1999000.0,1439000.0,560000.0
2518,TRX-01086,DTL-002518,20250322,194,98,11,3,1086,21,1,1695000,1695000.0,0.0,1695000.0,1220000.0,475000.0
2519,TRX-01086,DTL-002519,20250322,194,73,11,3,1086,7,1,4299000,4299000.0,429900.0,3869100.0,3095000.0,774100.0
2520,TRX-01086,DTL-002520,20250322,194,54,11,3,1086,21,1,4499000,4499000.0,0.0,4499000.0,3239000.0,1260000.0
2521,TRX-01086,DTL-002521,20250322,194,55,11,3,1086,21,1,3299000,3299000.0,0.0,3299000.0,2375000.0,924000.0
2522,TRX-01087,DTL-002522,20240601,466,97,4,2,1087,21,1,1565000,1565000.0,0.0,1565000.0,1127000.0,438000.0
2523,TRX-01087,DTL-002523,20240601,466,85,4,2,1087,21,1,399000,399000.0,0.0,399000.0,287000.0,112000.0
2524,TRX-01088,DTL-002524,20250228,701,77,17,2,1088,21,2,1999000,3998000.0,0.0,3998000.0,2878000.0,1120000.0
2525,TRX-01088,DTL-002525,20250228,701,50,17,2,1088,21,1,8499000,8499000.0,0.0,8499000.0,6119000.0,2380000.0
2526,TRX-01088,DTL-002526,20250228,701,26,17,2,1088,21,1,19499000,19499000.0,0.0,19499000.0,14039000.0,5460000.0
2527,TRX-01089,DTL-002527,20240815,25,19,20,2,1089,10,1,14999000,14999000.0,749950.0,14249050.0,10799000.0,3450050.0
2528,TRX-01090,DTL-002528,20250201,494,42,17,3,1090,21,1,3499000,3499000.0,0.0,3499000.0,2519000.0,980000.0
2529,TRX-01090,DTL-002529,20250201,494,41,17,3,1090,21,1,6499000,6499000.0,0.0,6499000.0,4679000.0,1820000.0
2530,TRX-01091,DTL-002530,20250424,908,35,24,1,1091,6,1,4999000,4999000.0,149970.0,4849030.0,3599000.0,1250030.0
2531,TRX-01091,DTL-002531,20250424,908,57,24,1,1091,17,1,5999000,5999000.0,719880.0,5279120.0,4319000.0,960120.0
2532,TRX-01091,DTL-002532,20250424,908,33,24,1,1091,10,2,15999000,31998000.0,1599900.0,30398100.0,23038000.0,7360100.0
2533,TRX-01091,DTL-002533,20250424,908,44,24,1,1091,21,1,4499000,4499000.0,0.0,4499000.0,3239000.0,1260000.0
2534,TRX-01092,DTL-002534,20240719,501,81,19,3,1092,21,1,7999000,7999000.0,0.0,7999000.0,5759000.0,2240000.0
2535,TRX-01092,DTL-002535,20240719,501,53,19,3,1092,14,2,5099000,10198000.0,305940.0,9892060.0,7342000.0,2550060.0
2536,TRX-01093,DTL-002536,20240809,224,66,23,2,1093,21,1,5499000,5499000.0,0.0,5499000.0,3959000.0,1540000.0
2537,TRX-01093,DTL-002537,20240809,224,42,23,2,1093,5,2,3499000,6998000.0,559840.0,6438160.0,5038000.0,1400160.0
2538,TRX-01094,DTL-002538,20240201,371,11,13,2,1094,5,1,15999000,15999000.0,1279920.0,14719080.0,11519000.0,3200080.0
2539,TRX-01095,DTL-002539,20250422,176,56,4,2,1095,21,1,5799000,5799000.0,0.0,5799000.0,4175000.0,1624000.0
2540,TRX-01095,DTL-002540,20250422,176,90,4,2,1095,21,1,699000,699000.0,0.0,699000.0,503000.0,196000.0
2541,TRX-01095,DTL-002541,20250422,176,60,4,2,1095,21,1,4999000,4999000.0,0.0,4999000.0,3599000.0,1400000.0
2542,TRX-01095,DTL-002542,20250422,176,61,4,2,1095,21,1,5599000,5599000.0,0.0,5599000.0,4031000.0,1568000.0
2543,TRX-01096,DTL-002543,20240107,24,44,18,2,1096,21,1,4499000,4499000.0,0.0,4499000.0,3239000.0,1260000.0
2544,TRX-01097,DTL-002544,20250316,406,83,11,2,1097,21,1,7499000,7499000.0,0.0,7499000.0,5399000.0,2100000.0
2545,TRX-01098,DTL-002545,20240323,311,80,23,1,1098,5,1,10999000,10999000.0,879920.0,10119080.0,7919000.0,2200080.0
2546,TRX-01098,DTL-002546,20240323,311,48,23,1,1098,6,1,16999000,16999000.0,509970.0,16489030.0,12239000.0,4250030.0
2547,TRX-01099,DTL-002547,20241125,542,17,8,2,1099,21,1,22999000,22999000.0,0.0,22999000.0,16559000.0,6440000.0
2548,TRX-01099,DTL-002548,20241125,542,94,8,2,1099,21,2,2999000,5998000.0,0.0,5998000.0,4318000.0,1680000.0
2549,TRX-01099,DTL-002549,20241125,542,7,8,2,1099,21,1,9999000,9999000.0,0.0,9999000.0,7199000.0,2800000.0
2550,TRX-01100,DTL-002550,20240524,115,51,14,3,1100,21,1,6499000,6499000.0,0.0,6499000.0,4679000.0,1820000.0
2551,TRX-01100,DTL-002551,20240524,115,7,14,3,1100,21,2,9999000,19998000.0,0.0,19998000.0,14398000.0,5600000.0
2552,TRX-01100,DTL-002552,20240524,115,66,14,3,1100,21,2,5499000,10998000.0,0.0,10998000.0,7918000.0,3080000.0
2553,TRX-01101,DTL-002553,20240917,66,8,1,1,1101,21,1,10999000,10999000.0,0.0,10999000.0,7919000.0,3080000.0
2554,TRX-01101,DTL-002554,20240917,66,78,1,1,1101,21,1,21999000,21999000.0,0.0,21999000.0,15839000.0,6160000.0
2555,TRX-01102,DTL-002555,20240412,502,58,14,2,1102,21,1,4999000,4999000.0,0.0,4999000.0,3599000.0,1400000.0
2556,TRX-01103,DTL-002556,20250102,670,11,20,2,1103,21,1,15999000,15999000.0,0.0,15999000.0,11519000.0,4480000.0
2557,TRX-01103,DTL-002557,20250102,670,43,20,2,1103,5,1,8999000,8999000.0,719920.0,8279080.0,6479000.0,1800080.0
2558,TRX-01103,DTL-002558,20250102,670,81,20,2,1103,21,1,7999000,7999000.0,0.0,7999000.0,5759000.0,2240000.0
2559,TRX-01104,DTL-002559,20240219,198,73,15,3,1104,21,1,4299000,4299000.0,0.0,4299000.0,3095000.0,1204000.0
2560,TRX-01104,DTL-002560,20240219,198,77,15,3,1104,9,1,1999000,1999000.0,59970.0,1939030.0,1439000.0,500030.0
2561,TRX-01104,DTL-002561,20240219,198,9,15,3,1104,21,1,12999000,12999000.0,0.0,12999000.0,9359000.0,3640000.0
2562,TRX-01105,DTL-002562,20240217,937,68,11,2,1105,21,1,3499000,3499000.0,0.0,3499000.0,2519000.0,980000.0
2563,TRX-01105,DTL-002563,20240217,937,90,11,2,1105,21,1,699000,699000.0,0.0,699000.0,503000.0,196000.0
2564,TRX-01105,DTL-002564,20240217,937,76,11,2,1105,21,1,2999000,2999000.0,0.0,2999000.0,2159000.0,840000.0
2565,TRX-01106,DTL-002565,20240120,987,59,12,2,1106,21,1,2299000,2299000.0,0.0,2299000.0,1655000.0,644000.0
2566,TRX-01106,DTL-002566,20240120,987,100,12,2,1106,21,1,1799000,1799000.0,0.0,1799000.0,1295000.0,504000.0
2567,TRX-01106,DTL-002567,20240120,987,22,12,2,1106,21,1,499000,499000.0,0.0,499000.0,359000.0,140000.0
2568,TRX-01106,DTL-002568,20240120,987,66,12,2,1106,4,2,5499000,10998000.0,1319760.0,9678240.0,7918000.0,1760240.0
2569,TRX-01107,DTL-002569,20241202,749,91,12,2,1107,21,1,699000,699000.0,0.0,699000.0,503000.0,196000.0
2570,TRX-01107,DTL-002570,20241202,749,68,12,2,1107,21,1,3499000,3499000.0,0.0,3499000.0,2519000.0,980000.0
2571,TRX-01107,DTL-002571,20241202,749,64,12,2,1107,21,1,7499000,7499000.0,0.0,7499000.0,5399000.0,2100000.0
2572,TRX-01107,DTL-002572,20241202,749,21,12,2,1107,6,3,2499000,7497000.0,224910.0,7272090.0,5397000.0,1875090.0
2573,TRX-01108,DTL-002573,20241108,995,33,5,2,1108,21,1,15999000,15999000.0,0.0,15999000.0,11519000.0,4480000.0
2574,TRX-01108,DTL-002574,20241108,995,20,5,2,1108,21,1,3999000,3999000.0,0.0,3999000.0,2879000.0,1120000.0
2575,TRX-01108,DTL-002575,20241108,995,88,5,2,1108,21,1,2799000,2799000.0,0.0,2799000.0,2015000.0,784000.0
2576,TRX-01108,DTL-002576,20241108,995,73,5,2,1108,21,2,4299000,8598000.0,0.0,8598000.0,6190000.0,2408000.0
2577,TRX-01109,DTL-002577,20240421,172,58,6,3,1109,21,1,4999000,4999000.0,0.0,4999000.0,3599000.0,1400000.0
2578,TRX-01110,DTL-002578,20240719,767,23,3,1,1110,21,1,499000,499000.0,0.0,499000.0,359000.0,140000.0
2579,TRX-01111,DTL-002579,20250522,759,18,4,3,1111,21,2,7999000,15998000.0,0.0,15998000.0,11518000.0,4480000.0
2580,TRX-01111,DTL-002580,20250522,759,81,4,3,1111,21,1,7999000,7999000.0,0.0,7999000.0,5759000.0,2240000.0
2581,TRX-01111,DTL-002581,20250522,759,82,4,3,1111,21,2,7499000,14998000.0,0.0,14998000.0,10798000.0,4200000.0
2582,TRX-01112,DTL-002582,20240219,217,92,17,3,1112,21,1,649000,649000.0,0.0,649000.0,467000.0,182000.0
2583,TRX-01112,DTL-002583,20240219,217,96,17,3,1112,21,1,1599000,1599000.0,0.0,1599000.0,1151000.0,448000.0
2584,TRX-01112,DTL-002584,20240219,217,73,17,3,1112,21,1,4299000,4299000.0,0.0,4299000.0,3095000.0,1204000.0
2585,TRX-01113,DTL-002585,20240417,795,50,8,2,1113,21,1,8499000,8499000.0,0.0,8499000.0,6119000.0,2380000.0
2586,TRX-01113,DTL-002586,20240417,795,38,8,2,1113,21,2,1599000,3198000.0,0.0,3198000.0,2302000.0,896000.0
2587,TRX-01114,DTL-002587,20241031,701,19,21,2,1114,21,1,14999000,14999000.0,0.0,14999000.0,10799000.0,4200000.0
2588,TRX-01114,DTL-002588,20241031,701,10,21,2,1114,21,1,12599000,12599000.0,0.0,12599000.0,9071000.0,3528000.0
2589,TRX-01114,DTL-002589,20241031,701,48,21,2,1114,13,2,16999000,33998000.0,3399800.0,30598200.0,24478000.0,6120200.0
2590,TRX-01114,DTL-002590,20241031,701,57,21,2,1114,21,1,5999000,5999000.0,0.0,5999000.0,4319000.0,1680000.0
2591,TRX-01115,DTL-002591,20250407,401,16,1,2,1115,21,1,14999000,14999000.0,0.0,14999000.0,10799000.0,4200000.0
2592,TRX-01115,DTL-002592,20250407,401,14,1,2,1115,21,2,9499000,18998000.0,0.0,18998000.0,13678000.0,5320000.0
2593,TRX-01116,DTL-002593,20250418,587,12,14,3,1116,21,1,11499000,11499000.0,0.0,11499000.0,8279000.0,3220000.0
2594,TRX-01116,DTL-002594,20250418,587,91,14,3,1116,21,1,699000,699000.0,0.0,699000.0,503000.0,196000.0
2595,TRX-01117,DTL-002595,20250503,224,40,10,2,1117,21,1,15999000,15999000.0,0.0,15999000.0,11519000.0,4480000.0
2596,TRX-01117,DTL-002596,20250503,224,33,10,2,1117,14,1,15999000,15999000.0,479970.0,15519030.0,11519000.0,4000030.0
2597,TRX-01118,DTL-002597,20240127,1000,90,17,2,1118,16,1,699000,699000.0,34950.0,664050.0,503000.0,161050.0
2598,TRX-01118,DTL-002598,20240127,1000,96,17,2,1118,6,1,1599000,1599000.0,47970.0,1551030.0,1151000.0,400030.0
2599,TRX-01119,DTL-002599,20241207,1000,48,6,2,1119,21,2,16999000,33998000.0,0.0,33998000.0,24478000.0,9520000.0
2600,TRX-01120,DTL-002600,20241204,462,30,5,2,1120,21,1,13499000,13499000.0,0.0,13499000.0,9719000.0,3780000.0
2601,TRX-01120,DTL-002601,20241204,462,85,5,2,1120,21,1,399000,399000.0,0.0,399000.0,287000.0,112000.0
2602,TRX-01121,DTL-002602,20240204,322,29,12,2,1121,1,2,17499000,34998000.0,1049940.0,33948060.0,25198000.0,8750060.0
2603,TRX-01121,DTL-002603,20240204,322,38,12,2,1121,21,1,1599000,1599000.0,0.0,1599000.0,1151000.0,448000.0
2604,TRX-01121,DTL-002604,20240204,322,10,12,2,1121,21,1,12599000,12599000.0,0.0,12599000.0,9071000.0,3528000.0
2605,TRX-01122,DTL-002605,20250426,164,9,4,2,1122,20,1,12999000,12999000.0,649950.0,12349050.0,9359000.0,2990050.0
2606,TRX-01122,DTL-002606,20250426,164,65,4,2,1122,21,1,6299000,6299000.0,0.0,6299000.0,4535000.0,1764000.0
2607,TRX-01123,DTL-002607,20250324,158,11,6,2,1123,21,1,15999000,15999000.0,0.0,15999000.0,11519000.0,4480000.0
2608,TRX-01123,DTL-002608,20250324,158,57,6,2,1123,21,1,5999000,5999000.0,0.0,5999000.0,4319000.0,1680000.0
2609,TRX-01123,DTL-002609,20250324,158,86,6,2,1123,21,1,1199000,1199000.0,0.0,1199000.0,863000.0,336000.0
2610,TRX-01123,DTL-002610,20250324,158,91,6,2,1123,21,1,699000,699000.0,0.0,699000.0,503000.0,196000.0
2611,TRX-01124,DTL-002611,20241214,1000,72,14,3,1124,21,1,6999000,6999000.0,0.0,6999000.0,5039000.0,1960000.0
2612,TRX-01124,DTL-002612,20241214,1000,85,14,3,1124,21,1,399000,399000.0,0.0,399000.0,287000.0,112000.0
2613,TRX-01125,DTL-002613,20240520,197,61,19,2,1125,16,2,5599000,11198000.0,559900.0,10638100.0,8062000.0,2576100.0
2614,TRX-01126,DTL-002614,20250121,856,46,5,2,1126,21,1,2999000,2999000.0,0.0,2999000.0,2159000.0,840000.0
2615,TRX-01126,DTL-002615,20250121,856,56,5,2,1126,14,1,5799000,5799000.0,173970.0,5625030.0,4175000.0,1450030.0
2616,TRX-01126,DTL-002616,20250121,856,79,5,2,1126,21,1,18999000,18999000.0,0.0,18999000.0,13679000.0,5320000.0
2617,TRX-01126,DTL-002617,20250121,856,100,5,2,1126,21,1,1799000,1799000.0,0.0,1799000.0,1295000.0,504000.0
2618,TRX-01127,DTL-002618,20240309,40,13,2,2,1127,21,1,6499000,6499000.0,0.0,6499000.0,4679000.0,1820000.0
2619,TRX-01127,DTL-002619,20240309,40,65,2,2,1127,21,1,6299000,6299000.0,0.0,6299000.0,4535000.0,1764000.0
2620,TRX-01128,DTL-002620,20240316,244,60,25,2,1128,19,2,4999000,9998000.0,499900.0,9498100.0,7198000.0,2300100.0
2621,TRX-01128,DTL-002621,20240316,244,28,25,2,1128,21,1,20999000,20999000.0,0.0,20999000.0,15119000.0,5880000.0
2622,TRX-01129,DTL-002622,20241211,164,51,6,2,1129,4,2,6499000,12998000.0,1559760.0,11438240.0,9358000.0,2080240.0
2623,TRX-01130,DTL-002623,20240705,1000,62,10,3,1130,21,1,5999000,5999000.0,0.0,5999000.0,4319000.0,1680000.0
2624,TRX-01130,DTL-002624,20240705,1000,23,10,3,1130,21,2,499000,998000.0,0.0,998000.0,718000.0,280000.0
2625,TRX-01130,DTL-002625,20240705,1000,71,10,3,1130,21,2,4999000,9998000.0,0.0,9998000.0,7198000.0,2800000.0
2626,TRX-01131,DTL-002626,20240127,591,52,18,3,1131,21,1,2099000,2099000.0,0.0,2099000.0,1511000.0,588000.0
2627,TRX-01132,DTL-002627,20241004,1000,53,19,3,1132,21,2,5099000,10198000.0,0.0,10198000.0,7342000.0,2856000.0
2628,TRX-01132,DTL-002628,20241004,1000,23,19,3,1132,21,2,499000,998000.0,0.0,998000.0,718000.0,280000.0
2629,TRX-01133,DTL-002629,20241216,464,67,18,1,1133,21,1,3999000,3999000.0,0.0,3999000.0,2879000.0,1120000.0
2630,TRX-01133,DTL-002630,20241216,464,85,18,1,1133,21,1,399000,399000.0,0.0,399000.0,287000.0,112000.0
2631,TRX-01134,DTL-002631,20250505,55,30,14,2,1134,21,1,13499000,13499000.0,0.0,13499000.0,9719000.0,3780000.0
2632,TRX-01135,DTL-002632,20240303,816,23,5,2,1135,21,1,499000,499000.0,0.0,499000.0,359000.0,140000.0
2633,TRX-01135,DTL-002633,20240303,816,84,5,2,1135,21,1,1399000,1399000.0,0.0,1399000.0,1007000.0,392000.0
2634,TRX-01135,DTL-002634,20240303,816,19,5,2,1135,15,1,14999000,14999000.0,1199920.0,13799080.0,10799000.0,3000080.0
2635,TRX-01136,DTL-002635,20250131,528,98,1,2,1136,21,3,1695000,5085000.0,0.0,5085000.0,3660000.0,1425000.0
2636,TRX-01137,DTL-002636,20240306,196,10,4,3,1137,17,1,12599000,12599000.0,1511880.0,11087120.0,9071000.0,2016120.0
2637,TRX-01137,DTL-002637,20240306,196,70,4,3,1137,11,1,6499000,6499000.0,519920.0,5979080.0,4679000.0,1300080.0
2638,TRX-01137,DTL-002638,20240306,196,29,4,3,1137,12,1,17499000,17499000.0,1749900.0,15749100.0,12599000.0,3150100.0
2639,TRX-01137,DTL-002639,20240306,196,55,4,3,1137,19,2,3299000,6598000.0,329900.0,6268100.0,4750000.0,1518100.0
2640,TRX-01138,DTL-002640,20250326,483,64,1,2,1138,21,1,7499000,7499000.0,0.0,7499000.0,5399000.0,2100000.0
2641,TRX-01138,DTL-002641,20250326,483,11,1,2,1138,15,1,15999000,15999000.0,1279920.0,14719080.0,11519000.0,3200080.0
2642,TRX-01138,DTL-002642,20250326,483,61,1,2,1138,1,1,5599000,5599000.0,167970.0,5431030.0,4031000.0,1400030.0
2643,TRX-01139,DTL-002643,20250310,454,64,20,2,1139,2,1,7499000,7499000.0,599920.0,6899080.0,5399000.0,1500080.0
2644,TRX-01139,DTL-002644,20250310,454,92,20,2,1139,2,1,649000,649000.0,51920.0,597080.0,467000.0,130080.0
2645,TRX-01140,DTL-002645,20240222,1000,66,4,1,1140,21,1,5499000,5499000.0,0.0,5499000.0,3959000.0,1540000.0
2646,TRX-01140,DTL-002646,20240222,1000,25,4,1,1140,11,1,24499000,24499000.0,1959920.0,22539080.0,17639000.0,4900080.0
2647,TRX-01141,DTL-002647,20240823,34,96,3,3,1141,21,1,1599000,1599000.0,0.0,1599000.0,1151000.0,448000.0
2648,TRX-01142,DTL-002648,20250416,881,28,11,2,1142,21,1,20999000,20999000.0,0.0,20999000.0,15119000.0,5880000.0
2649,TRX-01142,DTL-002649,20250416,881,68,11,2,1142,21,3,3499000,10497000.0,0.0,10497000.0,7557000.0,2940000.0
2650,TRX-01142,DTL-002650,20250416,881,45,11,2,1142,21,1,3999000,3999000.0,0.0,3999000.0,2879000.0,1120000.0
2651,TRX-01142,DTL-002651,20250416,881,93,11,2,1142,21,1,699000,699000.0,0.0,699000.0,503000.0,196000.0
2652,TRX-01143,DTL-002652,20240618,292,91,4,3,1143,11,1,699000,699000.0,55920.0,643080.0,503000.0,140080.0
2653,TRX-01143,DTL-002653,20240618,292,92,4,3,1143,21,1,649000,649000.0,0.0,649000.0,467000.0,182000.0
2654,TRX-01144,DTL-002654,20250330,405,99,24,3,1144,21,1,3079000,3079000.0,0.0,3079000.0,2217000.0,862000.0
2655,TRX-01144,DTL-002655,20250330,405,89,24,3,1144,21,1,779000,779000.0,0.0,779000.0,561000.0,218000.0
2656,TRX-01145,DTL-002656,20241123,828,70,15,3,1145,21,1,6499000,6499000.0,0.0,6499000.0,4679000.0,1820000.0
2657,TRX-01145,DTL-002657,20241123,828,65,15,3,1145,21,1,6299000,6299000.0,0.0,6299000.0,4535000.0,1764000.0
2658,TRX-01146,DTL-002658,20240205,840,43,11,2,1146,21,1,8999000,8999000.0,0.0,8999000.0,6479000.0,2520000.0
2659,TRX-01146,DTL-002659,20240205,840,41,11,2,1146,21,1,6499000,6499000.0,0.0,6499000.0,4679000.0,1820000.0
2660,TRX-01147,DTL-002660,20240921,149,18,15,2,1147,21,1,7999000,7999000.0,0.0,7999000.0,5759000.0,2240000.0
2661,TRX-01148,DTL-002661,20240313,435,51,17,3,1148,7,3,6499000,19497000.0,1949700.0,17547300.0,14037000.0,3510300.0
2662,TRX-01148,DTL-002662,20240313,435,28,17,3,1148,11,2,20999000,41998000.0,3359840.0,38638160.0,30238000.0,8400160.0
2663,TRX-01148,DTL-002663,20240313,435,98,17,3,1148,21,2,1695000,3390000.0,0.0,3390000.0,2440000.0,950000.0
2664,TRX-01149,DTL-002664,20240722,872,92,18,3,1149,13,1,649000,649000.0,64900.0,584100.0,467000.0,117100.0
2665,TRX-01150,DTL-002665,20240517,304,41,18,3,1150,21,1,6499000,6499000.0,0.0,6499000.0,4679000.0,1820000.0
2666,TRX-01150,DTL-002666,20240517,304,86,18,3,1150,21,2,1199000,2398000.0,0.0,2398000.0,1726000.0,672000.0
2667,TRX-01150,DTL-002667,20240517,304,11,18,3,1150,19,1,15999000,15999000.0,799950.0,15199050.0,11519000.0,3680050.0
2668,TRX-01151,DTL-002668,20240918,458,33,10,2,1151,21,1,15999000,15999000.0,0.0,15999000.0,11519000.0,4480000.0
2669,TRX-01152,DTL-002669,20250430,269,33,14,1,1152,21,1,15999000,15999000.0,0.0,15999000.0,11519000.0,4480000.0
2670,TRX-01153,DTL-002670,20240704,860,70,14,3,1153,21,1,6499000,6499000.0,0.0,6499000.0,4679000.0,1820000.0
2671,TRX-01153,DTL-002671,20240704,860,46,14,3,1153,21,1,2999000,2999000.0,0.0,2999000.0,2159000.0,840000.0
2672,TRX-01153,DTL-002672,20240704,860,36,14,3,1153,21,1,3999000,3999000.0,0.0,3999000.0,2879000.0,1120000.0
2673,TRX-01154,DTL-002673,20241028,119,5,20,1,1154,21,1,13999000,13999000.0,0.0,13999000.0,10079000.0,3920000.0
2674,TRX-01154,DTL-002674,20241028,119,85,20,1,1154,21,1,399000,399000.0,0.0,399000.0,287000.0,112000.0
2675,TRX-01154,DTL-002675,20241028,119,75,20,1,1154,21,1,4699000,4699000.0,0.0,4699000.0,3383000.0,1316000.0
2676,TRX-01154,DTL-002676,20241028,119,67,20,1,1154,21,1,3999000,3999000.0,0.0,3999000.0,2879000.0,1120000.0
2677,TRX-01155,DTL-002677,20250120,114,64,5,2,1155,19,1,7499000,7499000.0,374950.0,7124050.0,5399000.0,1725050.0
2678,TRX-01155,DTL-002678,20250120,114,56,5,2,1155,21,1,5799000,5799000.0,0.0,5799000.0,4175000.0,1624000.0
2679,TRX-01155,DTL-002679,20250120,114,75,5,2,1155,21,1,4699000,4699000.0,0.0,4699000.0,3383000.0,1316000.0
2680,TRX-01156,DTL-002680,20250215,944,67,8,2,1156,21,1,3999000,3999000.0,0.0,3999000.0,2879000.0,1120000.0
2681,TRX-01156,DTL-002681,20250215,944,84,8,2,1156,21,1,1399000,1399000.0,0.0,1399000.0,1007000.0,392000.0
2682,TRX-01156,DTL-002682,20250215,944,53,8,2,1156,21,2,5099000,10198000.0,0.0,10198000.0,7342000.0,2856000.0
2683,TRX-01156,DTL-002683,20250215,944,24,8,2,1156,4,1,399000,399000.0,47880.0,351120.0,287000.0,64120.0
2684,TRX-01157,DTL-002684,20240806,907,10,21,2,1157,9,1,12599000,12599000.0,377970.0,12221030.0,9071000.0,3150030.0
2685,TRX-01158,DTL-002685,20240305,641,7,3,2,1158,21,1,9999000,9999000.0,0.0,9999000.0,7199000.0,2800000.0
2686,TRX-01158,DTL-002686,20240305,641,57,3,2,1158,21,1,5999000,5999000.0,0.0,5999000.0,4319000.0,1680000.0
2687,TRX-01159,DTL-002687,20241122,638,4,17,2,1159,21,1,16999000,16999000.0,0.0,16999000.0,12239000.0,4760000.0
2688,TRX-01159,DTL-002688,20241122,638,14,17,2,1159,16,1,9499000,9499000.0,474950.0,9024050.0,6839000.0,2185050.0
2689,TRX-01160,DTL-002689,20240629,1000,16,6,3,1160,21,1,14999000,14999000.0,0.0,14999000.0,10799000.0,4200000.0
2690,TRX-01160,DTL-002690,20240629,1000,8,6,3,1160,21,1,10999000,10999000.0,0.0,10999000.0,7919000.0,3080000.0
2691,TRX-01160,DTL-002691,20240629,1000,40,6,3,1160,21,1,15999000,15999000.0,0.0,15999000.0,11519000.0,4480000.0
2692,TRX-01160,DTL-002692,20240629,1000,41,6,3,1160,21,1,6499000,6499000.0,0.0,6499000.0,4679000.0,1820000.0
2693,TRX-01161,DTL-002693,20250528,294,76,15,2,1161,21,1,2999000,2999000.0,0.0,2999000.0,2159000.0,840000.0
2694,TRX-01161,DTL-002694,20250528,294,78,15,2,1161,19,2,21999000,43998000.0,2199900.0,41798100.0,31678000.0,10120100.0
2695,TRX-01162,DTL-002695,20240620,18,65,7,2,1162,14,1,6299000,6299000.0,188970.0,6110030.0,4535000.0,1575030.0
2696,TRX-01162,DTL-002696,20240620,18,17,7,2,1162,21,2,22999000,45998000.0,0.0,45998000.0,33118000.0,12880000.0
2697,TRX-01162,DTL-002697,20240620,18,46,7,2,1162,17,1,2999000,2999000.0,359880.0,2639120.0,2159000.0,480120.0
2698,TRX-01162,DTL-002698,20240620,18,39,7,2,1162,21,1,13999000,13999000.0,0.0,13999000.0,10079000.0,3920000.0
2699,TRX-01163,DTL-002699,20240130,518,23,16,3,1163,21,2,499000,998000.0,0.0,998000.0,718000.0,280000.0
2700,TRX-01163,DTL-002700,20240130,518,32,16,3,1163,21,1,28499000,28499000.0,0.0,28499000.0,20519000.0,7980000.0
2701,TRX-01164,DTL-002701,20240929,891,47,25,3,1164,21,1,12499000,12499000.0,0.0,12499000.0,8999000.0,3500000.0
2702,TRX-01164,DTL-002702,20240929,891,60,25,3,1164,21,1,4999000,4999000.0,0.0,4999000.0,3599000.0,1400000.0
2703,TRX-01164,DTL-002703,20240929,891,54,25,3,1164,21,1,4499000,4499000.0,0.0,4499000.0,3239000.0,1260000.0
2704,TRX-01165,DTL-002704,20240207,348,18,17,2,1165,21,1,7999000,7999000.0,0.0,7999000.0,5759000.0,2240000.0
2705,TRX-01165,DTL-002705,20240207,348,10,17,2,1165,20,1,12599000,12599000.0,629950.0,11969050.0,9071000.0,2898050.0
2706,TRX-01165,DTL-002706,20240207,348,26,17,2,1165,17,1,19499000,19499000.0,2339880.0,17159120.0,14039000.0,3120120.0
2707,TRX-01166,DTL-002707,20240124,261,17,2,1,1166,13,1,22999000,22999000.0,2299900.0,20699100.0,16559000.0,4140100.0
2708,TRX-01166,DTL-002708,20240124,261,58,2,1,1166,21,1,4999000,4999000.0,0.0,4999000.0,3599000.0,1400000.0
2709,TRX-01166,DTL-002709,20240124,261,15,2,1,1166,18,1,13599000,13599000.0,2039850.0,11559150.0,9791000.0,1768150.0
2710,TRX-01167,DTL-002710,20241027,995,29,18,3,1167,21,1,17499000,17499000.0,0.0,17499000.0,12599000.0,4900000.0
2711,TRX-01167,DTL-002711,20241027,995,98,18,3,1167,21,1,1695000,1695000.0,0.0,1695000.0,1220000.0,475000.0
2712,TRX-01168,DTL-002712,20241217,1000,81,9,2,1168,21,1,7999000,7999000.0,0.0,7999000.0,5759000.0,2240000.0
2713,TRX-01168,DTL-002713,20241217,1000,29,9,2,1168,5,1,17499000,17499000.0,1399920.0,16099080.0,12599000.0,3500080.0
2714,TRX-01168,DTL-002714,20241217,1000,96,9,2,1168,21,1,1599000,1599000.0,0.0,1599000.0,1151000.0,448000.0
2715,TRX-01169,DTL-002715,20241204,707,30,15,2,1169,19,1,13499000,13499000.0,674950.0,12824050.0,9719000.0,3105050.0
2716,TRX-01170,DTL-002716,20241012,500,13,14,3,1170,2,1,6499000,6499000.0,519920.0,5979080.0,4679000.0,1300080.0
2717,TRX-01171,DTL-002717,20240907,1000,26,4,1,1171,12,1,19499000,19499000.0,1949900.0,17549100.0,14039000.0,3510100.0
2718,TRX-01171,DTL-002718,20240907,1000,77,4,1,1171,11,1,1999000,1999000.0,159920.0,1839080.0,1439000.0,400080.0
2719,TRX-01172,DTL-002719,20240318,970,20,4,1,1172,6,1,3999000,3999000.0,119970.0,3879030.0,2879000.0,1000030.0
2720,TRX-01172,DTL-002720,20240318,970,100,4,1,1172,21,1,1799000,1799000.0,0.0,1799000.0,1295000.0,504000.0
2721,TRX-01173,DTL-002721,20250416,375,8,20,2,1173,21,1,10999000,10999000.0,0.0,10999000.0,7919000.0,3080000.0
2722,TRX-01173,DTL-002722,20250416,375,77,20,2,1173,15,1,1999000,1999000.0,159920.0,1839080.0,1439000.0,400080.0
2723,TRX-01173,DTL-002723,20250416,375,47,20,2,1173,21,1,12499000,12499000.0,0.0,12499000.0,8999000.0,3500000.0
2724,TRX-01174,DTL-002724,20241127,397,61,5,1,1174,16,1,5599000,5599000.0,279950.0,5319050.0,4031000.0,1288050.0
2725,TRX-01174,DTL-002725,20241127,397,83,5,1,1174,21,1,7499000,7499000.0,0.0,7499000.0,5399000.0,2100000.0
2726,TRX-01175,DTL-002726,20241219,757,54,22,2,1175,21,1,4499000,4499000.0,0.0,4499000.0,3239000.0,1260000.0
2727,TRX-01176,DTL-002727,20240317,895,37,3,2,1176,21,1,2999000,2999000.0,0.0,2999000.0,2159000.0,840000.0
2728,TRX-01176,DTL-002728,20240317,895,8,3,2,1176,9,1,10999000,10999000.0,329970.0,10669030.0,7919000.0,2750030.0
2729,TRX-01176,DTL-002729,20240317,895,95,3,2,1176,6,1,399000,399000.0,11970.0,387030.0,287000.0,100030.0
2730,TRX-01177,DTL-002730,20250129,475,83,7,2,1177,1,1,7499000,7499000.0,224970.0,7274030.0,5399000.0,1875030.0
2731,TRX-01177,DTL-002731,20250129,475,46,7,2,1177,21,1,2999000,2999000.0,0.0,2999000.0,2159000.0,840000.0
2732,TRX-01178,DTL-002732,20241018,178,9,19,3,1178,21,1,12999000,12999000.0,0.0,12999000.0,9359000.0,3640000.0
2733,TRX-01178,DTL-002733,20241018,178,6,19,3,1178,2,1,12499000,12499000.0,999920.0,11499080.0,8999000.0,2500080.0
2734,TRX-01179,DTL-002734,20240617,597,69,19,3,1179,21,1,1599000,1599000.0,0.0,1599000.0,1151000.0,448000.0
2735,TRX-01180,DTL-002735,20240830,9,36,3,3,1180,21,1,3999000,3999000.0,0.0,3999000.0,2879000.0,1120000.0
2736,TRX-01180,DTL-002736,20240830,9,17,3,3,1180,21,1,22999000,22999000.0,0.0,22999000.0,16559000.0,6440000.0
2737,TRX-01181,DTL-002737,20250529,207,92,7,2,1181,14,1,649000,649000.0,19470.0,629530.0,467000.0,162530.0
2738,TRX-01181,DTL-002738,20250529,207,37,7,2,1181,21,1,2999000,2999000.0,0.0,2999000.0,2159000.0,840000.0
2739,TRX-01181,DTL-002739,20250529,207,29,7,2,1181,4,1,17499000,17499000.0,2099880.0,15399120.0,12599000.0,2800120.0
2740,TRX-01182,DTL-002740,20240329,86,83,8,3,1182,1,1,7499000,7499000.0,224970.0,7274030.0,5399000.0,1875030.0
2741,TRX-01183,DTL-002741,20240312,310,5,12,2,1183,21,1,13999000,13999000.0,0.0,13999000.0,10079000.0,3920000.0
2742,TRX-01184,DTL-002742,20240810,576,91,24,2,1184,21,1,699000,699000.0,0.0,699000.0,503000.0,196000.0
2743,TRX-01185,DTL-002743,20240311,1000,88,21,1,1185,3,2,2799000,5598000.0,447840.0,5150160.0,4030000.0,1120160.0
2744,TRX-01185,DTL-002744,20240311,1000,85,21,1,1185,21,2,399000,798000.0,0.0,798000.0,574000.0,224000.0
2745,TRX-01186,DTL-002745,20240729,1000,20,8,2,1186,21,1,3999000,3999000.0,0.0,3999000.0,2879000.0,1120000.0
2746,TRX-01186,DTL-002746,20240729,1000,48,8,2,1186,16,3,16999000,50997000.0,2549850.0,48447150.0,36717000.0,11730150.0
2747,TRX-01186,DTL-002747,20240729,1000,69,8,2,1186,21,1,1599000,1599000.0,0.0,1599000.0,1151000.0,448000.0
2748,TRX-01186,DTL-002748,20240729,1000,84,8,2,1186,21,1,1399000,1399000.0,0.0,1399000.0,1007000.0,392000.0
2749,TRX-01187,DTL-002749,20250415,1000,81,13,2,1187,21,2,7999000,15998000.0,0.0,15998000.0,11518000.0,4480000.0
2750,TRX-01188,DTL-002750,20240226,774,82,15,2,1188,21,2,7499000,14998000.0,0.0,14998000.0,10798000.0,4200000.0
2751,TRX-01188,DTL-002751,20240226,774,41,15,2,1188,13,2,6499000,12998000.0,1299800.0,11698200.0,9358000.0,2340200.0
2752,TRX-01188,DTL-002752,20240226,774,31,15,2,1188,21,1,20999000,20999000.0,0.0,20999000.0,15119000.0,5880000.0
2753,TRX-01188,DTL-002753,20240226,774,23,15,2,1188,21,1,499000,499000.0,0.0,499000.0,359000.0,140000.0
2754,TRX-01189,DTL-002754,20240908,254,40,7,2,1189,21,1,15999000,15999000.0,0.0,15999000.0,11519000.0,4480000.0
2755,TRX-01190,DTL-002755,20240308,1000,95,14,2,1190,21,1,399000,399000.0,0.0,399000.0,287000.0,112000.0
2756,TRX-01190,DTL-002756,20240308,1000,82,14,2,1190,21,2,7499000,14998000.0,0.0,14998000.0,10798000.0,4200000.0
2757,TRX-01191,DTL-002757,20240716,250,99,15,2,1191,21,2,3079000,6158000.0,0.0,6158000.0,4434000.0,1724000.0
2758,TRX-01191,DTL-002758,20240716,250,9,15,2,1191,21,1,12999000,12999000.0,0.0,12999000.0,9359000.0,3640000.0
2759,TRX-01192,DTL-002759,20241211,892,16,4,3,1192,21,1,14999000,14999000.0,0.0,14999000.0,10799000.0,4200000.0
2760,TRX-01192,DTL-002760,20241211,892,83,4,3,1192,6,1,7499000,7499000.0,224970.0,7274030.0,5399000.0,1875030.0
2761,TRX-01193,DTL-002761,20240828,931,22,7,3,1193,21,1,499000,499000.0,0.0,499000.0,359000.0,140000.0
2762,TRX-01193,DTL-002762,20240828,931,90,7,3,1193,7,2,699000,1398000.0,139800.0,1258200.0,1006000.0,252200.0
2763,TRX-01194,DTL-002763,20250325,432,89,9,2,1194,12,2,779000,1558000.0,155800.0,1402200.0,1122000.0,280200.0
2764,TRX-01194,DTL-002764,20250325,432,65,9,2,1194,21,1,6299000,6299000.0,0.0,6299000.0,4535000.0,1764000.0
2765,TRX-01195,DTL-002765,20241219,410,6,2,2,1195,21,1,12499000,12499000.0,0.0,12499000.0,8999000.0,3500000.0
2766,TRX-01195,DTL-002766,20241219,410,68,2,2,1195,21,1,3499000,3499000.0,0.0,3499000.0,2519000.0,980000.0
2767,TRX-01196,DTL-002767,20240425,720,18,13,2,1196,12,1,7999000,7999000.0,799900.0,7199100.0,5759000.0,1440100.0
2768,TRX-01197,DTL-002768,20240619,802,21,11,2,1197,21,1,2499000,2499000.0,0.0,2499000.0,1799000.0,700000.0
2769,TRX-01197,DTL-002769,20240619,802,61,11,2,1197,12,2,5599000,11198000.0,1119800.0,10078200.0,8062000.0,2016200.0
2770,TRX-01198,DTL-002770,20240825,274,15,1,3,1198,10,2,13599000,27198000.0,1359900.0,25838100.0,19582000.0,6256100.0
2771,TRX-01199,DTL-002771,20250224,1000,15,8,2,1199,21,1,13599000,13599000.0,0.0,13599000.0,9791000.0,3808000.0
2772,TRX-01199,DTL-002772,20250224,1000,18,8,2,1199,4,3,7999000,23997000.0,2879640.0,21117360.0,17277000.0,3840360.0
2773,TRX-01199,DTL-002773,20250224,1000,87,8,2,1199,21,3,1199000,3597000.0,0.0,3597000.0,2589000.0,1008000.0
2774,TRX-01199,DTL-002774,20250224,1000,45,8,2,1199,21,1,3999000,3999000.0,0.0,3999000.0,2879000.0,1120000.0
2775,TRX-01200,DTL-002775,20250331,400,87,17,3,1200,21,1,1199000,1199000.0,0.0,1199000.0,863000.0,336000.0
2776,TRX-01200,DTL-002776,20250331,400,42,17,3,1200,20,2,3499000,6998000.0,349900.0,6648100.0,5038000.0,1610100.0
2777,TRX-01201,DTL-002777,20240131,88,80,14,2,1201,21,1,10999000,10999000.0,0.0,10999000.0,7919000.0,3080000.0
2778,TRX-01202,DTL-002778,20240914,764,34,16,2,1202,21,1,5999000,5999000.0,0.0,5999000.0,4319000.0,1680000.0
2779,TRX-01203,DTL-002779,20240507,978,85,12,2,1203,21,1,399000,399000.0,0.0,399000.0,287000.0,112000.0
2780,TRX-01203,DTL-002780,20240507,978,65,12,2,1203,21,1,6299000,6299000.0,0.0,6299000.0,4535000.0,1764000.0
2781,TRX-01204,DTL-002781,20241228,173,72,17,3,1204,21,1,6999000,6999000.0,0.0,6999000.0,5039000.0,1960000.0
2782,TRX-01205,DTL-002782,20250402,594,73,22,3,1205,21,1,4299000,4299000.0,0.0,4299000.0,3095000.0,1204000.0
2783,TRX-01205,DTL-002783,20250402,594,67,22,3,1205,21,1,3999000,3999000.0,0.0,3999000.0,2879000.0,1120000.0
2784,TRX-01205,DTL-002784,20250402,594,2,22,3,1205,21,2,23499000,46998000.0,0.0,46998000.0,33838000.0,13160000.0
2785,TRX-01206,DTL-002785,20250513,700,58,2,2,1206,21,1,4999000,4999000.0,0.0,4999000.0,3599000.0,1400000.0
2786,TRX-01207,DTL-002786,20241211,756,100,24,2,1207,21,2,1799000,3598000.0,0.0,3598000.0,2590000.0,1008000.0
2787,TRX-01208,DTL-002787,20241022,653,86,8,2,1208,21,1,1199000,1199000.0,0.0,1199000.0,863000.0,336000.0
2788,TRX-01208,DTL-002788,20241022,653,29,8,2,1208,21,2,17499000,34998000.0,0.0,34998000.0,25198000.0,9800000.0
2789,TRX-01208,DTL-002789,20241022,653,24,8,2,1208,21,1,399000,399000.0,0.0,399000.0,287000.0,112000.0
2790,TRX-01209,DTL-002790,20250518,214,22,2,1,1209,21,2,499000,998000.0,0.0,998000.0,718000.0,280000.0
2791,TRX-01209,DTL-002791,20250518,214,85,2,1,1209,21,1,399000,399000.0,0.0,399000.0,287000.0,112000.0
2792,TRX-01209,DTL-002792,20250518,214,74,2,1,1209,21,1,5999000,5999000.0,0.0,5999000.0,4319000.0,1680000.0
2793,TRX-01209,DTL-002793,20250518,214,51,2,1,1209,21,1,6499000,6499000.0,0.0,6499000.0,4679000.0,1820000.0
2794,TRX-01210,DTL-002794,20250424,810,54,20,3,1210,18,1,4499000,4499000.0,674850.0,3824150.0,3239000.0,585150.0
2795,TRX-01210,DTL-002795,20250424,810,11,20,3,1210,21,1,15999000,15999000.0,0.0,15999000.0,11519000.0,4480000.0
2796,TRX-01211,DTL-002796,20250125,106,58,19,2,1211,21,1,4999000,4999000.0,0.0,4999000.0,3599000.0,1400000.0
2797,TRX-01211,DTL-002797,20250125,106,57,19,2,1211,21,1,5999000,5999000.0,0.0,5999000.0,4319000.0,1680000.0
2798,TRX-01212,DTL-002798,20241210,739,13,22,1,1212,21,1,6499000,6499000.0,0.0,6499000.0,4679000.0,1820000.0
2799,TRX-01212,DTL-002799,20241210,739,45,22,1,1212,21,1,3999000,3999000.0,0.0,3999000.0,2879000.0,1120000.0
2800,TRX-01213,DTL-002800,20241214,98,91,6,3,1213,21,1,699000,699000.0,0.0,699000.0,503000.0,196000.0
2801,TRX-01214,DTL-002801,20240302,422,33,24,2,1214,21,1,15999000,15999000.0,0.0,15999000.0,11519000.0,4480000.0
2802,TRX-01215,DTL-002802,20250104,413,27,25,3,1215,21,1,16499000,16499000.0,0.0,16499000.0,11879000.0,4620000.0
2803,TRX-01215,DTL-002803,20250104,413,65,25,3,1215,15,2,6299000,12598000.0,1007840.0,11590160.0,9070000.0,2520160.0
2804,TRX-01215,DTL-002804,20250104,413,35,25,3,1215,21,1,4999000,4999000.0,0.0,4999000.0,3599000.0,1400000.0
2805,TRX-01216,DTL-002805,20240908,541,50,21,2,1216,21,2,8499000,16998000.0,0.0,16998000.0,12238000.0,4760000.0
2806,TRX-01216,DTL-002806,20240908,541,72,21,2,1216,21,1,6999000,6999000.0,0.0,6999000.0,5039000.0,1960000.0
2807,TRX-01216,DTL-002807,20240908,541,23,21,2,1216,15,1,499000,499000.0,39920.0,459080.0,359000.0,100080.0
2808,TRX-01217,DTL-002808,20240828,159,87,22,2,1217,21,1,1199000,1199000.0,0.0,1199000.0,863000.0,336000.0
2809,TRX-01217,DTL-002809,20240828,159,70,22,2,1217,13,2,6499000,12998000.0,1299800.0,11698200.0,9358000.0,2340200.0
2810,TRX-01218,DTL-002810,20241002,453,21,5,3,1218,19,1,2499000,2499000.0,124950.0,2374050.0,1799000.0,575050.0
2811,TRX-01218,DTL-002811,20241002,453,63,5,3,1218,21,1,6999000,6999000.0,0.0,6999000.0,5039000.0,1960000.0
2812,TRX-01219,DTL-002812,20241224,42,70,7,2,1219,13,1,6499000,6499000.0,649900.0,5849100.0,4679000.0,1170100.0
2813,TRX-01219,DTL-002813,20241224,42,37,7,2,1219,21,3,2999000,8997000.0,0.0,8997000.0,6477000.0,2520000.0
2814,TRX-01220,DTL-002814,20250202,176,62,12,2,1220,21,1,5999000,5999000.0,0.0,5999000.0,4319000.0,1680000.0
2815,TRX-01220,DTL-002815,20250202,176,23,12,2,1220,21,1,499000,499000.0,0.0,499000.0,359000.0,140000.0
2816,TRX-01221,DTL-002816,20240820,352,56,5,3,1221,21,1,5799000,5799000.0,0.0,5799000.0,4175000.0,1624000.0
2817,TRX-01221,DTL-002817,20240820,352,45,5,3,1221,17,1,3999000,3999000.0,479880.0,3519120.0,2879000.0,640120.0
2818,TRX-01221,DTL-002818,20240820,352,3,5,3,1221,21,1,18499000,18499000.0,0.0,18499000.0,13319000.0,5180000.0
2819,TRX-01222,DTL-002819,20250101,786,53,14,3,1222,21,1,5099000,5099000.0,0.0,5099000.0,3671000.0,1428000.0
2820,TRX-01222,DTL-002820,20250101,786,80,14,3,1222,21,1,10999000,10999000.0,0.0,10999000.0,7919000.0,3080000.0
2821,TRX-01222,DTL-002821,20250101,786,95,14,3,1222,21,1,399000,399000.0,0.0,399000.0,287000.0,112000.0
2822,TRX-01223,DTL-002822,20240523,225,19,16,2,1223,7,1,14999000,14999000.0,1499900.0,13499100.0,10799000.0,2700100.0
2823,TRX-01224,DTL-002823,20241115,959,63,2,2,1224,6,1,6999000,6999000.0,209970.0,6789030.0,5039000.0,1750030.0
2824,TRX-01224,DTL-002824,20241115,959,68,2,2,1224,21,1,3499000,3499000.0,0.0,3499000.0,2519000.0,980000.0
2825,TRX-01224,DTL-002825,20241115,959,53,2,2,1224,21,1,5099000,5099000.0,0.0,5099000.0,3671000.0,1428000.0
2826,TRX-01225,DTL-002826,20240325,913,10,18,3,1225,3,1,12599000,12599000.0,1007920.0,11591080.0,9071000.0,2520080.0
2827,TRX-01225,DTL-002827,20240325,913,22,18,3,1225,21,1,499000,499000.0,0.0,499000.0,359000.0,140000.0
2828,TRX-01225,DTL-002828,20240325,913,42,18,3,1225,21,1,3499000,3499000.0,0.0,3499000.0,2519000.0,980000.0
2829,TRX-01226,DTL-002829,20250129,669,46,21,1,1226,21,2,2999000,5998000.0,0.0,5998000.0,4318000.0,1680000.0
2830,TRX-01226,DTL-002830,20250129,669,48,21,1,1226,21,1,16999000,16999000.0,0.0,16999000.0,12239000.0,4760000.0
2831,TRX-01227,DTL-002831,20250419,297,89,1,3,1227,21,1,779000,779000.0,0.0,779000.0,561000.0,218000.0
2832,TRX-01227,DTL-002832,20250419,297,62,1,3,1227,21,1,5999000,5999000.0,0.0,5999000.0,4319000.0,1680000.0
2833,TRX-01228,DTL-002833,20240728,539,27,18,2,1228,21,1,16499000,16499000.0,0.0,16499000.0,11879000.0,4620000.0
2834,TRX-01228,DTL-002834,20240728,539,77,18,2,1228,21,1,1999000,1999000.0,0.0,1999000.0,1439000.0,560000.0
2835,TRX-01228,DTL-002835,20240728,539,45,18,2,1228,21,2,3999000,7998000.0,0.0,7998000.0,5758000.0,2240000.0
2836,TRX-01229,DTL-002836,20250116,609,42,17,2,1229,21,1,3499000,3499000.0,0.0,3499000.0,2519000.0,980000.0
2837,TRX-01229,DTL-002837,20250116,609,8,17,2,1229,21,2,10999000,21998000.0,0.0,21998000.0,15838000.0,6160000.0
2838,TRX-01229,DTL-002838,20250116,609,94,17,2,1229,21,1,2999000,2999000.0,0.0,2999000.0,2159000.0,840000.0
2839,TRX-01230,DTL-002839,20250218,413,67,21,2,1230,21,1,3999000,3999000.0,0.0,3999000.0,2879000.0,1120000.0
2840,TRX-01230,DTL-002840,20250218,413,68,21,2,1230,21,2,3499000,6998000.0,0.0,6998000.0,5038000.0,1960000.0
2841,TRX-01231,DTL-002841,20250101,749,6,1,2,1231,21,1,12499000,12499000.0,0.0,12499000.0,8999000.0,3500000.0
2842,TRX-01231,DTL-002842,20250101,749,10,1,2,1231,10,1,12599000,12599000.0,629950.0,11969050.0,9071000.0,2898050.0
2843,TRX-01232,DTL-002843,20250328,425,68,8,1,1232,21,1,3499000,3499000.0,0.0,3499000.0,2519000.0,980000.0
2844,TRX-01232,DTL-002844,20250328,425,24,8,1,1232,18,1,399000,399000.0,59850.0,339150.0,287000.0,52150.0
2845,TRX-01233,DTL-002845,20250321,204,99,3,2,1233,2,1,3079000,3079000.0,246320.0,2832680.0,2217000.0,615680.0
2846,TRX-01234,DTL-002846,20250124,761,26,6,1,1234,21,1,19499000,19499000.0,0.0,19499000.0,14039000.0,5460000.0
2847,TRX-01234,DTL-002847,20250124,761,49,6,1,1234,21,1,6999000,6999000.0,0.0,6999000.0,5039000.0,1960000.0
2848,TRX-01235,DTL-002848,20250407,67,55,14,1,1235,21,2,3299000,6598000.0,0.0,6598000.0,4750000.0,1848000.0
2849,TRX-01235,DTL-002849,20250407,67,39,14,1,1235,17,1,13999000,13999000.0,1679880.0,12319120.0,10079000.0,2240120.0
2850,TRX-01235,DTL-002850,20250407,67,66,14,1,1235,21,1,5499000,5499000.0,0.0,5499000.0,3959000.0,1540000.0
2851,TRX-01236,DTL-002851,20240606,774,1,15,2,1236,21,1,20499000,20499000.0,0.0,20499000.0,14759000.0,5740000.0
2852,TRX-01236,DTL-002852,20240606,774,62,15,2,1236,21,1,5999000,5999000.0,0.0,5999000.0,4319000.0,1680000.0
2853,TRX-01236,DTL-002853,20240606,774,68,15,2,1236,15,1,3499000,3499000.0,279920.0,3219080.0,2519000.0,700080.0
2854,TRX-01236,DTL-002854,20240606,774,80,15,2,1236,21,3,10999000,32997000.0,0.0,32997000.0,23757000.0,9240000.0
2855,TRX-01237,DTL-002855,20250522,938,62,25,2,1237,15,1,5999000,5999000.0,479920.0,5519080.0,4319000.0,1200080.0
2856,TRX-01237,DTL-002856,20250522,938,28,25,2,1237,21,2,20999000,41998000.0,0.0,41998000.0,30238000.0,11760000.0
2857,TRX-01237,DTL-002857,20250522,938,96,25,2,1237,21,1,1599000,1599000.0,0.0,1599000.0,1151000.0,448000.0
2858,TRX-01238,DTL-002858,20240827,904,33,2,3,1238,21,2,15999000,31998000.0,0.0,31998000.0,23038000.0,8960000.0
2859,TRX-01238,DTL-002859,20240827,904,47,2,3,1238,21,1,12499000,12499000.0,0.0,12499000.0,8999000.0,3500000.0
2860,TRX-01238,DTL-002860,20240827,904,42,2,3,1238,13,1,3499000,3499000.0,349900.0,3149100.0,2519000.0,630100.0
2861,TRX-01239,DTL-002861,20241106,608,35,17,2,1239,21,1,4999000,4999000.0,0.0,4999000.0,3599000.0,1400000.0
2862,TRX-01239,DTL-002862,20241106,608,51,17,2,1239,21,1,6499000,6499000.0,0.0,6499000.0,4679000.0,1820000.0
2863,TRX-01240,DTL-002863,20250208,154,17,8,2,1240,21,1,22999000,22999000.0,0.0,22999000.0,16559000.0,6440000.0
2864,TRX-01240,DTL-002864,20250208,154,91,8,2,1240,21,1,699000,699000.0,0.0,699000.0,503000.0,196000.0
2865,TRX-01241,DTL-002865,20241101,258,65,17,1,1241,3,1,6299000,6299000.0,503920.0,5795080.0,4535000.0,1260080.0
2866,TRX-01241,DTL-002866,20241101,258,87,17,1,1241,21,1,1199000,1199000.0,0.0,1199000.0,863000.0,336000.0
2867,TRX-01242,DTL-002867,20240216,430,16,20,2,1242,21,2,14999000,29998000.0,0.0,29998000.0,21598000.0,8400000.0
2868,TRX-01242,DTL-002868,20240216,430,98,20,2,1242,21,1,1695000,1695000.0,0.0,1695000.0,1220000.0,475000.0
2869,TRX-01243,DTL-002869,20240505,437,26,3,3,1243,7,2,19499000,38998000.0,3899800.0,35098200.0,28078000.0,7020200.0
2870,TRX-01244,DTL-002870,20241225,515,100,23,3,1244,21,1,1799000,1799000.0,0.0,1799000.0,1295000.0,504000.0
2871,TRX-01244,DTL-002871,20241225,515,23,23,3,1244,21,1,499000,499000.0,0.0,499000.0,359000.0,140000.0
2872,TRX-01244,DTL-002872,20241225,515,19,23,3,1244,19,1,14999000,14999000.0,749950.0,14249050.0,10799000.0,3450050.0
2873,TRX-01244,DTL-002873,20241225,515,5,23,3,1244,4,1,13999000,13999000.0,1679880.0,12319120.0,10079000.0,2240120.0
2874,TRX-01245,DTL-002874,20240816,1,13,25,2,1245,21,2,6499000,12998000.0,0.0,12998000.0,9358000.0,3640000.0
2875,TRX-01246,DTL-002875,20241028,97,95,18,2,1246,21,1,399000,399000.0,0.0,399000.0,287000.0,112000.0
2876,TRX-01246,DTL-002876,20241028,97,48,18,2,1246,9,1,16999000,16999000.0,509970.0,16489030.0,12239000.0,4250030.0
2877,TRX-01246,DTL-002877,20241028,97,96,18,2,1246,21,1,1599000,1599000.0,0.0,1599000.0,1151000.0,448000.0
2878,TRX-01246,DTL-002878,20241028,97,57,18,2,1246,21,1,5999000,5999000.0,0.0,5999000.0,4319000.0,1680000.0
2879,TRX-01247,DTL-002879,20241210,833,46,24,1,1247,21,2,2999000,5998000.0,0.0,5998000.0,4318000.0,1680000.0
2880,TRX-01247,DTL-002880,20241210,833,38,24,1,1247,13,1,1599000,1599000.0,159900.0,1439100.0,1151000.0,288100.0
2881,TRX-01247,DTL-002881,20241210,833,45,24,1,1247,21,2,3999000,7998000.0,0.0,7998000.0,5758000.0,2240000.0
2882,TRX-01248,DTL-002882,20240531,167,82,25,2,1248,21,2,7499000,14998000.0,0.0,14998000.0,10798000.0,4200000.0
2883,TRX-01248,DTL-002883,20240531,167,21,25,2,1248,21,1,2499000,2499000.0,0.0,2499000.0,1799000.0,700000.0
2884,TRX-01248,DTL-002884,20240531,167,73,25,2,1248,21,1,4299000,4299000.0,0.0,4299000.0,3095000.0,1204000.0
2885,TRX-01248,DTL-002885,20240531,167,48,25,2,1248,21,1,16999000,16999000.0,0.0,16999000.0,12239000.0,4760000.0
2886,TRX-01249,DTL-002886,20241013,139,48,2,3,1249,21,2,16999000,33998000.0,0.0,33998000.0,24478000.0,9520000.0
2887,TRX-01249,DTL-002887,20241013,139,50,2,3,1249,6,1,8499000,8499000.0,254970.0,8244030.0,6119000.0,2125030.0
2888,TRX-01250,DTL-002888,20241223,262,65,18,2,1250,21,1,6299000,6299000.0,0.0,6299000.0,4535000.0,1764000.0
2889,TRX-01250,DTL-002889,20241223,262,7,18,2,1250,13,2,9999000,19998000.0,1999800.0,17998200.0,14398000.0,3600200.0
2890,TRX-01251,DTL-002890,20240301,380,44,3,3,1251,3,1,4499000,4499000.0,359920.0,4139080.0,3239000.0,900080.0
2891,TRX-01251,DTL-002891,20240301,380,50,3,3,1251,20,1,8499000,8499000.0,424950.0,8074050.0,6119000.0,1955050.0
2892,TRX-01252,DTL-002892,20240514,236,26,22,3,1252,5,2,19499000,38998000.0,3119840.0,35878160.0,28078000.0,7800160.0
2893,TRX-01252,DTL-002893,20240514,236,24,22,3,1252,21,1,399000,399000.0,0.0,399000.0,287000.0,112000.0
2894,TRX-01252,DTL-002894,20240514,236,63,22,3,1252,21,1,6999000,6999000.0,0.0,6999000.0,5039000.0,1960000.0
2895,TRX-01253,DTL-002895,20240603,836,82,22,2,1253,21,1,7499000,7499000.0,0.0,7499000.0,5399000.0,2100000.0
2896,TRX-01253,DTL-002896,20240603,836,73,22,2,1253,21,1,4299000,4299000.0,0.0,4299000.0,3095000.0,1204000.0
2897,TRX-01253,DTL-002897,20240603,836,18,22,2,1253,18,1,7999000,7999000.0,1199850.0,6799150.0,5759000.0,1040150.0
2898,TRX-01254,DTL-002898,20240219,1000,65,6,3,1254,21,1,6299000,6299000.0,0.0,6299000.0,4535000.0,1764000.0
2899,TRX-01255,DTL-002899,20241007,912,100,18,2,1255,21,2,1799000,3598000.0,0.0,3598000.0,2590000.0,1008000.0
2900,TRX-01255,DTL-002900,20241007,912,53,18,2,1255,21,1,5099000,5099000.0,0.0,5099000.0,3671000.0,1428000.0
2901,TRX-01256,DTL-002901,20240829,270,73,9,2,1256,10,2,4299000,8598000.0,429900.0,8168100.0,6190000.0,1978100.0
2902,TRX-01256,DTL-002902,20240829,270,70,9,2,1256,21,2,6499000,12998000.0,0.0,12998000.0,9358000.0,3640000.0
2903,TRX-01256,DTL-002903,20240829,270,48,9,2,1256,21,1,16999000,16999000.0,0.0,16999000.0,12239000.0,4760000.0
2904,TRX-01256,DTL-002904,20240829,270,41,9,2,1256,21,1,6499000,6499000.0,0.0,6499000.0,4679000.0,1820000.0
2905,TRX-01257,DTL-002905,20241222,1000,63,9,2,1257,19,1,6999000,6999000.0,349950.0,6649050.0,5039000.0,1610050.0
2906,TRX-01257,DTL-002906,20241222,1000,54,9,2,1257,11,1,4499000,4499000.0,359920.0,4139080.0,3239000.0,900080.0
2907,TRX-01257,DTL-002907,20241222,1000,62,9,2,1257,21,1,5999000,5999000.0,0.0,5999000.0,4319000.0,1680000.0
2908,TRX-01258,DTL-002908,20240714,295,10,15,2,1258,21,1,12599000,12599000.0,0.0,12599000.0,9071000.0,3528000.0
2909,TRX-01258,DTL-002909,20240714,295,5,15,2,1258,12,1,13999000,13999000.0,1399900.0,12599100.0,10079000.0,2520100.0
2910,TRX-01258,DTL-002910,20240714,295,18,15,2,1258,21,2,7999000,15998000.0,0.0,15998000.0,11518000.0,4480000.0
2911,TRX-01259,DTL-002911,20241027,532,51,11,2,1259,21,3,6499000,19497000.0,0.0,19497000.0,14037000.0,5460000.0
2912,TRX-01259,DTL-002912,20241027,532,55,11,2,1259,21,1,3299000,3299000.0,0.0,3299000.0,2375000.0,924000.0
2913,TRX-01259,DTL-002913,20241027,532,85,11,2,1259,21,1,399000,399000.0,0.0,399000.0,287000.0,112000.0
2914,TRX-01259,DTL-002914,20241027,532,19,11,2,1259,21,1,14999000,14999000.0,0.0,14999000.0,10799000.0,4200000.0
2915,TRX-01260,DTL-002915,20240713,277,31,13,2,1260,21,3,20999000,62997000.0,0.0,62997000.0,45357000.0,17640000.0
2916,TRX-01260,DTL-002916,20240713,277,9,13,2,1260,12,1,12999000,12999000.0,1299900.0,11699100.0,9359000.0,2340100.0
2917,TRX-01261,DTL-002917,20241029,1000,58,12,3,1261,4,3,4999000,14997000.0,1799640.0,13197360.0,10797000.0,2400360.0
2918,TRX-01261,DTL-002918,20241029,1000,19,12,3,1261,6,1,14999000,14999000.0,449970.0,14549030.0,10799000.0,3750030.0
2919,TRX-01261,DTL-002919,20241029,1000,44,12,3,1261,21,1,4499000,4499000.0,0.0,4499000.0,3239000.0,1260000.0
2920,TRX-01262,DTL-002920,20241112,464,10,6,2,1262,21,1,12599000,12599000.0,0.0,12599000.0,9071000.0,3528000.0
2921,TRX-01262,DTL-002921,20241112,464,89,6,2,1262,21,1,779000,779000.0,0.0,779000.0,561000.0,218000.0
2922,TRX-01263,DTL-002922,20240711,381,15,14,3,1263,21,3,13599000,40797000.0,0.0,40797000.0,29373000.0,11424000.0
2923,TRX-01264,DTL-002923,20240506,151,31,19,2,1264,21,1,20999000,20999000.0,0.0,20999000.0,15119000.0,5880000.0
2924,TRX-01264,DTL-002924,20240506,151,28,19,2,1264,20,2,20999000,41998000.0,2099900.0,39898100.0,30238000.0,9660100.0
2925,TRX-01264,DTL-002925,20240506,151,13,19,2,1264,21,2,6499000,12998000.0,0.0,12998000.0,9358000.0,3640000.0
2926,TRX-01264,DTL-002926,20240506,151,1,19,2,1264,21,2,20499000,40998000.0,0.0,40998000.0,29518000.0,11480000.0
2927,TRX-01265,DTL-002927,20240720,897,79,16,3,1265,21,1,18999000,18999000.0,0.0,18999000.0,13679000.0,5320000.0
2928,TRX-01265,DTL-002928,20240720,897,9,16,3,1265,3,1,12999000,12999000.0,1039920.0,11959080.0,9359000.0,2600080.0
2929,TRX-01266,DTL-002929,20250518,923,10,24,2,1266,21,1,12599000,12599000.0,0.0,12599000.0,9071000.0,3528000.0
2930,TRX-01267,DTL-002930,20240615,532,67,25,1,1267,10,1,3999000,3999000.0,199950.0,3799050.0,2879000.0,920050.0
2931,TRX-01267,DTL-002931,20240615,532,68,25,1,1267,21,1,3499000,3499000.0,0.0,3499000.0,2519000.0,980000.0
2932,TRX-01267,DTL-002932,20240615,532,44,25,1,1267,21,3,4499000,13497000.0,0.0,13497000.0,9717000.0,3780000.0
2933,TRX-01268,DTL-002933,20241103,148,1,7,2,1268,5,1,20499000,20499000.0,1639920.0,18859080.0,14759000.0,4100080.0
2934,TRX-01268,DTL-002934,20241103,148,20,7,2,1268,10,1,3999000,3999000.0,199950.0,3799050.0,2879000.0,920050.0
2935,TRX-01268,DTL-002935,20241103,148,90,7,2,1268,21,1,699000,699000.0,0.0,699000.0,503000.0,196000.0
2936,TRX-01269,DTL-002936,20241205,375,86,8,2,1269,21,1,1199000,1199000.0,0.0,1199000.0,863000.0,336000.0
2937,TRX-01269,DTL-002937,20241205,375,98,8,2,1269,12,1,1695000,1695000.0,169500.0,1525500.0,1220000.0,305500.0
2938,TRX-01269,DTL-002938,20241205,375,61,8,2,1269,21,1,5599000,5599000.0,0.0,5599000.0,4031000.0,1568000.0
2939,TRX-01270,DTL-002939,20250522,848,35,17,2,1270,21,1,4999000,4999000.0,0.0,4999000.0,3599000.0,1400000.0
2940,TRX-01271,DTL-002940,20250203,106,93,12,3,1271,20,1,699000,699000.0,34950.0,664050.0,503000.0,161050.0
2941,TRX-01271,DTL-002941,20250203,106,87,12,3,1271,21,1,1199000,1199000.0,0.0,1199000.0,863000.0,336000.0
2942,TRX-01271,DTL-002942,20250203,106,14,12,3,1271,21,1,9499000,9499000.0,0.0,9499000.0,6839000.0,2660000.0
2943,TRX-01272,DTL-002943,20240504,285,64,10,2,1272,21,2,7499000,14998000.0,0.0,14998000.0,10798000.0,4200000.0
2944,TRX-01273,DTL-002944,20240728,628,20,16,2,1273,7,2,3999000,7998000.0,799800.0,7198200.0,5758000.0,1440200.0
2945,TRX-01273,DTL-002945,20240728,628,66,16,2,1273,21,2,5499000,10998000.0,0.0,10998000.0,7918000.0,3080000.0
2946,TRX-01273,DTL-002946,20240728,628,85,16,2,1273,13,2,399000,798000.0,79800.0,718200.0,574000.0,144200.0
2947,TRX-01274,DTL-002947,20240216,310,65,8,2,1274,21,1,6299000,6299000.0,0.0,6299000.0,4535000.0,1764000.0
2948,TRX-01274,DTL-002948,20240216,310,96,8,2,1274,21,1,1599000,1599000.0,0.0,1599000.0,1151000.0,448000.0
2949,TRX-01275,DTL-002949,20240404,971,32,23,3,1275,18,2,28499000,56998000.0,8549700.0,48448300.0,41038000.0,7410300.0
2950,TRX-01275,DTL-002950,20240404,971,41,23,3,1275,21,1,6499000,6499000.0,0.0,6499000.0,4679000.0,1820000.0
2951,TRX-01275,DTL-002951,20240404,971,92,23,3,1275,21,1,649000,649000.0,0.0,649000.0,467000.0,182000.0
2952,TRX-01275,DTL-002952,20240404,971,66,23,3,1275,4,3,5499000,16497000.0,1979640.0,14517360.0,11877000.0,2640360.0
2953,TRX-01276,DTL-002953,20240803,191,73,8,1,1276,14,1,4299000,4299000.0,128970.0,4170030.0,3095000.0,1075030.0
2954,TRX-01276,DTL-002954,20240803,191,20,8,1,1276,21,1,3999000,3999000.0,0.0,3999000.0,2879000.0,1120000.0
2955,TRX-01276,DTL-002955,20240803,191,23,8,1,1276,21,1,499000,499000.0,0.0,499000.0,359000.0,140000.0
2956,TRX-01276,DTL-002956,20240803,191,81,8,1,1276,21,1,7999000,7999000.0,0.0,7999000.0,5759000.0,2240000.0
2957,TRX-01277,DTL-002957,20241113,509,79,9,2,1277,21,1,18999000,18999000.0,0.0,18999000.0,13679000.0,5320000.0
2958,TRX-01277,DTL-002958,20241113,509,9,9,2,1277,21,3,12999000,38997000.0,0.0,38997000.0,28077000.0,10920000.0
2959,TRX-01278,DTL-002959,20240522,873,83,5,2,1278,21,2,7499000,14998000.0,0.0,14998000.0,10798000.0,4200000.0
2960,TRX-01278,DTL-002960,20240522,873,68,5,2,1278,21,1,3499000,3499000.0,0.0,3499000.0,2519000.0,980000.0
2961,TRX-01278,DTL-002961,20240522,873,36,5,2,1278,21,2,3999000,7998000.0,0.0,7998000.0,5758000.0,2240000.0
2962,TRX-01278,DTL-002962,20240522,873,17,5,2,1278,21,1,22999000,22999000.0,0.0,22999000.0,16559000.0,6440000.0
2963,TRX-01279,DTL-002963,20240516,221,64,20,3,1279,11,1,7499000,7499000.0,599920.0,6899080.0,5399000.0,1500080.0
2964,TRX-01279,DTL-002964,20240516,221,54,20,3,1279,21,1,4499000,4499000.0,0.0,4499000.0,3239000.0,1260000.0
2965,TRX-01280,DTL-002965,20250214,1000,48,9,1,1280,20,1,16999000,16999000.0,849950.0,16149050.0,12239000.0,3910050.0
2966,TRX-01280,DTL-002966,20250214,1000,49,9,1,1280,10,2,6999000,13998000.0,699900.0,13298100.0,10078000.0,3220100.0
2967,TRX-01281,DTL-002967,20240403,881,62,14,1,1281,21,3,5999000,17997000.0,0.0,17997000.0,12957000.0,5040000.0
2968,TRX-01281,DTL-002968,20240403,881,96,14,1,1281,21,2,1599000,3198000.0,0.0,3198000.0,2302000.0,896000.0
2969,TRX-01282,DTL-002969,20240120,961,51,8,3,1282,21,1,6499000,6499000.0,0.0,6499000.0,4679000.0,1820000.0
2970,TRX-01282,DTL-002970,20240120,961,18,8,3,1282,21,1,7999000,7999000.0,0.0,7999000.0,5759000.0,2240000.0
2971,TRX-01282,DTL-002971,20240120,961,4,8,3,1282,21,1,16999000,16999000.0,0.0,16999000.0,12239000.0,4760000.0
2972,TRX-01283,DTL-002972,20250116,76,69,20,3,1283,21,1,1599000,1599000.0,0.0,1599000.0,1151000.0,448000.0
2973,TRX-01283,DTL-002973,20250116,76,89,20,3,1283,21,1,779000,779000.0,0.0,779000.0,561000.0,218000.0
2974,TRX-01284,DTL-002974,20240630,533,49,16,2,1284,21,1,6999000,6999000.0,0.0,6999000.0,5039000.0,1960000.0
2975,TRX-01284,DTL-002975,20240630,533,100,16,2,1284,9,1,1799000,1799000.0,53970.0,1745030.0,1295000.0,450030.0
2976,TRX-01285,DTL-002976,20241220,569,63,1,2,1285,21,1,6999000,6999000.0,0.0,6999000.0,5039000.0,1960000.0
2977,TRX-01285,DTL-002977,20241220,569,76,1,2,1285,6,1,2999000,2999000.0,89970.0,2909030.0,2159000.0,750030.0
2978,TRX-01285,DTL-002978,20241220,569,49,1,2,1285,15,1,6999000,6999000.0,559920.0,6439080.0,5039000.0,1400080.0
2979,TRX-01286,DTL-002979,20240317,343,33,10,2,1286,21,1,15999000,15999000.0,0.0,15999000.0,11519000.0,4480000.0
2980,TRX-01286,DTL-002980,20240317,343,93,10,2,1286,19,1,699000,699000.0,34950.0,664050.0,503000.0,161050.0
2981,TRX-01286,DTL-002981,20240317,343,64,10,2,1286,18,1,7499000,7499000.0,1124850.0,6374150.0,5399000.0,975150.0
2982,TRX-01286,DTL-002982,20240317,343,20,10,2,1286,16,1,3999000,3999000.0,199950.0,3799050.0,2879000.0,920050.0
2983,TRX-01287,DTL-002983,20240913,320,86,21,3,1287,21,1,1199000,1199000.0,0.0,1199000.0,863000.0,336000.0
2984,TRX-01287,DTL-002984,20240913,320,17,21,3,1287,21,1,22999000,22999000.0,0.0,22999000.0,16559000.0,6440000.0
2985,TRX-01287,DTL-002985,20240913,320,31,21,3,1287,21,1,20999000,20999000.0,0.0,20999000.0,15119000.0,5880000.0
2986,TRX-01287,DTL-002986,20240913,320,2,21,3,1287,21,1,23499000,23499000.0,0.0,23499000.0,16919000.0,6580000.0
2987,TRX-01288,DTL-002987,20240704,122,45,2,2,1288,5,1,3999000,3999000.0,319920.0,3679080.0,2879000.0,800080.0
2988,TRX-01288,DTL-002988,20240704,122,26,2,2,1288,21,1,19499000,19499000.0,0.0,19499000.0,14039000.0,5460000.0
2989,TRX-01288,DTL-002989,20240704,122,92,2,2,1288,21,1,649000,649000.0,0.0,649000.0,467000.0,182000.0
2990,TRX-01289,DTL-002990,20250425,662,36,12,3,1289,15,1,3999000,3999000.0,319920.0,3679080.0,2879000.0,800080.0
2991,TRX-01289,DTL-002991,20250425,662,35,12,3,1289,10,1,4999000,4999000.0,249950.0,4749050.0,3599000.0,1150050.0
2992,TRX-01290,DTL-002992,20240729,857,55,14,3,1290,21,1,3299000,3299000.0,0.0,3299000.0,2375000.0,924000.0
2993,TRX-01291,DTL-002993,20240305,352,99,22,2,1291,21,1,3079000,3079000.0,0.0,3079000.0,2217000.0,862000.0
2994,TRX-01291,DTL-002994,20240305,352,63,22,2,1291,21,3,6999000,20997000.0,0.0,20997000.0,15117000.0,5880000.0
2995,TRX-01292,DTL-002995,20240718,509,83,2,3,1292,21,1,7499000,7499000.0,0.0,7499000.0,5399000.0,2100000.0
2996,TRX-01293,DTL-002996,20240927,672,23,24,2,1293,21,2,499000,998000.0,0.0,998000.0,718000.0,280000.0
2997,TRX-01293,DTL-002997,20240927,672,48,24,2,1293,21,3,16999000,50997000.0,0.0,50997000.0,36717000.0,14280000.0
2998,TRX-01294,DTL-002998,20250329,37,89,23,2,1294,21,1,779000,779000.0,0.0,779000.0,561000.0,218000.0
2999,TRX-01294,DTL-002999,20250329,37,51,23,2,1294,21,1,6499000,6499000.0,0.0,6499000.0,4679000.0,1820000.0
3000,TRX-01295,DTL-003000,20241118,341,22,1,2,1295,21,1,499000,499000.0,0.0,499000.0,359000.0,140000.0
3001,TRX-01295,DTL-003001,20241118,341,73,1,2,1295,21,2,4299000,8598000.0,0.0,8598000.0,6190000.0,2408000.0
3002,TRX-01296,DTL-003002,20240722,413,42,19,2,1296,21,1,3499000,3499000.0,0.0,3499000.0,2519000.0,980000.0
3003,TRX-01297,DTL-003003,20241010,1000,17,8,2,1297,21,2,22999000,45998000.0,0.0,45998000.0,33118000.0,12880000.0
3004,TRX-01297,DTL-003004,20241010,1000,56,8,2,1297,21,1,5799000,5799000.0,0.0,5799000.0,4175000.0,1624000.0
3005,TRX-01298,DTL-003005,20241117,901,7,5,3,1298,21,1,9999000,9999000.0,0.0,9999000.0,7199000.0,2800000.0
3006,TRX-01298,DTL-003006,20241117,901,75,5,3,1298,21,1,4699000,4699000.0,0.0,4699000.0,3383000.0,1316000.0
3007,TRX-01299,DTL-003007,20250313,808,75,13,2,1299,21,1,4699000,4699000.0,0.0,4699000.0,3383000.0,1316000.0
3008,TRX-01299,DTL-003008,20250313,808,43,13,2,1299,21,1,8999000,8999000.0,0.0,8999000.0,6479000.0,2520000.0
3009,TRX-01299,DTL-003009,20250313,808,58,13,2,1299,21,2,4999000,9998000.0,0.0,9998000.0,7198000.0,2800000.0
3010,TRX-01300,DTL-003010,20240224,838,22,3,2,1300,21,1,499000,499000.0,0.0,499000.0,359000.0,140000.0
3011,TRX-01300,DTL-003011,20240224,838,55,3,2,1300,21,1,3299000,3299000.0,0.0,3299000.0,2375000.0,924000.0
3012,TRX-01300,DTL-003012,20240224,838,100,3,2,1300,21,1,1799000,1799000.0,0.0,1799000.0,1295000.0,504000.0
3013,TRX-01300,DTL-003013,20240224,838,28,3,2,1300,21,1,20999000,20999000.0,0.0,20999000.0,15119000.0,5880000.0
3014,TRX-01301,DTL-003014,20250425,242,19,1,2,1301,20,1,14999000,14999000.0,749950.0,14249050.0,10799000.0,3450050.0
3015,TRX-01302,DTL-003015,20240803,934,25,12,2,1302,12,1,24499000,24499000.0,2449900.0,22049100.0,17639000.0,4410100.0
3016,TRX-01302,DTL-003016,20240803,934,60,12,2,1302,21,2,4999000,9998000.0,0.0,9998000.0,7198000.0,2800000.0
3017,TRX-01303,DTL-003017,20240502,905,19,24,2,1303,6,1,14999000,14999000.0,449970.0,14549030.0,10799000.0,3750030.0
3018,TRX-01303,DTL-003018,20240502,905,13,24,2,1303,19,1,6499000,6499000.0,324950.0,6174050.0,4679000.0,1495050.0
3019,TRX-01303,DTL-003019,20240502,905,24,24,2,1303,21,1,399000,399000.0,0.0,399000.0,287000.0,112000.0
3020,TRX-01303,DTL-003020,20240502,905,15,24,2,1303,21,1,13599000,13599000.0,0.0,13599000.0,9791000.0,3808000.0
3021,TRX-01304,DTL-003021,20250527,711,12,17,2,1304,21,1,11499000,11499000.0,0.0,11499000.0,8279000.0,3220000.0
3022,TRX-01304,DTL-003022,20250527,711,4,17,2,1304,21,1,16999000,16999000.0,0.0,16999000.0,12239000.0,4760000.0
3023,TRX-01305,DTL-003023,20250522,780,4,18,2,1305,21,1,16999000,16999000.0,0.0,16999000.0,12239000.0,4760000.0
3024,TRX-01305,DTL-003024,20250522,780,77,18,2,1305,16,2,1999000,3998000.0,199900.0,3798100.0,2878000.0,920100.0
3025,TRX-01306,DTL-003025,20241202,8,10,10,2,1306,21,1,12599000,12599000.0,0.0,12599000.0,9071000.0,3528000.0
3026,TRX-01306,DTL-003026,20241202,8,66,10,2,1306,21,1,5499000,5499000.0,0.0,5499000.0,3959000.0,1540000.0
3027,TRX-01306,DTL-003027,20241202,8,16,10,2,1306,21,1,14999000,14999000.0,0.0,14999000.0,10799000.0,4200000.0
3028,TRX-01307,DTL-003028,20240919,439,17,16,3,1307,21,1,22999000,22999000.0,0.0,22999000.0,16559000.0,6440000.0
3029,TRX-01307,DTL-003029,20240919,439,73,16,3,1307,8,1,4299000,4299000.0,214950.0,4084050.0,3095000.0,989050.0
3030,TRX-01307,DTL-003030,20240919,439,71,16,3,1307,21,2,4999000,9998000.0,0.0,9998000.0,7198000.0,2800000.0
3031,TRX-01308,DTL-003031,20240723,1000,18,21,2,1308,21,1,7999000,7999000.0,0.0,7999000.0,5759000.0,2240000.0
3032,TRX-01308,DTL-003032,20240723,1000,32,21,2,1308,21,1,28499000,28499000.0,0.0,28499000.0,20519000.0,7980000.0
3033,TRX-01309,DTL-003033,20240208,675,79,20,2,1309,21,1,18999000,18999000.0,0.0,18999000.0,13679000.0,5320000.0
3034,TRX-01309,DTL-003034,20240208,675,16,20,2,1309,21,2,14999000,29998000.0,0.0,29998000.0,21598000.0,8400000.0
3035,TRX-01310,DTL-003035,20240104,659,93,19,2,1310,21,2,699000,1398000.0,0.0,1398000.0,1006000.0,392000.0
3036,TRX-01310,DTL-003036,20240104,659,53,19,2,1310,21,2,5099000,10198000.0,0.0,10198000.0,7342000.0,2856000.0
3037,TRX-01310,DTL-003037,20240104,659,71,19,2,1310,3,1,4999000,4999000.0,399920.0,4599080.0,3599000.0,1000080.0
3038,TRX-01311,DTL-003038,20240405,23,79,10,2,1311,1,2,18999000,37998000.0,1139940.0,36858060.0,27358000.0,9500060.0
3039,TRX-01311,DTL-003039,20240405,23,27,10,2,1311,21,1,16499000,16499000.0,0.0,16499000.0,11879000.0,4620000.0
3040,TRX-01312,DTL-003040,20240507,1000,7,8,2,1312,14,1,9999000,9999000.0,299970.0,9699030.0,7199000.0,2500030.0
3041,TRX-01312,DTL-003041,20240507,1000,95,8,2,1312,21,1,399000,399000.0,0.0,399000.0,287000.0,112000.0
3042,TRX-01312,DTL-003042,20240507,1000,13,8,2,1312,21,1,6499000,6499000.0,0.0,6499000.0,4679000.0,1820000.0
3043,TRX-01312,DTL-003043,20240507,1000,4,8,2,1312,21,1,16999000,16999000.0,0.0,16999000.0,12239000.0,4760000.0
3044,TRX-01313,DTL-003044,20241203,539,84,4,2,1313,6,1,1399000,1399000.0,41970.0,1357030.0,1007000.0,350030.0
3045,TRX-01313,DTL-003045,20241203,539,45,4,2,1313,21,1,3999000,3999000.0,0.0,3999000.0,2879000.0,1120000.0
3046,TRX-01313,DTL-003046,20241203,539,2,4,2,1313,4,1,23499000,23499000.0,2819880.0,20679120.0,16919000.0,3760120.0
3047,TRX-01313,DTL-003047,20241203,539,62,4,2,1313,21,1,5999000,5999000.0,0.0,5999000.0,4319000.0,1680000.0
3048,TRX-01314,DTL-003048,20250423,803,72,17,2,1314,16,1,6999000,6999000.0,349950.0,6649050.0,5039000.0,1610050.0
3049,TRX-01314,DTL-003049,20250423,803,63,17,2,1314,21,1,6999000,6999000.0,0.0,6999000.0,5039000.0,1960000.0
3050,TRX-01315,DTL-003050,20240925,106,59,22,3,1315,21,2,2299000,4598000.0,0.0,4598000.0,3310000.0,1288000.0
3051,TRX-01315,DTL-003051,20240925,106,65,22,3,1315,3,1,6299000,6299000.0,503920.0,5795080.0,4535000.0,1260080.0
3052,TRX-01315,DTL-003052,20240925,106,60,22,3,1315,21,2,4999000,9998000.0,0.0,9998000.0,7198000.0,2800000.0
3053,TRX-01316,DTL-003053,20241022,244,28,11,3,1316,21,2,20999000,41998000.0,0.0,41998000.0,30238000.0,11760000.0
3054,TRX-01317,DTL-003054,20240803,524,4,3,3,1317,4,1,16999000,16999000.0,2039880.0,14959120.0,12239000.0,2720120.0
3055,TRX-01317,DTL-003055,20240803,524,95,3,3,1317,21,1,399000,399000.0,0.0,399000.0,287000.0,112000.0
3056,TRX-01317,DTL-003056,20240803,524,47,3,3,1317,21,1,12499000,12499000.0,0.0,12499000.0,8999000.0,3500000.0
3057,TRX-01317,DTL-003057,20240803,524,36,3,3,1317,21,1,3999000,3999000.0,0.0,3999000.0,2879000.0,1120000.0
3058,TRX-01318,DTL-003058,20240430,152,12,10,2,1318,21,1,11499000,11499000.0,0.0,11499000.0,8279000.0,3220000.0
3059,TRX-01318,DTL-003059,20240430,152,21,10,2,1318,21,1,2499000,2499000.0,0.0,2499000.0,1799000.0,700000.0
3060,TRX-01318,DTL-003060,20240430,152,80,10,2,1318,21,1,10999000,10999000.0,0.0,10999000.0,7919000.0,3080000.0
3061,TRX-01319,DTL-003061,20241113,473,45,9,2,1319,21,1,3999000,3999000.0,0.0,3999000.0,2879000.0,1120000.0
3062,TRX-01319,DTL-003062,20241113,473,12,9,2,1319,21,2,11499000,22998000.0,0.0,22998000.0,16558000.0,6440000.0
3063,TRX-01320,DTL-003063,20241217,462,96,14,2,1320,21,2,1599000,3198000.0,0.0,3198000.0,2302000.0,896000.0
3064,TRX-01320,DTL-003064,20241217,462,88,14,2,1320,4,1,2799000,2799000.0,335880.0,2463120.0,2015000.0,448120.0
3065,TRX-01321,DTL-003065,20240305,116,28,23,2,1321,21,2,20999000,41998000.0,0.0,41998000.0,30238000.0,11760000.0
3066,TRX-01321,DTL-003066,20240305,116,4,23,2,1321,11,1,16999000,16999000.0,1359920.0,15639080.0,12239000.0,3400080.0
3067,TRX-01322,DTL-003067,20241210,192,51,4,2,1322,21,1,6499000,6499000.0,0.0,6499000.0,4679000.0,1820000.0
3068,TRX-01322,DTL-003068,20241210,192,66,4,2,1322,21,3,5499000,16497000.0,0.0,16497000.0,11877000.0,4620000.0
3069,TRX-01322,DTL-003069,20241210,192,80,4,2,1322,21,1,10999000,10999000.0,0.0,10999000.0,7919000.0,3080000.0
3070,TRX-01322,DTL-003070,20241210,192,43,4,2,1322,21,1,8999000,8999000.0,0.0,8999000.0,6479000.0,2520000.0
3071,TRX-01323,DTL-003071,20241104,31,54,17,3,1323,15,1,4499000,4499000.0,359920.0,4139080.0,3239000.0,900080.0
3072,TRX-01323,DTL-003072,20241104,31,62,17,3,1323,21,1,5999000,5999000.0,0.0,5999000.0,4319000.0,1680000.0
3073,TRX-01324,DTL-003073,20250412,570,5,13,2,1324,2,1,13999000,13999000.0,1119920.0,12879080.0,10079000.0,2800080.0
3074,TRX-01324,DTL-003074,20250412,570,43,13,2,1324,21,1,8999000,8999000.0,0.0,8999000.0,6479000.0,2520000.0
3075,TRX-01324,DTL-003075,20250412,570,70,13,2,1324,21,1,6499000,6499000.0,0.0,6499000.0,4679000.0,1820000.0
3076,TRX-01325,DTL-003076,20240126,810,48,25,2,1325,21,1,16999000,16999000.0,0.0,16999000.0,12239000.0,4760000.0
3077,TRX-01326,DTL-003077,20240203,695,44,24,2,1326,18,1,4499000,4499000.0,674850.0,3824150.0,3239000.0,585150.0
3078,TRX-01326,DTL-003078,20240203,695,74,24,2,1326,21,1,5999000,5999000.0,0.0,5999000.0,4319000.0,1680000.0
3079,TRX-01326,DTL-003079,20240203,695,66,24,2,1326,21,1,5499000,5499000.0,0.0,5499000.0,3959000.0,1540000.0
3080,TRX-01327,DTL-003080,20240305,541,87,10,2,1327,21,1,1199000,1199000.0,0.0,1199000.0,863000.0,336000.0
3081,TRX-01327,DTL-003081,20240305,541,27,10,2,1327,21,1,16499000,16499000.0,0.0,16499000.0,11879000.0,4620000.0
3082,TRX-01327,DTL-003082,20240305,541,25,10,2,1327,21,1,24499000,24499000.0,0.0,24499000.0,17639000.0,6860000.0
3083,TRX-01327,DTL-003083,20240305,541,98,10,2,1327,21,1,1695000,1695000.0,0.0,1695000.0,1220000.0,475000.0
3084,TRX-01328,DTL-003084,20240404,785,59,13,2,1328,21,1,2299000,2299000.0,0.0,2299000.0,1655000.0,644000.0
3085,TRX-01328,DTL-003085,20240404,785,58,13,2,1328,21,1,4999000,4999000.0,0.0,4999000.0,3599000.0,1400000.0
3086,TRX-01329,DTL-003086,20240619,445,81,14,3,1329,2,2,7999000,15998000.0,1279840.0,14718160.0,11518000.0,3200160.0
3087,TRX-01329,DTL-003087,20240619,445,86,14,3,1329,21,1,1199000,1199000.0,0.0,1199000.0,863000.0,336000.0
3088,TRX-01330,DTL-003088,20240621,680,10,3,2,1330,21,1,12599000,12599000.0,0.0,12599000.0,9071000.0,3528000.0
3089,TRX-01330,DTL-003089,20240621,680,49,3,2,1330,21,3,6999000,20997000.0,0.0,20997000.0,15117000.0,5880000.0
3090,TRX-01330,DTL-003090,20240621,680,83,3,2,1330,10,1,7499000,7499000.0,374950.0,7124050.0,5399000.0,1725050.0
3091,TRX-01330,DTL-003091,20240621,680,68,3,2,1330,21,1,3499000,3499000.0,0.0,3499000.0,2519000.0,980000.0
3092,TRX-01331,DTL-003092,20240605,598,14,25,2,1331,21,1,9499000,9499000.0,0.0,9499000.0,6839000.0,2660000.0
3093,TRX-01331,DTL-003093,20240605,598,22,25,2,1331,21,1,499000,499000.0,0.0,499000.0,359000.0,140000.0
3094,TRX-01331,DTL-003094,20240605,598,42,25,2,1331,21,1,3499000,3499000.0,0.0,3499000.0,2519000.0,980000.0
3095,TRX-01332,DTL-003095,20240705,150,27,8,3,1332,21,1,16499000,16499000.0,0.0,16499000.0,11879000.0,4620000.0
3096,TRX-01332,DTL-003096,20240705,150,42,8,3,1332,21,1,3499000,3499000.0,0.0,3499000.0,2519000.0,980000.0
3097,TRX-01332,DTL-003097,20240705,150,64,8,3,1332,1,1,7499000,7499000.0,224970.0,7274030.0,5399000.0,1875030.0
3098,TRX-01333,DTL-003098,20241003,66,64,7,3,1333,21,2,7499000,14998000.0,0.0,14998000.0,10798000.0,4200000.0
3099,TRX-01333,DTL-003099,20241003,66,85,7,3,1333,21,3,399000,1197000.0,0.0,1197000.0,861000.0,336000.0
3100,TRX-01334,DTL-003100,20241201,936,88,11,3,1334,21,1,2799000,2799000.0,0.0,2799000.0,2015000.0,784000.0
3101,TRX-01334,DTL-003101,20241201,936,40,11,3,1334,21,1,15999000,15999000.0,0.0,15999000.0,11519000.0,4480000.0
3102,TRX-01334,DTL-003102,20241201,936,47,11,3,1334,21,1,12499000,12499000.0,0.0,12499000.0,8999000.0,3500000.0
3103,TRX-01335,DTL-003103,20241227,135,60,13,2,1335,21,1,4999000,4999000.0,0.0,4999000.0,3599000.0,1400000.0
3104,TRX-01335,DTL-003104,20241227,135,99,13,2,1335,21,1,3079000,3079000.0,0.0,3079000.0,2217000.0,862000.0
3105,TRX-01335,DTL-003105,20241227,135,40,13,2,1335,1,2,15999000,31998000.0,959940.0,31038060.0,23038000.0,8000060.0
3106,TRX-01336,DTL-003106,20240914,63,42,10,2,1336,21,1,3499000,3499000.0,0.0,3499000.0,2519000.0,980000.0
3107,TRX-01337,DTL-003107,20240912,95,25,19,2,1337,21,1,24499000,24499000.0,0.0,24499000.0,17639000.0,6860000.0
3108,TRX-01337,DTL-003108,20240912,95,1,19,2,1337,21,1,20499000,20499000.0,0.0,20499000.0,14759000.0,5740000.0
3109,TRX-01338,DTL-003109,20240330,935,45,6,2,1338,21,2,3999000,7998000.0,0.0,7998000.0,5758000.0,2240000.0
3110,TRX-01338,DTL-003110,20240330,935,63,6,2,1338,21,1,6999000,6999000.0,0.0,6999000.0,5039000.0,1960000.0
3111,TRX-01338,DTL-003111,20240330,935,100,6,2,1338,21,1,1799000,1799000.0,0.0,1799000.0,1295000.0,504000.0
3112,TRX-01339,DTL-003112,20240511,2,39,13,3,1339,21,2,13999000,27998000.0,0.0,27998000.0,20158000.0,7840000.0
3113,TRX-01340,DTL-003113,20240603,274,57,12,2,1340,21,1,5999000,5999000.0,0.0,5999000.0,4319000.0,1680000.0
3114,TRX-01340,DTL-003114,20240603,274,77,12,2,1340,21,1,1999000,1999000.0,0.0,1999000.0,1439000.0,560000.0
3115,TRX-01340,DTL-003115,20240603,274,73,12,2,1340,21,1,4299000,4299000.0,0.0,4299000.0,3095000.0,1204000.0
3116,TRX-01340,DTL-003116,20240603,274,60,12,2,1340,21,1,4999000,4999000.0,0.0,4999000.0,3599000.0,1400000.0
3117,TRX-01341,DTL-003117,20240425,926,58,17,2,1341,21,2,4999000,9998000.0,0.0,9998000.0,7198000.0,2800000.0
3118,TRX-01342,DTL-003118,20240211,1000,34,25,2,1342,21,1,5999000,5999000.0,0.0,5999000.0,4319000.0,1680000.0
3119,TRX-01342,DTL-003119,20240211,1000,99,25,2,1342,6,1,3079000,3079000.0,92370.0,2986630.0,2217000.0,769630.0
3120,TRX-01342,DTL-003120,20240211,1000,76,25,2,1342,14,2,2999000,5998000.0,179940.0,5818060.0,4318000.0,1500060.0
3121,TRX-01342,DTL-003121,20240211,1000,21,25,2,1342,21,1,2499000,2499000.0,0.0,2499000.0,1799000.0,700000.0
3122,TRX-01343,DTL-003122,20241015,424,8,14,2,1343,12,1,10999000,10999000.0,1099900.0,9899100.0,7919000.0,1980100.0
3123,TRX-01343,DTL-003123,20241015,424,5,14,2,1343,21,1,13999000,13999000.0,0.0,13999000.0,10079000.0,3920000.0
3124,TRX-01344,DTL-003124,20240913,154,85,14,3,1344,21,2,399000,798000.0,0.0,798000.0,574000.0,224000.0
3125,TRX-01344,DTL-003125,20240913,154,17,14,3,1344,21,1,22999000,22999000.0,0.0,22999000.0,16559000.0,6440000.0
3126,TRX-01345,DTL-003126,20240108,863,68,22,2,1345,14,1,3499000,3499000.0,104970.0,3394030.0,2519000.0,875030.0
3127,TRX-01345,DTL-003127,20240108,863,29,22,2,1345,21,3,17499000,52497000.0,0.0,52497000.0,37797000.0,14700000.0
3128,TRX-01346,DTL-003128,20250127,208,94,6,2,1346,21,1,2999000,2999000.0,0.0,2999000.0,2159000.0,840000.0
3129,TRX-01346,DTL-003129,20250127,208,99,6,2,1346,21,1,3079000,3079000.0,0.0,3079000.0,2217000.0,862000.0
3130,TRX-01347,DTL-003130,20241123,339,21,16,2,1347,3,1,2499000,2499000.0,199920.0,2299080.0,1799000.0,500080.0
3131,TRX-01347,DTL-003131,20241123,339,16,16,2,1347,4,1,14999000,14999000.0,1799880.0,13199120.0,10799000.0,2400120.0
3132,TRX-01347,DTL-003132,20241123,339,93,16,2,1347,21,1,699000,699000.0,0.0,699000.0,503000.0,196000.0
3133,TRX-01347,DTL-003133,20241123,339,51,16,2,1347,21,1,6499000,6499000.0,0.0,6499000.0,4679000.0,1820000.0
3134,TRX-01348,DTL-003134,20240126,1000,62,3,3,1348,9,2,5999000,11998000.0,359940.0,11638060.0,8638000.0,3000060.0
3135,TRX-01348,DTL-003135,20240126,1000,54,3,3,1348,10,1,4499000,4499000.0,224950.0,4274050.0,3239000.0,1035050.0
3136,TRX-01348,DTL-003136,20240126,1000,16,3,3,1348,21,1,14999000,14999000.0,0.0,14999000.0,10799000.0,4200000.0
3137,TRX-01348,DTL-003137,20240126,1000,71,3,3,1348,21,1,4999000,4999000.0,0.0,4999000.0,3599000.0,1400000.0
3138,TRX-01349,DTL-003138,20240831,791,5,12,2,1349,17,2,13999000,27998000.0,3359760.0,24638240.0,20158000.0,4480240.0
3139,TRX-01350,DTL-003139,20250404,99,50,15,2,1350,5,1,8499000,8499000.0,679920.0,7819080.0,6119000.0,1700080.0
3140,TRX-01350,DTL-003140,20250404,99,66,15,2,1350,21,1,5499000,5499000.0,0.0,5499000.0,3959000.0,1540000.0
3141,TRX-01350,DTL-003141,20250404,99,98,15,2,1350,21,1,1695000,1695000.0,0.0,1695000.0,1220000.0,475000.0
3142,TRX-01351,DTL-003142,20250426,868,22,18,1,1351,21,1,499000,499000.0,0.0,499000.0,359000.0,140000.0
3143,TRX-01351,DTL-003143,20250426,868,82,18,1,1351,19,1,7499000,7499000.0,374950.0,7124050.0,5399000.0,1725050.0
3144,TRX-01352,DTL-003144,20240901,59,75,22,1,1352,21,2,4699000,9398000.0,0.0,9398000.0,6766000.0,2632000.0
3145,TRX-01352,DTL-003145,20240901,59,87,22,1,1352,21,1,1199000,1199000.0,0.0,1199000.0,863000.0,336000.0
3146,TRX-01353,DTL-003146,20240804,29,88,17,2,1353,11,1,2799000,2799000.0,223920.0,2575080.0,2015000.0,560080.0
3147,TRX-01353,DTL-003147,20240804,29,51,17,2,1353,21,1,6499000,6499000.0,0.0,6499000.0,4679000.0,1820000.0
3148,TRX-01353,DTL-003148,20240804,29,74,17,2,1353,21,1,5999000,5999000.0,0.0,5999000.0,4319000.0,1680000.0
3149,TRX-01354,DTL-003149,20250112,873,33,13,2,1354,21,1,15999000,15999000.0,0.0,15999000.0,11519000.0,4480000.0
3150,TRX-01355,DTL-003150,20240705,839,45,6,2,1355,21,3,3999000,11997000.0,0.0,11997000.0,8637000.0,3360000.0
3151,TRX-01356,DTL-003151,20250322,758,100,4,2,1356,21,2,1799000,3598000.0,0.0,3598000.0,2590000.0,1008000.0
3152,TRX-01356,DTL-003152,20250322,758,91,4,2,1356,8,1,699000,699000.0,34950.0,664050.0,503000.0,161050.0
3153,TRX-01356,DTL-003153,20250322,758,37,4,2,1356,17,2,2999000,5998000.0,719760.0,5278240.0,4318000.0,960240.0
3154,TRX-01356,DTL-003154,20250322,758,59,4,2,1356,21,1,2299000,2299000.0,0.0,2299000.0,1655000.0,644000.0
3155,TRX-01357,DTL-003155,20250219,353,66,22,2,1357,21,1,5499000,5499000.0,0.0,5499000.0,3959000.0,1540000.0
3156,TRX-01357,DTL-003156,20250219,353,21,22,2,1357,18,1,2499000,2499000.0,374850.0,2124150.0,1799000.0,325150.0
3157,TRX-01358,DTL-003157,20240412,664,29,21,2,1358,21,1,17499000,17499000.0,0.0,17499000.0,12599000.0,4900000.0
3158,TRX-01358,DTL-003158,20240412,664,43,21,2,1358,21,1,8999000,8999000.0,0.0,8999000.0,6479000.0,2520000.0
3159,TRX-01358,DTL-003159,20240412,664,97,21,2,1358,21,3,1565000,4695000.0,0.0,4695000.0,3381000.0,1314000.0
3160,TRX-01358,DTL-003160,20240412,664,49,21,2,1358,21,1,6999000,6999000.0,0.0,6999000.0,5039000.0,1960000.0
3161,TRX-01359,DTL-003161,20241228,246,41,24,2,1359,16,1,6499000,6499000.0,324950.0,6174050.0,4679000.0,1495050.0
3162,TRX-01359,DTL-003162,20241228,246,38,24,2,1359,21,2,1599000,3198000.0,0.0,3198000.0,2302000.0,896000.0
3163,TRX-01359,DTL-003163,20241228,246,33,24,2,1359,11,1,15999000,15999000.0,1279920.0,14719080.0,11519000.0,3200080.0
3164,TRX-01359,DTL-003164,20241228,246,62,24,2,1359,21,1,5999000,5999000.0,0.0,5999000.0,4319000.0,1680000.0
3165,TRX-01360,DTL-003165,20250429,565,37,5,2,1360,21,1,2999000,2999000.0,0.0,2999000.0,2159000.0,840000.0
3166,TRX-01360,DTL-003166,20250429,565,94,5,2,1360,21,3,2999000,8997000.0,0.0,8997000.0,6477000.0,2520000.0
3167,TRX-01361,DTL-003167,20241207,550,32,8,1,1361,21,1,28499000,28499000.0,0.0,28499000.0,20519000.0,7980000.0
3168,TRX-01361,DTL-003168,20241207,550,76,8,1,1361,21,1,2999000,2999000.0,0.0,2999000.0,2159000.0,840000.0
3169,TRX-01362,DTL-003169,20250124,127,90,5,2,1362,21,1,699000,699000.0,0.0,699000.0,503000.0,196000.0
3170,TRX-01362,DTL-003170,20250124,127,4,5,2,1362,21,3,16999000,50997000.0,0.0,50997000.0,36717000.0,14280000.0
3171,TRX-01362,DTL-003171,20250124,127,8,5,2,1362,1,1,10999000,10999000.0,329970.0,10669030.0,7919000.0,2750030.0
3172,TRX-01363,DTL-003172,20240809,544,72,5,2,1363,21,2,6999000,13998000.0,0.0,13998000.0,10078000.0,3920000.0
3173,TRX-01363,DTL-003173,20240809,544,23,5,2,1363,21,1,499000,499000.0,0.0,499000.0,359000.0,140000.0
3174,TRX-01363,DTL-003174,20240809,544,44,5,2,1363,21,1,4499000,4499000.0,0.0,4499000.0,3239000.0,1260000.0
3175,TRX-01364,DTL-003175,20250517,117,69,6,3,1364,21,1,1599000,1599000.0,0.0,1599000.0,1151000.0,448000.0
3176,TRX-01364,DTL-003176,20250517,117,29,6,3,1364,21,1,17499000,17499000.0,0.0,17499000.0,12599000.0,4900000.0
3177,TRX-01365,DTL-003177,20240520,661,95,15,3,1365,7,2,399000,798000.0,79800.0,718200.0,574000.0,144200.0
3178,TRX-01365,DTL-003178,20240520,661,77,15,3,1365,14,1,1999000,1999000.0,59970.0,1939030.0,1439000.0,500030.0
3179,TRX-01366,DTL-003179,20250508,495,70,25,2,1366,21,1,6499000,6499000.0,0.0,6499000.0,4679000.0,1820000.0
3180,TRX-01367,DTL-003180,20240910,71,95,23,2,1367,14,2,399000,798000.0,23940.0,774060.0,574000.0,200060.0
3181,TRX-01367,DTL-003181,20240910,71,24,23,2,1367,21,1,399000,399000.0,0.0,399000.0,287000.0,112000.0
3182,TRX-01368,DTL-003182,20250117,428,61,6,2,1368,21,1,5599000,5599000.0,0.0,5599000.0,4031000.0,1568000.0
3183,TRX-01368,DTL-003183,20250117,428,53,6,2,1368,21,1,5099000,5099000.0,0.0,5099000.0,3671000.0,1428000.0
3184,TRX-01369,DTL-003184,20241128,279,48,8,2,1369,2,1,16999000,16999000.0,1359920.0,15639080.0,12239000.0,3400080.0
3185,TRX-01369,DTL-003185,20241128,279,46,8,2,1369,15,1,2999000,2999000.0,239920.0,2759080.0,2159000.0,600080.0
3186,TRX-01369,DTL-003186,20241128,279,58,8,2,1369,21,1,4999000,4999000.0,0.0,4999000.0,3599000.0,1400000.0
3187,TRX-01370,DTL-003187,20240602,110,4,17,3,1370,21,1,16999000,16999000.0,0.0,16999000.0,12239000.0,4760000.0
3188,TRX-01370,DTL-003188,20240602,110,6,17,3,1370,21,1,12499000,12499000.0,0.0,12499000.0,8999000.0,3500000.0
3189,TRX-01370,DTL-003189,20240602,110,69,17,3,1370,4,1,1599000,1599000.0,191880.0,1407120.0,1151000.0,256120.0
3190,TRX-01371,DTL-003190,20250404,816,99,17,2,1371,6,1,3079000,3079000.0,92370.0,2986630.0,2217000.0,769630.0
3191,TRX-01372,DTL-003191,20250225,704,45,6,3,1372,10,2,3999000,7998000.0,399900.0,7598100.0,5758000.0,1840100.0
3192,TRX-01372,DTL-003192,20250225,704,15,6,3,1372,21,1,13599000,13599000.0,0.0,13599000.0,9791000.0,3808000.0
3193,TRX-01373,DTL-003193,20241215,638,63,23,3,1373,21,1,6999000,6999000.0,0.0,6999000.0,5039000.0,1960000.0
3194,TRX-01373,DTL-003194,20241215,638,17,23,3,1373,21,1,22999000,22999000.0,0.0,22999000.0,16559000.0,6440000.0
3195,TRX-01373,DTL-003195,20241215,638,45,23,3,1373,21,1,3999000,3999000.0,0.0,3999000.0,2879000.0,1120000.0
3196,TRX-01374,DTL-003196,20240304,854,69,9,2,1374,21,1,1599000,1599000.0,0.0,1599000.0,1151000.0,448000.0
3197,TRX-01374,DTL-003197,20240304,854,88,9,2,1374,18,2,2799000,5598000.0,839700.0,4758300.0,4030000.0,728300.0
3198,TRX-01374,DTL-003198,20240304,854,41,9,2,1374,21,1,6499000,6499000.0,0.0,6499000.0,4679000.0,1820000.0
3199,TRX-01375,DTL-003199,20240713,1000,34,21,2,1375,20,2,5999000,11998000.0,599900.0,11398100.0,8638000.0,2760100.0
3200,TRX-01375,DTL-003200,20240713,1000,98,21,2,1375,2,1,1695000,1695000.0,135600.0,1559400.0,1220000.0,339400.0
3201,TRX-01375,DTL-003201,20240713,1000,24,21,2,1375,19,1,399000,399000.0,19950.0,379050.0,287000.0,92050.0
3202,TRX-01376,DTL-003202,20241209,691,84,7,2,1376,10,2,1399000,2798000.0,139900.0,2658100.0,2014000.0,644100.0
3203,TRX-01376,DTL-003203,20241209,691,98,7,2,1376,21,3,1695000,5085000.0,0.0,5085000.0,3660000.0,1425000.0
3204,TRX-01377,DTL-003204,20241123,628,3,4,3,1377,1,1,18499000,18499000.0,554970.0,17944030.0,13319000.0,4625030.0
3205,TRX-01377,DTL-003205,20241123,628,97,4,3,1377,9,1,1565000,1565000.0,46950.0,1518050.0,1127000.0,391050.0
3206,TRX-01377,DTL-003206,20241123,628,70,4,3,1377,18,1,6499000,6499000.0,974850.0,5524150.0,4679000.0,845150.0
3207,TRX-01378,DTL-003207,20240612,277,75,17,3,1378,21,1,4699000,4699000.0,0.0,4699000.0,3383000.0,1316000.0
3208,TRX-01379,DTL-003208,20250210,124,87,10,3,1379,3,1,1199000,1199000.0,95920.0,1103080.0,863000.0,240080.0
3209,TRX-01379,DTL-003209,20250210,124,89,10,3,1379,21,2,779000,1558000.0,0.0,1558000.0,1122000.0,436000.0
3210,TRX-01379,DTL-003210,20250210,124,8,10,3,1379,21,1,10999000,10999000.0,0.0,10999000.0,7919000.0,3080000.0
3211,TRX-01379,DTL-003211,20250210,124,36,10,3,1379,19,2,3999000,7998000.0,399900.0,7598100.0,5758000.0,1840100.0
3212,TRX-01380,DTL-003212,20250530,373,75,20,2,1380,21,1,4699000,4699000.0,0.0,4699000.0,3383000.0,1316000.0
3213,TRX-01380,DTL-003213,20250530,373,13,20,2,1380,21,2,6499000,12998000.0,0.0,12998000.0,9358000.0,3640000.0
3214,TRX-01381,DTL-003214,20240414,711,72,21,1,1381,4,3,6999000,20997000.0,2519640.0,18477360.0,15117000.0,3360360.0
3215,TRX-01381,DTL-003215,20240414,711,75,21,1,1381,21,1,4699000,4699000.0,0.0,4699000.0,3383000.0,1316000.0
3216,TRX-01382,DTL-003216,20241118,413,19,18,2,1382,21,1,14999000,14999000.0,0.0,14999000.0,10799000.0,4200000.0
3217,TRX-01382,DTL-003217,20241118,413,69,18,2,1382,21,2,1599000,3198000.0,0.0,3198000.0,2302000.0,896000.0
3218,TRX-01382,DTL-003218,20241118,413,43,18,2,1382,8,1,8999000,8999000.0,449950.0,8549050.0,6479000.0,2070050.0
3219,TRX-01382,DTL-003219,20241118,413,38,18,2,1382,21,1,1599000,1599000.0,0.0,1599000.0,1151000.0,448000.0
3220,TRX-01383,DTL-003220,20240610,960,61,25,1,1383,21,1,5599000,5599000.0,0.0,5599000.0,4031000.0,1568000.0
3221,TRX-01383,DTL-003221,20240610,960,23,25,1,1383,21,2,499000,998000.0,0.0,998000.0,718000.0,280000.0
3222,TRX-01383,DTL-003222,20240610,960,31,25,1,1383,4,1,20999000,20999000.0,2519880.0,18479120.0,15119000.0,3360120.0
3223,TRX-01383,DTL-003223,20240610,960,41,25,1,1383,21,1,6499000,6499000.0,0.0,6499000.0,4679000.0,1820000.0
3224,TRX-01384,DTL-003224,20250520,437,37,23,3,1384,21,1,2999000,2999000.0,0.0,2999000.0,2159000.0,840000.0
3225,TRX-01384,DTL-003225,20250520,437,95,23,3,1384,21,1,399000,399000.0,0.0,399000.0,287000.0,112000.0
3226,TRX-01385,DTL-003226,20241212,705,69,2,2,1385,21,1,1599000,1599000.0,0.0,1599000.0,1151000.0,448000.0
3227,TRX-01385,DTL-003227,20241212,705,5,2,2,1385,19,1,13999000,13999000.0,699950.0,13299050.0,10079000.0,3220050.0
3228,TRX-01386,DTL-003228,20250418,188,1,14,2,1386,21,1,20499000,20499000.0,0.0,20499000.0,14759000.0,5740000.0
3229,TRX-01386,DTL-003229,20250418,188,93,14,2,1386,21,3,699000,2097000.0,0.0,2097000.0,1509000.0,588000.0
3230,TRX-01387,DTL-003230,20240827,190,47,8,3,1387,16,2,12499000,24998000.0,1249900.0,23748100.0,17998000.0,5750100.0
3231,TRX-01387,DTL-003231,20240827,190,49,8,3,1387,21,1,6999000,6999000.0,0.0,6999000.0,5039000.0,1960000.0
3232,TRX-01388,DTL-003232,20250415,22,60,16,3,1388,20,2,4999000,9998000.0,499900.0,9498100.0,7198000.0,2300100.0
3233,TRX-01388,DTL-003233,20250415,22,48,16,3,1388,21,2,16999000,33998000.0,0.0,33998000.0,24478000.0,9520000.0
3234,TRX-01388,DTL-003234,20250415,22,57,16,3,1388,21,2,5999000,11998000.0,0.0,11998000.0,8638000.0,3360000.0
3235,TRX-01388,DTL-003235,20250415,22,94,16,3,1388,21,1,2999000,2999000.0,0.0,2999000.0,2159000.0,840000.0
3236,TRX-01389,DTL-003236,20250312,691,89,3,3,1389,21,1,779000,779000.0,0.0,779000.0,561000.0,218000.0
3237,TRX-01389,DTL-003237,20250312,691,70,3,3,1389,21,1,6499000,6499000.0,0.0,6499000.0,4679000.0,1820000.0
3238,TRX-01389,DTL-003238,20250312,691,19,3,3,1389,21,2,14999000,29998000.0,0.0,29998000.0,21598000.0,8400000.0
3239,TRX-01390,DTL-003239,20241031,625,9,20,2,1390,21,1,12999000,12999000.0,0.0,12999000.0,9359000.0,3640000.0
3240,TRX-01391,DTL-003240,20240112,368,56,3,2,1391,21,1,5799000,5799000.0,0.0,5799000.0,4175000.0,1624000.0
3241,TRX-01391,DTL-003241,20240112,368,66,3,2,1391,11,1,5499000,5499000.0,439920.0,5059080.0,3959000.0,1100080.0
3242,TRX-01391,DTL-003242,20240112,368,54,3,2,1391,6,1,4499000,4499000.0,134970.0,4364030.0,3239000.0,1125030.0
3243,TRX-01392,DTL-003243,20240309,424,78,7,3,1392,21,1,21999000,21999000.0,0.0,21999000.0,15839000.0,6160000.0
3244,TRX-01392,DTL-003244,20240309,424,86,7,3,1392,19,2,1199000,2398000.0,119900.0,2278100.0,1726000.0,552100.0
3245,TRX-01392,DTL-003245,20240309,424,62,7,3,1392,3,1,5999000,5999000.0,479920.0,5519080.0,4319000.0,1200080.0
3246,TRX-01393,DTL-003246,20241230,1000,18,11,2,1393,21,1,7999000,7999000.0,0.0,7999000.0,5759000.0,2240000.0
3247,TRX-01393,DTL-003247,20241230,1000,35,11,2,1393,8,2,4999000,9998000.0,499900.0,9498100.0,7198000.0,2300100.0
3248,TRX-01394,DTL-003248,20250422,979,20,22,3,1394,16,2,3999000,7998000.0,399900.0,7598100.0,5758000.0,1840100.0
3249,TRX-01395,DTL-003249,20240823,454,73,24,3,1395,3,1,4299000,4299000.0,343920.0,3955080.0,3095000.0,860080.0
3250,TRX-01395,DTL-003250,20240823,454,25,24,3,1395,10,1,24499000,24499000.0,1224950.0,23274050.0,17639000.0,5635050.0
3251,TRX-01395,DTL-003251,20240823,454,76,24,3,1395,21,2,2999000,5998000.0,0.0,5998000.0,4318000.0,1680000.0
3252,TRX-01396,DTL-003252,20241109,245,13,4,2,1396,21,1,6499000,6499000.0,0.0,6499000.0,4679000.0,1820000.0
3253,TRX-01396,DTL-003253,20241109,245,6,4,2,1396,21,1,12499000,12499000.0,0.0,12499000.0,8999000.0,3500000.0
3254,TRX-01396,DTL-003254,20241109,245,66,4,2,1396,21,1,5499000,5499000.0,0.0,5499000.0,3959000.0,1540000.0
3255,TRX-01396,DTL-003255,20241109,245,17,4,2,1396,21,1,22999000,22999000.0,0.0,22999000.0,16559000.0,6440000.0
3256,TRX-01397,DTL-003256,20240120,561,83,12,2,1397,4,1,7499000,7499000.0,899880.0,6599120.0,5399000.0,1200120.0
3257,TRX-01397,DTL-003257,20240120,561,85,12,2,1397,21,1,399000,399000.0,0.0,399000.0,287000.0,112000.0
3258,TRX-01397,DTL-003258,20240120,561,56,12,2,1397,1,1,5799000,5799000.0,173970.0,5625030.0,4175000.0,1450030.0
3259,TRX-01398,DTL-003259,20250426,648,11,7,2,1398,21,1,15999000,15999000.0,0.0,15999000.0,11519000.0,4480000.0
3260,TRX-01398,DTL-003260,20250426,648,66,7,2,1398,21,2,5499000,10998000.0,0.0,10998000.0,7918000.0,3080000.0
3261,TRX-01398,DTL-003261,20250426,648,86,7,2,1398,21,1,1199000,1199000.0,0.0,1199000.0,863000.0,336000.0
3262,TRX-01399,DTL-003262,20240728,45,8,14,2,1399,12,2,10999000,21998000.0,2199800.0,19798200.0,15838000.0,3960200.0
3263,TRX-01400,DTL-003263,20240504,984,18,24,2,1400,21,1,7999000,7999000.0,0.0,7999000.0,5759000.0,2240000.0
3264,TRX-01400,DTL-003264,20240504,984,62,24,2,1400,4,3,5999000,17997000.0,2159640.0,15837360.0,12957000.0,2880360.0
3265,TRX-01401,DTL-003265,20250420,387,95,25,2,1401,21,1,399000,399000.0,0.0,399000.0,287000.0,112000.0
3266,TRX-01401,DTL-003266,20250420,387,39,25,2,1401,21,1,13999000,13999000.0,0.0,13999000.0,10079000.0,3920000.0
3267,TRX-01401,DTL-003267,20250420,387,92,25,2,1401,21,1,649000,649000.0,0.0,649000.0,467000.0,182000.0
3268,TRX-01402,DTL-003268,20250324,1000,56,17,2,1402,17,1,5799000,5799000.0,695880.0,5103120.0,4175000.0,928120.0
3269,TRX-01402,DTL-003269,20250324,1000,36,17,2,1402,21,1,3999000,3999000.0,0.0,3999000.0,2879000.0,1120000.0
3270,TRX-01403,DTL-003270,20250502,120,53,19,2,1403,21,1,5099000,5099000.0,0.0,5099000.0,3671000.0,1428000.0
3271,TRX-01403,DTL-003271,20250502,120,8,19,2,1403,14,2,10999000,21998000.0,659940.0,21338060.0,15838000.0,5500060.0
3272,TRX-01404,DTL-003272,20240201,798,95,10,2,1404,21,2,399000,798000.0,0.0,798000.0,574000.0,224000.0
3273,TRX-01404,DTL-003273,20240201,798,63,10,2,1404,10,1,6999000,6999000.0,349950.0,6649050.0,5039000.0,1610050.0
3274,TRX-01405,DTL-003274,20241129,144,11,2,3,1405,21,2,15999000,31998000.0,0.0,31998000.0,23038000.0,8960000.0
3275,TRX-01405,DTL-003275,20241129,144,19,2,3,1405,21,1,14999000,14999000.0,0.0,14999000.0,10799000.0,4200000.0
3276,TRX-01406,DTL-003276,20250224,431,2,15,2,1406,21,1,23499000,23499000.0,0.0,23499000.0,16919000.0,6580000.0
3277,TRX-01407,DTL-003277,20241012,355,94,12,2,1407,9,1,2999000,2999000.0,89970.0,2909030.0,2159000.0,750030.0
3278,TRX-01407,DTL-003278,20241012,355,63,12,2,1407,21,2,6999000,13998000.0,0.0,13998000.0,10078000.0,3920000.0
3279,TRX-01407,DTL-003279,20241012,355,87,12,2,1407,21,1,1199000,1199000.0,0.0,1199000.0,863000.0,336000.0
3280,TRX-01408,DTL-003280,20250530,602,66,6,2,1408,21,1,5499000,5499000.0,0.0,5499000.0,3959000.0,1540000.0
3281,TRX-01408,DTL-003281,20250530,602,74,6,2,1408,21,1,5999000,5999000.0,0.0,5999000.0,4319000.0,1680000.0
3282,TRX-01408,DTL-003282,20250530,602,97,6,2,1408,21,1,1565000,1565000.0,0.0,1565000.0,1127000.0,438000.0
3283,TRX-01408,DTL-003283,20250530,602,63,6,2,1408,19,2,6999000,13998000.0,699900.0,13298100.0,10078000.0,3220100.0
3284,TRX-01409,DTL-003284,20240626,455,71,12,1,1409,21,1,4999000,4999000.0,0.0,4999000.0,3599000.0,1400000.0
3285,TRX-01409,DTL-003285,20240626,455,47,12,1,1409,21,1,12499000,12499000.0,0.0,12499000.0,8999000.0,3500000.0
3286,TRX-01409,DTL-003286,20240626,455,78,12,1,1409,21,1,21999000,21999000.0,0.0,21999000.0,15839000.0,6160000.0
3287,TRX-01410,DTL-003287,20250304,444,19,5,2,1410,8,3,14999000,44997000.0,2249850.0,42747150.0,32397000.0,10350150.0
3288,TRX-01410,DTL-003288,20250304,444,52,5,2,1410,21,1,2099000,2099000.0,0.0,2099000.0,1511000.0,588000.0
3289,TRX-01411,DTL-003289,20250422,161,75,11,2,1411,21,1,4699000,4699000.0,0.0,4699000.0,3383000.0,1316000.0
3290,TRX-01411,DTL-003290,20250422,161,73,11,2,1411,12,1,4299000,4299000.0,429900.0,3869100.0,3095000.0,774100.0
3291,TRX-01411,DTL-003291,20250422,161,95,11,2,1411,21,1,399000,399000.0,0.0,399000.0,287000.0,112000.0
3292,TRX-01412,DTL-003292,20240919,62,98,25,3,1412,21,1,1695000,1695000.0,0.0,1695000.0,1220000.0,475000.0
3293,TRX-01412,DTL-003293,20240919,62,57,25,3,1412,21,1,5999000,5999000.0,0.0,5999000.0,4319000.0,1680000.0
3294,TRX-01413,DTL-003294,20250527,414,12,19,1,1413,21,1,11499000,11499000.0,0.0,11499000.0,8279000.0,3220000.0
3295,TRX-01414,DTL-003295,20250312,254,48,3,2,1414,21,1,16999000,16999000.0,0.0,16999000.0,12239000.0,4760000.0
3296,TRX-01414,DTL-003296,20250312,254,84,3,2,1414,14,1,1399000,1399000.0,41970.0,1357030.0,1007000.0,350030.0
3297,TRX-01414,DTL-003297,20250312,254,22,3,2,1414,15,1,499000,499000.0,39920.0,459080.0,359000.0,100080.0
3298,TRX-01414,DTL-003298,20250312,254,3,3,2,1414,7,1,18499000,18499000.0,1849900.0,16649100.0,13319000.0,3330100.0
3299,TRX-01415,DTL-003299,20240607,700,84,16,3,1415,21,2,1399000,2798000.0,0.0,2798000.0,2014000.0,784000.0
3300,TRX-01415,DTL-003300,20240607,700,53,16,3,1415,21,1,5099000,5099000.0,0.0,5099000.0,3671000.0,1428000.0
3301,TRX-01416,DTL-003301,20240315,69,27,4,2,1416,12,1,16499000,16499000.0,1649900.0,14849100.0,11879000.0,2970100.0
3302,TRX-01416,DTL-003302,20240315,69,29,4,2,1416,12,1,17499000,17499000.0,1749900.0,15749100.0,12599000.0,3150100.0
3303,TRX-01416,DTL-003303,20240315,69,62,4,2,1416,1,1,5999000,5999000.0,179970.0,5819030.0,4319000.0,1500030.0
3304,TRX-01417,DTL-003304,20241112,435,89,15,1,1417,21,1,779000,779000.0,0.0,779000.0,561000.0,218000.0
3305,TRX-01417,DTL-003305,20241112,435,1,15,1,1417,21,2,20499000,40998000.0,0.0,40998000.0,29518000.0,11480000.0
3306,TRX-01417,DTL-003306,20241112,435,22,15,1,1417,13,1,499000,499000.0,49900.0,449100.0,359000.0,90100.0
3307,TRX-01418,DTL-003307,20241116,733,51,20,1,1418,21,1,6499000,6499000.0,0.0,6499000.0,4679000.0,1820000.0
3308,TRX-01418,DTL-003308,20241116,733,56,20,1,1418,10,1,5799000,5799000.0,289950.0,5509050.0,4175000.0,1334050.0
3309,TRX-01419,DTL-003309,20240606,657,61,20,2,1419,21,1,5599000,5599000.0,0.0,5599000.0,4031000.0,1568000.0
3310,TRX-01420,DTL-003310,20240715,380,9,19,2,1420,20,1,12999000,12999000.0,649950.0,12349050.0,9359000.0,2990050.0
3311,TRX-01420,DTL-003311,20240715,380,16,19,2,1420,21,1,14999000,14999000.0,0.0,14999000.0,10799000.0,4200000.0
3312,TRX-01420,DTL-003312,20240715,380,98,19,2,1420,21,1,1695000,1695000.0,0.0,1695000.0,1220000.0,475000.0
3313,TRX-01421,DTL-003313,20240331,646,99,15,1,1421,21,1,3079000,3079000.0,0.0,3079000.0,2217000.0,862000.0
3314,TRX-01421,DTL-003314,20240331,646,62,15,1,1421,5,1,5999000,5999000.0,479920.0,5519080.0,4319000.0,1200080.0
3315,TRX-01421,DTL-003315,20240331,646,57,15,1,1421,21,1,5999000,5999000.0,0.0,5999000.0,4319000.0,1680000.0
3316,TRX-01422,DTL-003316,20241007,602,34,8,3,1422,13,1,5999000,5999000.0,599900.0,5399100.0,4319000.0,1080100.0
3317,TRX-01423,DTL-003317,20250203,984,12,24,1,1423,21,2,11499000,22998000.0,0.0,22998000.0,16558000.0,6440000.0
3318,TRX-01423,DTL-003318,20250203,984,89,24,1,1423,21,1,779000,779000.0,0.0,779000.0,561000.0,218000.0
3319,TRX-01423,DTL-003319,20250203,984,49,24,1,1423,21,2,6999000,13998000.0,0.0,13998000.0,10078000.0,3920000.0
3320,TRX-01424,DTL-003320,20250123,125,52,1,3,1424,11,1,2099000,2099000.0,167920.0,1931080.0,1511000.0,420080.0
3321,TRX-01424,DTL-003321,20250123,125,34,1,3,1424,21,1,5999000,5999000.0,0.0,5999000.0,4319000.0,1680000.0
3322,TRX-01424,DTL-003322,20250123,125,67,1,3,1424,21,1,3999000,3999000.0,0.0,3999000.0,2879000.0,1120000.0
3323,TRX-01424,DTL-003323,20250123,125,44,1,3,1424,21,1,4499000,4499000.0,0.0,4499000.0,3239000.0,1260000.0
3324,TRX-01425,DTL-003324,20240815,259,56,15,1,1425,21,1,5799000,5799000.0,0.0,5799000.0,4175000.0,1624000.0
3325,TRX-01426,DTL-003325,20241030,793,35,2,3,1426,21,1,4999000,4999000.0,0.0,4999000.0,3599000.0,1400000.0
3326,TRX-01426,DTL-003326,20241030,793,22,2,3,1426,21,1,499000,499000.0,0.0,499000.0,359000.0,140000.0
3327,TRX-01427,DTL-003327,20240921,587,2,12,2,1427,21,1,23499000,23499000.0,0.0,23499000.0,16919000.0,6580000.0
3328,TRX-01427,DTL-003328,20240921,587,30,12,2,1427,21,1,13499000,13499000.0,0.0,13499000.0,9719000.0,3780000.0
3329,TRX-01427,DTL-003329,20240921,587,100,12,2,1427,21,1,1799000,1799000.0,0.0,1799000.0,1295000.0,504000.0
3330,TRX-01428,DTL-003330,20241228,468,78,24,3,1428,21,1,21999000,21999000.0,0.0,21999000.0,15839000.0,6160000.0
3331,TRX-01428,DTL-003331,20241228,468,100,24,3,1428,21,1,1799000,1799000.0,0.0,1799000.0,1295000.0,504000.0
3332,TRX-01429,DTL-003332,20240419,149,78,22,2,1429,21,1,21999000,21999000.0,0.0,21999000.0,15839000.0,6160000.0
3333,TRX-01429,DTL-003333,20240419,149,93,22,2,1429,21,1,699000,699000.0,0.0,699000.0,503000.0,196000.0
3334,TRX-01429,DTL-003334,20240419,149,29,22,2,1429,21,1,17499000,17499000.0,0.0,17499000.0,12599000.0,4900000.0
3335,TRX-01429,DTL-003335,20240419,149,72,22,2,1429,21,1,6999000,6999000.0,0.0,6999000.0,5039000.0,1960000.0
3336,TRX-01430,DTL-003336,20241011,680,42,12,1,1430,2,1,3499000,3499000.0,279920.0,3219080.0,2519000.0,700080.0
3337,TRX-01431,DTL-003337,20240519,545,51,23,2,1431,20,1,6499000,6499000.0,324950.0,6174050.0,4679000.0,1495050.0
3338,TRX-01432,DTL-003338,20240518,431,18,16,1,1432,21,1,7999000,7999000.0,0.0,7999000.0,5759000.0,2240000.0
3339,TRX-01432,DTL-003339,20240518,431,80,16,1,1432,7,1,10999000,10999000.0,1099900.0,9899100.0,7919000.0,1980100.0
3340,TRX-01433,DTL-003340,20240516,222,28,20,2,1433,21,1,20999000,20999000.0,0.0,20999000.0,15119000.0,5880000.0
3341,TRX-01433,DTL-003341,20240516,222,25,20,2,1433,4,1,24499000,24499000.0,2939880.0,21559120.0,17639000.0,3920120.0
3342,TRX-01433,DTL-003342,20240516,222,53,20,2,1433,21,1,5099000,5099000.0,0.0,5099000.0,3671000.0,1428000.0
3343,TRX-01434,DTL-003343,20240914,899,35,19,1,1434,21,3,4999000,14997000.0,0.0,14997000.0,10797000.0,4200000.0
3344,TRX-01434,DTL-003344,20240914,899,2,19,1,1434,21,1,23499000,23499000.0,0.0,23499000.0,16919000.0,6580000.0
3345,TRX-01434,DTL-003345,20240914,899,73,19,1,1434,21,1,4299000,4299000.0,0.0,4299000.0,3095000.0,1204000.0
3346,TRX-01435,DTL-003346,20240105,68,87,18,2,1435,21,2,1199000,2398000.0,0.0,2398000.0,1726000.0,672000.0
3347,TRX-01435,DTL-003347,20240105,68,46,18,2,1435,21,1,2999000,2999000.0,0.0,2999000.0,2159000.0,840000.0
3348,TRX-01436,DTL-003348,20240513,911,70,9,2,1436,21,1,6499000,6499000.0,0.0,6499000.0,4679000.0,1820000.0
3349,TRX-01436,DTL-003349,20240513,911,24,9,2,1436,21,1,399000,399000.0,0.0,399000.0,287000.0,112000.0
3350,TRX-01436,DTL-003350,20240513,911,43,9,2,1436,21,1,8999000,8999000.0,0.0,8999000.0,6479000.0,2520000.0
3351,TRX-01437,DTL-003351,20250225,1000,3,20,2,1437,21,1,18499000,18499000.0,0.0,18499000.0,13319000.0,5180000.0
3352,TRX-01437,DTL-003352,20250225,1000,70,20,2,1437,21,1,6499000,6499000.0,0.0,6499000.0,4679000.0,1820000.0
3353,TRX-01438,DTL-003353,20241012,659,96,23,3,1438,6,1,1599000,1599000.0,47970.0,1551030.0,1151000.0,400030.0
3354,TRX-01438,DTL-003354,20241012,659,63,23,3,1438,19,1,6999000,6999000.0,349950.0,6649050.0,5039000.0,1610050.0
3355,TRX-01439,DTL-003355,20241225,809,69,20,3,1439,21,1,1599000,1599000.0,0.0,1599000.0,1151000.0,448000.0
3356,TRX-01440,DTL-003356,20241016,174,84,24,1,1440,14,1,1399000,1399000.0,41970.0,1357030.0,1007000.0,350030.0
3357,TRX-01440,DTL-003357,20241016,174,38,24,1,1440,21,1,1599000,1599000.0,0.0,1599000.0,1151000.0,448000.0
3358,TRX-01441,DTL-003358,20241212,772,15,4,2,1441,21,1,13599000,13599000.0,0.0,13599000.0,9791000.0,3808000.0
3359,TRX-01441,DTL-003359,20241212,772,97,4,2,1441,13,1,1565000,1565000.0,156500.0,1408500.0,1127000.0,281500.0
3360,TRX-01442,DTL-003360,20250528,934,99,4,2,1442,21,1,3079000,3079000.0,0.0,3079000.0,2217000.0,862000.0
3361,TRX-01442,DTL-003361,20250528,934,88,4,2,1442,21,2,2799000,5598000.0,0.0,5598000.0,4030000.0,1568000.0
3362,TRX-01442,DTL-003362,20250528,934,57,4,2,1442,21,1,5999000,5999000.0,0.0,5999000.0,4319000.0,1680000.0
3363,TRX-01443,DTL-003363,20240529,268,9,22,1,1443,18,1,12999000,12999000.0,1949850.0,11049150.0,9359000.0,1690150.0
3364,TRX-01444,DTL-003364,20240204,574,14,22,2,1444,21,2,9499000,18998000.0,0.0,18998000.0,13678000.0,5320000.0
3365,TRX-01444,DTL-003365,20240204,574,37,22,2,1444,21,2,2999000,5998000.0,0.0,5998000.0,4318000.0,1680000.0
3366,TRX-01445,DTL-003366,20240329,960,79,14,2,1445,14,1,18999000,18999000.0,569970.0,18429030.0,13679000.0,4750030.0
3367,TRX-01445,DTL-003367,20240329,960,11,14,2,1445,21,1,15999000,15999000.0,0.0,15999000.0,11519000.0,4480000.0
3368,TRX-01445,DTL-003368,20240329,960,42,14,2,1445,21,1,3499000,3499000.0,0.0,3499000.0,2519000.0,980000.0
3369,TRX-01446,DTL-003369,20240612,864,45,4,2,1446,21,1,3999000,3999000.0,0.0,3999000.0,2879000.0,1120000.0
3370,TRX-01446,DTL-003370,20240612,864,38,4,2,1446,21,3,1599000,4797000.0,0.0,4797000.0,3453000.0,1344000.0
3371,TRX-01446,DTL-003371,20240612,864,17,4,2,1446,14,1,22999000,22999000.0,689970.0,22309030.0,16559000.0,5750030.0
3372,TRX-01447,DTL-003372,20250509,353,3,3,2,1447,21,1,18499000,18499000.0,0.0,18499000.0,13319000.0,5180000.0
3373,TRX-01447,DTL-003373,20250509,353,14,3,2,1447,21,3,9499000,28497000.0,0.0,28497000.0,20517000.0,7980000.0
3374,TRX-01447,DTL-003374,20250509,353,16,3,2,1447,1,2,14999000,29998000.0,899940.0,29098060.0,21598000.0,7500060.0
3375,TRX-01448,DTL-003375,20240611,795,32,16,3,1448,21,1,28499000,28499000.0,0.0,28499000.0,20519000.0,7980000.0
3376,TRX-01449,DTL-003376,20241215,590,36,12,2,1449,10,1,3999000,3999000.0,199950.0,3799050.0,2879000.0,920050.0
3377,TRX-01450,DTL-003377,20240101,551,53,7,2,1450,6,1,5099000,5099000.0,152970.0,4946030.0,3671000.0,1275030.0
3378,TRX-01450,DTL-003378,20240101,551,24,7,2,1450,7,2,399000,798000.0,79800.0,718200.0,574000.0,144200.0
3379,TRX-01450,DTL-003379,20240101,551,63,7,2,1450,21,2,6999000,13998000.0,0.0,13998000.0,10078000.0,3920000.0
3380,TRX-01451,DTL-003380,20240930,880,10,15,2,1451,21,1,12599000,12599000.0,0.0,12599000.0,9071000.0,3528000.0
3381,TRX-01451,DTL-003381,20240930,880,89,15,2,1451,8,1,779000,779000.0,38950.0,740050.0,561000.0,179050.0
3382,TRX-01451,DTL-003382,20240930,880,57,15,2,1451,8,2,5999000,11998000.0,599900.0,11398100.0,8638000.0,2760100.0
3383,TRX-01452,DTL-003383,20240222,82,82,24,2,1452,17,3,7499000,22497000.0,2699640.0,19797360.0,16197000.0,3600360.0
3384,TRX-01452,DTL-003384,20240222,82,23,24,2,1452,21,1,499000,499000.0,0.0,499000.0,359000.0,140000.0
3385,TRX-01452,DTL-003385,20240222,82,62,24,2,1452,21,1,5999000,5999000.0,0.0,5999000.0,4319000.0,1680000.0
3386,TRX-01452,DTL-003386,20240222,82,29,24,2,1452,21,1,17499000,17499000.0,0.0,17499000.0,12599000.0,4900000.0
3387,TRX-01453,DTL-003387,20250504,853,53,1,1,1453,21,3,5099000,15297000.0,0.0,15297000.0,11013000.0,4284000.0
3388,TRX-01453,DTL-003388,20250504,853,50,1,1,1453,4,1,8499000,8499000.0,1019880.0,7479120.0,6119000.0,1360120.0
3389,TRX-01453,DTL-003389,20250504,853,1,1,1,1453,21,1,20499000,20499000.0,0.0,20499000.0,14759000.0,5740000.0
3390,TRX-01454,DTL-003390,20250105,1000,51,4,2,1454,8,1,6499000,6499000.0,324950.0,6174050.0,4679000.0,1495050.0
3391,TRX-01454,DTL-003391,20250105,1000,35,4,2,1454,20,1,4999000,4999000.0,249950.0,4749050.0,3599000.0,1150050.0
3392,TRX-01455,DTL-003392,20240612,25,22,1,2,1455,21,1,499000,499000.0,0.0,499000.0,359000.0,140000.0
3393,TRX-01455,DTL-003393,20240612,25,62,1,2,1455,8,1,5999000,5999000.0,299950.0,5699050.0,4319000.0,1380050.0
3394,TRX-01455,DTL-003394,20240612,25,33,1,2,1455,11,2,15999000,31998000.0,2559840.0,29438160.0,23038000.0,6400160.0
3395,TRX-01456,DTL-003395,20240929,666,44,23,2,1456,21,1,4499000,4499000.0,0.0,4499000.0,3239000.0,1260000.0
3396,TRX-01456,DTL-003396,20240929,666,25,23,2,1456,21,2,24499000,48998000.0,0.0,48998000.0,35278000.0,13720000.0
3397,TRX-01457,DTL-003397,20250214,684,26,15,2,1457,21,1,19499000,19499000.0,0.0,19499000.0,14039000.0,5460000.0
3398,TRX-01457,DTL-003398,20250214,684,78,15,2,1457,12,1,21999000,21999000.0,2199900.0,19799100.0,15839000.0,3960100.0
3399,TRX-01457,DTL-003399,20250214,684,31,15,2,1457,21,1,20999000,20999000.0,0.0,20999000.0,15119000.0,5880000.0
3400,TRX-01457,DTL-003400,20250214,684,65,15,2,1457,21,1,6299000,6299000.0,0.0,6299000.0,4535000.0,1764000.0
3401,TRX-01458,DTL-003401,20241114,190,98,3,2,1458,21,1,1695000,1695000.0,0.0,1695000.0,1220000.0,475000.0
3402,TRX-01458,DTL-003402,20241114,190,12,3,2,1458,17,1,11499000,11499000.0,1379880.0,10119120.0,8279000.0,1840120.0
3403,TRX-01459,DTL-003403,20241009,1000,11,3,2,1459,21,1,15999000,15999000.0,0.0,15999000.0,11519000.0,4480000.0
3404,TRX-01459,DTL-003404,20241009,1000,72,3,2,1459,21,1,6999000,6999000.0,0.0,6999000.0,5039000.0,1960000.0
3405,TRX-01460,DTL-003405,20241009,491,87,5,2,1460,5,1,1199000,1199000.0,95920.0,1103080.0,863000.0,240080.0
3406,TRX-01460,DTL-003406,20241009,491,66,5,2,1460,7,2,5499000,10998000.0,1099800.0,9898200.0,7918000.0,1980200.0
3407,TRX-01461,DTL-003407,20240901,1000,74,3,1,1461,21,2,5999000,11998000.0,0.0,11998000.0,8638000.0,3360000.0
3408,TRX-01462,DTL-003408,20241127,381,85,5,2,1462,21,1,399000,399000.0,0.0,399000.0,287000.0,112000.0
3409,TRX-01462,DTL-003409,20241127,381,36,5,2,1462,21,1,3999000,3999000.0,0.0,3999000.0,2879000.0,1120000.0
3410,TRX-01463,DTL-003410,20240804,981,83,19,3,1463,21,1,7499000,7499000.0,0.0,7499000.0,5399000.0,2100000.0
3411,TRX-01463,DTL-003411,20240804,981,28,19,3,1463,21,2,20999000,41998000.0,0.0,41998000.0,30238000.0,11760000.0
3412,TRX-01463,DTL-003412,20240804,981,31,19,3,1463,21,1,20999000,20999000.0,0.0,20999000.0,15119000.0,5880000.0
3413,TRX-01463,DTL-003413,20240804,981,7,19,3,1463,21,3,9999000,29997000.0,0.0,29997000.0,21597000.0,8400000.0
3414,TRX-01464,DTL-003414,20241229,448,99,22,3,1464,21,1,3079000,3079000.0,0.0,3079000.0,2217000.0,862000.0
3415,TRX-01464,DTL-003415,20241229,448,88,22,3,1464,21,1,2799000,2799000.0,0.0,2799000.0,2015000.0,784000.0
3416,TRX-01465,DTL-003416,20240423,443,31,5,2,1465,21,1,20999000,20999000.0,0.0,20999000.0,15119000.0,5880000.0
3417,TRX-01465,DTL-003417,20240423,443,3,5,2,1465,21,1,18499000,18499000.0,0.0,18499000.0,13319000.0,5180000.0
3418,TRX-01465,DTL-003418,20240423,443,33,5,2,1465,21,1,15999000,15999000.0,0.0,15999000.0,11519000.0,4480000.0
3419,TRX-01465,DTL-003419,20240423,443,1,5,2,1465,21,2,20499000,40998000.0,0.0,40998000.0,29518000.0,11480000.0
3420,TRX-01466,DTL-003420,20250511,493,82,19,3,1466,21,2,7499000,14998000.0,0.0,14998000.0,10798000.0,4200000.0
3421,TRX-01466,DTL-003421,20250511,493,32,19,3,1466,21,1,28499000,28499000.0,0.0,28499000.0,20519000.0,7980000.0
3422,TRX-01466,DTL-003422,20250511,493,46,19,3,1466,21,2,2999000,5998000.0,0.0,5998000.0,4318000.0,1680000.0
3423,TRX-01467,DTL-003423,20240510,677,94,15,2,1467,21,1,2999000,2999000.0,0.0,2999000.0,2159000.0,840000.0
3424,TRX-01468,DTL-003424,20241226,847,30,10,3,1468,21,1,13499000,13499000.0,0.0,13499000.0,9719000.0,3780000.0
3425,TRX-01468,DTL-003425,20241226,847,52,10,3,1468,10,1,2099000,2099000.0,104950.0,1994050.0,1511000.0,483050.0
3426,TRX-01468,DTL-003426,20241226,847,24,10,3,1468,7,1,399000,399000.0,39900.0,359100.0,287000.0,72100.0
3427,TRX-01469,DTL-003427,20240608,393,90,5,2,1469,7,1,699000,699000.0,69900.0,629100.0,503000.0,126100.0
3428,TRX-01469,DTL-003428,20240608,393,60,5,2,1469,21,1,4999000,4999000.0,0.0,4999000.0,3599000.0,1400000.0
3429,TRX-01470,DTL-003429,20240308,63,88,5,3,1470,21,1,2799000,2799000.0,0.0,2799000.0,2015000.0,784000.0
3430,TRX-01470,DTL-003430,20240308,63,56,5,3,1470,21,1,5799000,5799000.0,0.0,5799000.0,4175000.0,1624000.0
3431,TRX-01470,DTL-003431,20240308,63,9,5,3,1470,21,1,12999000,12999000.0,0.0,12999000.0,9359000.0,3640000.0
3432,TRX-01470,DTL-003432,20240308,63,41,5,3,1470,7,1,6499000,6499000.0,649900.0,5849100.0,4679000.0,1170100.0
3433,TRX-01471,DTL-003433,20250421,5,47,10,3,1471,21,1,12499000,12499000.0,0.0,12499000.0,8999000.0,3500000.0
3434,TRX-01471,DTL-003434,20250421,5,9,10,3,1471,21,1,12999000,12999000.0,0.0,12999000.0,9359000.0,3640000.0
3435,TRX-01471,DTL-003435,20250421,5,31,10,3,1471,10,1,20999000,20999000.0,1049950.0,19949050.0,15119000.0,4830050.0
3436,TRX-01471,DTL-003436,20250421,5,92,10,3,1471,4,1,649000,649000.0,77880.0,571120.0,467000.0,104120.0
3437,TRX-01472,DTL-003437,20241229,67,4,15,2,1472,9,2,16999000,33998000.0,1019940.0,32978060.0,24478000.0,8500060.0
3438,TRX-01472,DTL-003438,20241229,67,86,15,2,1472,14,1,1199000,1199000.0,35970.0,1163030.0,863000.0,300030.0
3439,TRX-01473,DTL-003439,20240418,595,66,7,2,1473,1,1,5499000,5499000.0,164970.0,5334030.0,3959000.0,1375030.0
3440,TRX-01473,DTL-003440,20240418,595,93,7,2,1473,21,2,699000,1398000.0,0.0,1398000.0,1006000.0,392000.0
3441,TRX-01473,DTL-003441,20240418,595,78,7,2,1473,21,1,21999000,21999000.0,0.0,21999000.0,15839000.0,6160000.0
3442,TRX-01474,DTL-003442,20240221,876,59,24,3,1474,5,1,2299000,2299000.0,183920.0,2115080.0,1655000.0,460080.0
3443,TRX-01474,DTL-003443,20240221,876,63,24,3,1474,21,2,6999000,13998000.0,0.0,13998000.0,10078000.0,3920000.0
3444,TRX-01475,DTL-003444,20240514,45,8,8,2,1475,14,1,10999000,10999000.0,329970.0,10669030.0,7919000.0,2750030.0
3445,TRX-01475,DTL-003445,20240514,45,38,8,2,1475,11,1,1599000,1599000.0,127920.0,1471080.0,1151000.0,320080.0
3446,TRX-01475,DTL-003446,20240514,45,39,8,2,1475,21,1,13999000,13999000.0,0.0,13999000.0,10079000.0,3920000.0
3447,TRX-01475,DTL-003447,20240514,45,16,8,2,1475,5,1,14999000,14999000.0,1199920.0,13799080.0,10799000.0,3000080.0
3448,TRX-01476,DTL-003448,20240710,724,51,13,1,1476,21,1,6499000,6499000.0,0.0,6499000.0,4679000.0,1820000.0
3449,TRX-01476,DTL-003449,20240710,724,81,13,1,1476,21,1,7999000,7999000.0,0.0,7999000.0,5759000.0,2240000.0
3450,TRX-01476,DTL-003450,20240710,724,11,13,1,1476,8,2,15999000,31998000.0,1599900.0,30398100.0,23038000.0,7360100.0
3451,TRX-01476,DTL-003451,20240710,724,57,13,1,1476,21,2,5999000,11998000.0,0.0,11998000.0,8638000.0,3360000.0
3452,TRX-01477,DTL-003452,20250304,161,63,23,3,1477,21,1,6999000,6999000.0,0.0,6999000.0,5039000.0,1960000.0
3453,TRX-01477,DTL-003453,20250304,161,18,23,3,1477,14,1,7999000,7999000.0,239970.0,7759030.0,5759000.0,2000030.0
3454,TRX-01477,DTL-003454,20250304,161,7,23,3,1477,21,1,9999000,9999000.0,0.0,9999000.0,7199000.0,2800000.0
3455,TRX-01478,DTL-003455,20250401,109,17,2,3,1478,21,1,22999000,22999000.0,0.0,22999000.0,16559000.0,6440000.0
3456,TRX-01478,DTL-003456,20250401,109,11,2,3,1478,18,1,15999000,15999000.0,2399850.0,13599150.0,11519000.0,2080150.0
3457,TRX-01478,DTL-003457,20250401,109,72,2,3,1478,13,1,6999000,6999000.0,699900.0,6299100.0,5039000.0,1260100.0
3458,TRX-01479,DTL-003458,20250310,906,7,11,2,1479,21,1,9999000,9999000.0,0.0,9999000.0,7199000.0,2800000.0
3459,TRX-01479,DTL-003459,20250310,906,58,11,2,1479,14,1,4999000,4999000.0,149970.0,4849030.0,3599000.0,1250030.0
3460,TRX-01480,DTL-003460,20240809,840,37,13,3,1480,21,3,2999000,8997000.0,0.0,8997000.0,6477000.0,2520000.0
3461,TRX-01480,DTL-003461,20240809,840,63,13,3,1480,21,2,6999000,13998000.0,0.0,13998000.0,10078000.0,3920000.0
3462,TRX-01481,DTL-003462,20250224,477,51,11,2,1481,21,1,6499000,6499000.0,0.0,6499000.0,4679000.0,1820000.0
3463,TRX-01481,DTL-003463,20250224,477,89,11,2,1481,21,1,779000,779000.0,0.0,779000.0,561000.0,218000.0
3464,TRX-01482,DTL-003464,20250102,936,45,19,3,1482,20,1,3999000,3999000.0,199950.0,3799050.0,2879000.0,920050.0
3465,TRX-01482,DTL-003465,20250102,936,67,19,3,1482,21,2,3999000,7998000.0,0.0,7998000.0,5758000.0,2240000.0
3466,TRX-01483,DTL-003466,20250208,653,76,5,2,1483,21,1,2999000,2999000.0,0.0,2999000.0,2159000.0,840000.0
3467,TRX-01484,DTL-003467,20250112,134,46,8,2,1484,13,1,2999000,2999000.0,299900.0,2699100.0,2159000.0,540100.0
3468,TRX-01484,DTL-003468,20250112,134,94,8,2,1484,19,1,2999000,2999000.0,149950.0,2849050.0,2159000.0,690050.0
3469,TRX-01485,DTL-003469,20250513,147,89,4,2,1485,21,1,779000,779000.0,0.0,779000.0,561000.0,218000.0
3470,TRX-01485,DTL-003470,20250513,147,59,4,2,1485,21,1,2299000,2299000.0,0.0,2299000.0,1655000.0,644000.0
3471,TRX-01485,DTL-003471,20250513,147,62,4,2,1485,19,1,5999000,5999000.0,299950.0,5699050.0,4319000.0,1380050.0
3472,TRX-01486,DTL-003472,20240516,1000,95,14,2,1486,21,1,399000,399000.0,0.0,399000.0,287000.0,112000.0
3473,TRX-01486,DTL-003473,20240516,1000,47,14,2,1486,21,1,12499000,12499000.0,0.0,12499000.0,8999000.0,3500000.0
3474,TRX-01486,DTL-003474,20240516,1000,28,14,2,1486,21,1,20999000,20999000.0,0.0,20999000.0,15119000.0,5880000.0
3475,TRX-01487,DTL-003475,20250324,409,56,14,2,1487,21,1,5799000,5799000.0,0.0,5799000.0,4175000.0,1624000.0
3476,TRX-01487,DTL-003476,20250324,409,8,14,2,1487,21,1,10999000,10999000.0,0.0,10999000.0,7919000.0,3080000.0
3477,TRX-01488,DTL-003477,20241230,344,78,19,2,1488,21,1,21999000,21999000.0,0.0,21999000.0,15839000.0,6160000.0
3478,TRX-01488,DTL-003478,20241230,344,53,19,2,1488,21,2,5099000,10198000.0,0.0,10198000.0,7342000.0,2856000.0
3479,TRX-01489,DTL-003479,20240526,163,13,16,3,1489,21,1,6499000,6499000.0,0.0,6499000.0,4679000.0,1820000.0
3480,TRX-01489,DTL-003480,20240526,163,94,16,3,1489,21,1,2999000,2999000.0,0.0,2999000.0,2159000.0,840000.0
3481,TRX-01490,DTL-003481,20241003,689,80,22,1,1490,21,1,10999000,10999000.0,0.0,10999000.0,7919000.0,3080000.0
3482,TRX-01490,DTL-003482,20241003,689,64,22,1,1490,21,1,7499000,7499000.0,0.0,7499000.0,5399000.0,2100000.0
3483,TRX-01491,DTL-003483,20250130,1000,87,13,2,1491,21,2,1199000,2398000.0,0.0,2398000.0,1726000.0,672000.0
3484,TRX-01491,DTL-003484,20250130,1000,23,13,2,1491,21,1,499000,499000.0,0.0,499000.0,359000.0,140000.0
3485,TRX-01492,DTL-003485,20241005,261,74,1,1,1492,21,2,5999000,11998000.0,0.0,11998000.0,8638000.0,3360000.0
3486,TRX-01492,DTL-003486,20241005,261,16,1,1,1492,21,1,14999000,14999000.0,0.0,14999000.0,10799000.0,4200000.0
3487,TRX-01492,DTL-003487,20241005,261,56,1,1,1492,21,1,5799000,5799000.0,0.0,5799000.0,4175000.0,1624000.0
3488,TRX-01493,DTL-003488,20241102,999,17,18,2,1493,21,2,22999000,45998000.0,0.0,45998000.0,33118000.0,12880000.0
3489,TRX-01493,DTL-003489,20241102,999,70,18,2,1493,18,1,6499000,6499000.0,974850.0,5524150.0,4679000.0,845150.0
3490,TRX-01493,DTL-003490,20241102,999,6,18,2,1493,13,1,12499000,12499000.0,1249900.0,11249100.0,8999000.0,2250100.0
3491,TRX-01494,DTL-003491,20250520,994,72,20,2,1494,21,1,6999000,6999000.0,0.0,6999000.0,5039000.0,1960000.0
3492,TRX-01494,DTL-003492,20250520,994,20,20,2,1494,21,1,3999000,3999000.0,0.0,3999000.0,2879000.0,1120000.0
3493,TRX-01494,DTL-003493,20250520,994,74,20,2,1494,16,1,5999000,5999000.0,299950.0,5699050.0,4319000.0,1380050.0
3494,TRX-01495,DTL-003494,20240903,222,30,3,3,1495,21,2,13499000,26998000.0,0.0,26998000.0,19438000.0,7560000.0
3495,TRX-01495,DTL-003495,20240903,222,92,3,3,1495,2,1,649000,649000.0,51920.0,597080.0,467000.0,130080.0
3496,TRX-01495,DTL-003496,20240903,222,62,3,3,1495,17,1,5999000,5999000.0,719880.0,5279120.0,4319000.0,960120.0
3497,TRX-01495,DTL-003497,20240903,222,15,3,3,1495,1,1,13599000,13599000.0,407970.0,13191030.0,9791000.0,3400030.0
3498,TRX-01496,DTL-003498,20250510,188,29,20,1,1496,21,2,17499000,34998000.0,0.0,34998000.0,25198000.0,9800000.0
3499,TRX-01496,DTL-003499,20250510,188,12,20,1,1496,21,1,11499000,11499000.0,0.0,11499000.0,8279000.0,3220000.0
3500,TRX-01497,DTL-003500,20240115,1000,95,4,3,1497,21,3,399000,1197000.0,0.0,1197000.0,861000.0,336000.0
3501,TRX-01497,DTL-003501,20240115,1000,51,4,3,1497,21,3,6499000,19497000.0,0.0,19497000.0,14037000.0,5460000.0
3502,TRX-01497,DTL-003502,20240115,1000,61,4,3,1497,21,1,5599000,5599000.0,0.0,5599000.0,4031000.0,1568000.0
3503,TRX-01498,DTL-003503,20240901,523,65,25,3,1498,15,2,6299000,12598000.0,1007840.0,11590160.0,9070000.0,2520160.0
3504,TRX-01498,DTL-003504,20240901,523,44,25,3,1498,21,1,4499000,4499000.0,0.0,4499000.0,3239000.0,1260000.0
3505,TRX-01499,DTL-003505,20250408,546,26,6,1,1499,7,1,19499000,19499000.0,1949900.0,17549100.0,14039000.0,3510100.0
3506,TRX-01499,DTL-003506,20250408,546,89,6,1,1499,21,1,779000,779000.0,0.0,779000.0,561000.0,218000.0
3507,TRX-01499,DTL-003507,20250408,546,83,6,1,1499,21,1,7499000,7499000.0,0.0,7499000.0,5399000.0,2100000.0
3508,TRX-01499,DTL-003508,20250408,546,78,6,1,1499,21,1,21999000,21999000.0,0.0,21999000.0,15839000.0,6160000.0
3509,TRX-01500,DTL-003509,20240728,698,40,1,2,1500,8,2,15999000,31998000.0,1599900.0,30398100.0,23038000.0,7360100.0
3510,TRX-01500,DTL-003510,20240728,698,63,1,2,1500,21,1,6999000,6999000.0,0.0,6999000.0,5039000.0,1960000.0
3511,TRX-01501,DTL-003511,20250406,672,96,2,2,1501,21,1,1599000,1599000.0,0.0,1599000.0,1151000.0,448000.0
3512,TRX-01502,DTL-003512,20240808,696,15,1,1,1502,21,1,13599000,13599000.0,0.0,13599000.0,9791000.0,3808000.0
3513,TRX-01503,DTL-003513,20250225,8,98,6,3,1503,21,1,1695000,1695000.0,0.0,1695000.0,1220000.0,475000.0
3514,TRX-01503,DTL-003514,20250225,8,63,6,3,1503,14,1,6999000,6999000.0,209970.0,6789030.0,5039000.0,1750030.0
3515,TRX-01504,DTL-003515,20241102,954,76,11,2,1504,21,1,2999000,2999000.0,0.0,2999000.0,2159000.0,840000.0
3516,TRX-01504,DTL-003516,20241102,954,7,11,2,1504,19,1,9999000,9999000.0,499950.0,9499050.0,7199000.0,2300050.0
3517,TRX-01504,DTL-003517,20241102,954,21,11,2,1504,21,1,2499000,2499000.0,0.0,2499000.0,1799000.0,700000.0
3518,TRX-01505,DTL-003518,20241123,328,73,6,2,1505,15,1,4299000,4299000.0,343920.0,3955080.0,3095000.0,860080.0
3519,TRX-01505,DTL-003519,20241123,328,17,6,2,1505,21,1,22999000,22999000.0,0.0,22999000.0,16559000.0,6440000.0
3520,TRX-01506,DTL-003520,20240820,280,26,22,2,1506,10,2,19499000,38998000.0,1949900.0,37048100.0,28078000.0,8970100.0
3521,TRX-01506,DTL-003521,20240820,280,8,22,2,1506,15,1,10999000,10999000.0,879920.0,10119080.0,7919000.0,2200080.0
3522,TRX-01506,DTL-003522,20240820,280,39,22,2,1506,21,2,13999000,27998000.0,0.0,27998000.0,20158000.0,7840000.0
3523,TRX-01507,DTL-003523,20240520,121,87,23,2,1507,5,1,1199000,1199000.0,95920.0,1103080.0,863000.0,240080.0
3524,TRX-01507,DTL-003524,20240520,121,28,23,2,1507,21,1,20999000,20999000.0,0.0,20999000.0,15119000.0,5880000.0
3525,TRX-01507,DTL-003525,20240520,121,62,23,2,1507,12,1,5999000,5999000.0,599900.0,5399100.0,4319000.0,1080100.0
3526,TRX-01507,DTL-003526,20240520,121,37,23,2,1507,19,1,2999000,2999000.0,149950.0,2849050.0,2159000.0,690050.0
3527,TRX-01508,DTL-003527,20250214,1000,60,16,2,1508,21,2,4999000,9998000.0,0.0,9998000.0,7198000.0,2800000.0
3528,TRX-01508,DTL-003528,20250214,1000,99,16,2,1508,21,1,3079000,3079000.0,0.0,3079000.0,2217000.0,862000.0
3529,TRX-01508,DTL-003529,20250214,1000,63,16,2,1508,21,1,6999000,6999000.0,0.0,6999000.0,5039000.0,1960000.0
3530,TRX-01508,DTL-003530,20250214,1000,20,16,2,1508,21,2,3999000,7998000.0,0.0,7998000.0,5758000.0,2240000.0
3531,TRX-01509,DTL-003531,20240401,813,17,9,1,1509,21,1,22999000,22999000.0,0.0,22999000.0,16559000.0,6440000.0
3532,TRX-01509,DTL-003532,20240401,813,28,9,1,1509,2,1,20999000,20999000.0,1679920.0,19319080.0,15119000.0,4200080.0
3533,TRX-01509,DTL-003533,20240401,813,2,9,1,1509,21,2,23499000,46998000.0,0.0,46998000.0,33838000.0,13160000.0
3534,TRX-01510,DTL-003534,20240412,931,10,11,1,1510,21,2,12599000,25198000.0,0.0,25198000.0,18142000.0,7056000.0
3535,TRX-01510,DTL-003535,20240412,931,96,11,1,1510,21,1,1599000,1599000.0,0.0,1599000.0,1151000.0,448000.0
3536,TRX-01510,DTL-003536,20240412,931,53,11,1,1510,8,1,5099000,5099000.0,254950.0,4844050.0,3671000.0,1173050.0
3537,TRX-01511,DTL-003537,20240605,314,87,11,2,1511,21,2,1199000,2398000.0,0.0,2398000.0,1726000.0,672000.0
3538,TRX-01511,DTL-003538,20240605,314,8,11,2,1511,4,2,10999000,21998000.0,2639760.0,19358240.0,15838000.0,3520240.0
3539,TRX-01511,DTL-003539,20240605,314,9,11,2,1511,21,1,12999000,12999000.0,0.0,12999000.0,9359000.0,3640000.0
3540,TRX-01511,DTL-003540,20240605,314,91,11,2,1511,21,1,699000,699000.0,0.0,699000.0,503000.0,196000.0
3541,TRX-01512,DTL-003541,20250326,883,25,7,1,1512,21,1,24499000,24499000.0,0.0,24499000.0,17639000.0,6860000.0
3542,TRX-01512,DTL-003542,20250326,883,36,7,1,1512,21,1,3999000,3999000.0,0.0,3999000.0,2879000.0,1120000.0
3543,TRX-01512,DTL-003543,20250326,883,29,7,1,1512,21,1,17499000,17499000.0,0.0,17499000.0,12599000.0,4900000.0
3544,TRX-01513,DTL-003544,20250525,635,24,20,3,1513,21,1,399000,399000.0,0.0,399000.0,287000.0,112000.0
3545,TRX-01513,DTL-003545,20250525,635,68,20,3,1513,21,1,3499000,3499000.0,0.0,3499000.0,2519000.0,980000.0
3546,TRX-01513,DTL-003546,20250525,635,10,20,3,1513,8,1,12599000,12599000.0,629950.0,11969050.0,9071000.0,2898050.0
3547,TRX-01513,DTL-003547,20250525,635,49,20,3,1513,21,1,6999000,6999000.0,0.0,6999000.0,5039000.0,1960000.0
3548,TRX-01514,DTL-003548,20241111,293,22,9,2,1514,12,1,499000,499000.0,49900.0,449100.0,359000.0,90100.0
3549,TRX-01514,DTL-003549,20241111,293,24,9,2,1514,21,2,399000,798000.0,0.0,798000.0,574000.0,224000.0
3550,TRX-01514,DTL-003550,20241111,293,96,9,2,1514,21,1,1599000,1599000.0,0.0,1599000.0,1151000.0,448000.0
3551,TRX-01515,DTL-003551,20240608,888,59,8,2,1515,21,1,2299000,2299000.0,0.0,2299000.0,1655000.0,644000.0
3552,TRX-01515,DTL-003552,20240608,888,96,8,2,1515,21,1,1599000,1599000.0,0.0,1599000.0,1151000.0,448000.0
3553,TRX-01515,DTL-003553,20240608,888,69,8,2,1515,8,1,1599000,1599000.0,79950.0,1519050.0,1151000.0,368050.0
3554,TRX-01515,DTL-003554,20240608,888,13,8,2,1515,4,1,6499000,6499000.0,779880.0,5719120.0,4679000.0,1040120.0
3555,TRX-01516,DTL-003555,20241217,411,50,6,2,1516,14,2,8499000,16998000.0,509940.0,16488060.0,12238000.0,4250060.0
3556,TRX-01516,DTL-003556,20241217,411,94,6,2,1516,11,1,2999000,2999000.0,239920.0,2759080.0,2159000.0,600080.0
3557,TRX-01517,DTL-003557,20241024,1000,4,15,2,1517,21,1,16999000,16999000.0,0.0,16999000.0,12239000.0,4760000.0
3558,TRX-01517,DTL-003558,20241024,1000,61,15,2,1517,21,1,5599000,5599000.0,0.0,5599000.0,4031000.0,1568000.0
3559,TRX-01518,DTL-003559,20241102,308,13,13,2,1518,3,1,6499000,6499000.0,519920.0,5979080.0,4679000.0,1300080.0
3560,TRX-01518,DTL-003560,20241102,308,70,13,2,1518,21,1,6499000,6499000.0,0.0,6499000.0,4679000.0,1820000.0
3561,TRX-01519,DTL-003561,20240914,601,47,20,2,1519,21,1,12499000,12499000.0,0.0,12499000.0,8999000.0,3500000.0
3562,TRX-01519,DTL-003562,20240914,601,40,20,2,1519,21,1,15999000,15999000.0,0.0,15999000.0,11519000.0,4480000.0
3563,TRX-01519,DTL-003563,20240914,601,81,20,2,1519,21,1,7999000,7999000.0,0.0,7999000.0,5759000.0,2240000.0
3564,TRX-01519,DTL-003564,20240914,601,49,20,2,1519,21,1,6999000,6999000.0,0.0,6999000.0,5039000.0,1960000.0
3565,TRX-01520,DTL-003565,20240303,268,3,12,1,1520,21,1,18499000,18499000.0,0.0,18499000.0,13319000.0,5180000.0
3566,TRX-01520,DTL-003566,20240303,268,19,12,1,1520,21,2,14999000,29998000.0,0.0,29998000.0,21598000.0,8400000.0
3567,TRX-01520,DTL-003567,20240303,268,4,12,1,1520,21,1,16999000,16999000.0,0.0,16999000.0,12239000.0,4760000.0
3568,TRX-01520,DTL-003568,20240303,268,62,12,1,1520,14,2,5999000,11998000.0,359940.0,11638060.0,8638000.0,3000060.0
3569,TRX-01521,DTL-003569,20240720,94,78,5,2,1521,15,2,21999000,43998000.0,3519840.0,40478160.0,31678000.0,8800160.0
3570,TRX-01521,DTL-003570,20240720,94,4,5,2,1521,21,1,16999000,16999000.0,0.0,16999000.0,12239000.0,4760000.0
3571,TRX-01522,DTL-003571,20240218,648,6,14,2,1522,21,1,12499000,12499000.0,0.0,12499000.0,8999000.0,3500000.0
3572,TRX-01522,DTL-003572,20240218,648,56,14,2,1522,21,1,5799000,5799000.0,0.0,5799000.0,4175000.0,1624000.0
3573,TRX-01523,DTL-003573,20241112,151,51,3,3,1523,21,1,6499000,6499000.0,0.0,6499000.0,4679000.0,1820000.0
3574,TRX-01523,DTL-003574,20241112,151,37,3,3,1523,13,1,2999000,2999000.0,299900.0,2699100.0,2159000.0,540100.0
3575,TRX-01524,DTL-003575,20240110,327,30,1,2,1524,8,1,13499000,13499000.0,674950.0,12824050.0,9719000.0,3105050.0
3576,TRX-01524,DTL-003576,20240110,327,87,1,2,1524,15,1,1199000,1199000.0,95920.0,1103080.0,863000.0,240080.0
3577,TRX-01524,DTL-003577,20240110,327,13,1,2,1524,21,1,6499000,6499000.0,0.0,6499000.0,4679000.0,1820000.0
3578,TRX-01525,DTL-003578,20240516,568,47,13,1,1525,21,1,12499000,12499000.0,0.0,12499000.0,8999000.0,3500000.0
3579,TRX-01525,DTL-003579,20240516,568,76,13,1,1525,21,1,2999000,2999000.0,0.0,2999000.0,2159000.0,840000.0
3580,TRX-01525,DTL-003580,20240516,568,8,13,1,1525,21,2,10999000,21998000.0,0.0,21998000.0,15838000.0,6160000.0
3581,TRX-01525,DTL-003581,20240516,568,84,13,1,1525,21,1,1399000,1399000.0,0.0,1399000.0,1007000.0,392000.0
3582,TRX-01526,DTL-003582,20240924,663,1,3,2,1526,21,1,20499000,20499000.0,0.0,20499000.0,14759000.0,5740000.0
3583,TRX-01527,DTL-003583,20250309,593,40,12,2,1527,21,2,15999000,31998000.0,0.0,31998000.0,23038000.0,8960000.0
3584,TRX-01527,DTL-003584,20250309,593,63,12,2,1527,21,1,6999000,6999000.0,0.0,6999000.0,5039000.0,1960000.0
3585,TRX-01528,DTL-003585,20240806,784,76,20,3,1528,21,1,2999000,2999000.0,0.0,2999000.0,2159000.0,840000.0
3586,TRX-01528,DTL-003586,20240806,784,3,20,3,1528,21,1,18499000,18499000.0,0.0,18499000.0,13319000.0,5180000.0
3587,TRX-01529,DTL-003587,20240801,481,5,10,3,1529,21,1,13999000,13999000.0,0.0,13999000.0,10079000.0,3920000.0
3588,TRX-01529,DTL-003588,20240801,481,38,10,3,1529,21,1,1599000,1599000.0,0.0,1599000.0,1151000.0,448000.0
3589,TRX-01529,DTL-003589,20240801,481,69,10,3,1529,8,1,1599000,1599000.0,79950.0,1519050.0,1151000.0,368050.0
3590,TRX-01530,DTL-003590,20241215,896,72,5,1,1530,21,1,6999000,6999000.0,0.0,6999000.0,5039000.0,1960000.0
3591,TRX-01530,DTL-003591,20241215,896,44,5,1,1530,21,1,4499000,4499000.0,0.0,4499000.0,3239000.0,1260000.0
3592,TRX-01531,DTL-003592,20241110,403,81,1,2,1531,2,2,7999000,15998000.0,1279840.0,14718160.0,11518000.0,3200160.0
3593,TRX-01531,DTL-003593,20241110,403,15,1,2,1531,5,1,13599000,13599000.0,1087920.0,12511080.0,9791000.0,2720080.0
3594,TRX-01532,DTL-003594,20240124,354,22,19,1,1532,21,1,499000,499000.0,0.0,499000.0,359000.0,140000.0
3595,TRX-01532,DTL-003595,20240124,354,9,19,1,1532,11,1,12999000,12999000.0,1039920.0,11959080.0,9359000.0,2600080.0
3596,TRX-01533,DTL-003596,20250426,968,18,19,3,1533,21,1,7999000,7999000.0,0.0,7999000.0,5759000.0,2240000.0
3597,TRX-01533,DTL-003597,20250426,968,89,19,3,1533,21,2,779000,1558000.0,0.0,1558000.0,1122000.0,436000.0
3598,TRX-01534,DTL-003598,20240915,745,16,12,2,1534,17,1,14999000,14999000.0,1799880.0,13199120.0,10799000.0,2400120.0
3599,TRX-01534,DTL-003599,20240915,745,21,12,2,1534,21,2,2499000,4998000.0,0.0,4998000.0,3598000.0,1400000.0
3600,TRX-01535,DTL-003600,20250518,873,14,6,2,1535,21,2,9499000,18998000.0,0.0,18998000.0,13678000.0,5320000.0
3601,TRX-01535,DTL-003601,20250518,873,91,6,2,1535,21,1,699000,699000.0,0.0,699000.0,503000.0,196000.0
3602,TRX-01536,DTL-003602,20250210,599,6,19,2,1536,21,2,12499000,24998000.0,0.0,24998000.0,17998000.0,7000000.0
3603,TRX-01537,DTL-003603,20240925,732,40,3,2,1537,10,1,15999000,15999000.0,799950.0,15199050.0,11519000.0,3680050.0
3604,TRX-01537,DTL-003604,20240925,732,16,3,2,1537,21,1,14999000,14999000.0,0.0,14999000.0,10799000.0,4200000.0
3605,TRX-01538,DTL-003605,20250508,165,80,20,3,1538,21,1,10999000,10999000.0,0.0,10999000.0,7919000.0,3080000.0
3606,TRX-01538,DTL-003606,20250508,165,33,20,3,1538,1,1,15999000,15999000.0,479970.0,15519030.0,11519000.0,4000030.0
3607,TRX-01539,DTL-003607,20240728,71,61,17,3,1539,21,1,5599000,5599000.0,0.0,5599000.0,4031000.0,1568000.0
3608,TRX-01539,DTL-003608,20240728,71,16,17,3,1539,21,1,14999000,14999000.0,0.0,14999000.0,10799000.0,4200000.0
3609,TRX-01540,DTL-003609,20240212,628,45,3,3,1540,21,2,3999000,7998000.0,0.0,7998000.0,5758000.0,2240000.0
3610,TRX-01540,DTL-003610,20240212,628,58,3,3,1540,7,3,4999000,14997000.0,1499700.0,13497300.0,10797000.0,2700300.0
3611,TRX-01541,DTL-003611,20241104,886,54,14,2,1541,21,1,4499000,4499000.0,0.0,4499000.0,3239000.0,1260000.0
3612,TRX-01541,DTL-003612,20241104,886,40,14,2,1541,17,1,15999000,15999000.0,1919880.0,14079120.0,11519000.0,2560120.0
3613,TRX-01541,DTL-003613,20241104,886,14,14,2,1541,21,1,9499000,9499000.0,0.0,9499000.0,6839000.0,2660000.0
3614,TRX-01542,DTL-003614,20250301,955,100,14,2,1542,13,1,1799000,1799000.0,179900.0,1619100.0,1295000.0,324100.0
3615,TRX-01542,DTL-003615,20250301,955,80,14,2,1542,21,1,10999000,10999000.0,0.0,10999000.0,7919000.0,3080000.0
3616,TRX-01542,DTL-003616,20250301,955,27,14,2,1542,21,1,16499000,16499000.0,0.0,16499000.0,11879000.0,4620000.0
3617,TRX-01542,DTL-003617,20250301,955,60,14,2,1542,21,1,4999000,4999000.0,0.0,4999000.0,3599000.0,1400000.0
3618,TRX-01543,DTL-003618,20241204,207,70,12,2,1543,21,1,6499000,6499000.0,0.0,6499000.0,4679000.0,1820000.0
3619,TRX-01544,DTL-003619,20240518,669,11,3,3,1544,20,1,15999000,15999000.0,799950.0,15199050.0,11519000.0,3680050.0
3620,TRX-01544,DTL-003620,20240518,669,37,3,3,1544,21,1,2999000,2999000.0,0.0,2999000.0,2159000.0,840000.0
3621,TRX-01545,DTL-003621,20240521,395,80,15,2,1545,9,1,10999000,10999000.0,329970.0,10669030.0,7919000.0,2750030.0
3622,TRX-01545,DTL-003622,20240521,395,61,15,2,1545,21,1,5599000,5599000.0,0.0,5599000.0,4031000.0,1568000.0
3623,TRX-01545,DTL-003623,20240521,395,45,15,2,1545,13,1,3999000,3999000.0,399900.0,3599100.0,2879000.0,720100.0
3624,TRX-01546,DTL-003624,20240918,900,96,19,3,1546,13,1,1599000,1599000.0,159900.0,1439100.0,1151000.0,288100.0
3625,TRX-01546,DTL-003625,20240918,900,72,19,3,1546,21,1,6999000,6999000.0,0.0,6999000.0,5039000.0,1960000.0
3626,TRX-01547,DTL-003626,20250104,474,64,25,2,1547,17,1,7499000,7499000.0,899880.0,6599120.0,5399000.0,1200120.0
3627,TRX-01548,DTL-003627,20241103,394,66,22,1,1548,21,1,5499000,5499000.0,0.0,5499000.0,3959000.0,1540000.0
3628,TRX-01548,DTL-003628,20241103,394,1,22,1,1548,12,1,20499000,20499000.0,2049900.0,18449100.0,14759000.0,3690100.0
3629,TRX-01548,DTL-003629,20241103,394,70,22,1,1548,9,1,6499000,6499000.0,194970.0,6304030.0,4679000.0,1625030.0
3630,TRX-01549,DTL-003630,20240107,1000,83,12,2,1549,21,3,7499000,22497000.0,0.0,22497000.0,16197000.0,6300000.0
3631,TRX-01549,DTL-003631,20240107,1000,80,12,2,1549,21,1,10999000,10999000.0,0.0,10999000.0,7919000.0,3080000.0
3632,TRX-01550,DTL-003632,20240311,500,7,20,1,1550,21,1,9999000,9999000.0,0.0,9999000.0,7199000.0,2800000.0
3633,TRX-01550,DTL-003633,20240311,500,49,20,1,1550,21,1,6999000,6999000.0,0.0,6999000.0,5039000.0,1960000.0
3634,TRX-01550,DTL-003634,20240311,500,14,20,1,1550,21,1,9499000,9499000.0,0.0,9499000.0,6839000.0,2660000.0
3635,TRX-01551,DTL-003635,20241217,516,79,23,2,1551,15,1,18999000,18999000.0,1519920.0,17479080.0,13679000.0,3800080.0
3636,TRX-01552,DTL-003636,20250309,424,70,4,2,1552,21,1,6499000,6499000.0,0.0,6499000.0,4679000.0,1820000.0
3637,TRX-01552,DTL-003637,20250309,424,57,4,2,1552,21,1,5999000,5999000.0,0.0,5999000.0,4319000.0,1680000.0
3638,TRX-01552,DTL-003638,20250309,424,34,4,2,1552,21,1,5999000,5999000.0,0.0,5999000.0,4319000.0,1680000.0
3639,TRX-01553,DTL-003639,20241022,729,85,22,2,1553,21,1,399000,399000.0,0.0,399000.0,287000.0,112000.0
3640,TRX-01553,DTL-003640,20241022,729,65,22,2,1553,21,1,6299000,6299000.0,0.0,6299000.0,4535000.0,1764000.0
3641,TRX-01553,DTL-003641,20241022,729,97,22,2,1553,21,2,1565000,3130000.0,0.0,3130000.0,2254000.0,876000.0
3642,TRX-01553,DTL-003642,20241022,729,86,22,2,1553,21,1,1199000,1199000.0,0.0,1199000.0,863000.0,336000.0
3643,TRX-01554,DTL-003643,20250102,333,28,12,2,1554,21,2,20999000,41998000.0,0.0,41998000.0,30238000.0,11760000.0
3644,TRX-01554,DTL-003644,20250102,333,85,12,2,1554,21,3,399000,1197000.0,0.0,1197000.0,861000.0,336000.0
3645,TRX-01554,DTL-003645,20250102,333,88,12,2,1554,21,3,2799000,8397000.0,0.0,8397000.0,6045000.0,2352000.0
3646,TRX-01555,DTL-003646,20240115,322,80,4,2,1555,10,1,10999000,10999000.0,549950.0,10449050.0,7919000.0,2530050.0
3647,TRX-01556,DTL-003647,20250115,405,44,20,2,1556,13,1,4499000,4499000.0,449900.0,4049100.0,3239000.0,810100.0
3648,TRX-01557,DTL-003648,20250201,539,18,16,2,1557,21,1,7999000,7999000.0,0.0,7999000.0,5759000.0,2240000.0
3649,TRX-01557,DTL-003649,20250201,539,98,16,2,1557,13,1,1695000,1695000.0,169500.0,1525500.0,1220000.0,305500.0
3650,TRX-01557,DTL-003650,20250201,539,35,16,2,1557,5,2,4999000,9998000.0,799840.0,9198160.0,7198000.0,2000160.0
3651,TRX-01558,DTL-003651,20240706,577,70,24,2,1558,21,1,6499000,6499000.0,0.0,6499000.0,4679000.0,1820000.0
3652,TRX-01558,DTL-003652,20240706,577,86,24,2,1558,18,1,1199000,1199000.0,179850.0,1019150.0,863000.0,156150.0
3653,TRX-01559,DTL-003653,20240727,585,71,17,2,1559,21,1,4999000,4999000.0,0.0,4999000.0,3599000.0,1400000.0
3654,TRX-01559,DTL-003654,20240727,585,1,17,2,1559,21,1,20499000,20499000.0,0.0,20499000.0,14759000.0,5740000.0
3655,TRX-01560,DTL-003655,20240113,482,31,7,2,1560,21,1,20999000,20999000.0,0.0,20999000.0,15119000.0,5880000.0
3656,TRX-01560,DTL-003656,20240113,482,66,7,2,1560,21,1,5499000,5499000.0,0.0,5499000.0,3959000.0,1540000.0
3657,TRX-01561,DTL-003657,20240206,481,23,7,1,1561,21,1,499000,499000.0,0.0,499000.0,359000.0,140000.0
3658,TRX-01562,DTL-003658,20241128,806,75,11,2,1562,21,1,4699000,4699000.0,0.0,4699000.0,3383000.0,1316000.0
3659,TRX-01563,DTL-003659,20250315,338,64,17,2,1563,20,1,7499000,7499000.0,374950.0,7124050.0,5399000.0,1725050.0
3660,TRX-01563,DTL-003660,20250315,338,14,17,2,1563,21,3,9499000,28497000.0,0.0,28497000.0,20517000.0,7980000.0
3661,TRX-01563,DTL-003661,20250315,338,49,17,2,1563,5,1,6999000,6999000.0,559920.0,6439080.0,5039000.0,1400080.0
3662,TRX-01563,DTL-003662,20250315,338,55,17,2,1563,15,1,3299000,3299000.0,263920.0,3035080.0,2375000.0,660080.0
3663,TRX-01564,DTL-003663,20250310,667,50,24,3,1564,21,1,8499000,8499000.0,0.0,8499000.0,6119000.0,2380000.0
3664,TRX-01564,DTL-003664,20250310,667,100,24,3,1564,10,1,1799000,1799000.0,89950.0,1709050.0,1295000.0,414050.0
3665,TRX-01564,DTL-003665,20250310,667,11,24,3,1564,21,1,15999000,15999000.0,0.0,15999000.0,11519000.0,4480000.0
3666,TRX-01564,DTL-003666,20250310,667,24,24,3,1564,21,1,399000,399000.0,0.0,399000.0,287000.0,112000.0
3667,TRX-01565,DTL-003667,20241011,370,18,7,3,1565,21,1,7999000,7999000.0,0.0,7999000.0,5759000.0,2240000.0
3668,TRX-01565,DTL-003668,20241011,370,1,7,3,1565,8,1,20499000,20499000.0,1024950.0,19474050.0,14759000.0,4715050.0
3669,TRX-01566,DTL-003669,20241203,597,61,21,1,1566,21,2,5599000,11198000.0,0.0,11198000.0,8062000.0,3136000.0
3670,TRX-01566,DTL-003670,20241203,597,58,21,1,1566,21,1,4999000,4999000.0,0.0,4999000.0,3599000.0,1400000.0
3671,TRX-01567,DTL-003671,20240508,338,89,5,3,1567,21,1,779000,779000.0,0.0,779000.0,561000.0,218000.0
3672,TRX-01567,DTL-003672,20240508,338,30,5,3,1567,21,1,13499000,13499000.0,0.0,13499000.0,9719000.0,3780000.0
3673,TRX-01568,DTL-003673,20250529,1000,61,23,2,1568,21,1,5599000,5599000.0,0.0,5599000.0,4031000.0,1568000.0
3674,TRX-01568,DTL-003674,20250529,1000,87,23,2,1568,21,1,1199000,1199000.0,0.0,1199000.0,863000.0,336000.0
3675,TRX-01569,DTL-003675,20250327,521,55,6,1,1569,21,2,3299000,6598000.0,0.0,6598000.0,4750000.0,1848000.0
3676,TRX-01569,DTL-003676,20250327,521,15,6,1,1569,21,1,13599000,13599000.0,0.0,13599000.0,9791000.0,3808000.0
3677,TRX-01569,DTL-003677,20250327,521,58,6,1,1569,18,1,4999000,4999000.0,749850.0,4249150.0,3599000.0,650150.0
3678,TRX-01569,DTL-003678,20250327,521,43,6,1,1569,4,1,8999000,8999000.0,1079880.0,7919120.0,6479000.0,1440120.0
3679,TRX-01570,DTL-003679,20241030,834,10,9,2,1570,21,2,12599000,25198000.0,0.0,25198000.0,18142000.0,7056000.0
3680,TRX-01570,DTL-003680,20241030,834,72,9,2,1570,21,1,6999000,6999000.0,0.0,6999000.0,5039000.0,1960000.0
3681,TRX-01571,DTL-003681,20241214,903,38,2,2,1571,21,1,1599000,1599000.0,0.0,1599000.0,1151000.0,448000.0
3682,TRX-01571,DTL-003682,20241214,903,3,2,2,1571,21,1,18499000,18499000.0,0.0,18499000.0,13319000.0,5180000.0
3683,TRX-01571,DTL-003683,20241214,903,34,2,2,1571,21,1,5999000,5999000.0,0.0,5999000.0,4319000.0,1680000.0
3684,TRX-01571,DTL-003684,20241214,903,70,2,2,1571,21,1,6499000,6499000.0,0.0,6499000.0,4679000.0,1820000.0
3685,TRX-01572,DTL-003685,20250127,594,17,25,3,1572,12,1,22999000,22999000.0,2299900.0,20699100.0,16559000.0,4140100.0
3686,TRX-01572,DTL-003686,20250127,594,40,25,3,1572,21,1,15999000,15999000.0,0.0,15999000.0,11519000.0,4480000.0
3687,TRX-01573,DTL-003687,20240212,1000,61,5,2,1573,21,1,5599000,5599000.0,0.0,5599000.0,4031000.0,1568000.0
3688,TRX-01573,DTL-003688,20240212,1000,82,5,2,1573,21,1,7499000,7499000.0,0.0,7499000.0,5399000.0,2100000.0
3689,TRX-01573,DTL-003689,20240212,1000,66,5,2,1573,21,1,5499000,5499000.0,0.0,5499000.0,3959000.0,1540000.0
3690,TRX-01573,DTL-003690,20240212,1000,38,5,2,1573,21,1,1599000,1599000.0,0.0,1599000.0,1151000.0,448000.0
3691,TRX-01574,DTL-003691,20250329,455,96,8,1,1574,21,1,1599000,1599000.0,0.0,1599000.0,1151000.0,448000.0
3692,TRX-01574,DTL-003692,20250329,455,39,8,1,1574,21,1,13999000,13999000.0,0.0,13999000.0,10079000.0,3920000.0
3693,TRX-01575,DTL-003693,20240103,334,70,16,3,1575,13,2,6499000,12998000.0,1299800.0,11698200.0,9358000.0,2340200.0
3694,TRX-01575,DTL-003694,20240103,334,19,16,3,1575,8,1,14999000,14999000.0,749950.0,14249050.0,10799000.0,3450050.0
3695,TRX-01575,DTL-003695,20240103,334,6,16,3,1575,21,1,12499000,12499000.0,0.0,12499000.0,8999000.0,3500000.0
3696,TRX-01576,DTL-003696,20240106,278,61,14,3,1576,21,1,5599000,5599000.0,0.0,5599000.0,4031000.0,1568000.0
3697,TRX-01576,DTL-003697,20240106,278,11,14,3,1576,21,1,15999000,15999000.0,0.0,15999000.0,11519000.0,4480000.0
3698,TRX-01576,DTL-003698,20240106,278,93,14,3,1576,21,1,699000,699000.0,0.0,699000.0,503000.0,196000.0
3699,TRX-01576,DTL-003699,20240106,278,38,14,3,1576,21,1,1599000,1599000.0,0.0,1599000.0,1151000.0,448000.0
3700,TRX-01577,DTL-003700,20240519,860,18,14,1,1577,21,3,7999000,23997000.0,0.0,23997000.0,17277000.0,6720000.0
3701,TRX-01578,DTL-003701,20240222,799,66,10,2,1578,21,1,5499000,5499000.0,0.0,5499000.0,3959000.0,1540000.0
3702,TRX-01579,DTL-003702,20240226,519,3,11,1,1579,21,2,18499000,36998000.0,0.0,36998000.0,26638000.0,10360000.0
3703,TRX-01579,DTL-003703,20240226,519,67,11,1,1579,21,1,3999000,3999000.0,0.0,3999000.0,2879000.0,1120000.0
3704,TRX-01580,DTL-003704,20240203,216,64,4,2,1580,21,1,7499000,7499000.0,0.0,7499000.0,5399000.0,2100000.0
3705,TRX-01580,DTL-003705,20240203,216,86,4,2,1580,6,1,1199000,1199000.0,35970.0,1163030.0,863000.0,300030.0
3706,TRX-01581,DTL-003706,20240916,368,53,21,1,1581,21,3,5099000,15297000.0,0.0,15297000.0,11013000.0,4284000.0
3707,TRX-01582,DTL-003707,20240115,592,84,10,2,1582,21,1,1399000,1399000.0,0.0,1399000.0,1007000.0,392000.0
3708,TRX-01582,DTL-003708,20240115,592,63,10,2,1582,21,1,6999000,6999000.0,0.0,6999000.0,5039000.0,1960000.0
3709,TRX-01582,DTL-003709,20240115,592,98,10,2,1582,4,1,1695000,1695000.0,203400.0,1491600.0,1220000.0,271600.0
3710,TRX-01583,DTL-003710,20250424,648,34,13,3,1583,21,1,5999000,5999000.0,0.0,5999000.0,4319000.0,1680000.0
3711,TRX-01583,DTL-003711,20250424,648,21,13,3,1583,21,1,2499000,2499000.0,0.0,2499000.0,1799000.0,700000.0
3712,TRX-01583,DTL-003712,20250424,648,42,13,3,1583,9,1,3499000,3499000.0,104970.0,3394030.0,2519000.0,875030.0
3713,TRX-01584,DTL-003713,20250426,294,29,10,3,1584,21,1,17499000,17499000.0,0.0,17499000.0,12599000.0,4900000.0
3714,TRX-01584,DTL-003714,20250426,294,30,10,3,1584,21,1,13499000,13499000.0,0.0,13499000.0,9719000.0,3780000.0
3715,TRX-01584,DTL-003715,20250426,294,60,10,3,1584,21,1,4999000,4999000.0,0.0,4999000.0,3599000.0,1400000.0
3716,TRX-01585,DTL-003716,20240703,523,26,6,3,1585,21,1,19499000,19499000.0,0.0,19499000.0,14039000.0,5460000.0
3717,TRX-01585,DTL-003717,20240703,523,6,6,3,1585,21,1,12499000,12499000.0,0.0,12499000.0,8999000.0,3500000.0
3718,TRX-01585,DTL-003718,20240703,523,38,6,3,1585,3,1,1599000,1599000.0,127920.0,1471080.0,1151000.0,320080.0
3719,TRX-01585,DTL-003719,20240703,523,15,6,3,1585,21,1,13599000,13599000.0,0.0,13599000.0,9791000.0,3808000.0
3720,TRX-01586,DTL-003720,20250408,722,59,22,2,1586,21,1,2299000,2299000.0,0.0,2299000.0,1655000.0,644000.0
3721,TRX-01586,DTL-003721,20250408,722,83,22,2,1586,14,1,7499000,7499000.0,224970.0,7274030.0,5399000.0,1875030.0
3722,TRX-01587,DTL-003722,20240709,215,66,14,2,1587,20,1,5499000,5499000.0,274950.0,5224050.0,3959000.0,1265050.0
3723,TRX-01587,DTL-003723,20240709,215,56,14,2,1587,21,1,5799000,5799000.0,0.0,5799000.0,4175000.0,1624000.0
3724,TRX-01588,DTL-003724,20250421,289,88,19,2,1588,9,1,2799000,2799000.0,83970.0,2715030.0,2015000.0,700030.0
3725,TRX-01588,DTL-003725,20250421,289,81,19,2,1588,21,1,7999000,7999000.0,0.0,7999000.0,5759000.0,2240000.0
3726,TRX-01589,DTL-003726,20241031,531,7,18,1,1589,21,1,9999000,9999000.0,0.0,9999000.0,7199000.0,2800000.0
3727,TRX-01590,DTL-003727,20240425,781,98,4,1,1590,21,1,1695000,1695000.0,0.0,1695000.0,1220000.0,475000.0
3728,TRX-01590,DTL-003728,20240425,781,8,4,1,1590,11,1,10999000,10999000.0,879920.0,10119080.0,7919000.0,2200080.0
3729,TRX-01590,DTL-003729,20240425,781,39,4,1,1590,21,1,13999000,13999000.0,0.0,13999000.0,10079000.0,3920000.0
3730,TRX-01591,DTL-003730,20240302,867,71,18,3,1591,21,1,4999000,4999000.0,0.0,4999000.0,3599000.0,1400000.0
3731,TRX-01592,DTL-003731,20250320,1000,24,25,2,1592,20,1,399000,399000.0,19950.0,379050.0,287000.0,92050.0
3732,TRX-01592,DTL-003732,20250320,1000,40,25,2,1592,21,1,15999000,15999000.0,0.0,15999000.0,11519000.0,4480000.0
3733,TRX-01593,DTL-003733,20240603,907,87,12,1,1593,2,1,1199000,1199000.0,95920.0,1103080.0,863000.0,240080.0
3734,TRX-01594,DTL-003734,20240516,8,77,21,3,1594,21,3,1999000,5997000.0,0.0,5997000.0,4317000.0,1680000.0
3735,TRX-01594,DTL-003735,20240516,8,16,21,3,1594,21,1,14999000,14999000.0,0.0,14999000.0,10799000.0,4200000.0
3736,TRX-01595,DTL-003736,20250203,705,1,17,3,1595,21,1,20499000,20499000.0,0.0,20499000.0,14759000.0,5740000.0
3737,TRX-01595,DTL-003737,20250203,705,84,17,3,1595,21,1,1399000,1399000.0,0.0,1399000.0,1007000.0,392000.0
3738,TRX-01595,DTL-003738,20250203,705,30,17,3,1595,6,1,13499000,13499000.0,404970.0,13094030.0,9719000.0,3375030.0
3739,TRX-01595,DTL-003739,20250203,705,46,17,3,1595,17,1,2999000,2999000.0,359880.0,2639120.0,2159000.0,480120.0
3740,TRX-01596,DTL-003740,20250330,424,56,17,2,1596,19,1,5799000,5799000.0,289950.0,5509050.0,4175000.0,1334050.0
3741,TRX-01596,DTL-003741,20250330,424,25,17,2,1596,21,1,24499000,24499000.0,0.0,24499000.0,17639000.0,6860000.0
3742,TRX-01597,DTL-003742,20240816,1,38,25,1,1597,18,1,1599000,1599000.0,239850.0,1359150.0,1151000.0,208150.0
3743,TRX-01597,DTL-003743,20240816,1,62,25,1,1597,21,1,5999000,5999000.0,0.0,5999000.0,4319000.0,1680000.0
3744,TRX-01597,DTL-003744,20240816,1,53,25,1,1597,21,2,5099000,10198000.0,0.0,10198000.0,7342000.0,2856000.0
3745,TRX-01597,DTL-003745,20240816,1,71,25,1,1597,17,1,4999000,4999000.0,599880.0,4399120.0,3599000.0,800120.0
3746,TRX-01598,DTL-003746,20240901,53,17,8,1,1598,21,1,22999000,22999000.0,0.0,22999000.0,16559000.0,6440000.0
3747,TRX-01598,DTL-003747,20240901,53,31,8,1,1598,15,1,20999000,20999000.0,1679920.0,19319080.0,15119000.0,4200080.0
3748,TRX-01599,DTL-003748,20250402,975,50,13,2,1599,21,2,8499000,16998000.0,0.0,16998000.0,12238000.0,4760000.0
3749,TRX-01599,DTL-003749,20250402,975,77,13,2,1599,21,1,1999000,1999000.0,0.0,1999000.0,1439000.0,560000.0
3750,TRX-01600,DTL-003750,20250303,929,49,18,2,1600,21,1,6999000,6999000.0,0.0,6999000.0,5039000.0,1960000.0
3751,TRX-01600,DTL-003751,20250303,929,68,18,2,1600,21,1,3499000,3499000.0,0.0,3499000.0,2519000.0,980000.0
3752,TRX-01601,DTL-003752,20240623,534,37,20,2,1601,6,2,2999000,5998000.0,179940.0,5818060.0,4318000.0,1500060.0
3753,TRX-01601,DTL-003753,20240623,534,90,20,2,1601,21,1,699000,699000.0,0.0,699000.0,503000.0,196000.0
3754,TRX-01602,DTL-003754,20240610,156,7,17,2,1602,21,1,9999000,9999000.0,0.0,9999000.0,7199000.0,2800000.0
3755,TRX-01602,DTL-003755,20240610,156,16,17,2,1602,21,1,14999000,14999000.0,0.0,14999000.0,10799000.0,4200000.0
3756,TRX-01603,DTL-003756,20240323,246,66,9,2,1603,21,1,5499000,5499000.0,0.0,5499000.0,3959000.0,1540000.0
3757,TRX-01603,DTL-003757,20240323,246,50,9,2,1603,21,1,8499000,8499000.0,0.0,8499000.0,6119000.0,2380000.0
3758,TRX-01603,DTL-003758,20240323,246,34,9,2,1603,21,1,5999000,5999000.0,0.0,5999000.0,4319000.0,1680000.0
3759,TRX-01603,DTL-003759,20240323,246,68,9,2,1603,21,1,3499000,3499000.0,0.0,3499000.0,2519000.0,980000.0
3760,TRX-01604,DTL-003760,20241121,3,17,18,2,1604,21,2,22999000,45998000.0,0.0,45998000.0,33118000.0,12880000.0
3761,TRX-01604,DTL-003761,20241121,3,56,18,2,1604,21,1,5799000,5799000.0,0.0,5799000.0,4175000.0,1624000.0
3762,TRX-01605,DTL-003762,20241115,1000,56,13,3,1605,1,1,5799000,5799000.0,173970.0,5625030.0,4175000.0,1450030.0
3763,TRX-01605,DTL-003763,20241115,1000,42,13,3,1605,21,1,3499000,3499000.0,0.0,3499000.0,2519000.0,980000.0
3764,TRX-01605,DTL-003764,20241115,1000,48,13,3,1605,21,1,16999000,16999000.0,0.0,16999000.0,12239000.0,4760000.0
3765,TRX-01606,DTL-003765,20241209,640,1,4,2,1606,21,2,20499000,40998000.0,0.0,40998000.0,29518000.0,11480000.0
3766,TRX-01606,DTL-003766,20241209,640,4,4,2,1606,21,1,16999000,16999000.0,0.0,16999000.0,12239000.0,4760000.0
3767,TRX-01606,DTL-003767,20241209,640,65,4,2,1606,15,1,6299000,6299000.0,503920.0,5795080.0,4535000.0,1260080.0
3768,TRX-01606,DTL-003768,20241209,640,29,4,2,1606,4,2,17499000,34998000.0,4199760.0,30798240.0,25198000.0,5600240.0
3769,TRX-01607,DTL-003769,20241007,538,29,19,1,1607,21,1,17499000,17499000.0,0.0,17499000.0,12599000.0,4900000.0
3770,TRX-01608,DTL-003770,20240116,632,84,17,3,1608,21,1,1399000,1399000.0,0.0,1399000.0,1007000.0,392000.0
3771,TRX-01608,DTL-003771,20240116,632,69,17,3,1608,21,3,1599000,4797000.0,0.0,4797000.0,3453000.0,1344000.0
3772,TRX-01609,DTL-003772,20240915,228,72,22,2,1609,18,1,6999000,6999000.0,1049850.0,5949150.0,5039000.0,910150.0
3773,TRX-01609,DTL-003773,20240915,228,48,22,2,1609,21,1,16999000,16999000.0,0.0,16999000.0,12239000.0,4760000.0
3774,TRX-01609,DTL-003774,20240915,228,37,22,2,1609,18,1,2999000,2999000.0,449850.0,2549150.0,2159000.0,390150.0
3775,TRX-01610,DTL-003775,20240701,185,90,17,2,1610,18,1,699000,699000.0,104850.0,594150.0,503000.0,91150.0
3776,TRX-01611,DTL-003776,20250327,1000,93,6,2,1611,10,1,699000,699000.0,34950.0,664050.0,503000.0,161050.0
3777,TRX-01611,DTL-003777,20250327,1000,43,6,2,1611,21,1,8999000,8999000.0,0.0,8999000.0,6479000.0,2520000.0
3778,TRX-01611,DTL-003778,20250327,1000,30,6,2,1611,21,1,13499000,13499000.0,0.0,13499000.0,9719000.0,3780000.0
3779,TRX-01612,DTL-003779,20241029,988,93,23,2,1612,21,1,699000,699000.0,0.0,699000.0,503000.0,196000.0
3780,TRX-01612,DTL-003780,20241029,988,33,23,2,1612,21,1,15999000,15999000.0,0.0,15999000.0,11519000.0,4480000.0
3781,TRX-01613,DTL-003781,20241015,954,59,22,2,1613,18,1,2299000,2299000.0,344850.0,1954150.0,1655000.0,299150.0
3782,TRX-01613,DTL-003782,20241015,954,27,22,2,1613,17,1,16499000,16499000.0,1979880.0,14519120.0,11879000.0,2640120.0
3783,TRX-01614,DTL-003783,20240127,841,25,4,2,1614,20,1,24499000,24499000.0,1224950.0,23274050.0,17639000.0,5635050.0
3784,TRX-01614,DTL-003784,20240127,841,95,4,2,1614,21,1,399000,399000.0,0.0,399000.0,287000.0,112000.0
3785,TRX-01615,DTL-003785,20250522,29,91,11,1,1615,21,2,699000,1398000.0,0.0,1398000.0,1006000.0,392000.0
3786,TRX-01616,DTL-003786,20241022,238,78,19,2,1616,21,1,21999000,21999000.0,0.0,21999000.0,15839000.0,6160000.0
3787,TRX-01616,DTL-003787,20241022,238,71,19,2,1616,6,2,4999000,9998000.0,299940.0,9698060.0,7198000.0,2500060.0
3788,TRX-01616,DTL-003788,20241022,238,56,19,2,1616,21,1,5799000,5799000.0,0.0,5799000.0,4175000.0,1624000.0
3789,TRX-01617,DTL-003789,20250209,773,56,7,1,1617,21,1,5799000,5799000.0,0.0,5799000.0,4175000.0,1624000.0
3790,TRX-01617,DTL-003790,20250209,773,72,7,1,1617,4,1,6999000,6999000.0,839880.0,6159120.0,5039000.0,1120120.0
3791,TRX-01618,DTL-003791,20250426,572,96,4,3,1618,21,1,1599000,1599000.0,0.0,1599000.0,1151000.0,448000.0
3792,TRX-01618,DTL-003792,20250426,572,34,4,3,1618,4,1,5999000,5999000.0,719880.0,5279120.0,4319000.0,960120.0
3793,TRX-01619,DTL-003793,20240105,793,48,12,3,1619,21,1,16999000,16999000.0,0.0,16999000.0,12239000.0,4760000.0
3794,TRX-01620,DTL-003794,20250316,573,88,2,2,1620,21,1,2799000,2799000.0,0.0,2799000.0,2015000.0,784000.0
3795,TRX-01620,DTL-003795,20250316,573,77,2,2,1620,21,1,1999000,1999000.0,0.0,1999000.0,1439000.0,560000.0
3796,TRX-01620,DTL-003796,20250316,573,49,2,2,1620,21,1,6999000,6999000.0,0.0,6999000.0,5039000.0,1960000.0
3797,TRX-01621,DTL-003797,20241001,970,27,17,2,1621,21,1,16499000,16499000.0,0.0,16499000.0,11879000.0,4620000.0
3798,TRX-01621,DTL-003798,20241001,970,61,17,2,1621,21,1,5599000,5599000.0,0.0,5599000.0,4031000.0,1568000.0
3799,TRX-01621,DTL-003799,20241001,970,91,17,2,1621,12,1,699000,699000.0,69900.0,629100.0,503000.0,126100.0
3800,TRX-01622,DTL-003800,20250424,31,78,3,2,1622,21,1,21999000,21999000.0,0.0,21999000.0,15839000.0,6160000.0
3801,TRX-01622,DTL-003801,20250424,31,5,3,2,1622,21,1,13999000,13999000.0,0.0,13999000.0,10079000.0,3920000.0
3802,TRX-01623,DTL-003802,20240207,631,26,2,1,1623,9,1,19499000,19499000.0,584970.0,18914030.0,14039000.0,4875030.0
3803,TRX-01623,DTL-003803,20240207,631,50,2,1,1623,21,1,8499000,8499000.0,0.0,8499000.0,6119000.0,2380000.0
3804,TRX-01624,DTL-003804,20240826,952,54,2,1,1624,15,1,4499000,4499000.0,359920.0,4139080.0,3239000.0,900080.0
3805,TRX-01624,DTL-003805,20240826,952,31,2,1,1624,21,1,20999000,20999000.0,0.0,20999000.0,15119000.0,5880000.0
3806,TRX-01624,DTL-003806,20240826,952,57,2,1,1624,21,1,5999000,5999000.0,0.0,5999000.0,4319000.0,1680000.0
3807,TRX-01625,DTL-003807,20240121,691,40,16,1,1625,21,1,15999000,15999000.0,0.0,15999000.0,11519000.0,4480000.0
3808,TRX-01625,DTL-003808,20240121,691,5,16,1,1625,5,2,13999000,27998000.0,2239840.0,25758160.0,20158000.0,5600160.0
3809,TRX-01625,DTL-003809,20240121,691,73,16,1,1625,21,2,4299000,8598000.0,0.0,8598000.0,6190000.0,2408000.0
3810,TRX-01625,DTL-003810,20240121,691,44,16,1,1625,21,1,4499000,4499000.0,0.0,4499000.0,3239000.0,1260000.0
3811,TRX-01626,DTL-003811,20250310,328,83,17,3,1626,2,1,7499000,7499000.0,599920.0,6899080.0,5399000.0,1500080.0
3812,TRX-01626,DTL-003812,20250310,328,24,17,3,1626,10,1,399000,399000.0,19950.0,379050.0,287000.0,92050.0
3813,TRX-01627,DTL-003813,20240423,489,82,23,2,1627,18,1,7499000,7499000.0,1124850.0,6374150.0,5399000.0,975150.0
3814,TRX-01627,DTL-003814,20240423,489,33,23,2,1627,15,2,15999000,31998000.0,2559840.0,29438160.0,23038000.0,6400160.0
3815,TRX-01628,DTL-003815,20240617,597,90,3,2,1628,11,1,699000,699000.0,55920.0,643080.0,503000.0,140080.0
3816,TRX-01628,DTL-003816,20240617,597,51,3,2,1628,21,1,6499000,6499000.0,0.0,6499000.0,4679000.0,1820000.0
3817,TRX-01628,DTL-003817,20240617,597,36,3,2,1628,21,1,3999000,3999000.0,0.0,3999000.0,2879000.0,1120000.0
3818,TRX-01628,DTL-003818,20240617,597,43,3,2,1628,8,1,8999000,8999000.0,449950.0,8549050.0,6479000.0,2070050.0
3819,TRX-01629,DTL-003819,20241124,506,54,1,2,1629,21,1,4499000,4499000.0,0.0,4499000.0,3239000.0,1260000.0
3820,TRX-01629,DTL-003820,20241124,506,23,1,2,1629,21,1,499000,499000.0,0.0,499000.0,359000.0,140000.0
3821,TRX-01629,DTL-003821,20241124,506,29,1,2,1629,9,2,17499000,34998000.0,1049940.0,33948060.0,25198000.0,8750060.0
3822,TRX-01630,DTL-003822,20250331,1000,38,8,2,1630,21,1,1599000,1599000.0,0.0,1599000.0,1151000.0,448000.0
3823,TRX-01631,DTL-003823,20250224,751,47,18,2,1631,14,1,12499000,12499000.0,374970.0,12124030.0,8999000.0,3125030.0
3824,TRX-01631,DTL-003824,20250224,751,80,18,2,1631,21,2,10999000,21998000.0,0.0,21998000.0,15838000.0,6160000.0
3825,TRX-01631,DTL-003825,20250224,751,92,18,2,1631,21,1,649000,649000.0,0.0,649000.0,467000.0,182000.0
3826,TRX-01632,DTL-003826,20250118,942,15,20,2,1632,21,1,13599000,13599000.0,0.0,13599000.0,9791000.0,3808000.0
3827,TRX-01632,DTL-003827,20250118,942,70,20,2,1632,21,2,6499000,12998000.0,0.0,12998000.0,9358000.0,3640000.0
3828,TRX-01632,DTL-003828,20250118,942,7,20,2,1632,21,1,9999000,9999000.0,0.0,9999000.0,7199000.0,2800000.0
3829,TRX-01633,DTL-003829,20240906,933,15,2,3,1633,21,1,13599000,13599000.0,0.0,13599000.0,9791000.0,3808000.0
3830,TRX-01633,DTL-003830,20240906,933,52,2,3,1633,21,1,2099000,2099000.0,0.0,2099000.0,1511000.0,588000.0
3831,TRX-01633,DTL-003831,20240906,933,34,2,3,1633,13,1,5999000,5999000.0,599900.0,5399100.0,4319000.0,1080100.0
3832,TRX-01634,DTL-003832,20240718,1000,63,21,2,1634,1,1,6999000,6999000.0,209970.0,6789030.0,5039000.0,1750030.0
3833,TRX-01634,DTL-003833,20240718,1000,86,21,2,1634,12,3,1199000,3597000.0,359700.0,3237300.0,2589000.0,648300.0
3834,TRX-01635,DTL-003834,20240411,507,100,15,2,1635,21,3,1799000,5397000.0,0.0,5397000.0,3885000.0,1512000.0
3835,TRX-01636,DTL-003835,20250424,760,82,11,1,1636,14,2,7499000,14998000.0,449940.0,14548060.0,10798000.0,3750060.0
3836,TRX-01637,DTL-003836,20240803,499,73,24,3,1637,21,1,4299000,4299000.0,0.0,4299000.0,3095000.0,1204000.0
3837,TRX-01637,DTL-003837,20240803,499,34,24,3,1637,21,2,5999000,11998000.0,0.0,11998000.0,8638000.0,3360000.0
3838,TRX-01638,DTL-003838,20250209,327,29,17,1,1638,21,1,17499000,17499000.0,0.0,17499000.0,12599000.0,4900000.0
3839,TRX-01638,DTL-003839,20250209,327,20,17,1,1638,9,1,3999000,3999000.0,119970.0,3879030.0,2879000.0,1000030.0
3840,TRX-01639,DTL-003840,20240215,22,10,13,2,1639,5,1,12599000,12599000.0,1007920.0,11591080.0,9071000.0,2520080.0
3841,TRX-01639,DTL-003841,20240215,22,59,13,2,1639,8,1,2299000,2299000.0,114950.0,2184050.0,1655000.0,529050.0
3842,TRX-01640,DTL-003842,20240518,57,91,23,2,1640,20,1,699000,699000.0,34950.0,664050.0,503000.0,161050.0
3843,TRX-01640,DTL-003843,20240518,57,23,23,2,1640,20,1,499000,499000.0,24950.0,474050.0,359000.0,115050.0
3844,TRX-01641,DTL-003844,20250225,230,2,23,3,1641,21,1,23499000,23499000.0,0.0,23499000.0,16919000.0,6580000.0
3845,TRX-01642,DTL-003845,20240310,1000,91,11,2,1642,21,1,699000,699000.0,0.0,699000.0,503000.0,196000.0
3846,TRX-01642,DTL-003846,20240310,1000,33,11,2,1642,21,1,15999000,15999000.0,0.0,15999000.0,11519000.0,4480000.0
3847,TRX-01643,DTL-003847,20241206,323,59,4,2,1643,21,1,2299000,2299000.0,0.0,2299000.0,1655000.0,644000.0
3848,TRX-01643,DTL-003848,20241206,323,9,4,2,1643,21,1,12999000,12999000.0,0.0,12999000.0,9359000.0,3640000.0
3849,TRX-01644,DTL-003849,20250212,274,30,10,2,1644,21,1,13499000,13499000.0,0.0,13499000.0,9719000.0,3780000.0
3850,TRX-01645,DTL-003850,20240626,155,69,13,2,1645,21,1,1599000,1599000.0,0.0,1599000.0,1151000.0,448000.0
3851,TRX-01645,DTL-003851,20240626,155,41,13,2,1645,21,1,6499000,6499000.0,0.0,6499000.0,4679000.0,1820000.0
3852,TRX-01646,DTL-003852,20250402,1000,40,19,1,1646,21,1,15999000,15999000.0,0.0,15999000.0,11519000.0,4480000.0
3853,TRX-01646,DTL-003853,20250402,1000,55,19,1,1646,21,1,3299000,3299000.0,0.0,3299000.0,2375000.0,924000.0
3854,TRX-01647,DTL-003854,20240914,662,37,1,3,1647,21,3,2999000,8997000.0,0.0,8997000.0,6477000.0,2520000.0
3855,TRX-01647,DTL-003855,20240914,662,70,1,3,1647,8,1,6499000,6499000.0,324950.0,6174050.0,4679000.0,1495050.0
3856,TRX-01647,DTL-003856,20240914,662,60,1,3,1647,8,1,4999000,4999000.0,249950.0,4749050.0,3599000.0,1150050.0
3857,TRX-01648,DTL-003857,20250317,832,74,5,1,1648,21,2,5999000,11998000.0,0.0,11998000.0,8638000.0,3360000.0
3858,TRX-01649,DTL-003858,20240103,111,36,6,2,1649,21,1,3999000,3999000.0,0.0,3999000.0,2879000.0,1120000.0
3859,TRX-01649,DTL-003859,20240103,111,22,6,2,1649,21,1,499000,499000.0,0.0,499000.0,359000.0,140000.0
3860,TRX-01649,DTL-003860,20240103,111,46,6,2,1649,21,1,2999000,2999000.0,0.0,2999000.0,2159000.0,840000.0
3861,TRX-01650,DTL-003861,20240502,528,51,4,2,1650,21,1,6499000,6499000.0,0.0,6499000.0,4679000.0,1820000.0
3862,TRX-01650,DTL-003862,20240502,528,33,4,2,1650,16,1,15999000,15999000.0,799950.0,15199050.0,11519000.0,3680050.0
3863,TRX-01650,DTL-003863,20240502,528,82,4,2,1650,21,1,7499000,7499000.0,0.0,7499000.0,5399000.0,2100000.0
3864,TRX-01651,DTL-003864,20240503,290,75,23,2,1651,21,1,4699000,4699000.0,0.0,4699000.0,3383000.0,1316000.0
3865,TRX-01651,DTL-003865,20240503,290,94,23,2,1651,21,1,2999000,2999000.0,0.0,2999000.0,2159000.0,840000.0
3866,TRX-01652,DTL-003866,20250318,39,31,21,2,1652,13,1,20999000,20999000.0,2099900.0,18899100.0,15119000.0,3780100.0
3867,TRX-01652,DTL-003867,20250318,39,62,21,2,1652,21,1,5999000,5999000.0,0.0,5999000.0,4319000.0,1680000.0
3868,TRX-01652,DTL-003868,20250318,39,11,21,2,1652,21,1,15999000,15999000.0,0.0,15999000.0,11519000.0,4480000.0
3869,TRX-01652,DTL-003869,20250318,39,68,21,2,1652,9,3,3499000,10497000.0,314910.0,10182090.0,7557000.0,2625090.0
3870,TRX-01653,DTL-003870,20240527,702,31,24,3,1653,5,1,20999000,20999000.0,1679920.0,19319080.0,15119000.0,4200080.0
3871,TRX-01653,DTL-003871,20240527,702,75,24,3,1653,21,1,4699000,4699000.0,0.0,4699000.0,3383000.0,1316000.0
3872,TRX-01653,DTL-003872,20240527,702,82,24,3,1653,21,1,7499000,7499000.0,0.0,7499000.0,5399000.0,2100000.0
3873,TRX-01654,DTL-003873,20241124,399,44,1,1,1654,8,1,4499000,4499000.0,224950.0,4274050.0,3239000.0,1035050.0
3874,TRX-01654,DTL-003874,20241124,399,6,1,1,1654,21,1,12499000,12499000.0,0.0,12499000.0,8999000.0,3500000.0
3875,TRX-01654,DTL-003875,20241124,399,40,1,1,1654,21,3,15999000,47997000.0,0.0,47997000.0,34557000.0,13440000.0
3876,TRX-01654,DTL-003876,20241124,399,26,1,1,1654,21,1,19499000,19499000.0,0.0,19499000.0,14039000.0,5460000.0
3877,TRX-01655,DTL-003877,20240408,589,11,20,1,1655,21,1,15999000,15999000.0,0.0,15999000.0,11519000.0,4480000.0
3878,TRX-01655,DTL-003878,20240408,589,49,20,1,1655,21,1,6999000,6999000.0,0.0,6999000.0,5039000.0,1960000.0
3879,TRX-01656,DTL-003879,20250129,955,78,19,2,1656,7,1,21999000,21999000.0,2199900.0,19799100.0,15839000.0,3960100.0
3880,TRX-01657,DTL-003880,20250515,191,94,14,1,1657,21,1,2999000,2999000.0,0.0,2999000.0,2159000.0,840000.0
3881,TRX-01658,DTL-003881,20241124,764,3,1,2,1658,1,1,18499000,18499000.0,554970.0,17944030.0,13319000.0,4625030.0
3882,TRX-01658,DTL-003882,20241124,764,61,1,2,1658,21,1,5599000,5599000.0,0.0,5599000.0,4031000.0,1568000.0
3883,TRX-01658,DTL-003883,20241124,764,69,1,2,1658,21,1,1599000,1599000.0,0.0,1599000.0,1151000.0,448000.0
3884,TRX-01658,DTL-003884,20241124,764,36,1,2,1658,21,2,3999000,7998000.0,0.0,7998000.0,5758000.0,2240000.0
3885,TRX-01659,DTL-003885,20240507,1000,86,20,2,1659,21,1,1199000,1199000.0,0.0,1199000.0,863000.0,336000.0
3886,TRX-01659,DTL-003886,20240507,1000,84,20,2,1659,21,2,1399000,2798000.0,0.0,2798000.0,2014000.0,784000.0
3887,TRX-01660,DTL-003887,20250228,179,41,16,2,1660,19,1,6499000,6499000.0,324950.0,6174050.0,4679000.0,1495050.0
3888,TRX-01660,DTL-003888,20250228,179,16,16,2,1660,21,1,14999000,14999000.0,0.0,14999000.0,10799000.0,4200000.0
3889,TRX-01661,DTL-003889,20240203,951,38,5,3,1661,21,1,1599000,1599000.0,0.0,1599000.0,1151000.0,448000.0
3890,TRX-01661,DTL-003890,20240203,951,47,5,3,1661,21,1,12499000,12499000.0,0.0,12499000.0,8999000.0,3500000.0
3891,TRX-01661,DTL-003891,20240203,951,59,5,3,1661,21,1,2299000,2299000.0,0.0,2299000.0,1655000.0,644000.0
3892,TRX-01661,DTL-003892,20240203,951,36,5,3,1661,21,1,3999000,3999000.0,0.0,3999000.0,2879000.0,1120000.0
3893,TRX-01662,DTL-003893,20250410,219,18,9,2,1662,21,1,7999000,7999000.0,0.0,7999000.0,5759000.0,2240000.0
3894,TRX-01662,DTL-003894,20250410,219,25,9,2,1662,6,1,24499000,24499000.0,734970.0,23764030.0,17639000.0,6125030.0
3895,TRX-01662,DTL-003895,20250410,219,15,9,2,1662,3,1,13599000,13599000.0,1087920.0,12511080.0,9791000.0,2720080.0
3896,TRX-01662,DTL-003896,20250410,219,27,9,2,1662,21,2,16499000,32998000.0,0.0,32998000.0,23758000.0,9240000.0
3897,TRX-01663,DTL-003897,20240221,983,67,24,1,1663,1,1,3999000,3999000.0,119970.0,3879030.0,2879000.0,1000030.0
3898,TRX-01663,DTL-003898,20240221,983,55,24,1,1663,1,1,3299000,3299000.0,98970.0,3200030.0,2375000.0,825030.0
3899,TRX-01664,DTL-003899,20250424,812,57,3,2,1664,21,1,5999000,5999000.0,0.0,5999000.0,4319000.0,1680000.0
3900,TRX-01664,DTL-003900,20250424,812,24,3,2,1664,9,1,399000,399000.0,11970.0,387030.0,287000.0,100030.0
3901,TRX-01665,DTL-003901,20240512,907,47,25,2,1665,21,1,12499000,12499000.0,0.0,12499000.0,8999000.0,3500000.0
3902,TRX-01665,DTL-003902,20240512,907,18,25,2,1665,21,1,7999000,7999000.0,0.0,7999000.0,5759000.0,2240000.0
3903,TRX-01666,DTL-003903,20241218,948,95,10,2,1666,21,1,399000,399000.0,0.0,399000.0,287000.0,112000.0
3904,TRX-01666,DTL-003904,20241218,948,3,10,2,1666,21,1,18499000,18499000.0,0.0,18499000.0,13319000.0,5180000.0
3905,TRX-01667,DTL-003905,20241031,777,8,24,2,1667,21,1,10999000,10999000.0,0.0,10999000.0,7919000.0,3080000.0
3906,TRX-01667,DTL-003906,20241031,777,14,24,2,1667,21,1,9499000,9499000.0,0.0,9499000.0,6839000.0,2660000.0
3907,TRX-01668,DTL-003907,20250501,719,65,24,2,1668,20,1,6299000,6299000.0,314950.0,5984050.0,4535000.0,1449050.0
3908,TRX-01668,DTL-003908,20250501,719,87,24,2,1668,10,1,1199000,1199000.0,59950.0,1139050.0,863000.0,276050.0
3909,TRX-01668,DTL-003909,20250501,719,57,24,2,1668,13,1,5999000,5999000.0,599900.0,5399100.0,4319000.0,1080100.0
3910,TRX-01669,DTL-003910,20241023,661,36,15,2,1669,21,1,3999000,3999000.0,0.0,3999000.0,2879000.0,1120000.0
3911,TRX-01669,DTL-003911,20241023,661,61,15,2,1669,21,1,5599000,5599000.0,0.0,5599000.0,4031000.0,1568000.0
3912,TRX-01669,DTL-003912,20241023,661,58,15,2,1669,21,1,4999000,4999000.0,0.0,4999000.0,3599000.0,1400000.0
3913,TRX-01670,DTL-003913,20241024,805,57,19,2,1670,21,1,5999000,5999000.0,0.0,5999000.0,4319000.0,1680000.0
3914,TRX-01670,DTL-003914,20241024,805,43,19,2,1670,20,1,8999000,8999000.0,449950.0,8549050.0,6479000.0,2070050.0
3915,TRX-01670,DTL-003915,20241024,805,51,19,2,1670,21,1,6499000,6499000.0,0.0,6499000.0,4679000.0,1820000.0
3916,TRX-01671,DTL-003916,20250308,518,27,19,2,1671,21,1,16499000,16499000.0,0.0,16499000.0,11879000.0,4620000.0
3917,TRX-01671,DTL-003917,20250308,518,58,19,2,1671,21,2,4999000,9998000.0,0.0,9998000.0,7198000.0,2800000.0
3918,TRX-01671,DTL-003918,20250308,518,5,19,2,1671,21,1,13999000,13999000.0,0.0,13999000.0,10079000.0,3920000.0
3919,TRX-01671,DTL-003919,20250308,518,24,19,2,1671,21,1,399000,399000.0,0.0,399000.0,287000.0,112000.0
3920,TRX-01672,DTL-003920,20240506,1000,1,24,2,1672,21,1,20499000,20499000.0,0.0,20499000.0,14759000.0,5740000.0
3921,TRX-01673,DTL-003921,20241127,888,81,19,2,1673,21,1,7999000,7999000.0,0.0,7999000.0,5759000.0,2240000.0
3922,TRX-01673,DTL-003922,20241127,888,32,19,2,1673,21,2,28499000,56998000.0,0.0,56998000.0,41038000.0,15960000.0
3923,TRX-01674,DTL-003923,20241227,188,28,9,3,1674,21,1,20999000,20999000.0,0.0,20999000.0,15119000.0,5880000.0
3924,TRX-01675,DTL-003924,20250309,635,25,10,1,1675,21,2,24499000,48998000.0,0.0,48998000.0,35278000.0,13720000.0
3925,TRX-01675,DTL-003925,20250309,635,69,10,1,1675,21,1,1599000,1599000.0,0.0,1599000.0,1151000.0,448000.0
3926,TRX-01675,DTL-003926,20250309,635,68,10,1,1675,10,1,3499000,3499000.0,174950.0,3324050.0,2519000.0,805050.0
3927,TRX-01676,DTL-003927,20240828,475,93,12,2,1676,4,1,699000,699000.0,83880.0,615120.0,503000.0,112120.0
3928,TRX-01676,DTL-003928,20240828,475,15,12,2,1676,21,1,13599000,13599000.0,0.0,13599000.0,9791000.0,3808000.0
3929,TRX-01676,DTL-003929,20240828,475,87,12,2,1676,21,1,1199000,1199000.0,0.0,1199000.0,863000.0,336000.0
3930,TRX-01677,DTL-003930,20250324,482,7,16,2,1677,21,1,9999000,9999000.0,0.0,9999000.0,7199000.0,2800000.0
3931,TRX-01677,DTL-003931,20250324,482,27,16,2,1677,21,1,16499000,16499000.0,0.0,16499000.0,11879000.0,4620000.0
3932,TRX-01677,DTL-003932,20250324,482,4,16,2,1677,21,1,16999000,16999000.0,0.0,16999000.0,12239000.0,4760000.0
3933,TRX-01678,DTL-003933,20250206,510,22,22,1,1678,21,2,499000,998000.0,0.0,998000.0,718000.0,280000.0
3934,TRX-01678,DTL-003934,20250206,510,58,22,1,1678,21,1,4999000,4999000.0,0.0,4999000.0,3599000.0,1400000.0
3935,TRX-01679,DTL-003935,20250309,802,17,24,2,1679,21,1,22999000,22999000.0,0.0,22999000.0,16559000.0,6440000.0
3936,TRX-01679,DTL-003936,20250309,802,91,24,2,1679,21,3,699000,2097000.0,0.0,2097000.0,1509000.0,588000.0
3937,TRX-01680,DTL-003937,20250401,502,15,7,2,1680,21,3,13599000,40797000.0,0.0,40797000.0,29373000.0,11424000.0
3938,TRX-01680,DTL-003938,20250401,502,99,7,2,1680,21,1,3079000,3079000.0,0.0,3079000.0,2217000.0,862000.0
3939,TRX-01680,DTL-003939,20250401,502,35,7,2,1680,21,1,4999000,4999000.0,0.0,4999000.0,3599000.0,1400000.0
3940,TRX-01681,DTL-003940,20241001,989,87,3,3,1681,21,1,1199000,1199000.0,0.0,1199000.0,863000.0,336000.0
3941,TRX-01682,DTL-003941,20240830,181,54,15,3,1682,1,1,4499000,4499000.0,134970.0,4364030.0,3239000.0,1125030.0
3942,TRX-01682,DTL-003942,20240830,181,67,15,3,1682,19,1,3999000,3999000.0,199950.0,3799050.0,2879000.0,920050.0
3943,TRX-01683,DTL-003943,20240117,400,6,5,2,1683,8,1,12499000,12499000.0,624950.0,11874050.0,8999000.0,2875050.0
3944,TRX-01683,DTL-003944,20240117,400,84,5,2,1683,21,1,1399000,1399000.0,0.0,1399000.0,1007000.0,392000.0
3945,TRX-01683,DTL-003945,20240117,400,45,5,2,1683,21,2,3999000,7998000.0,0.0,7998000.0,5758000.0,2240000.0
3946,TRX-01684,DTL-003946,20250528,670,25,12,1,1684,21,1,24499000,24499000.0,0.0,24499000.0,17639000.0,6860000.0
3947,TRX-01684,DTL-003947,20250528,670,96,12,1,1684,21,1,1599000,1599000.0,0.0,1599000.0,1151000.0,448000.0
3948,TRX-01684,DTL-003948,20250528,670,60,12,1,1684,21,1,4999000,4999000.0,0.0,4999000.0,3599000.0,1400000.0
3949,TRX-01685,DTL-003949,20240616,595,49,24,2,1685,11,1,6999000,6999000.0,559920.0,6439080.0,5039000.0,1400080.0
3950,TRX-01685,DTL-003950,20240616,595,57,24,2,1685,21,1,5999000,5999000.0,0.0,5999000.0,4319000.0,1680000.0
3951,TRX-01686,DTL-003951,20250128,99,21,11,1,1686,21,1,2499000,2499000.0,0.0,2499000.0,1799000.0,700000.0
3952,TRX-01686,DTL-003952,20250128,99,9,11,1,1686,4,1,12999000,12999000.0,1559880.0,11439120.0,9359000.0,2080120.0
3953,TRX-01687,DTL-003953,20240511,483,68,9,2,1687,21,1,3499000,3499000.0,0.0,3499000.0,2519000.0,980000.0
3954,TRX-01688,DTL-003954,20240326,70,24,17,2,1688,18,1,399000,399000.0,59850.0,339150.0,287000.0,52150.0
3955,TRX-01689,DTL-003955,20250108,159,88,8,2,1689,15,1,2799000,2799000.0,223920.0,2575080.0,2015000.0,560080.0
3956,TRX-01689,DTL-003956,20250108,159,51,8,2,1689,21,1,6499000,6499000.0,0.0,6499000.0,4679000.0,1820000.0
3957,TRX-01690,DTL-003957,20240630,242,86,12,3,1690,21,2,1199000,2398000.0,0.0,2398000.0,1726000.0,672000.0
3958,TRX-01690,DTL-003958,20240630,242,16,12,3,1690,21,1,14999000,14999000.0,0.0,14999000.0,10799000.0,4200000.0
3959,TRX-01690,DTL-003959,20240630,242,91,12,3,1690,21,2,699000,1398000.0,0.0,1398000.0,1006000.0,392000.0
3960,TRX-01690,DTL-003960,20240630,242,51,12,3,1690,21,2,6499000,12998000.0,0.0,12998000.0,9358000.0,3640000.0
3961,TRX-01691,DTL-003961,20241113,284,64,22,2,1691,21,1,7499000,7499000.0,0.0,7499000.0,5399000.0,2100000.0
3962,TRX-01691,DTL-003962,20241113,284,58,22,2,1691,21,1,4999000,4999000.0,0.0,4999000.0,3599000.0,1400000.0
3963,TRX-01692,DTL-003963,20240220,1000,60,18,1,1692,21,1,4999000,4999000.0,0.0,4999000.0,3599000.0,1400000.0
3964,TRX-01692,DTL-003964,20240220,1000,1,18,1,1692,21,2,20499000,40998000.0,0.0,40998000.0,29518000.0,11480000.0
3965,TRX-01693,DTL-003965,20241123,576,66,21,3,1693,21,2,5499000,10998000.0,0.0,10998000.0,7918000.0,3080000.0
3966,TRX-01693,DTL-003966,20241123,576,68,21,3,1693,21,1,3499000,3499000.0,0.0,3499000.0,2519000.0,980000.0
3967,TRX-01694,DTL-003967,20250313,805,37,21,2,1694,9,1,2999000,2999000.0,89970.0,2909030.0,2159000.0,750030.0
3968,TRX-01694,DTL-003968,20250313,805,54,21,2,1694,21,2,4499000,8998000.0,0.0,8998000.0,6478000.0,2520000.0
3969,TRX-01695,DTL-003969,20250506,160,19,23,2,1695,21,1,14999000,14999000.0,0.0,14999000.0,10799000.0,4200000.0
3970,TRX-01695,DTL-003970,20250506,160,38,23,2,1695,6,1,1599000,1599000.0,47970.0,1551030.0,1151000.0,400030.0
3971,TRX-01695,DTL-003971,20250506,160,64,23,2,1695,20,1,7499000,7499000.0,374950.0,7124050.0,5399000.0,1725050.0
3972,TRX-01695,DTL-003972,20250506,160,95,23,2,1695,10,1,399000,399000.0,19950.0,379050.0,287000.0,92050.0
3973,TRX-01696,DTL-003973,20240109,259,6,16,2,1696,21,1,12499000,12499000.0,0.0,12499000.0,8999000.0,3500000.0
3974,TRX-01696,DTL-003974,20240109,259,30,16,2,1696,21,1,13499000,13499000.0,0.0,13499000.0,9719000.0,3780000.0
3975,TRX-01696,DTL-003975,20240109,259,13,16,2,1696,18,1,6499000,6499000.0,974850.0,5524150.0,4679000.0,845150.0
3976,TRX-01697,DTL-003976,20241120,96,44,15,2,1697,21,1,4499000,4499000.0,0.0,4499000.0,3239000.0,1260000.0
3977,TRX-01697,DTL-003977,20241120,96,88,15,2,1697,21,1,2799000,2799000.0,0.0,2799000.0,2015000.0,784000.0
3978,TRX-01698,DTL-003978,20241220,120,51,8,3,1698,8,1,6499000,6499000.0,324950.0,6174050.0,4679000.0,1495050.0
3979,TRX-01699,DTL-003979,20240307,328,68,6,1,1699,21,1,3499000,3499000.0,0.0,3499000.0,2519000.0,980000.0
3980,TRX-01699,DTL-003980,20240307,328,93,6,1,1699,21,1,699000,699000.0,0.0,699000.0,503000.0,196000.0
3981,TRX-01700,DTL-003981,20250331,75,4,20,2,1700,21,1,16999000,16999000.0,0.0,16999000.0,12239000.0,4760000.0
3982,TRX-01700,DTL-003982,20250331,75,19,20,2,1700,21,1,14999000,14999000.0,0.0,14999000.0,10799000.0,4200000.0
3983,TRX-01700,DTL-003983,20250331,75,67,20,2,1700,21,2,3999000,7998000.0,0.0,7998000.0,5758000.0,2240000.0
3984,TRX-01700,DTL-003984,20250331,75,23,20,2,1700,5,3,499000,1497000.0,119760.0,1377240.0,1077000.0,300240.0
3985,TRX-01701,DTL-003985,20241127,360,22,24,1,1701,21,1,499000,499000.0,0.0,499000.0,359000.0,140000.0
3986,TRX-01702,DTL-003986,20240817,298,16,14,2,1702,4,2,14999000,29998000.0,3599760.0,26398240.0,21598000.0,4800240.0
3987,TRX-01702,DTL-003987,20240817,298,59,14,2,1702,1,1,2299000,2299000.0,68970.0,2230030.0,1655000.0,575030.0
3988,TRX-01702,DTL-003988,20240817,298,87,14,2,1702,21,1,1199000,1199000.0,0.0,1199000.0,863000.0,336000.0
3989,TRX-01702,DTL-003989,20240817,298,85,14,2,1702,6,1,399000,399000.0,11970.0,387030.0,287000.0,100030.0
3990,TRX-01703,DTL-003990,20240121,161,74,17,2,1703,21,1,5999000,5999000.0,0.0,5999000.0,4319000.0,1680000.0
3991,TRX-01703,DTL-003991,20240121,161,62,17,2,1703,21,1,5999000,5999000.0,0.0,5999000.0,4319000.0,1680000.0
3992,TRX-01703,DTL-003992,20240121,161,55,17,2,1703,15,1,3299000,3299000.0,263920.0,3035080.0,2375000.0,660080.0
3993,TRX-01704,DTL-003993,20250502,436,58,8,3,1704,20,1,4999000,4999000.0,249950.0,4749050.0,3599000.0,1150050.0
3994,TRX-01705,DTL-003994,20250225,584,36,16,3,1705,21,2,3999000,7998000.0,0.0,7998000.0,5758000.0,2240000.0
3995,TRX-01705,DTL-003995,20250225,584,71,16,3,1705,21,2,4999000,9998000.0,0.0,9998000.0,7198000.0,2800000.0
3996,TRX-01706,DTL-003996,20250330,161,48,20,3,1706,21,3,16999000,50997000.0,0.0,50997000.0,36717000.0,14280000.0
3997,TRX-01706,DTL-003997,20250330,161,67,20,3,1706,14,1,3999000,3999000.0,119970.0,3879030.0,2879000.0,1000030.0
3998,TRX-01706,DTL-003998,20250330,161,21,20,3,1706,21,1,2499000,2499000.0,0.0,2499000.0,1799000.0,700000.0
3999,TRX-01706,DTL-003999,20250330,161,47,20,3,1706,11,1,12499000,12499000.0,999920.0,11499080.0,8999000.0,2500080.0
4000,TRX-01707,DTL-004000,20240831,687,20,3,2,1707,21,1,3999000,3999000.0,0.0,3999000.0,2879000.0,1120000.0
4001,TRX-01707,DTL-004001,20240831,687,2,3,2,1707,21,1,23499000,23499000.0,0.0,23499000.0,16919000.0,6580000.0
4002,TRX-01708,DTL-004002,20241119,605,61,18,2,1708,15,1,5599000,5599000.0,447920.0,5151080.0,4031000.0,1120080.0
4003,TRX-01708,DTL-004003,20241119,605,79,18,2,1708,6,1,18999000,18999000.0,569970.0,18429030.0,13679000.0,4750030.0
4004,TRX-01708,DTL-004004,20241119,605,11,18,2,1708,21,1,15999000,15999000.0,0.0,15999000.0,11519000.0,4480000.0
4005,TRX-01709,DTL-004005,20250503,892,62,20,2,1709,21,1,5999000,5999000.0,0.0,5999000.0,4319000.0,1680000.0
4006,TRX-01710,DTL-004006,20250301,1000,44,5,2,1710,21,1,4499000,4499000.0,0.0,4499000.0,3239000.0,1260000.0
4007,TRX-01711,DTL-004007,20241207,834,21,18,2,1711,7,1,2499000,2499000.0,249900.0,2249100.0,1799000.0,450100.0
4008,TRX-01712,DTL-004008,20250312,849,59,17,1,1712,21,1,2299000,2299000.0,0.0,2299000.0,1655000.0,644000.0
4009,TRX-01712,DTL-004009,20250312,849,64,17,1,1712,21,1,7499000,7499000.0,0.0,7499000.0,5399000.0,2100000.0
4010,TRX-01713,DTL-004010,20250309,405,11,14,1,1713,21,1,15999000,15999000.0,0.0,15999000.0,11519000.0,4480000.0
4011,TRX-01713,DTL-004011,20250309,405,86,14,1,1713,21,1,1199000,1199000.0,0.0,1199000.0,863000.0,336000.0
4012,TRX-01714,DTL-004012,20241130,327,68,24,3,1714,21,2,3499000,6998000.0,0.0,6998000.0,5038000.0,1960000.0
4013,TRX-01714,DTL-004013,20241130,327,59,24,3,1714,21,1,2299000,2299000.0,0.0,2299000.0,1655000.0,644000.0
4014,TRX-01714,DTL-004014,20241130,327,91,24,3,1714,10,1,699000,699000.0,34950.0,664050.0,503000.0,161050.0
4015,TRX-01715,DTL-004015,20250529,1000,92,18,3,1715,21,1,649000,649000.0,0.0,649000.0,467000.0,182000.0
4016,TRX-01715,DTL-004016,20250529,1000,85,18,3,1715,21,1,399000,399000.0,0.0,399000.0,287000.0,112000.0
4017,TRX-01715,DTL-004017,20250529,1000,54,18,3,1715,21,1,4499000,4499000.0,0.0,4499000.0,3239000.0,1260000.0
4018,TRX-01715,DTL-004018,20250529,1000,69,18,3,1715,16,1,1599000,1599000.0,79950.0,1519050.0,1151000.0,368050.0
4019,TRX-01716,DTL-004019,20241020,1000,9,15,2,1716,3,1,12999000,12999000.0,1039920.0,11959080.0,9359000.0,2600080.0
4020,TRX-01716,DTL-004020,20241020,1000,8,15,2,1716,21,1,10999000,10999000.0,0.0,10999000.0,7919000.0,3080000.0
4021,TRX-01717,DTL-004021,20250323,18,21,23,3,1717,1,1,2499000,2499000.0,74970.0,2424030.0,1799000.0,625030.0
4022,TRX-01717,DTL-004022,20250323,18,64,23,3,1717,17,2,7499000,14998000.0,1799760.0,13198240.0,10798000.0,2400240.0
4023,TRX-01718,DTL-004023,20240513,1000,8,19,2,1718,9,1,10999000,10999000.0,329970.0,10669030.0,7919000.0,2750030.0
4024,TRX-01718,DTL-004024,20240513,1000,80,19,2,1718,20,1,10999000,10999000.0,549950.0,10449050.0,7919000.0,2530050.0
4025,TRX-01718,DTL-004025,20240513,1000,4,19,2,1718,21,1,16999000,16999000.0,0.0,16999000.0,12239000.0,4760000.0
4026,TRX-01719,DTL-004026,20240818,576,12,7,1,1719,11,1,11499000,11499000.0,919920.0,10579080.0,8279000.0,2300080.0
4027,TRX-01719,DTL-004027,20240818,576,40,7,1,1719,21,1,15999000,15999000.0,0.0,15999000.0,11519000.0,4480000.0
4028,TRX-01720,DTL-004028,20240829,792,74,10,3,1720,20,1,5999000,5999000.0,299950.0,5699050.0,4319000.0,1380050.0
4029,TRX-01720,DTL-004029,20240829,792,35,10,3,1720,21,2,4999000,9998000.0,0.0,9998000.0,7198000.0,2800000.0
4030,TRX-01720,DTL-004030,20240829,792,66,10,3,1720,21,2,5499000,10998000.0,0.0,10998000.0,7918000.0,3080000.0
4031,TRX-01720,DTL-004031,20240829,792,52,10,3,1720,21,1,2099000,2099000.0,0.0,2099000.0,1511000.0,588000.0
4032,TRX-01721,DTL-004032,20240804,562,87,1,2,1721,21,2,1199000,2398000.0,0.0,2398000.0,1726000.0,672000.0
4033,TRX-01721,DTL-004033,20240804,562,80,1,2,1721,21,1,10999000,10999000.0,0.0,10999000.0,7919000.0,3080000.0
4034,TRX-01721,DTL-004034,20240804,562,30,1,2,1721,21,1,13499000,13499000.0,0.0,13499000.0,9719000.0,3780000.0
4035,TRX-01722,DTL-004035,20250120,579,67,19,3,1722,21,1,3999000,3999000.0,0.0,3999000.0,2879000.0,1120000.0
4036,TRX-01722,DTL-004036,20250120,579,10,19,3,1722,21,1,12599000,12599000.0,0.0,12599000.0,9071000.0,3528000.0
4037,TRX-01723,DTL-004037,20240415,1000,42,21,1,1723,21,1,3499000,3499000.0,0.0,3499000.0,2519000.0,980000.0
4038,TRX-01723,DTL-004038,20240415,1000,68,21,1,1723,21,1,3499000,3499000.0,0.0,3499000.0,2519000.0,980000.0
4039,TRX-01724,DTL-004039,20250129,115,55,5,1,1724,12,1,3299000,3299000.0,329900.0,2969100.0,2375000.0,594100.0
4040,TRX-01724,DTL-004040,20250129,115,12,5,1,1724,21,1,11499000,11499000.0,0.0,11499000.0,8279000.0,3220000.0
4041,TRX-01724,DTL-004041,20250129,115,58,5,1,1724,21,1,4999000,4999000.0,0.0,4999000.0,3599000.0,1400000.0
4042,TRX-01724,DTL-004042,20250129,115,74,5,1,1724,21,2,5999000,11998000.0,0.0,11998000.0,8638000.0,3360000.0
4043,TRX-01725,DTL-004043,20250515,1000,23,2,1,1725,21,1,499000,499000.0,0.0,499000.0,359000.0,140000.0
4044,TRX-01725,DTL-004044,20250515,1000,40,2,1,1725,21,1,15999000,15999000.0,0.0,15999000.0,11519000.0,4480000.0
4045,TRX-01725,DTL-004045,20250515,1000,22,2,1,1725,10,1,499000,499000.0,24950.0,474050.0,359000.0,115050.0
4046,TRX-01726,DTL-004046,20241011,847,17,3,2,1726,13,1,22999000,22999000.0,2299900.0,20699100.0,16559000.0,4140100.0
4047,TRX-01726,DTL-004047,20241011,847,98,3,2,1726,21,1,1695000,1695000.0,0.0,1695000.0,1220000.0,475000.0
4048,TRX-01726,DTL-004048,20241011,847,6,3,2,1726,5,1,12499000,12499000.0,999920.0,11499080.0,8999000.0,2500080.0
4049,TRX-01727,DTL-004049,20250527,925,83,14,3,1727,21,1,7499000,7499000.0,0.0,7499000.0,5399000.0,2100000.0
4050,TRX-01727,DTL-004050,20250527,925,30,14,3,1727,21,1,13499000,13499000.0,0.0,13499000.0,9719000.0,3780000.0
4051,TRX-01727,DTL-004051,20250527,925,44,14,3,1727,21,1,4499000,4499000.0,0.0,4499000.0,3239000.0,1260000.0
4052,TRX-01728,DTL-004052,20240917,439,43,5,2,1728,7,1,8999000,8999000.0,899900.0,8099100.0,6479000.0,1620100.0
4053,TRX-01728,DTL-004053,20240917,439,26,5,2,1728,21,1,19499000,19499000.0,0.0,19499000.0,14039000.0,5460000.0
4054,TRX-01728,DTL-004054,20240917,439,3,5,2,1728,5,1,18499000,18499000.0,1479920.0,17019080.0,13319000.0,3700080.0
4055,TRX-01729,DTL-004055,20250512,319,9,14,3,1729,5,2,12999000,25998000.0,2079840.0,23918160.0,18718000.0,5200160.0
4056,TRX-01729,DTL-004056,20250512,319,65,14,3,1729,11,1,6299000,6299000.0,503920.0,5795080.0,4535000.0,1260080.0
4057,TRX-01730,DTL-004057,20240329,968,45,14,2,1730,21,1,3999000,3999000.0,0.0,3999000.0,2879000.0,1120000.0
4058,TRX-01730,DTL-004058,20240329,968,18,14,2,1730,21,2,7999000,15998000.0,0.0,15998000.0,11518000.0,4480000.0
4059,TRX-01730,DTL-004059,20240329,968,15,14,2,1730,11,1,13599000,13599000.0,1087920.0,12511080.0,9791000.0,2720080.0
4060,TRX-01731,DTL-004060,20250507,925,84,18,3,1731,16,1,1399000,1399000.0,69950.0,1329050.0,1007000.0,322050.0
4061,TRX-01731,DTL-004061,20250507,925,21,18,3,1731,21,2,2499000,4998000.0,0.0,4998000.0,3598000.0,1400000.0
4062,TRX-01732,DTL-004062,20240729,189,36,22,2,1732,21,2,3999000,7998000.0,0.0,7998000.0,5758000.0,2240000.0
4063,TRX-01732,DTL-004063,20240729,189,80,22,2,1732,21,1,10999000,10999000.0,0.0,10999000.0,7919000.0,3080000.0
4064,TRX-01733,DTL-004064,20240508,440,96,15,1,1733,21,1,1599000,1599000.0,0.0,1599000.0,1151000.0,448000.0
4065,TRX-01733,DTL-004065,20240508,440,36,15,1,1733,21,2,3999000,7998000.0,0.0,7998000.0,5758000.0,2240000.0
4066,TRX-01734,DTL-004066,20250402,302,2,19,2,1734,21,1,23499000,23499000.0,0.0,23499000.0,16919000.0,6580000.0
4067,TRX-01734,DTL-004067,20250402,302,83,19,2,1734,15,2,7499000,14998000.0,1199840.0,13798160.0,10798000.0,3000160.0
4068,TRX-01734,DTL-004068,20250402,302,85,19,2,1734,21,1,399000,399000.0,0.0,399000.0,287000.0,112000.0
4069,TRX-01734,DTL-004069,20250402,302,99,19,2,1734,21,1,3079000,3079000.0,0.0,3079000.0,2217000.0,862000.0
4070,TRX-01735,DTL-004070,20240105,665,26,14,2,1735,2,1,19499000,19499000.0,1559920.0,17939080.0,14039000.0,3900080.0
4071,TRX-01735,DTL-004071,20240105,665,60,14,2,1735,21,1,4999000,4999000.0,0.0,4999000.0,3599000.0,1400000.0
4072,TRX-01735,DTL-004072,20240105,665,54,14,2,1735,3,1,4499000,4499000.0,359920.0,4139080.0,3239000.0,900080.0
4073,TRX-01736,DTL-004073,20240212,227,82,7,2,1736,21,2,7499000,14998000.0,0.0,14998000.0,10798000.0,4200000.0
4074,TRX-01737,DTL-004074,20250216,162,91,8,2,1737,21,2,699000,1398000.0,0.0,1398000.0,1006000.0,392000.0
4075,TRX-01738,DTL-004075,20250109,283,15,25,3,1738,21,1,13599000,13599000.0,0.0,13599000.0,9791000.0,3808000.0
4076,TRX-01738,DTL-004076,20250109,283,26,25,3,1738,21,2,19499000,38998000.0,0.0,38998000.0,28078000.0,10920000.0
4077,TRX-01738,DTL-004077,20250109,283,36,25,3,1738,21,1,3999000,3999000.0,0.0,3999000.0,2879000.0,1120000.0
4078,TRX-01738,DTL-004078,20250109,283,85,25,3,1738,21,2,399000,798000.0,0.0,798000.0,574000.0,224000.0
4079,TRX-01739,DTL-004079,20250306,362,89,2,2,1739,21,1,779000,779000.0,0.0,779000.0,561000.0,218000.0
4080,TRX-01739,DTL-004080,20250306,362,37,2,2,1739,21,1,2999000,2999000.0,0.0,2999000.0,2159000.0,840000.0
4081,TRX-01740,DTL-004081,20240514,345,32,4,3,1740,13,3,28499000,85497000.0,8549700.0,76947300.0,61557000.0,15390300.0
4082,TRX-01740,DTL-004082,20240514,345,90,4,3,1740,7,3,699000,2097000.0,209700.0,1887300.0,1509000.0,378300.0
4083,TRX-01740,DTL-004083,20240514,345,50,4,3,1740,21,1,8499000,8499000.0,0.0,8499000.0,6119000.0,2380000.0
4084,TRX-01741,DTL-004084,20241126,596,93,16,2,1741,21,1,699000,699000.0,0.0,699000.0,503000.0,196000.0
4085,TRX-01741,DTL-004085,20241126,596,78,16,2,1741,21,1,21999000,21999000.0,0.0,21999000.0,15839000.0,6160000.0
4086,TRX-01742,DTL-004086,20250304,220,74,14,2,1742,21,1,5999000,5999000.0,0.0,5999000.0,4319000.0,1680000.0
4087,TRX-01743,DTL-004087,20240819,1000,35,22,2,1743,21,1,4999000,4999000.0,0.0,4999000.0,3599000.0,1400000.0
4088,TRX-01744,DTL-004088,20240223,681,1,13,2,1744,21,1,20499000,20499000.0,0.0,20499000.0,14759000.0,5740000.0
4089,TRX-01744,DTL-004089,20240223,681,78,13,2,1744,21,3,21999000,65997000.0,0.0,65997000.0,47517000.0,18480000.0
4090,TRX-01745,DTL-004090,20250404,864,9,17,1,1745,21,1,12999000,12999000.0,0.0,12999000.0,9359000.0,3640000.0
4091,TRX-01745,DTL-004091,20250404,864,80,17,1,1745,21,1,10999000,10999000.0,0.0,10999000.0,7919000.0,3080000.0
4092,TRX-01745,DTL-004092,20250404,864,97,17,1,1745,6,2,1565000,3130000.0,93900.0,3036100.0,2254000.0,782100.0
4093,TRX-01746,DTL-004093,20241201,607,26,22,1,1746,21,1,19499000,19499000.0,0.0,19499000.0,14039000.0,5460000.0
4094,TRX-01746,DTL-004094,20241201,607,45,22,1,1746,21,2,3999000,7998000.0,0.0,7998000.0,5758000.0,2240000.0
4095,TRX-01746,DTL-004095,20241201,607,86,22,1,1746,20,2,1199000,2398000.0,119900.0,2278100.0,1726000.0,552100.0
4096,TRX-01746,DTL-004096,20241201,607,18,22,1,1746,21,1,7999000,7999000.0,0.0,7999000.0,5759000.0,2240000.0
4097,TRX-01747,DTL-004097,20240223,852,67,19,2,1747,13,1,3999000,3999000.0,399900.0,3599100.0,2879000.0,720100.0
4098,TRX-01747,DTL-004098,20240223,852,78,19,2,1747,21,3,21999000,65997000.0,0.0,65997000.0,47517000.0,18480000.0
4099,TRX-01747,DTL-004099,20240223,852,36,19,2,1747,21,1,3999000,3999000.0,0.0,3999000.0,2879000.0,1120000.0
4100,TRX-01748,DTL-004100,20241013,505,63,12,3,1748,21,1,6999000,6999000.0,0.0,6999000.0,5039000.0,1960000.0
4101,TRX-01749,DTL-004101,20240428,646,79,3,3,1749,21,1,18999000,18999000.0,0.0,18999000.0,13679000.0,5320000.0
4102,TRX-01749,DTL-004102,20240428,646,97,3,3,1749,6,1,1565000,1565000.0,46950.0,1518050.0,1127000.0,391050.0
4103,TRX-01749,DTL-004103,20240428,646,45,3,3,1749,21,1,3999000,3999000.0,0.0,3999000.0,2879000.0,1120000.0
4104,TRX-01750,DTL-004104,20240428,32,54,3,2,1750,21,2,4499000,8998000.0,0.0,8998000.0,6478000.0,2520000.0
4105,TRX-01750,DTL-004105,20240428,32,19,3,2,1750,21,2,14999000,29998000.0,0.0,29998000.0,21598000.0,8400000.0
4106,TRX-01750,DTL-004106,20240428,32,26,3,2,1750,21,3,19499000,58497000.0,0.0,58497000.0,42117000.0,16380000.0
4107,TRX-01751,DTL-004107,20250201,396,66,13,2,1751,17,1,5499000,5499000.0,659880.0,4839120.0,3959000.0,880120.0
4108,TRX-01751,DTL-004108,20250201,396,28,13,2,1751,21,3,20999000,62997000.0,0.0,62997000.0,45357000.0,17640000.0
4109,TRX-01752,DTL-004109,20241029,257,60,2,2,1752,21,1,4999000,4999000.0,0.0,4999000.0,3599000.0,1400000.0
4110,TRX-01752,DTL-004110,20241029,257,39,2,2,1752,21,1,13999000,13999000.0,0.0,13999000.0,10079000.0,3920000.0
4111,TRX-01752,DTL-004111,20241029,257,7,2,2,1752,21,1,9999000,9999000.0,0.0,9999000.0,7199000.0,2800000.0
4112,TRX-01753,DTL-004112,20240826,428,55,8,3,1753,21,1,3299000,3299000.0,0.0,3299000.0,2375000.0,924000.0
4113,TRX-01753,DTL-004113,20240826,428,30,8,3,1753,3,1,13499000,13499000.0,1079920.0,12419080.0,9719000.0,2700080.0
4114,TRX-01754,DTL-004114,20250120,1000,67,14,3,1754,5,1,3999000,3999000.0,319920.0,3679080.0,2879000.0,800080.0
4115,TRX-01754,DTL-004115,20250120,1000,49,14,3,1754,21,3,6999000,20997000.0,0.0,20997000.0,15117000.0,5880000.0
4116,TRX-01755,DTL-004116,20240214,346,33,7,3,1755,21,1,15999000,15999000.0,0.0,15999000.0,11519000.0,4480000.0
4117,TRX-01756,DTL-004117,20241222,324,79,17,3,1756,21,1,18999000,18999000.0,0.0,18999000.0,13679000.0,5320000.0
4118,TRX-01756,DTL-004118,20241222,324,6,17,3,1756,21,2,12499000,24998000.0,0.0,24998000.0,17998000.0,7000000.0
4119,TRX-01757,DTL-004119,20240411,981,62,4,1,1757,5,1,5999000,5999000.0,479920.0,5519080.0,4319000.0,1200080.0
4120,TRX-01758,DTL-004120,20241108,938,27,22,1,1758,21,1,16499000,16499000.0,0.0,16499000.0,11879000.0,4620000.0
4121,TRX-01758,DTL-004121,20241108,938,64,22,1,1758,21,2,7499000,14998000.0,0.0,14998000.0,10798000.0,4200000.0
4122,TRX-01758,DTL-004122,20241108,938,24,22,1,1758,21,1,399000,399000.0,0.0,399000.0,287000.0,112000.0
4123,TRX-01758,DTL-004123,20241108,938,67,22,1,1758,21,2,3999000,7998000.0,0.0,7998000.0,5758000.0,2240000.0
4124,TRX-01759,DTL-004124,20241226,197,72,9,3,1759,21,1,6999000,6999000.0,0.0,6999000.0,5039000.0,1960000.0
4125,TRX-01760,DTL-004125,20250131,38,36,4,2,1760,2,1,3999000,3999000.0,319920.0,3679080.0,2879000.0,800080.0
4126,TRX-01760,DTL-004126,20250131,38,86,4,2,1760,21,1,1199000,1199000.0,0.0,1199000.0,863000.0,336000.0
4127,TRX-01760,DTL-004127,20250131,38,67,4,2,1760,5,2,3999000,7998000.0,639840.0,7358160.0,5758000.0,1600160.0
4128,TRX-01761,DTL-004128,20250124,13,46,1,2,1761,21,1,2999000,2999000.0,0.0,2999000.0,2159000.0,840000.0
4129,TRX-01761,DTL-004129,20250124,13,55,1,2,1761,4,1,3299000,3299000.0,395880.0,2903120.0,2375000.0,528120.0
4130,TRX-01762,DTL-004130,20240601,891,73,9,2,1762,21,1,4299000,4299000.0,0.0,4299000.0,3095000.0,1204000.0
4131,TRX-01762,DTL-004131,20240601,891,79,9,2,1762,21,1,18999000,18999000.0,0.0,18999000.0,13679000.0,5320000.0
4132,TRX-01763,DTL-004132,20241025,148,91,9,2,1763,13,3,699000,2097000.0,209700.0,1887300.0,1509000.0,378300.0
4133,TRX-01764,DTL-004133,20240322,410,77,2,3,1764,21,2,1999000,3998000.0,0.0,3998000.0,2878000.0,1120000.0
4134,TRX-01764,DTL-004134,20240322,410,26,2,3,1764,21,1,19499000,19499000.0,0.0,19499000.0,14039000.0,5460000.0
4135,TRX-01765,DTL-004135,20250308,866,1,25,1,1765,7,1,20499000,20499000.0,2049900.0,18449100.0,14759000.0,3690100.0
4136,TRX-01765,DTL-004136,20250308,866,90,25,1,1765,21,1,699000,699000.0,0.0,699000.0,503000.0,196000.0
4137,TRX-01766,DTL-004137,20240204,295,1,4,2,1766,21,1,20499000,20499000.0,0.0,20499000.0,14759000.0,5740000.0
4138,TRX-01766,DTL-004138,20240204,295,60,4,2,1766,21,1,4999000,4999000.0,0.0,4999000.0,3599000.0,1400000.0
4139,TRX-01766,DTL-004139,20240204,295,39,4,2,1766,13,1,13999000,13999000.0,1399900.0,12599100.0,10079000.0,2520100.0
4140,TRX-01767,DTL-004140,20240113,701,83,2,3,1767,21,1,7499000,7499000.0,0.0,7499000.0,5399000.0,2100000.0
4141,TRX-01767,DTL-004141,20240113,701,88,2,3,1767,21,1,2799000,2799000.0,0.0,2799000.0,2015000.0,784000.0
4142,TRX-01767,DTL-004142,20240113,701,2,2,3,1767,16,1,23499000,23499000.0,1174950.0,22324050.0,16919000.0,5405050.0
4143,TRX-01768,DTL-004143,20241126,655,78,10,3,1768,7,1,21999000,21999000.0,2199900.0,19799100.0,15839000.0,3960100.0
4144,TRX-01768,DTL-004144,20241126,655,94,10,3,1768,21,1,2999000,2999000.0,0.0,2999000.0,2159000.0,840000.0
4145,TRX-01769,DTL-004145,20250504,515,41,25,2,1769,15,1,6499000,6499000.0,519920.0,5979080.0,4679000.0,1300080.0
4146,TRX-01770,DTL-004146,20240807,766,26,4,1,1770,21,1,19499000,19499000.0,0.0,19499000.0,14039000.0,5460000.0
4147,TRX-01770,DTL-004147,20240807,766,25,4,1,1770,21,1,24499000,24499000.0,0.0,24499000.0,17639000.0,6860000.0
4148,TRX-01771,DTL-004148,20241228,944,63,19,2,1771,21,1,6999000,6999000.0,0.0,6999000.0,5039000.0,1960000.0
4149,TRX-01771,DTL-004149,20241228,944,82,19,2,1771,21,1,7499000,7499000.0,0.0,7499000.0,5399000.0,2100000.0
4150,TRX-01772,DTL-004150,20240625,651,3,4,2,1772,21,1,18499000,18499000.0,0.0,18499000.0,13319000.0,5180000.0
4151,TRX-01772,DTL-004151,20240625,651,80,4,2,1772,21,1,10999000,10999000.0,0.0,10999000.0,7919000.0,3080000.0
4152,TRX-01773,DTL-004152,20250514,627,76,1,2,1773,16,1,2999000,2999000.0,149950.0,2849050.0,2159000.0,690050.0
4153,TRX-01773,DTL-004153,20250514,627,1,1,2,1773,3,2,20499000,40998000.0,3279840.0,37718160.0,29518000.0,8200160.0
4154,TRX-01773,DTL-004154,20250514,627,49,1,2,1773,21,1,6999000,6999000.0,0.0,6999000.0,5039000.0,1960000.0
4155,TRX-01773,DTL-004155,20250514,627,33,1,2,1773,21,1,15999000,15999000.0,0.0,15999000.0,11519000.0,4480000.0
4156,TRX-01774,DTL-004156,20240613,190,48,11,2,1774,21,1,16999000,16999000.0,0.0,16999000.0,12239000.0,4760000.0
4157,TRX-01774,DTL-004157,20240613,190,69,11,2,1774,11,1,1599000,1599000.0,127920.0,1471080.0,1151000.0,320080.0
4158,TRX-01775,DTL-004158,20250416,268,33,3,2,1775,21,1,15999000,15999000.0,0.0,15999000.0,11519000.0,4480000.0
4159,TRX-01775,DTL-004159,20250416,268,84,3,2,1775,20,1,1399000,1399000.0,69950.0,1329050.0,1007000.0,322050.0
4160,TRX-01776,DTL-004160,20240413,155,39,1,2,1776,15,1,13999000,13999000.0,1119920.0,12879080.0,10079000.0,2800080.0
4161,TRX-01776,DTL-004161,20240413,155,83,1,2,1776,21,1,7499000,7499000.0,0.0,7499000.0,5399000.0,2100000.0
4162,TRX-01777,DTL-004162,20241216,581,58,5,2,1777,21,2,4999000,9998000.0,0.0,9998000.0,7198000.0,2800000.0
4163,TRX-01777,DTL-004163,20241216,581,31,5,2,1777,21,1,20999000,20999000.0,0.0,20999000.0,15119000.0,5880000.0
4164,TRX-01778,DTL-004164,20240817,187,29,16,2,1778,20,1,17499000,17499000.0,874950.0,16624050.0,12599000.0,4025050.0
4165,TRX-01778,DTL-004165,20240817,187,76,16,2,1778,21,1,2999000,2999000.0,0.0,2999000.0,2159000.0,840000.0
4166,TRX-01779,DTL-004166,20240902,910,92,21,2,1779,10,1,649000,649000.0,32450.0,616550.0,467000.0,149550.0
4167,TRX-01779,DTL-004167,20240902,910,86,21,2,1779,21,1,1199000,1199000.0,0.0,1199000.0,863000.0,336000.0
4168,TRX-01780,DTL-004168,20241012,296,79,23,2,1780,7,2,18999000,37998000.0,3799800.0,34198200.0,27358000.0,6840200.0
4169,TRX-01781,DTL-004169,20240912,721,35,16,2,1781,21,1,4999000,4999000.0,0.0,4999000.0,3599000.0,1400000.0
4170,TRX-01781,DTL-004170,20240912,721,95,16,2,1781,21,1,399000,399000.0,0.0,399000.0,287000.0,112000.0
4171,TRX-01781,DTL-004171,20240912,721,5,16,2,1781,21,1,13999000,13999000.0,0.0,13999000.0,10079000.0,3920000.0
4172,TRX-01781,DTL-004172,20240912,721,75,16,2,1781,21,3,4699000,14097000.0,0.0,14097000.0,10149000.0,3948000.0
4173,TRX-01782,DTL-004173,20240622,115,84,14,2,1782,21,1,1399000,1399000.0,0.0,1399000.0,1007000.0,392000.0
4174,TRX-01783,DTL-004174,20250116,948,42,15,2,1783,21,1,3499000,3499000.0,0.0,3499000.0,2519000.0,980000.0
4175,TRX-01783,DTL-004175,20250116,948,39,15,2,1783,21,1,13999000,13999000.0,0.0,13999000.0,10079000.0,3920000.0
4176,TRX-01784,DTL-004176,20240824,813,44,7,1,1784,5,1,4499000,4499000.0,359920.0,4139080.0,3239000.0,900080.0
4177,TRX-01784,DTL-004177,20240824,813,29,7,1,1784,21,1,17499000,17499000.0,0.0,17499000.0,12599000.0,4900000.0
4178,TRX-01785,DTL-004178,20240116,941,25,12,1,1785,6,1,24499000,24499000.0,734970.0,23764030.0,17639000.0,6125030.0
4179,TRX-01785,DTL-004179,20240116,941,64,12,1,1785,21,2,7499000,14998000.0,0.0,14998000.0,10798000.0,4200000.0
4180,TRX-01786,DTL-004180,20240702,530,64,11,2,1786,21,1,7499000,7499000.0,0.0,7499000.0,5399000.0,2100000.0
4181,TRX-01786,DTL-004181,20240702,530,42,11,2,1786,21,1,3499000,3499000.0,0.0,3499000.0,2519000.0,980000.0
4182,TRX-01786,DTL-004182,20240702,530,49,11,2,1786,10,1,6999000,6999000.0,349950.0,6649050.0,5039000.0,1610050.0
4183,TRX-01787,DTL-004183,20250115,329,95,8,2,1787,21,1,399000,399000.0,0.0,399000.0,287000.0,112000.0
4184,TRX-01787,DTL-004184,20250115,329,70,8,2,1787,21,1,6499000,6499000.0,0.0,6499000.0,4679000.0,1820000.0
4185,TRX-01787,DTL-004185,20250115,329,60,8,2,1787,21,1,4999000,4999000.0,0.0,4999000.0,3599000.0,1400000.0
4186,TRX-01788,DTL-004186,20240311,107,52,19,2,1788,6,1,2099000,2099000.0,62970.0,2036030.0,1511000.0,525030.0
4187,TRX-01788,DTL-004187,20240311,107,98,19,2,1788,21,1,1695000,1695000.0,0.0,1695000.0,1220000.0,475000.0
4188,TRX-01789,DTL-004188,20240320,221,43,16,2,1789,17,1,8999000,8999000.0,1079880.0,7919120.0,6479000.0,1440120.0
4189,TRX-01789,DTL-004189,20240320,221,8,16,2,1789,21,1,10999000,10999000.0,0.0,10999000.0,7919000.0,3080000.0
4190,TRX-01789,DTL-004190,20240320,221,76,16,2,1789,11,2,2999000,5998000.0,479840.0,5518160.0,4318000.0,1200160.0
4191,TRX-01790,DTL-004191,20250204,998,45,23,3,1790,15,1,3999000,3999000.0,319920.0,3679080.0,2879000.0,800080.0
4192,TRX-01790,DTL-004192,20250204,998,27,23,3,1790,21,1,16499000,16499000.0,0.0,16499000.0,11879000.0,4620000.0
4193,TRX-01791,DTL-004193,20240517,344,50,23,1,1791,21,2,8499000,16998000.0,0.0,16998000.0,12238000.0,4760000.0
4194,TRX-01791,DTL-004194,20240517,344,21,23,1,1791,21,1,2499000,2499000.0,0.0,2499000.0,1799000.0,700000.0
4195,TRX-01791,DTL-004195,20240517,344,40,23,1,1791,21,2,15999000,31998000.0,0.0,31998000.0,23038000.0,8960000.0
4196,TRX-01791,DTL-004196,20240517,344,66,23,1,1791,21,2,5499000,10998000.0,0.0,10998000.0,7918000.0,3080000.0
4197,TRX-01792,DTL-004197,20240124,719,8,11,3,1792,21,1,10999000,10999000.0,0.0,10999000.0,7919000.0,3080000.0
4198,TRX-01793,DTL-004198,20240926,975,25,23,2,1793,21,1,24499000,24499000.0,0.0,24499000.0,17639000.0,6860000.0
4199,TRX-01793,DTL-004199,20240926,975,59,23,2,1793,21,1,2299000,2299000.0,0.0,2299000.0,1655000.0,644000.0
4200,TRX-01793,DTL-004200,20240926,975,42,23,2,1793,21,1,3499000,3499000.0,0.0,3499000.0,2519000.0,980000.0
4201,TRX-01793,DTL-004201,20240926,975,50,23,2,1793,1,1,8499000,8499000.0,254970.0,8244030.0,6119000.0,2125030.0
4202,TRX-01794,DTL-004202,20250113,496,52,9,1,1794,12,1,2099000,2099000.0,209900.0,1889100.0,1511000.0,378100.0
4203,TRX-01795,DTL-004203,20240905,74,65,8,3,1795,1,1,6299000,6299000.0,188970.0,6110030.0,4535000.0,1575030.0
4204,TRX-01795,DTL-004204,20240905,74,80,8,3,1795,21,1,10999000,10999000.0,0.0,10999000.0,7919000.0,3080000.0
4205,TRX-01795,DTL-004205,20240905,74,67,8,3,1795,21,1,3999000,3999000.0,0.0,3999000.0,2879000.0,1120000.0
4206,TRX-01795,DTL-004206,20240905,74,91,8,3,1795,8,1,699000,699000.0,34950.0,664050.0,503000.0,161050.0
4207,TRX-01796,DTL-004207,20240920,1000,93,10,2,1796,21,1,699000,699000.0,0.0,699000.0,503000.0,196000.0
4208,TRX-01797,DTL-004208,20241029,360,54,6,3,1797,21,1,4499000,4499000.0,0.0,4499000.0,3239000.0,1260000.0
4209,TRX-01797,DTL-004209,20241029,360,48,6,3,1797,9,1,16999000,16999000.0,509970.0,16489030.0,12239000.0,4250030.0
4210,TRX-01798,DTL-004210,20240326,1000,27,16,2,1798,21,1,16499000,16499000.0,0.0,16499000.0,11879000.0,4620000.0
4211,TRX-01798,DTL-004211,20240326,1000,49,16,2,1798,21,1,6999000,6999000.0,0.0,6999000.0,5039000.0,1960000.0
4212,TRX-01799,DTL-004212,20250116,377,47,19,3,1799,21,1,12499000,12499000.0,0.0,12499000.0,8999000.0,3500000.0
4213,TRX-01799,DTL-004213,20250116,377,98,19,3,1799,21,1,1695000,1695000.0,0.0,1695000.0,1220000.0,475000.0
4214,TRX-01800,DTL-004214,20250319,824,76,16,2,1800,21,1,2999000,2999000.0,0.0,2999000.0,2159000.0,840000.0
4215,TRX-01800,DTL-004215,20250319,824,38,16,2,1800,21,1,1599000,1599000.0,0.0,1599000.0,1151000.0,448000.0
4216,TRX-01800,DTL-004216,20250319,824,11,16,2,1800,21,2,15999000,31998000.0,0.0,31998000.0,23038000.0,8960000.0
4217,TRX-01800,DTL-004217,20250319,824,10,16,2,1800,18,1,12599000,12599000.0,1889850.0,10709150.0,9071000.0,1638150.0
4218,TRX-01801,DTL-004218,20250119,943,64,10,2,1801,21,1,7499000,7499000.0,0.0,7499000.0,5399000.0,2100000.0
4219,TRX-01801,DTL-004219,20250119,943,36,10,2,1801,21,1,3999000,3999000.0,0.0,3999000.0,2879000.0,1120000.0
4220,TRX-01802,DTL-004220,20240821,69,55,3,2,1802,21,1,3299000,3299000.0,0.0,3299000.0,2375000.0,924000.0
4221,TRX-01802,DTL-004221,20240821,69,4,3,2,1802,15,1,16999000,16999000.0,1359920.0,15639080.0,12239000.0,3400080.0
4222,TRX-01802,DTL-004222,20240821,69,99,3,2,1802,21,2,3079000,6158000.0,0.0,6158000.0,4434000.0,1724000.0
4223,TRX-01802,DTL-004223,20240821,69,29,3,2,1802,21,1,17499000,17499000.0,0.0,17499000.0,12599000.0,4900000.0
4224,TRX-01803,DTL-004224,20240929,590,100,10,2,1803,21,1,1799000,1799000.0,0.0,1799000.0,1295000.0,504000.0
4225,TRX-01803,DTL-004225,20240929,590,14,10,2,1803,21,2,9499000,18998000.0,0.0,18998000.0,13678000.0,5320000.0
4226,TRX-01803,DTL-004226,20240929,590,99,10,2,1803,21,1,3079000,3079000.0,0.0,3079000.0,2217000.0,862000.0
4227,TRX-01803,DTL-004227,20240929,590,92,10,2,1803,21,2,649000,1298000.0,0.0,1298000.0,934000.0,364000.0
4228,TRX-01804,DTL-004228,20250530,1000,85,16,3,1804,21,1,399000,399000.0,0.0,399000.0,287000.0,112000.0
4229,TRX-01804,DTL-004229,20250530,1000,83,16,3,1804,21,2,7499000,14998000.0,0.0,14998000.0,10798000.0,4200000.0
4230,TRX-01804,DTL-004230,20250530,1000,36,16,3,1804,21,1,3999000,3999000.0,0.0,3999000.0,2879000.0,1120000.0
4231,TRX-01805,DTL-004231,20241007,103,51,18,2,1805,21,2,6499000,12998000.0,0.0,12998000.0,9358000.0,3640000.0
4232,TRX-01806,DTL-004232,20250213,84,83,19,2,1806,21,1,7499000,7499000.0,0.0,7499000.0,5399000.0,2100000.0
4233,TRX-01806,DTL-004233,20250213,84,97,19,2,1806,21,1,1565000,1565000.0,0.0,1565000.0,1127000.0,438000.0
4234,TRX-01806,DTL-004234,20250213,84,1,19,2,1806,21,1,20499000,20499000.0,0.0,20499000.0,14759000.0,5740000.0
4235,TRX-01807,DTL-004235,20240116,771,90,15,2,1807,21,1,699000,699000.0,0.0,699000.0,503000.0,196000.0
4236,TRX-01807,DTL-004236,20240116,771,16,15,2,1807,21,1,14999000,14999000.0,0.0,14999000.0,10799000.0,4200000.0
4237,TRX-01808,DTL-004237,20241106,990,58,16,2,1808,21,2,4999000,9998000.0,0.0,9998000.0,7198000.0,2800000.0
4238,TRX-01808,DTL-004238,20241106,990,3,16,2,1808,21,1,18499000,18499000.0,0.0,18499000.0,13319000.0,5180000.0
4239,TRX-01809,DTL-004239,20250103,289,43,2,3,1809,21,1,8999000,8999000.0,0.0,8999000.0,6479000.0,2520000.0
4240,TRX-01809,DTL-004240,20250103,289,30,2,3,1809,21,1,13499000,13499000.0,0.0,13499000.0,9719000.0,3780000.0
4241,TRX-01809,DTL-004241,20250103,289,90,2,3,1809,21,1,699000,699000.0,0.0,699000.0,503000.0,196000.0
4242,TRX-01810,DTL-004242,20240930,345,32,24,1,1810,21,1,28499000,28499000.0,0.0,28499000.0,20519000.0,7980000.0
4243,TRX-01810,DTL-004243,20240930,345,89,24,1,1810,21,2,779000,1558000.0,0.0,1558000.0,1122000.0,436000.0
4244,TRX-01811,DTL-004244,20240707,342,56,1,3,1811,21,1,5799000,5799000.0,0.0,5799000.0,4175000.0,1624000.0
4245,TRX-01811,DTL-004245,20240707,342,27,1,3,1811,15,1,16499000,16499000.0,1319920.0,15179080.0,11879000.0,3300080.0
4246,TRX-01811,DTL-004246,20240707,342,22,1,3,1811,21,1,499000,499000.0,0.0,499000.0,359000.0,140000.0
4247,TRX-01811,DTL-004247,20240707,342,99,1,3,1811,12,1,3079000,3079000.0,307900.0,2771100.0,2217000.0,554100.0
4248,TRX-01812,DTL-004248,20241006,437,93,13,2,1812,21,1,699000,699000.0,0.0,699000.0,503000.0,196000.0
4249,TRX-01812,DTL-004249,20241006,437,96,13,2,1812,21,1,1599000,1599000.0,0.0,1599000.0,1151000.0,448000.0
4250,TRX-01813,DTL-004250,20240625,986,99,10,2,1813,21,1,3079000,3079000.0,0.0,3079000.0,2217000.0,862000.0
4251,TRX-01813,DTL-004251,20240625,986,45,10,2,1813,21,2,3999000,7998000.0,0.0,7998000.0,5758000.0,2240000.0
4252,TRX-01813,DTL-004252,20240625,986,3,10,2,1813,15,1,18499000,18499000.0,1479920.0,17019080.0,13319000.0,3700080.0
4253,TRX-01814,DTL-004253,20241011,295,18,19,2,1814,21,1,7999000,7999000.0,0.0,7999000.0,5759000.0,2240000.0
4254,TRX-01814,DTL-004254,20241011,295,21,19,2,1814,15,1,2499000,2499000.0,199920.0,2299080.0,1799000.0,500080.0
4255,TRX-01815,DTL-004255,20240411,1000,85,14,2,1815,21,1,399000,399000.0,0.0,399000.0,287000.0,112000.0
4256,TRX-01815,DTL-004256,20240411,1000,3,14,2,1815,21,1,18499000,18499000.0,0.0,18499000.0,13319000.0,5180000.0
4257,TRX-01816,DTL-004257,20241111,1000,50,7,2,1816,21,2,8499000,16998000.0,0.0,16998000.0,12238000.0,4760000.0
4258,TRX-01816,DTL-004258,20241111,1000,88,7,2,1816,8,2,2799000,5598000.0,279900.0,5318100.0,4030000.0,1288100.0
4259,TRX-01817,DTL-004259,20250123,930,43,20,2,1817,21,1,8999000,8999000.0,0.0,8999000.0,6479000.0,2520000.0
4260,TRX-01818,DTL-004260,20240419,614,75,4,2,1818,2,1,4699000,4699000.0,375920.0,4323080.0,3383000.0,940080.0
4261,TRX-01818,DTL-004261,20240419,614,16,4,2,1818,6,1,14999000,14999000.0,449970.0,14549030.0,10799000.0,3750030.0
4262,TRX-01819,DTL-004262,20250129,594,55,9,1,1819,6,2,3299000,6598000.0,197940.0,6400060.0,4750000.0,1650060.0
4263,TRX-01820,DTL-004263,20241020,395,80,8,2,1820,21,1,10999000,10999000.0,0.0,10999000.0,7919000.0,3080000.0
4264,TRX-01820,DTL-004264,20241020,395,49,8,2,1820,7,1,6999000,6999000.0,699900.0,6299100.0,5039000.0,1260100.0
4265,TRX-01820,DTL-004265,20241020,395,96,8,2,1820,21,1,1599000,1599000.0,0.0,1599000.0,1151000.0,448000.0
4266,TRX-01821,DTL-004266,20240322,77,97,13,3,1821,6,2,1565000,3130000.0,93900.0,3036100.0,2254000.0,782100.0
4267,TRX-01822,DTL-004267,20241108,252,2,23,2,1822,21,1,23499000,23499000.0,0.0,23499000.0,16919000.0,6580000.0
4268,TRX-01823,DTL-004268,20241001,876,61,17,1,1823,21,1,5599000,5599000.0,0.0,5599000.0,4031000.0,1568000.0
4269,TRX-01823,DTL-004269,20241001,876,69,17,1,1823,21,1,1599000,1599000.0,0.0,1599000.0,1151000.0,448000.0
4270,TRX-01823,DTL-004270,20241001,876,28,17,1,1823,21,1,20999000,20999000.0,0.0,20999000.0,15119000.0,5880000.0
4271,TRX-01823,DTL-004271,20241001,876,36,17,1,1823,12,1,3999000,3999000.0,399900.0,3599100.0,2879000.0,720100.0
4272,TRX-01824,DTL-004272,20250125,289,11,4,2,1824,21,1,15999000,15999000.0,0.0,15999000.0,11519000.0,4480000.0
4273,TRX-01824,DTL-004273,20250125,289,78,4,2,1824,21,1,21999000,21999000.0,0.0,21999000.0,15839000.0,6160000.0
4274,TRX-01825,DTL-004274,20241013,468,61,2,2,1825,19,1,5599000,5599000.0,279950.0,5319050.0,4031000.0,1288050.0
4275,TRX-01825,DTL-004275,20241013,468,71,2,2,1825,21,1,4999000,4999000.0,0.0,4999000.0,3599000.0,1400000.0
4276,TRX-01826,DTL-004276,20240305,1000,17,4,2,1826,21,1,22999000,22999000.0,0.0,22999000.0,16559000.0,6440000.0
4277,TRX-01826,DTL-004277,20240305,1000,51,4,2,1826,7,3,6499000,19497000.0,1949700.0,17547300.0,14037000.0,3510300.0
4278,TRX-01827,DTL-004278,20250417,927,80,15,1,1827,21,1,10999000,10999000.0,0.0,10999000.0,7919000.0,3080000.0
4279,TRX-01827,DTL-004279,20250417,927,13,15,1,1827,3,1,6499000,6499000.0,519920.0,5979080.0,4679000.0,1300080.0
4280,TRX-01828,DTL-004280,20240806,831,12,21,2,1828,9,2,11499000,22998000.0,689940.0,22308060.0,16558000.0,5750060.0
4281,TRX-01829,DTL-004281,20240610,268,44,1,3,1829,21,1,4499000,4499000.0,0.0,4499000.0,3239000.0,1260000.0
4282,TRX-01829,DTL-004282,20240610,268,33,1,3,1829,21,1,15999000,15999000.0,0.0,15999000.0,11519000.0,4480000.0
4283,TRX-01829,DTL-004283,20240610,268,25,1,3,1829,21,1,24499000,24499000.0,0.0,24499000.0,17639000.0,6860000.0
4284,TRX-01829,DTL-004284,20240610,268,10,1,3,1829,21,1,12599000,12599000.0,0.0,12599000.0,9071000.0,3528000.0
4285,TRX-01830,DTL-004285,20240212,66,53,18,2,1830,2,3,5099000,15297000.0,1223760.0,14073240.0,11013000.0,3060240.0
4286,TRX-01830,DTL-004286,20240212,66,65,18,2,1830,21,2,6299000,12598000.0,0.0,12598000.0,9070000.0,3528000.0
4287,TRX-01830,DTL-004287,20240212,66,84,18,2,1830,21,2,1399000,2798000.0,0.0,2798000.0,2014000.0,784000.0
4288,TRX-01830,DTL-004288,20240212,66,71,18,2,1830,20,1,4999000,4999000.0,249950.0,4749050.0,3599000.0,1150050.0
4289,TRX-01831,DTL-004289,20240714,281,89,25,2,1831,10,1,779000,779000.0,38950.0,740050.0,561000.0,179050.0
4290,TRX-01831,DTL-004290,20240714,281,87,25,2,1831,21,1,1199000,1199000.0,0.0,1199000.0,863000.0,336000.0
4291,TRX-01831,DTL-004291,20240714,281,94,25,2,1831,21,2,2999000,5998000.0,0.0,5998000.0,4318000.0,1680000.0
4292,TRX-01831,DTL-004292,20240714,281,53,25,2,1831,21,1,5099000,5099000.0,0.0,5099000.0,3671000.0,1428000.0
4293,TRX-01832,DTL-004293,20240924,898,81,9,2,1832,21,2,7999000,15998000.0,0.0,15998000.0,11518000.0,4480000.0
4294,TRX-01832,DTL-004294,20240924,898,36,9,2,1832,3,1,3999000,3999000.0,319920.0,3679080.0,2879000.0,800080.0
4295,TRX-01833,DTL-004295,20240428,808,74,4,2,1833,15,1,5999000,5999000.0,479920.0,5519080.0,4319000.0,1200080.0
4296,TRX-01834,DTL-004296,20240213,756,63,18,1,1834,9,2,6999000,13998000.0,419940.0,13578060.0,10078000.0,3500060.0
4297,TRX-01834,DTL-004297,20240213,756,45,18,1,1834,8,1,3999000,3999000.0,199950.0,3799050.0,2879000.0,920050.0
4298,TRX-01835,DTL-004298,20250218,543,36,18,3,1835,3,2,3999000,7998000.0,639840.0,7358160.0,5758000.0,1600160.0
4299,TRX-01836,DTL-004299,20240630,633,37,15,1,1836,21,1,2999000,2999000.0,0.0,2999000.0,2159000.0,840000.0
4300,TRX-01837,DTL-004300,20240106,81,83,15,2,1837,13,1,7499000,7499000.0,749900.0,6749100.0,5399000.0,1350100.0
4301,TRX-01838,DTL-004301,20250423,700,70,2,2,1838,1,1,6499000,6499000.0,194970.0,6304030.0,4679000.0,1625030.0
4302,TRX-01838,DTL-004302,20250423,700,100,2,2,1838,21,1,1799000,1799000.0,0.0,1799000.0,1295000.0,504000.0
4303,TRX-01839,DTL-004303,20240423,7,65,1,2,1839,21,1,6299000,6299000.0,0.0,6299000.0,4535000.0,1764000.0
4304,TRX-01839,DTL-004304,20240423,7,20,1,2,1839,21,3,3999000,11997000.0,0.0,11997000.0,8637000.0,3360000.0
4305,TRX-01839,DTL-004305,20240423,7,36,1,2,1839,21,1,3999000,3999000.0,0.0,3999000.0,2879000.0,1120000.0
4306,TRX-01839,DTL-004306,20240423,7,92,1,2,1839,21,1,649000,649000.0,0.0,649000.0,467000.0,182000.0
4307,TRX-01840,DTL-004307,20240404,848,60,6,2,1840,6,1,4999000,4999000.0,149970.0,4849030.0,3599000.0,1250030.0
4308,TRX-01840,DTL-004308,20240404,848,77,6,2,1840,21,1,1999000,1999000.0,0.0,1999000.0,1439000.0,560000.0
4309,TRX-01840,DTL-004309,20240404,848,64,6,2,1840,5,2,7499000,14998000.0,1199840.0,13798160.0,10798000.0,3000160.0
4310,TRX-01841,DTL-004310,20240815,475,20,9,3,1841,21,2,3999000,7998000.0,0.0,7998000.0,5758000.0,2240000.0
4311,TRX-01841,DTL-004311,20240815,475,39,9,3,1841,21,1,13999000,13999000.0,0.0,13999000.0,10079000.0,3920000.0
4312,TRX-01841,DTL-004312,20240815,475,100,9,3,1841,21,1,1799000,1799000.0,0.0,1799000.0,1295000.0,504000.0
4313,TRX-01842,DTL-004313,20250204,882,85,18,3,1842,12,1,399000,399000.0,39900.0,359100.0,287000.0,72100.0
4314,TRX-01843,DTL-004314,20240115,1000,77,12,2,1843,21,2,1999000,3998000.0,0.0,3998000.0,2878000.0,1120000.0
4315,TRX-01843,DTL-004315,20240115,1000,90,12,2,1843,1,2,699000,1398000.0,41940.0,1356060.0,1006000.0,350060.0
4316,TRX-01843,DTL-004316,20240115,1000,56,12,2,1843,21,1,5799000,5799000.0,0.0,5799000.0,4175000.0,1624000.0
4317,TRX-01844,DTL-004317,20241226,401,35,15,1,1844,21,1,4999000,4999000.0,0.0,4999000.0,3599000.0,1400000.0
4318,TRX-01844,DTL-004318,20241226,401,25,15,1,1844,21,1,24499000,24499000.0,0.0,24499000.0,17639000.0,6860000.0
4319,TRX-01844,DTL-004319,20241226,401,17,15,1,1844,21,2,22999000,45998000.0,0.0,45998000.0,33118000.0,12880000.0
4320,TRX-01844,DTL-004320,20241226,401,5,15,1,1844,21,1,13999000,13999000.0,0.0,13999000.0,10079000.0,3920000.0
4321,TRX-01845,DTL-004321,20250103,500,33,7,2,1845,8,1,15999000,15999000.0,799950.0,15199050.0,11519000.0,3680050.0
4322,TRX-01845,DTL-004322,20250103,500,11,7,2,1845,21,1,15999000,15999000.0,0.0,15999000.0,11519000.0,4480000.0
4323,TRX-01845,DTL-004323,20250103,500,84,7,2,1845,21,3,1399000,4197000.0,0.0,4197000.0,3021000.0,1176000.0
4324,TRX-01846,DTL-004324,20250419,666,51,18,2,1846,21,2,6499000,12998000.0,0.0,12998000.0,9358000.0,3640000.0
4325,TRX-01846,DTL-004325,20250419,666,7,18,2,1846,3,1,9999000,9999000.0,799920.0,9199080.0,7199000.0,2000080.0
4326,TRX-01846,DTL-004326,20250419,666,26,18,2,1846,21,1,19499000,19499000.0,0.0,19499000.0,14039000.0,5460000.0
4327,TRX-01846,DTL-004327,20250419,666,35,18,2,1846,21,1,4999000,4999000.0,0.0,4999000.0,3599000.0,1400000.0
4328,TRX-01847,DTL-004328,20240903,578,66,8,1,1847,21,1,5499000,5499000.0,0.0,5499000.0,3959000.0,1540000.0
4329,TRX-01847,DTL-004329,20240903,578,71,8,1,1847,21,1,4999000,4999000.0,0.0,4999000.0,3599000.0,1400000.0
4330,TRX-01847,DTL-004330,20240903,578,50,8,1,1847,21,2,8499000,16998000.0,0.0,16998000.0,12238000.0,4760000.0
4331,TRX-01847,DTL-004331,20240903,578,96,8,1,1847,21,1,1599000,1599000.0,0.0,1599000.0,1151000.0,448000.0
4332,TRX-01848,DTL-004332,20250128,700,37,8,1,1848,14,2,2999000,5998000.0,179940.0,5818060.0,4318000.0,1500060.0
4333,TRX-01848,DTL-004333,20250128,700,4,8,1,1848,21,2,16999000,33998000.0,0.0,33998000.0,24478000.0,9520000.0
4334,TRX-01849,DTL-004334,20240229,1000,2,16,3,1849,21,1,23499000,23499000.0,0.0,23499000.0,16919000.0,6580000.0
4335,TRX-01849,DTL-004335,20240229,1000,29,16,3,1849,21,1,17499000,17499000.0,0.0,17499000.0,12599000.0,4900000.0
4336,TRX-01849,DTL-004336,20240229,1000,58,16,3,1849,1,3,4999000,14997000.0,449910.0,14547090.0,10797000.0,3750090.0
4337,TRX-01850,DTL-004337,20240501,336,56,16,1,1850,21,1,5799000,5799000.0,0.0,5799000.0,4175000.0,1624000.0
4338,TRX-01850,DTL-004338,20240501,336,24,16,1,1850,21,1,399000,399000.0,0.0,399000.0,287000.0,112000.0
4339,TRX-01851,DTL-004339,20240617,456,5,6,2,1851,21,1,13999000,13999000.0,0.0,13999000.0,10079000.0,3920000.0
4340,TRX-01851,DTL-004340,20240617,456,87,6,2,1851,21,3,1199000,3597000.0,0.0,3597000.0,2589000.0,1008000.0
4341,TRX-01852,DTL-004341,20241203,95,18,15,2,1852,21,1,7999000,7999000.0,0.0,7999000.0,5759000.0,2240000.0
4342,TRX-01852,DTL-004342,20241203,95,79,15,2,1852,21,1,18999000,18999000.0,0.0,18999000.0,13679000.0,5320000.0
4343,TRX-01853,DTL-004343,20240930,1000,33,24,1,1853,21,1,15999000,15999000.0,0.0,15999000.0,11519000.0,4480000.0
4344,TRX-01854,DTL-004344,20250117,619,8,7,1,1854,21,1,10999000,10999000.0,0.0,10999000.0,7919000.0,3080000.0
4345,TRX-01854,DTL-004345,20250117,619,96,7,1,1854,21,1,1599000,1599000.0,0.0,1599000.0,1151000.0,448000.0
4346,TRX-01855,DTL-004346,20240819,208,97,2,2,1855,21,1,1565000,1565000.0,0.0,1565000.0,1127000.0,438000.0
4347,TRX-01855,DTL-004347,20240819,208,15,2,2,1855,21,1,13599000,13599000.0,0.0,13599000.0,9791000.0,3808000.0
4348,TRX-01855,DTL-004348,20240819,208,61,2,2,1855,21,1,5599000,5599000.0,0.0,5599000.0,4031000.0,1568000.0
4349,TRX-01855,DTL-004349,20240819,208,39,2,2,1855,2,1,13999000,13999000.0,1119920.0,12879080.0,10079000.0,2800080.0
4350,TRX-01856,DTL-004350,20240729,89,2,5,2,1856,13,1,23499000,23499000.0,2349900.0,21149100.0,16919000.0,4230100.0
4351,TRX-01856,DTL-004351,20240729,89,13,5,2,1856,6,1,6499000,6499000.0,194970.0,6304030.0,4679000.0,1625030.0
4352,TRX-01857,DTL-004352,20240718,757,70,11,2,1857,21,1,6499000,6499000.0,0.0,6499000.0,4679000.0,1820000.0
4353,TRX-01857,DTL-004353,20240718,757,37,11,2,1857,21,1,2999000,2999000.0,0.0,2999000.0,2159000.0,840000.0
4354,TRX-01857,DTL-004354,20240718,757,50,11,2,1857,21,1,8499000,8499000.0,0.0,8499000.0,6119000.0,2380000.0
4355,TRX-01857,DTL-004355,20240718,757,20,11,2,1857,21,3,3999000,11997000.0,0.0,11997000.0,8637000.0,3360000.0
4356,TRX-01858,DTL-004356,20250505,690,11,25,2,1858,21,1,15999000,15999000.0,0.0,15999000.0,11519000.0,4480000.0
4357,TRX-01859,DTL-004357,20240902,5,19,25,2,1859,21,1,14999000,14999000.0,0.0,14999000.0,10799000.0,4200000.0
4358,TRX-01859,DTL-004358,20240902,5,1,25,2,1859,21,1,20499000,20499000.0,0.0,20499000.0,14759000.0,5740000.0
4359,TRX-01860,DTL-004359,20250123,42,39,16,1,1860,10,1,13999000,13999000.0,699950.0,13299050.0,10079000.0,3220050.0
4360,TRX-01860,DTL-004360,20250123,42,34,16,1,1860,21,1,5999000,5999000.0,0.0,5999000.0,4319000.0,1680000.0
4361,TRX-01860,DTL-004361,20250123,42,95,16,1,1860,21,1,399000,399000.0,0.0,399000.0,287000.0,112000.0
4362,TRX-01861,DTL-004362,20250512,1000,8,18,1,1861,21,1,10999000,10999000.0,0.0,10999000.0,7919000.0,3080000.0
4363,TRX-01861,DTL-004363,20250512,1000,84,18,1,1861,21,1,1399000,1399000.0,0.0,1399000.0,1007000.0,392000.0
4364,TRX-01861,DTL-004364,20250512,1000,70,18,1,1861,21,1,6499000,6499000.0,0.0,6499000.0,4679000.0,1820000.0
4365,TRX-01862,DTL-004365,20250422,945,35,13,2,1862,21,1,4999000,4999000.0,0.0,4999000.0,3599000.0,1400000.0
4366,TRX-01863,DTL-004366,20250217,703,31,6,3,1863,21,1,20999000,20999000.0,0.0,20999000.0,15119000.0,5880000.0
4367,TRX-01863,DTL-004367,20250217,703,4,6,3,1863,21,2,16999000,33998000.0,0.0,33998000.0,24478000.0,9520000.0
4368,TRX-01864,DTL-004368,20240305,320,3,24,1,1864,21,1,18499000,18499000.0,0.0,18499000.0,13319000.0,5180000.0
4369,TRX-01864,DTL-004369,20240305,320,41,24,1,1864,21,1,6499000,6499000.0,0.0,6499000.0,4679000.0,1820000.0
4370,TRX-01864,DTL-004370,20240305,320,10,24,1,1864,21,1,12599000,12599000.0,0.0,12599000.0,9071000.0,3528000.0
4371,TRX-01864,DTL-004371,20240305,320,65,24,1,1864,21,1,6299000,6299000.0,0.0,6299000.0,4535000.0,1764000.0
4372,TRX-01865,DTL-004372,20250412,1000,31,4,3,1865,21,1,20999000,20999000.0,0.0,20999000.0,15119000.0,5880000.0
4373,TRX-01866,DTL-004373,20240921,467,63,18,1,1866,21,2,6999000,13998000.0,0.0,13998000.0,10078000.0,3920000.0
4374,TRX-01866,DTL-004374,20240921,467,37,18,1,1866,21,2,2999000,5998000.0,0.0,5998000.0,4318000.0,1680000.0
4375,TRX-01867,DTL-004375,20250413,62,66,6,2,1867,21,3,5499000,16497000.0,0.0,16497000.0,11877000.0,4620000.0
4376,TRX-01867,DTL-004376,20250413,62,70,6,2,1867,21,1,6499000,6499000.0,0.0,6499000.0,4679000.0,1820000.0
4377,TRX-01868,DTL-004377,20250502,656,17,1,1,1868,21,1,22999000,22999000.0,0.0,22999000.0,16559000.0,6440000.0
4378,TRX-01868,DTL-004378,20250502,656,44,1,1,1868,21,1,4499000,4499000.0,0.0,4499000.0,3239000.0,1260000.0
4379,TRX-01869,DTL-004379,20240903,753,2,17,3,1869,21,1,23499000,23499000.0,0.0,23499000.0,16919000.0,6580000.0
4380,TRX-01869,DTL-004380,20240903,753,88,17,3,1869,21,1,2799000,2799000.0,0.0,2799000.0,2015000.0,784000.0
4381,TRX-01870,DTL-004381,20250326,1000,58,6,2,1870,21,1,4999000,4999000.0,0.0,4999000.0,3599000.0,1400000.0
4382,TRX-01870,DTL-004382,20250326,1000,46,6,2,1870,21,1,2999000,2999000.0,0.0,2999000.0,2159000.0,840000.0
4383,TRX-01870,DTL-004383,20250326,1000,94,6,2,1870,21,1,2999000,2999000.0,0.0,2999000.0,2159000.0,840000.0
4384,TRX-01871,DTL-004384,20240611,40,47,12,1,1871,21,1,12499000,12499000.0,0.0,12499000.0,8999000.0,3500000.0
4385,TRX-01871,DTL-004385,20240611,40,54,12,1,1871,21,1,4499000,4499000.0,0.0,4499000.0,3239000.0,1260000.0
4386,TRX-01871,DTL-004386,20240611,40,36,12,1,1871,21,2,3999000,7998000.0,0.0,7998000.0,5758000.0,2240000.0
4387,TRX-01872,DTL-004387,20240427,417,86,13,1,1872,21,1,1199000,1199000.0,0.0,1199000.0,863000.0,336000.0
4388,TRX-01873,DTL-004388,20241119,154,43,9,3,1873,21,1,8999000,8999000.0,0.0,8999000.0,6479000.0,2520000.0
4389,TRX-01873,DTL-004389,20241119,154,22,9,3,1873,21,1,499000,499000.0,0.0,499000.0,359000.0,140000.0
4390,TRX-01874,DTL-004390,20250306,444,46,22,1,1874,7,3,2999000,8997000.0,899700.0,8097300.0,6477000.0,1620300.0
4391,TRX-01875,DTL-004391,20240811,208,42,18,2,1875,21,1,3499000,3499000.0,0.0,3499000.0,2519000.0,980000.0
4392,TRX-01875,DTL-004392,20240811,208,82,18,2,1875,21,1,7499000,7499000.0,0.0,7499000.0,5399000.0,2100000.0
4393,TRX-01876,DTL-004393,20240329,382,76,16,1,1876,21,1,2999000,2999000.0,0.0,2999000.0,2159000.0,840000.0
4394,TRX-01876,DTL-004394,20240329,382,30,16,1,1876,21,1,13499000,13499000.0,0.0,13499000.0,9719000.0,3780000.0
4395,TRX-01877,DTL-004395,20240529,5,4,21,2,1877,21,1,16999000,16999000.0,0.0,16999000.0,12239000.0,4760000.0
4396,TRX-01878,DTL-004396,20240207,292,60,20,3,1878,1,2,4999000,9998000.0,299940.0,9698060.0,7198000.0,2500060.0
4397,TRX-01878,DTL-004397,20240207,292,13,20,3,1878,21,1,6499000,6499000.0,0.0,6499000.0,4679000.0,1820000.0
4398,TRX-01878,DTL-004398,20240207,292,79,20,3,1878,21,1,18999000,18999000.0,0.0,18999000.0,13679000.0,5320000.0
4399,TRX-01879,DTL-004399,20240911,907,97,17,1,1879,21,1,1565000,1565000.0,0.0,1565000.0,1127000.0,438000.0
4400,TRX-01879,DTL-004400,20240911,907,49,17,1,1879,21,2,6999000,13998000.0,0.0,13998000.0,10078000.0,3920000.0
4401,TRX-01879,DTL-004401,20240911,907,8,17,1,1879,21,2,10999000,21998000.0,0.0,21998000.0,15838000.0,6160000.0
4402,TRX-01879,DTL-004402,20240911,907,13,17,1,1879,21,1,6499000,6499000.0,0.0,6499000.0,4679000.0,1820000.0
4403,TRX-01880,DTL-004403,20250413,58,97,16,2,1880,21,3,1565000,4695000.0,0.0,4695000.0,3381000.0,1314000.0
4404,TRX-01881,DTL-004404,20250403,684,37,13,2,1881,8,1,2999000,2999000.0,149950.0,2849050.0,2159000.0,690050.0
4405,TRX-01881,DTL-004405,20250403,684,22,13,2,1881,1,1,499000,499000.0,14970.0,484030.0,359000.0,125030.0
4406,TRX-01881,DTL-004406,20250403,684,30,13,2,1881,21,3,13499000,40497000.0,0.0,40497000.0,29157000.0,11340000.0
4407,TRX-01881,DTL-004407,20250403,684,31,13,2,1881,21,1,20999000,20999000.0,0.0,20999000.0,15119000.0,5880000.0
4408,TRX-01882,DTL-004408,20241109,144,67,14,2,1882,15,3,3999000,11997000.0,959760.0,11037240.0,8637000.0,2400240.0
4409,TRX-01883,DTL-004409,20240116,587,43,12,1,1883,21,3,8999000,26997000.0,0.0,26997000.0,19437000.0,7560000.0
4410,TRX-01884,DTL-004410,20250520,192,28,2,2,1884,16,1,20999000,20999000.0,1049950.0,19949050.0,15119000.0,4830050.0
4411,TRX-01884,DTL-004411,20250520,192,90,2,2,1884,21,1,699000,699000.0,0.0,699000.0,503000.0,196000.0
4412,TRX-01884,DTL-004412,20250520,192,83,2,2,1884,3,1,7499000,7499000.0,599920.0,6899080.0,5399000.0,1500080.0
4413,TRX-01885,DTL-004413,20240909,507,91,15,2,1885,4,1,699000,699000.0,83880.0,615120.0,503000.0,112120.0
4414,TRX-01885,DTL-004414,20240909,507,81,15,2,1885,14,1,7999000,7999000.0,239970.0,7759030.0,5759000.0,2000030.0
4415,TRX-01886,DTL-004415,20241016,878,77,16,3,1886,21,1,1999000,1999000.0,0.0,1999000.0,1439000.0,560000.0
4416,TRX-01886,DTL-004416,20241016,878,64,16,3,1886,19,1,7499000,7499000.0,374950.0,7124050.0,5399000.0,1725050.0
4417,TRX-01886,DTL-004417,20241016,878,72,16,3,1886,21,1,6999000,6999000.0,0.0,6999000.0,5039000.0,1960000.0
4418,TRX-01886,DTL-004418,20241016,878,93,16,3,1886,21,2,699000,1398000.0,0.0,1398000.0,1006000.0,392000.0
4419,TRX-01887,DTL-004419,20240111,812,13,22,2,1887,21,1,6499000,6499000.0,0.0,6499000.0,4679000.0,1820000.0
4420,TRX-01888,DTL-004420,20240910,135,81,4,2,1888,21,1,7999000,7999000.0,0.0,7999000.0,5759000.0,2240000.0
4421,TRX-01888,DTL-004421,20240910,135,15,4,2,1888,21,1,13599000,13599000.0,0.0,13599000.0,9791000.0,3808000.0
4422,TRX-01889,DTL-004422,20240314,481,9,19,2,1889,21,1,12999000,12999000.0,0.0,12999000.0,9359000.0,3640000.0
4423,TRX-01889,DTL-004423,20240314,481,78,19,2,1889,11,1,21999000,21999000.0,1759920.0,20239080.0,15839000.0,4400080.0
4424,TRX-01890,DTL-004424,20240816,282,88,2,3,1890,21,1,2799000,2799000.0,0.0,2799000.0,2015000.0,784000.0
4425,TRX-01890,DTL-004425,20240816,282,82,2,3,1890,21,1,7499000,7499000.0,0.0,7499000.0,5399000.0,2100000.0
4426,TRX-01890,DTL-004426,20240816,282,51,2,3,1890,21,1,6499000,6499000.0,0.0,6499000.0,4679000.0,1820000.0
4427,TRX-01891,DTL-004427,20250405,939,67,9,2,1891,21,1,3999000,3999000.0,0.0,3999000.0,2879000.0,1120000.0
4428,TRX-01891,DTL-004428,20250405,939,31,9,2,1891,16,1,20999000,20999000.0,1049950.0,19949050.0,15119000.0,4830050.0
4429,TRX-01891,DTL-004429,20250405,939,74,9,2,1891,21,1,5999000,5999000.0,0.0,5999000.0,4319000.0,1680000.0
4430,TRX-01892,DTL-004430,20240406,1000,30,9,3,1892,21,3,13499000,40497000.0,0.0,40497000.0,29157000.0,11340000.0
4431,TRX-01892,DTL-004431,20240406,1000,96,9,3,1892,21,1,1599000,1599000.0,0.0,1599000.0,1151000.0,448000.0
4432,TRX-01893,DTL-004432,20240129,970,43,21,2,1893,21,1,8999000,8999000.0,0.0,8999000.0,6479000.0,2520000.0
4433,TRX-01893,DTL-004433,20240129,970,9,21,2,1893,21,1,12999000,12999000.0,0.0,12999000.0,9359000.0,3640000.0
4434,TRX-01893,DTL-004434,20240129,970,31,21,2,1893,21,2,20999000,41998000.0,0.0,41998000.0,30238000.0,11760000.0
4435,TRX-01894,DTL-004435,20241208,1000,9,25,2,1894,21,1,12999000,12999000.0,0.0,12999000.0,9359000.0,3640000.0
4436,TRX-01894,DTL-004436,20241208,1000,65,25,2,1894,21,1,6299000,6299000.0,0.0,6299000.0,4535000.0,1764000.0
4437,TRX-01894,DTL-004437,20241208,1000,4,25,2,1894,21,2,16999000,33998000.0,0.0,33998000.0,24478000.0,9520000.0
4438,TRX-01895,DTL-004438,20241202,196,26,20,2,1895,21,2,19499000,38998000.0,0.0,38998000.0,28078000.0,10920000.0
4439,TRX-01895,DTL-004439,20241202,196,10,20,2,1895,21,2,12599000,25198000.0,0.0,25198000.0,18142000.0,7056000.0
4440,TRX-01895,DTL-004440,20241202,196,77,20,2,1895,3,1,1999000,1999000.0,159920.0,1839080.0,1439000.0,400080.0
4441,TRX-01896,DTL-004441,20250106,158,100,17,3,1896,21,1,1799000,1799000.0,0.0,1799000.0,1295000.0,504000.0
4442,TRX-01897,DTL-004442,20241117,458,55,18,2,1897,21,1,3299000,3299000.0,0.0,3299000.0,2375000.0,924000.0
4443,TRX-01897,DTL-004443,20241117,458,35,18,2,1897,20,1,4999000,4999000.0,249950.0,4749050.0,3599000.0,1150050.0
4444,TRX-01897,DTL-004444,20241117,458,13,18,2,1897,21,1,6499000,6499000.0,0.0,6499000.0,4679000.0,1820000.0
4445,TRX-01897,DTL-004445,20241117,458,83,18,2,1897,21,1,7499000,7499000.0,0.0,7499000.0,5399000.0,2100000.0
4446,TRX-01898,DTL-004446,20250127,768,30,4,2,1898,21,1,13499000,13499000.0,0.0,13499000.0,9719000.0,3780000.0
4447,TRX-01898,DTL-004447,20250127,768,19,4,2,1898,21,2,14999000,29998000.0,0.0,29998000.0,21598000.0,8400000.0
4448,TRX-01899,DTL-004448,20241231,890,68,15,3,1899,21,1,3499000,3499000.0,0.0,3499000.0,2519000.0,980000.0
4449,TRX-01900,DTL-004449,20250307,3,20,11,1,1900,21,1,3999000,3999000.0,0.0,3999000.0,2879000.0,1120000.0
4450,TRX-01900,DTL-004450,20250307,3,26,11,1,1900,17,3,19499000,58497000.0,7019640.0,51477360.0,42117000.0,9360360.0
4451,TRX-01900,DTL-004451,20250307,3,96,11,1,1900,21,1,1599000,1599000.0,0.0,1599000.0,1151000.0,448000.0
4452,TRX-01900,DTL-004452,20250307,3,54,11,1,1900,15,2,4499000,8998000.0,719840.0,8278160.0,6478000.0,1800160.0
4453,TRX-01901,DTL-004453,20240702,626,14,16,3,1901,21,1,9499000,9499000.0,0.0,9499000.0,6839000.0,2660000.0
4454,TRX-01901,DTL-004454,20240702,626,77,16,3,1901,6,1,1999000,1999000.0,59970.0,1939030.0,1439000.0,500030.0
4455,TRX-01902,DTL-004455,20250401,318,21,21,2,1902,21,1,2499000,2499000.0,0.0,2499000.0,1799000.0,700000.0
4456,TRX-01902,DTL-004456,20250401,318,100,21,2,1902,21,1,1799000,1799000.0,0.0,1799000.0,1295000.0,504000.0
4457,TRX-01903,DTL-004457,20250128,208,46,18,1,1903,21,2,2999000,5998000.0,0.0,5998000.0,4318000.0,1680000.0
4458,TRX-01903,DTL-004458,20250128,208,14,18,1,1903,21,1,9499000,9499000.0,0.0,9499000.0,6839000.0,2660000.0
4459,TRX-01904,DTL-004459,20240822,340,87,1,2,1904,21,1,1199000,1199000.0,0.0,1199000.0,863000.0,336000.0
4460,TRX-01905,DTL-004460,20240715,464,26,5,3,1905,8,1,19499000,19499000.0,974950.0,18524050.0,14039000.0,4485050.0
4461,TRX-01905,DTL-004461,20240715,464,71,5,3,1905,21,2,4999000,9998000.0,0.0,9998000.0,7198000.0,2800000.0
4462,TRX-01905,DTL-004462,20240715,464,46,5,3,1905,21,1,2999000,2999000.0,0.0,2999000.0,2159000.0,840000.0
4463,TRX-01905,DTL-004463,20240715,464,11,5,3,1905,21,1,15999000,15999000.0,0.0,15999000.0,11519000.0,4480000.0
4464,TRX-01906,DTL-004464,20241206,279,15,1,1,1906,21,3,13599000,40797000.0,0.0,40797000.0,29373000.0,11424000.0
4465,TRX-01906,DTL-004465,20241206,279,59,1,1,1906,21,1,2299000,2299000.0,0.0,2299000.0,1655000.0,644000.0
4466,TRX-01906,DTL-004466,20241206,279,56,1,1,1906,21,1,5799000,5799000.0,0.0,5799000.0,4175000.0,1624000.0
4467,TRX-01907,DTL-004467,20250413,659,62,16,2,1907,13,1,5999000,5999000.0,599900.0,5399100.0,4319000.0,1080100.0
4468,TRX-01907,DTL-004468,20250413,659,48,16,2,1907,21,1,16999000,16999000.0,0.0,16999000.0,12239000.0,4760000.0
4469,TRX-01907,DTL-004469,20250413,659,77,16,2,1907,21,2,1999000,3998000.0,0.0,3998000.0,2878000.0,1120000.0
4470,TRX-01907,DTL-004470,20250413,659,78,16,2,1907,19,1,21999000,21999000.0,1099950.0,20899050.0,15839000.0,5060050.0
4471,TRX-01908,DTL-004471,20240709,652,9,1,3,1908,21,1,12999000,12999000.0,0.0,12999000.0,9359000.0,3640000.0
4472,TRX-01908,DTL-004472,20240709,652,59,1,3,1908,14,2,2299000,4598000.0,137940.0,4460060.0,3310000.0,1150060.0
4473,TRX-01908,DTL-004473,20240709,652,38,1,3,1908,21,1,1599000,1599000.0,0.0,1599000.0,1151000.0,448000.0
4474,TRX-01908,DTL-004474,20240709,652,81,1,3,1908,9,1,7999000,7999000.0,239970.0,7759030.0,5759000.0,2000030.0
4475,TRX-01909,DTL-004475,20240312,153,16,19,3,1909,21,1,14999000,14999000.0,0.0,14999000.0,10799000.0,4200000.0
4476,TRX-01909,DTL-004476,20240312,153,74,19,3,1909,21,1,5999000,5999000.0,0.0,5999000.0,4319000.0,1680000.0
4477,TRX-01910,DTL-004477,20240504,1000,96,14,2,1910,14,1,1599000,1599000.0,47970.0,1551030.0,1151000.0,400030.0
4478,TRX-01911,DTL-004478,20250317,590,44,10,2,1911,21,2,4499000,8998000.0,0.0,8998000.0,6478000.0,2520000.0
4479,TRX-01911,DTL-004479,20250317,590,64,10,2,1911,21,1,7499000,7499000.0,0.0,7499000.0,5399000.0,2100000.0
4480,TRX-01912,DTL-004480,20240812,502,15,18,2,1912,21,1,13599000,13599000.0,0.0,13599000.0,9791000.0,3808000.0
4481,TRX-01912,DTL-004481,20240812,502,67,18,2,1912,21,1,3999000,3999000.0,0.0,3999000.0,2879000.0,1120000.0
4482,TRX-01913,DTL-004482,20250205,182,89,15,3,1913,21,1,779000,779000.0,0.0,779000.0,561000.0,218000.0
4483,TRX-01913,DTL-004483,20250205,182,84,15,3,1913,21,1,1399000,1399000.0,0.0,1399000.0,1007000.0,392000.0
4484,TRX-01913,DTL-004484,20250205,182,82,15,3,1913,21,2,7499000,14998000.0,0.0,14998000.0,10798000.0,4200000.0
4485,TRX-01913,DTL-004485,20250205,182,32,15,3,1913,21,1,28499000,28499000.0,0.0,28499000.0,20519000.0,7980000.0
4486,TRX-01914,DTL-004486,20240117,873,18,25,1,1914,21,1,7999000,7999000.0,0.0,7999000.0,5759000.0,2240000.0
4487,TRX-01914,DTL-004487,20240117,873,72,25,1,1914,10,1,6999000,6999000.0,349950.0,6649050.0,5039000.0,1610050.0
4488,TRX-01914,DTL-004488,20240117,873,58,25,1,1914,21,1,4999000,4999000.0,0.0,4999000.0,3599000.0,1400000.0
4489,TRX-01915,DTL-004489,20240705,316,37,20,2,1915,21,1,2999000,2999000.0,0.0,2999000.0,2159000.0,840000.0
4490,TRX-01915,DTL-004490,20240705,316,59,20,2,1915,20,1,2299000,2299000.0,114950.0,2184050.0,1655000.0,529050.0
4491,TRX-01915,DTL-004491,20240705,316,96,20,2,1915,21,1,1599000,1599000.0,0.0,1599000.0,1151000.0,448000.0
4492,TRX-01916,DTL-004492,20240829,229,100,4,2,1916,7,1,1799000,1799000.0,179900.0,1619100.0,1295000.0,324100.0
4493,TRX-01917,DTL-004493,20250326,752,27,10,2,1917,21,1,16499000,16499000.0,0.0,16499000.0,11879000.0,4620000.0
4494,TRX-01917,DTL-004494,20250326,752,16,10,2,1917,19,1,14999000,14999000.0,749950.0,14249050.0,10799000.0,3450050.0
4495,TRX-01918,DTL-004495,20240405,638,91,22,2,1918,19,1,699000,699000.0,34950.0,664050.0,503000.0,161050.0
4496,TRX-01918,DTL-004496,20240405,638,27,22,2,1918,21,1,16499000,16499000.0,0.0,16499000.0,11879000.0,4620000.0
4497,TRX-01919,DTL-004497,20240315,440,75,21,3,1919,14,1,4699000,4699000.0,140970.0,4558030.0,3383000.0,1175030.0
4498,TRX-01919,DTL-004498,20240315,440,96,21,3,1919,21,1,1599000,1599000.0,0.0,1599000.0,1151000.0,448000.0
4499,TRX-01920,DTL-004499,20250425,351,92,24,1,1920,21,1,649000,649000.0,0.0,649000.0,467000.0,182000.0
4500,TRX-01920,DTL-004500,20250425,351,69,24,1,1920,21,1,1599000,1599000.0,0.0,1599000.0,1151000.0,448000.0
4501,TRX-01921,DTL-004501,20240629,1000,8,2,3,1921,21,1,10999000,10999000.0,0.0,10999000.0,7919000.0,3080000.0
4502,TRX-01922,DTL-004502,20250321,318,34,20,2,1922,21,1,5999000,5999000.0,0.0,5999000.0,4319000.0,1680000.0
4503,TRX-01922,DTL-004503,20250321,318,42,20,2,1922,11,1,3499000,3499000.0,279920.0,3219080.0,2519000.0,700080.0
4504,TRX-01922,DTL-004504,20250321,318,49,20,2,1922,21,2,6999000,13998000.0,0.0,13998000.0,10078000.0,3920000.0
4505,TRX-01923,DTL-004505,20240325,830,3,13,2,1923,4,1,18499000,18499000.0,2219880.0,16279120.0,13319000.0,2960120.0
4506,TRX-01923,DTL-004506,20240325,830,85,13,2,1923,21,1,399000,399000.0,0.0,399000.0,287000.0,112000.0
4507,TRX-01924,DTL-004507,20241109,177,82,8,2,1924,8,1,7499000,7499000.0,374950.0,7124050.0,5399000.0,1725050.0
4508,TRX-01924,DTL-004508,20241109,177,25,8,2,1924,21,1,24499000,24499000.0,0.0,24499000.0,17639000.0,6860000.0
4509,TRX-01924,DTL-004509,20241109,177,90,8,2,1924,21,1,699000,699000.0,0.0,699000.0,503000.0,196000.0
4510,TRX-01925,DTL-004510,20241010,380,78,4,2,1925,21,2,21999000,43998000.0,0.0,43998000.0,31678000.0,12320000.0
4511,TRX-01925,DTL-004511,20241010,380,99,4,2,1925,6,2,3079000,6158000.0,184740.0,5973260.0,4434000.0,1539260.0
4512,TRX-01925,DTL-004512,20241010,380,22,4,2,1925,6,1,499000,499000.0,14970.0,484030.0,359000.0,125030.0
4513,TRX-01926,DTL-004513,20240619,735,50,8,2,1926,6,1,8499000,8499000.0,254970.0,8244030.0,6119000.0,2125030.0
4514,TRX-01926,DTL-004514,20240619,735,52,8,2,1926,21,1,2099000,2099000.0,0.0,2099000.0,1511000.0,588000.0
4515,TRX-01927,DTL-004515,20250323,1000,76,7,2,1927,10,1,2999000,2999000.0,149950.0,2849050.0,2159000.0,690050.0
4516,TRX-01927,DTL-004516,20250323,1000,48,7,2,1927,21,1,16999000,16999000.0,0.0,16999000.0,12239000.0,4760000.0
4517,TRX-01928,DTL-004517,20241026,555,27,6,2,1928,21,1,16499000,16499000.0,0.0,16499000.0,11879000.0,4620000.0
4518,TRX-01928,DTL-004518,20241026,555,33,6,2,1928,21,1,15999000,15999000.0,0.0,15999000.0,11519000.0,4480000.0
4519,TRX-01929,DTL-004519,20240610,519,27,15,3,1929,11,1,16499000,16499000.0,1319920.0,15179080.0,11879000.0,3300080.0
4520,TRX-01929,DTL-004520,20240610,519,2,15,3,1929,21,1,23499000,23499000.0,0.0,23499000.0,16919000.0,6580000.0
4521,TRX-01929,DTL-004521,20240610,519,34,15,3,1929,6,1,5999000,5999000.0,179970.0,5819030.0,4319000.0,1500030.0
4522,TRX-01930,DTL-004522,20250117,203,4,5,1,1930,21,1,16999000,16999000.0,0.0,16999000.0,12239000.0,4760000.0
4523,TRX-01930,DTL-004523,20250117,203,37,5,1,1930,3,1,2999000,2999000.0,239920.0,2759080.0,2159000.0,600080.0
4524,TRX-01930,DTL-004524,20250117,203,22,5,1,1930,21,2,499000,998000.0,0.0,998000.0,718000.0,280000.0
4525,TRX-01931,DTL-004525,20250307,243,23,15,3,1931,21,1,499000,499000.0,0.0,499000.0,359000.0,140000.0
4526,TRX-01931,DTL-004526,20250307,243,65,15,3,1931,21,2,6299000,12598000.0,0.0,12598000.0,9070000.0,3528000.0
4527,TRX-01931,DTL-004527,20250307,243,95,15,3,1931,5,2,399000,798000.0,63840.0,734160.0,574000.0,160160.0
4528,TRX-01931,DTL-004528,20250307,243,7,15,3,1931,21,1,9999000,9999000.0,0.0,9999000.0,7199000.0,2800000.0
4529,TRX-01932,DTL-004529,20240816,821,47,11,3,1932,20,1,12499000,12499000.0,624950.0,11874050.0,8999000.0,2875050.0
4530,TRX-01932,DTL-004530,20240816,821,78,11,3,1932,21,1,21999000,21999000.0,0.0,21999000.0,15839000.0,6160000.0
4531,TRX-01933,DTL-004531,20241201,157,3,1,2,1933,13,1,18499000,18499000.0,1849900.0,16649100.0,13319000.0,3330100.0
4532,TRX-01933,DTL-004532,20241201,157,24,1,2,1933,21,2,399000,798000.0,0.0,798000.0,574000.0,224000.0
4533,TRX-01933,DTL-004533,20241201,157,59,1,2,1933,18,2,2299000,4598000.0,689700.0,3908300.0,3310000.0,598300.0
4534,TRX-01933,DTL-004534,20241201,157,11,1,2,1933,21,1,15999000,15999000.0,0.0,15999000.0,11519000.0,4480000.0
4535,TRX-01934,DTL-004535,20250120,584,60,19,2,1934,12,1,4999000,4999000.0,499900.0,4499100.0,3599000.0,900100.0
4536,TRX-01934,DTL-004536,20250120,584,72,19,2,1934,21,1,6999000,6999000.0,0.0,6999000.0,5039000.0,1960000.0
4537,TRX-01934,DTL-004537,20250120,584,76,19,2,1934,4,1,2999000,2999000.0,359880.0,2639120.0,2159000.0,480120.0
4538,TRX-01935,DTL-004538,20250121,497,61,17,2,1935,21,2,5599000,11198000.0,0.0,11198000.0,8062000.0,3136000.0
4539,TRX-01935,DTL-004539,20250121,497,77,17,2,1935,21,1,1999000,1999000.0,0.0,1999000.0,1439000.0,560000.0
4540,TRX-01935,DTL-004540,20250121,497,73,17,2,1935,21,1,4299000,4299000.0,0.0,4299000.0,3095000.0,1204000.0
4541,TRX-01936,DTL-004541,20241119,393,4,20,1,1936,16,1,16999000,16999000.0,849950.0,16149050.0,12239000.0,3910050.0
4542,TRX-01936,DTL-004542,20241119,393,10,20,1,1936,21,1,12599000,12599000.0,0.0,12599000.0,9071000.0,3528000.0
4543,TRX-01937,DTL-004543,20250127,94,39,1,1,1937,6,1,13999000,13999000.0,419970.0,13579030.0,10079000.0,3500030.0
4544,TRX-01937,DTL-004544,20250127,94,84,1,1,1937,13,1,1399000,1399000.0,139900.0,1259100.0,1007000.0,252100.0
4545,TRX-01938,DTL-004545,20241020,215,48,16,1,1938,15,2,16999000,33998000.0,2719840.0,31278160.0,24478000.0,6800160.0
4546,TRX-01939,DTL-004546,20240817,78,57,22,1,1939,9,2,5999000,11998000.0,359940.0,11638060.0,8638000.0,3000060.0
4547,TRX-01939,DTL-004547,20240817,78,77,22,1,1939,18,1,1999000,1999000.0,299850.0,1699150.0,1439000.0,260150.0
4548,TRX-01939,DTL-004548,20240817,78,23,22,1,1939,21,3,499000,1497000.0,0.0,1497000.0,1077000.0,420000.0
4549,TRX-01939,DTL-004549,20240817,78,64,22,1,1939,21,1,7499000,7499000.0,0.0,7499000.0,5399000.0,2100000.0
4550,TRX-01940,DTL-004550,20240504,68,91,17,2,1940,21,1,699000,699000.0,0.0,699000.0,503000.0,196000.0
4551,TRX-01940,DTL-004551,20240504,68,56,17,2,1940,3,1,5799000,5799000.0,463920.0,5335080.0,4175000.0,1160080.0
4552,TRX-01941,DTL-004552,20241112,135,10,22,3,1941,21,1,12599000,12599000.0,0.0,12599000.0,9071000.0,3528000.0
4553,TRX-01941,DTL-004553,20241112,135,16,22,3,1941,21,1,14999000,14999000.0,0.0,14999000.0,10799000.0,4200000.0
4554,TRX-01942,DTL-004554,20241118,894,42,3,2,1942,21,1,3499000,3499000.0,0.0,3499000.0,2519000.0,980000.0
4555,TRX-01942,DTL-004555,20241118,894,85,3,2,1942,12,1,399000,399000.0,39900.0,359100.0,287000.0,72100.0
4556,TRX-01943,DTL-004556,20240401,10,36,19,1,1943,2,2,3999000,7998000.0,639840.0,7358160.0,5758000.0,1600160.0
4557,TRX-01943,DTL-004557,20240401,10,68,19,1,1943,21,1,3499000,3499000.0,0.0,3499000.0,2519000.0,980000.0
4558,TRX-01944,DTL-004558,20240622,19,19,3,2,1944,21,1,14999000,14999000.0,0.0,14999000.0,10799000.0,4200000.0
4559,TRX-01944,DTL-004559,20240622,19,21,3,2,1944,21,1,2499000,2499000.0,0.0,2499000.0,1799000.0,700000.0
4560,TRX-01944,DTL-004560,20240622,19,85,3,2,1944,21,2,399000,798000.0,0.0,798000.0,574000.0,224000.0
4561,TRX-01945,DTL-004561,20250131,836,28,13,2,1945,21,1,20999000,20999000.0,0.0,20999000.0,15119000.0,5880000.0
4562,TRX-01945,DTL-004562,20250131,836,20,13,2,1945,21,1,3999000,3999000.0,0.0,3999000.0,2879000.0,1120000.0
4563,TRX-01945,DTL-004563,20250131,836,66,13,2,1945,21,1,5499000,5499000.0,0.0,5499000.0,3959000.0,1540000.0
4564,TRX-01945,DTL-004564,20250131,836,69,13,2,1945,21,1,1599000,1599000.0,0.0,1599000.0,1151000.0,448000.0
4565,TRX-01946,DTL-004565,20241225,372,61,1,3,1946,21,1,5599000,5599000.0,0.0,5599000.0,4031000.0,1568000.0
4566,TRX-01947,DTL-004566,20241005,37,14,12,3,1947,6,1,9499000,9499000.0,284970.0,9214030.0,6839000.0,2375030.0
4567,TRX-01947,DTL-004567,20241005,37,39,12,3,1947,18,1,13999000,13999000.0,2099850.0,11899150.0,10079000.0,1820150.0
4568,TRX-01947,DTL-004568,20241005,37,56,12,3,1947,18,1,5799000,5799000.0,869850.0,4929150.0,4175000.0,754150.0
4569,TRX-01948,DTL-004569,20240101,863,30,7,2,1948,7,1,13499000,13499000.0,1349900.0,12149100.0,9719000.0,2430100.0
4570,TRX-01948,DTL-004570,20240101,863,11,7,2,1948,12,1,15999000,15999000.0,1599900.0,14399100.0,11519000.0,2880100.0
4571,TRX-01949,DTL-004571,20240724,328,94,17,2,1949,12,2,2999000,5998000.0,599800.0,5398200.0,4318000.0,1080200.0
4572,TRX-01949,DTL-004572,20240724,328,8,17,2,1949,21,1,10999000,10999000.0,0.0,10999000.0,7919000.0,3080000.0
4573,TRX-01949,DTL-004573,20240724,328,2,17,2,1949,9,1,23499000,23499000.0,704970.0,22794030.0,16919000.0,5875030.0
4574,TRX-01950,DTL-004574,20250106,231,58,19,2,1950,21,3,4999000,14997000.0,0.0,14997000.0,10797000.0,4200000.0
4575,TRX-01950,DTL-004575,20250106,231,100,19,2,1950,21,1,1799000,1799000.0,0.0,1799000.0,1295000.0,504000.0
4576,TRX-01950,DTL-004576,20250106,231,19,19,2,1950,21,1,14999000,14999000.0,0.0,14999000.0,10799000.0,4200000.0
4577,TRX-01951,DTL-004577,20250529,613,11,1,2,1951,21,1,15999000,15999000.0,0.0,15999000.0,11519000.0,4480000.0
4578,TRX-01951,DTL-004578,20250529,613,22,1,2,1951,21,1,499000,499000.0,0.0,499000.0,359000.0,140000.0
4579,TRX-01952,DTL-004579,20240424,468,92,11,3,1952,14,1,649000,649000.0,19470.0,629530.0,467000.0,162530.0
4580,TRX-01953,DTL-004580,20240406,149,10,22,2,1953,21,3,12599000,37797000.0,0.0,37797000.0,27213000.0,10584000.0
4581,TRX-01953,DTL-004581,20240406,149,18,22,2,1953,21,1,7999000,7999000.0,0.0,7999000.0,5759000.0,2240000.0
4582,TRX-01953,DTL-004582,20240406,149,59,22,2,1953,21,1,2299000,2299000.0,0.0,2299000.0,1655000.0,644000.0
4583,TRX-01954,DTL-004583,20240617,264,47,18,3,1954,21,2,12499000,24998000.0,0.0,24998000.0,17998000.0,7000000.0
4584,TRX-01954,DTL-004584,20240617,264,50,18,3,1954,21,1,8499000,8499000.0,0.0,8499000.0,6119000.0,2380000.0
4585,TRX-01954,DTL-004585,20240617,264,99,18,3,1954,21,1,3079000,3079000.0,0.0,3079000.0,2217000.0,862000.0
4586,TRX-01954,DTL-004586,20240617,264,26,18,3,1954,9,1,19499000,19499000.0,584970.0,18914030.0,14039000.0,4875030.0
4587,TRX-01955,DTL-004587,20250324,885,67,10,2,1955,21,1,3999000,3999000.0,0.0,3999000.0,2879000.0,1120000.0
4588,TRX-01955,DTL-004588,20250324,885,64,10,2,1955,19,1,7499000,7499000.0,374950.0,7124050.0,5399000.0,1725050.0
4589,TRX-01956,DTL-004589,20250426,940,94,9,2,1956,13,1,2999000,2999000.0,299900.0,2699100.0,2159000.0,540100.0
4590,TRX-01956,DTL-004590,20250426,940,64,9,2,1956,19,1,7499000,7499000.0,374950.0,7124050.0,5399000.0,1725050.0
4591,TRX-01956,DTL-004591,20250426,940,57,9,2,1956,21,1,5999000,5999000.0,0.0,5999000.0,4319000.0,1680000.0
4592,TRX-01957,DTL-004592,20250316,155,3,7,2,1957,13,1,18499000,18499000.0,1849900.0,16649100.0,13319000.0,3330100.0
4593,TRX-01958,DTL-004593,20240726,261,41,24,2,1958,21,3,6499000,19497000.0,0.0,19497000.0,14037000.0,5460000.0
4594,TRX-01958,DTL-004594,20240726,261,52,24,2,1958,21,2,2099000,4198000.0,0.0,4198000.0,3022000.0,1176000.0
4595,TRX-01959,DTL-004595,20240408,460,50,20,3,1959,21,1,8499000,8499000.0,0.0,8499000.0,6119000.0,2380000.0
4596,TRX-01960,DTL-004596,20250219,27,57,25,2,1960,21,1,5999000,5999000.0,0.0,5999000.0,4319000.0,1680000.0
4597,TRX-01961,DTL-004597,20250126,419,73,16,3,1961,21,1,4299000,4299000.0,0.0,4299000.0,3095000.0,1204000.0
4598,TRX-01961,DTL-004598,20250126,419,32,16,3,1961,21,1,28499000,28499000.0,0.0,28499000.0,20519000.0,7980000.0
4599,TRX-01962,DTL-004599,20240320,966,50,10,3,1962,21,3,8499000,25497000.0,0.0,25497000.0,18357000.0,7140000.0
4600,TRX-01962,DTL-004600,20240320,966,59,10,3,1962,21,1,2299000,2299000.0,0.0,2299000.0,1655000.0,644000.0
4601,TRX-01963,DTL-004601,20240502,644,33,11,2,1963,10,1,15999000,15999000.0,799950.0,15199050.0,11519000.0,3680050.0
4602,TRX-01963,DTL-004602,20240502,644,35,11,2,1963,17,1,4999000,4999000.0,599880.0,4399120.0,3599000.0,800120.0
4603,TRX-01964,DTL-004603,20240505,37,66,25,2,1964,21,1,5499000,5499000.0,0.0,5499000.0,3959000.0,1540000.0
4604,TRX-01965,DTL-004604,20250319,752,46,22,2,1965,21,1,2999000,2999000.0,0.0,2999000.0,2159000.0,840000.0
4605,TRX-01965,DTL-004605,20250319,752,55,22,2,1965,13,1,3299000,3299000.0,329900.0,2969100.0,2375000.0,594100.0
4606,TRX-01966,DTL-004606,20240307,753,3,1,2,1966,21,2,18499000,36998000.0,0.0,36998000.0,26638000.0,10360000.0
4607,TRX-01967,DTL-004607,20241109,26,11,14,2,1967,14,2,15999000,31998000.0,959940.0,31038060.0,23038000.0,8000060.0
4608,TRX-01967,DTL-004608,20241109,26,49,14,2,1967,21,2,6999000,13998000.0,0.0,13998000.0,10078000.0,3920000.0
4609,TRX-01967,DTL-004609,20241109,26,7,14,2,1967,3,1,9999000,9999000.0,799920.0,9199080.0,7199000.0,2000080.0
4610,TRX-01967,DTL-004610,20241109,26,76,14,2,1967,21,1,2999000,2999000.0,0.0,2999000.0,2159000.0,840000.0
4611,TRX-01968,DTL-004611,20241118,168,19,19,2,1968,21,1,14999000,14999000.0,0.0,14999000.0,10799000.0,4200000.0
4612,TRX-01969,DTL-004612,20240213,631,74,3,2,1969,21,1,5999000,5999000.0,0.0,5999000.0,4319000.0,1680000.0
4613,TRX-01969,DTL-004613,20240213,631,30,3,2,1969,21,1,13499000,13499000.0,0.0,13499000.0,9719000.0,3780000.0
4614,TRX-01969,DTL-004614,20240213,631,3,3,2,1969,21,1,18499000,18499000.0,0.0,18499000.0,13319000.0,5180000.0
4615,TRX-01970,DTL-004615,20250404,237,70,5,2,1970,21,1,6499000,6499000.0,0.0,6499000.0,4679000.0,1820000.0
4616,TRX-01970,DTL-004616,20250404,237,53,5,2,1970,21,1,5099000,5099000.0,0.0,5099000.0,3671000.0,1428000.0
4617,TRX-01970,DTL-004617,20250404,237,14,5,2,1970,21,1,9499000,9499000.0,0.0,9499000.0,6839000.0,2660000.0
4618,TRX-01971,DTL-004618,20240108,887,74,8,2,1971,21,1,5999000,5999000.0,0.0,5999000.0,4319000.0,1680000.0
4619,TRX-01971,DTL-004619,20240108,887,62,8,2,1971,21,1,5999000,5999000.0,0.0,5999000.0,4319000.0,1680000.0
4620,TRX-01971,DTL-004620,20240108,887,65,8,2,1971,21,1,6299000,6299000.0,0.0,6299000.0,4535000.0,1764000.0
4621,TRX-01972,DTL-004621,20241218,825,4,14,2,1972,21,1,16999000,16999000.0,0.0,16999000.0,12239000.0,4760000.0
4622,TRX-01973,DTL-004622,20240728,908,48,25,2,1973,21,1,16999000,16999000.0,0.0,16999000.0,12239000.0,4760000.0
4623,TRX-01973,DTL-004623,20240728,908,75,25,2,1973,21,1,4699000,4699000.0,0.0,4699000.0,3383000.0,1316000.0
4624,TRX-01973,DTL-004624,20240728,908,10,25,2,1973,21,2,12599000,25198000.0,0.0,25198000.0,18142000.0,7056000.0
4625,TRX-01974,DTL-004625,20240410,335,3,19,2,1974,21,1,18499000,18499000.0,0.0,18499000.0,13319000.0,5180000.0
4626,TRX-01974,DTL-004626,20240410,335,20,19,2,1974,21,1,3999000,3999000.0,0.0,3999000.0,2879000.0,1120000.0
4627,TRX-01975,DTL-004627,20240216,375,89,16,2,1975,21,1,779000,779000.0,0.0,779000.0,561000.0,218000.0
4628,TRX-01975,DTL-004628,20240216,375,84,16,2,1975,21,1,1399000,1399000.0,0.0,1399000.0,1007000.0,392000.0
4629,TRX-01975,DTL-004629,20240216,375,31,16,2,1975,21,3,20999000,62997000.0,0.0,62997000.0,45357000.0,17640000.0
4630,TRX-01976,DTL-004630,20240208,292,42,13,2,1976,6,1,3499000,3499000.0,104970.0,3394030.0,2519000.0,875030.0
4631,TRX-01976,DTL-004631,20240208,292,33,13,2,1976,21,1,15999000,15999000.0,0.0,15999000.0,11519000.0,4480000.0
4632,TRX-01977,DTL-004632,20250320,200,49,23,2,1977,4,1,6999000,6999000.0,839880.0,6159120.0,5039000.0,1120120.0
4633,TRX-01977,DTL-004633,20250320,200,11,23,2,1977,21,1,15999000,15999000.0,0.0,15999000.0,11519000.0,4480000.0
4634,TRX-01978,DTL-004634,20240823,83,57,13,2,1978,21,1,5999000,5999000.0,0.0,5999000.0,4319000.0,1680000.0
4635,TRX-01978,DTL-004635,20240823,83,20,13,2,1978,21,1,3999000,3999000.0,0.0,3999000.0,2879000.0,1120000.0
4636,TRX-01979,DTL-004636,20250501,166,27,21,1,1979,2,2,16499000,32998000.0,2639840.0,30358160.0,23758000.0,6600160.0
4637,TRX-01979,DTL-004637,20250501,166,43,21,1,1979,21,1,8999000,8999000.0,0.0,8999000.0,6479000.0,2520000.0
4638,TRX-01980,DTL-004638,20240204,499,30,3,2,1980,15,1,13499000,13499000.0,1079920.0,12419080.0,9719000.0,2700080.0
4639,TRX-01981,DTL-004639,20250519,484,50,6,2,1981,21,1,8499000,8499000.0,0.0,8499000.0,6119000.0,2380000.0
4640,TRX-01981,DTL-004640,20250519,484,31,6,2,1981,21,1,20999000,20999000.0,0.0,20999000.0,15119000.0,5880000.0
4641,TRX-01981,DTL-004641,20250519,484,29,6,2,1981,15,1,17499000,17499000.0,1399920.0,16099080.0,12599000.0,3500080.0
4642,TRX-01981,DTL-004642,20250519,484,41,6,2,1981,16,1,6499000,6499000.0,324950.0,6174050.0,4679000.0,1495050.0
4643,TRX-01982,DTL-004643,20241202,775,41,2,2,1982,21,1,6499000,6499000.0,0.0,6499000.0,4679000.0,1820000.0
4644,TRX-01982,DTL-004644,20241202,775,15,2,2,1982,13,3,13599000,40797000.0,4079700.0,36717300.0,29373000.0,7344300.0
4645,TRX-01982,DTL-004645,20241202,775,1,2,2,1982,10,1,20499000,20499000.0,1024950.0,19474050.0,14759000.0,4715050.0
4646,TRX-01982,DTL-004646,20241202,775,57,2,2,1982,21,1,5999000,5999000.0,0.0,5999000.0,4319000.0,1680000.0
4647,TRX-01983,DTL-004647,20240627,308,67,17,1,1983,21,1,3999000,3999000.0,0.0,3999000.0,2879000.0,1120000.0
4648,TRX-01983,DTL-004648,20240627,308,43,17,1,1983,21,2,8999000,17998000.0,0.0,17998000.0,12958000.0,5040000.0
4649,TRX-01984,DTL-004649,20250202,1000,23,22,1,1984,21,1,499000,499000.0,0.0,499000.0,359000.0,140000.0
4650,TRX-01984,DTL-004650,20250202,1000,72,22,1,1984,21,1,6999000,6999000.0,0.0,6999000.0,5039000.0,1960000.0
4651,TRX-01985,DTL-004651,20250324,39,32,18,2,1985,21,1,28499000,28499000.0,0.0,28499000.0,20519000.0,7980000.0
4652,TRX-01985,DTL-004652,20250324,39,62,18,2,1985,21,1,5999000,5999000.0,0.0,5999000.0,4319000.0,1680000.0
4653,TRX-01985,DTL-004653,20250324,39,84,18,2,1985,21,1,1399000,1399000.0,0.0,1399000.0,1007000.0,392000.0
4654,TRX-01986,DTL-004654,20240814,463,52,15,2,1986,20,3,2099000,6297000.0,314850.0,5982150.0,4533000.0,1449150.0
4655,TRX-01987,DTL-004655,20240220,299,53,3,2,1987,21,1,5099000,5099000.0,0.0,5099000.0,3671000.0,1428000.0
4656,TRX-01987,DTL-004656,20240220,299,13,3,2,1987,21,1,6499000,6499000.0,0.0,6499000.0,4679000.0,1820000.0
4657,TRX-01988,DTL-004657,20240328,351,96,16,2,1988,21,2,1599000,3198000.0,0.0,3198000.0,2302000.0,896000.0
4658,TRX-01988,DTL-004658,20240328,351,82,16,2,1988,21,1,7499000,7499000.0,0.0,7499000.0,5399000.0,2100000.0
4659,TRX-01989,DTL-004659,20240715,898,74,19,2,1989,21,2,5999000,11998000.0,0.0,11998000.0,8638000.0,3360000.0
4660,TRX-01990,DTL-004660,20241225,160,88,4,2,1990,21,1,2799000,2799000.0,0.0,2799000.0,2015000.0,784000.0
4661,TRX-01990,DTL-004661,20241225,160,78,4,2,1990,21,1,21999000,21999000.0,0.0,21999000.0,15839000.0,6160000.0
4662,TRX-01990,DTL-004662,20241225,160,26,4,2,1990,21,1,19499000,19499000.0,0.0,19499000.0,14039000.0,5460000.0
4663,TRX-01991,DTL-004663,20250224,299,5,1,2,1991,21,3,13999000,41997000.0,0.0,41997000.0,30237000.0,11760000.0
4664,TRX-01991,DTL-004664,20250224,299,29,1,2,1991,8,1,17499000,17499000.0,874950.0,16624050.0,12599000.0,4025050.0
4665,TRX-01991,DTL-004665,20250224,299,9,1,2,1991,19,1,12999000,12999000.0,649950.0,12349050.0,9359000.0,2990050.0
4666,TRX-01992,DTL-004666,20250119,16,56,17,2,1992,21,1,5799000,5799000.0,0.0,5799000.0,4175000.0,1624000.0
4667,TRX-01992,DTL-004667,20250119,16,47,17,2,1992,15,2,12499000,24998000.0,1999840.0,22998160.0,17998000.0,5000160.0
4668,TRX-01992,DTL-004668,20250119,16,44,17,2,1992,21,2,4499000,8998000.0,0.0,8998000.0,6478000.0,2520000.0
4669,TRX-01993,DTL-004669,20241107,814,2,12,2,1993,12,2,23499000,46998000.0,4699800.0,42298200.0,33838000.0,8460200.0
4670,TRX-01993,DTL-004670,20241107,814,64,12,2,1993,21,1,7499000,7499000.0,0.0,7499000.0,5399000.0,2100000.0
4671,TRX-01994,DTL-004671,20240601,702,37,22,2,1994,21,1,2999000,2999000.0,0.0,2999000.0,2159000.0,840000.0
4672,TRX-01994,DTL-004672,20240601,702,39,22,2,1994,21,1,13999000,13999000.0,0.0,13999000.0,10079000.0,3920000.0
4673,TRX-01994,DTL-004673,20240601,702,83,22,2,1994,21,3,7499000,22497000.0,0.0,22497000.0,16197000.0,6300000.0
4674,TRX-01995,DTL-004674,20250218,1000,30,14,2,1995,21,2,13499000,26998000.0,0.0,26998000.0,19438000.0,7560000.0
4675,TRX-01995,DTL-004675,20250218,1000,87,14,2,1995,21,2,1199000,2398000.0,0.0,2398000.0,1726000.0,672000.0
4676,TRX-01995,DTL-004676,20250218,1000,36,14,2,1995,12,1,3999000,3999000.0,399900.0,3599100.0,2879000.0,720100.0
4677,TRX-01996,DTL-004677,20250118,605,74,3,2,1996,21,1,5999000,5999000.0,0.0,5999000.0,4319000.0,1680000.0
4678,TRX-01997,DTL-004678,20241202,371,8,9,1,1997,5,1,10999000,10999000.0,879920.0,10119080.0,7919000.0,2200080.0
4679,TRX-01997,DTL-004679,20241202,371,57,9,1,1997,21,1,5999000,5999000.0,0.0,5999000.0,4319000.0,1680000.0
4680,TRX-01998,DTL-004680,20241113,446,75,19,3,1998,21,1,4699000,4699000.0,0.0,4699000.0,3383000.0,1316000.0
4681,TRX-01998,DTL-004681,20241113,446,69,19,3,1998,21,2,1599000,3198000.0,0.0,3198000.0,2302000.0,896000.0
4682,TRX-01999,DTL-004682,20240207,21,93,7,2,1999,21,1,699000,699000.0,0.0,699000.0,503000.0,196000.0
4683,TRX-01999,DTL-004683,20240207,21,17,7,2,1999,12,1,22999000,22999000.0,2299900.0,20699100.0,16559000.0,4140100.0
4684,TRX-01999,DTL-004684,20240207,21,50,7,2,1999,21,1,8499000,8499000.0,0.0,8499000.0,6119000.0,2380000.0
4685,TRX-01999,DTL-004685,20240207,21,59,7,2,1999,21,1,2299000,2299000.0,0.0,2299000.0,1655000.0,644000.0
4686,TRX-02000,DTL-004686,20240123,302,40,7,2,2000,10,2,15999000,31998000.0,1599900.0,30398100.0,23038000.0,7360100.0
4687,TRX-02000,DTL-004687,20240123,302,98,7,2,2000,21,1,1695000,1695000.0,0.0,1695000.0,1220000.0,475000.0
4688,TRX-02000,DTL-004688,20240123,302,77,7,2,2000,1,1,1999000,1999000.0,59970.0,1939030.0,1439000.0,500030.0
