inventory_id,snapshot_date,store_id,product_id,stock_quantity,reorder_level,stock_status
INV-STORE-001-PROD-0001,2025-05-31,STORE-001,PROD-0001,38,22,Available
INV-STORE-001-PROD-0002,2025-05-31,STORE-001,PROD-0002,88,6,Available
INV-STORE-001-PROD-0003,2025-05-31,STORE-001,PROD-0003,75,18,Available
INV-STORE-001-PROD-0004,2025-05-31,STORE-001,PROD-0004,7,11,Low Stock
INV-STORE-001-PROD-0005,2025-05-31,STORE-001,PROD-0005,3,16,Low Stock
INV-STORE-001-PROD-0006,2025-05-31,STORE-001,PROD-0006,59,8,Available
INV-STORE-001-PROD-0007,2025-05-31,STORE-001,PROD-0007,82,20,Available
INV-STORE-001-PROD-0008,2025-05-31,STORE-001,PROD-0008,111,23,Available
INV-STORE-001-PROD-0009,2025-05-31,STORE-001,PROD-0009,43,9,Available
INV-STORE-001-PROD-0010,2025-05-31,STORE-001,PROD-0010,44,17,Available
INV-STORE-001-PROD-0011,2025-05-31,STORE-001,PROD-0011,83,23,Available
INV-STORE-001-PROD-0012,2025-05-31,STORE-001,PROD-0012,34,19,Available
INV-STORE-001-PROD-0013,2025-05-31,STORE-001,PROD-0013,44,5,Available
INV-STORE-001-PROD-0014,2025-05-31,STORE-001,PROD-0014,73,5,Available
INV-STORE-001-PROD-0015,2025-05-31,STORE-001,PROD-0015,39,13,Available
INV-STORE-001-PROD-0016,2025-05-31,STORE-001,PROD-0016,69,21,Available
INV-STORE-001-PROD-0017,2025-05-31,STORE-001,PROD-0017,92,19,Available
INV-STORE-001-PROD-0018,2025-05-31,STORE-001,PROD-0018,94,8,Available
INV-STORE-001-PROD-0019,2025-05-31,STORE-001,PROD-0019,118,20,Available
INV-STORE-001-PROD-0020,2025-05-31,STORE-001,PROD-0020,95,18,Available
INV-STORE-001-PROD-0021,2025-05-31,STORE-001,PROD-0021,83,17,Available
INV-STORE-001-PROD-0022,2025-05-31,STORE-001,PROD-0022,50,21,Available
INV-STORE-001-PROD-0023,2025-05-31,STORE-001,PROD-0023,22,7,Available
INV-STORE-001-PROD-0024,2025-05-31,STORE-001,PROD-0024,5,12,Low Stock
INV-STORE-001-PROD-0025,2025-05-31,STORE-001,PROD-0025,9,24,Low Stock
INV-STORE-001-PROD-0026,2025-05-31,STORE-001,PROD-0026,51,14,Available
INV-STORE-001-PROD-0027,2025-05-31,STORE-001,PROD-0027,2,13,Low Stock
INV-STORE-001-PROD-0028,2025-05-31,STORE-001,PROD-0028,47,9,Available
INV-STORE-001-PROD-0029,2025-05-31,STORE-001,PROD-0029,80,9,Available
INV-STORE-001-PROD-0030,2025-05-31,STORE-001,PROD-0030,48,6,Available
INV-STORE-001-PROD-0031,2025-05-31,STORE-001,PROD-0031,95,25,Available
INV-STORE-001-PROD-0032,2025-05-31,STORE-001,PROD-0032,46,6,Available
INV-STORE-001-PROD-0033,2025-05-31,STORE-001,PROD-0033,7,24,Low Stock
INV-STORE-001-PROD-0034,2025-05-31,STORE-001,PROD-0034,6,13,Low Stock
INV-STORE-001-PROD-0035,2025-05-31,STORE-001,PROD-0035,40,19,Available
INV-STORE-001-PROD-0036,2025-05-31,STORE-001,PROD-0036,45,5,Available
INV-STORE-001-PROD-0037,2025-05-31,STORE-001,PROD-0037,19,24,Low Stock
INV-STORE-001-PROD-0038,2025-05-31,STORE-001,PROD-0038,88,5,Available
INV-STORE-001-PROD-0039,2025-05-31,STORE-001,PROD-0039,83,22,Available
INV-STORE-001-PROD-0040,2025-05-31,STORE-001,PROD-0040,11,20,Low Stock
INV-STORE-001-PROD-0041,2025-05-31,STORE-001,PROD-0041,109,23,Available
INV-STORE-001-PROD-0042,2025-05-31,STORE-001,PROD-0042,46,24,Available
INV-STORE-001-PROD-0043,2025-05-31,STORE-001,PROD-0043,95,17,Available
INV-STORE-001-PROD-0044,2025-05-31,STORE-001,PROD-0044,118,20,Available
INV-STORE-001-PROD-0045,2025-05-31,STORE-001,PROD-0045,28,17,Available
INV-STORE-001-PROD-0046,2025-05-31,STORE-001,PROD-0046,28,20,Available
INV-STORE-001-PROD-0047,2025-05-31,STORE-001,PROD-0047,62,10,Available
INV-STORE-001-PROD-0048,2025-05-31,STORE-001,PROD-0048,29,21,Available
INV-STORE-001-PROD-0049,2025-05-31,STORE-001,PROD-0049,109,12,Available
INV-STORE-001-PROD-0050,2025-05-31,STORE-001,PROD-0050,26,11,Available
INV-STORE-001-PROD-0051,2025-05-31,STORE-001,PROD-0051,106,11,Available
INV-STORE-001-PROD-0052,2025-05-31,STORE-001,PROD-0052,96,9,Available
INV-STORE-001-PROD-0053,2025-05-31,STORE-001,PROD-0053,13,21,Low Stock
INV-STORE-001-PROD-0054,2025-05-31,STORE-001,PROD-0054,63,13,Available
INV-STORE-001-PROD-0055,2025-05-31,STORE-001,PROD-0055,75,13,Available
INV-STORE-001-PROD-0056,2025-05-31,STORE-001,PROD-0056,65,15,Available
INV-STORE-001-PROD-0057,2025-05-31,STORE-001,PROD-0057,84,12,Available
INV-STORE-001-PROD-0058,2025-05-31,STORE-001,PROD-0058,1,14,Low Stock
INV-STORE-001-PROD-0059,2025-05-31,STORE-001,PROD-0059,12,19,Low Stock
INV-STORE-001-PROD-0060,2025-05-31,STORE-001,PROD-0060,26,22,Available
INV-STORE-001-PROD-0061,2025-05-31,STORE-001,PROD-0061,88,10,Available
INV-STORE-001-PROD-0062,2025-05-31,STORE-001,PROD-0062,33,13,Available
INV-STORE-001-PROD-0063,2025-05-31,STORE-001,PROD-0063,25,5,Available
INV-STORE-001-PROD-0064,2025-05-31,STORE-001,PROD-0064,65,16,Available
INV-STORE-001-PROD-0065,2025-05-31,STORE-001,PROD-0065,59,14,Available
INV-STORE-001-PROD-0066,2025-05-31,STORE-001,PROD-0066,13,18,Low Stock
INV-STORE-001-PROD-0067,2025-05-31,STORE-001,PROD-0067,28,7,Available
INV-STORE-001-PROD-0068,2025-05-31,STORE-001,PROD-0068,111,11,Available
INV-STORE-001-PROD-0069,2025-05-31,STORE-001,PROD-0069,10,9,Available
INV-STORE-001-PROD-0070,2025-05-31,STORE-001,PROD-0070,89,8,Available
INV-STORE-001-PROD-0071,2025-05-31,STORE-001,PROD-0071,109,21,Available
INV-STORE-001-PROD-0072,2025-05-31,STORE-001,PROD-0072,85,19,Available
INV-STORE-001-PROD-0073,2025-05-31,STORE-001,PROD-0073,5,7,Low Stock
INV-STORE-001-PROD-0074,2025-05-31,STORE-001,PROD-0074,114,19,Available
INV-STORE-001-PROD-0075,2025-05-31,STORE-001,PROD-0075,42,12,Available
INV-STORE-001-PROD-0076,2025-05-31,STORE-001,PROD-0076,9,18,Low Stock
INV-STORE-001-PROD-0077,2025-05-31,STORE-001,PROD-0077,54,22,Available
INV-STORE-001-PROD-0078,2025-05-31,STORE-001,PROD-0078,12,19,Low Stock
INV-STORE-001-PROD-0079,2025-05-31,STORE-001,PROD-0079,117,10,Available
INV-STORE-001-PROD-0080,2025-05-31,STORE-001,PROD-0080,109,16,Available
INV-STORE-001-PROD-0081,2025-05-31,STORE-001,PROD-0081,0,7,Stockout
INV-STORE-001-PROD-0082,2025-05-31,STORE-001,PROD-0082,95,14,Available
INV-STORE-001-PROD-0083,2025-05-31,STORE-001,PROD-0083,105,20,Available
INV-STORE-001-PROD-0084,2025-05-31,STORE-001,PROD-0084,35,18,Available
INV-STORE-001-PROD-0085,2025-05-31,STORE-001,PROD-0085,72,25,Available
INV-STORE-001-PROD-0086,2025-05-31,STORE-001,PROD-0086,70,16,Available
INV-STORE-001-PROD-0087,2025-05-31,STORE-001,PROD-0087,37,9,Available
INV-STORE-001-PROD-0088,2025-05-31,STORE-001,PROD-0088,116,22,Available
INV-STORE-001-PROD-0089,2025-05-31,STORE-001,PROD-0089,74,19,Available
INV-STORE-001-PROD-0090,2025-05-31,STORE-001,PROD-0090,117,6,Available
INV-STORE-001-PROD-0091,2025-05-31,STORE-001,PROD-0091,43,21,Available
INV-STORE-001-PROD-0092,2025-05-31,STORE-001,PROD-0092,35,21,Available
INV-STORE-001-PROD-0093,2025-05-31,STORE-001,PROD-0093,38,11,Available
INV-STORE-001-PROD-0094,2025-05-31,STORE-001,PROD-0094,48,25,Available
INV-STORE-001-PROD-0095,2025-05-31,STORE-001,PROD-0095,86,18,Available
INV-STORE-001-PROD-0096,2025-05-31,STORE-001,PROD-0096,81,18,Available
INV-STORE-001-PROD-0097,2025-05-31,STORE-001,PROD-0097,118,21,Available
INV-STORE-001-PROD-0098,2025-05-31,STORE-001,PROD-0098,112,21,Available
INV-STORE-001-PROD-0099,2025-05-31,STORE-001,PROD-0099,24,15,Available
INV-STORE-001-PROD-0100,2025-05-31,STORE-001,PROD-0100,18,13,Available
INV-STORE-002-PROD-0001,2025-05-31,STORE-002,PROD-0001,24,13,Available
INV-STORE-002-PROD-0002,2025-05-31,STORE-002,PROD-0002,62,15,Available
INV-STORE-002-PROD-0003,2025-05-31,STORE-002,PROD-0003,107,22,Available
INV-STORE-002-PROD-0004,2025-05-31,STORE-002,PROD-0004,114,16,Available
INV-STORE-002-PROD-0005,2025-05-31,STORE-002,PROD-0005,2,16,Low Stock
INV-STORE-002-PROD-0006,2025-05-31,STORE-002,PROD-0006,108,24,Available
INV-STORE-002-PROD-0007,2025-05-31,STORE-002,PROD-0007,30,18,Available
INV-STORE-002-PROD-0008,2025-05-31,STORE-002,PROD-0008,43,16,Available
INV-STORE-002-PROD-0009,2025-05-31,STORE-002,PROD-0009,39,9,Available
INV-STORE-002-PROD-0010,2025-05-31,STORE-002,PROD-0010,52,12,Available
INV-STORE-002-PROD-0011,2025-05-31,STORE-002,PROD-0011,46,17,Available
INV-STORE-002-PROD-0012,2025-05-31,STORE-002,PROD-0012,58,24,Available
INV-STORE-002-PROD-0013,2025-05-31,STORE-002,PROD-0013,11,9,Available
INV-STORE-002-PROD-0014,2025-05-31,STORE-002,PROD-0014,10,13,Low Stock
INV-STORE-002-PROD-0015,2025-05-31,STORE-002,PROD-0015,23,10,Available
INV-STORE-002-PROD-0016,2025-05-31,STORE-002,PROD-0016,77,6,Available
INV-STORE-002-PROD-0017,2025-05-31,STORE-002,PROD-0017,92,5,Available
INV-STORE-002-PROD-0018,2025-05-31,STORE-002,PROD-0018,35,5,Available
INV-STORE-002-PROD-0019,2025-05-31,STORE-002,PROD-0019,105,25,Available
INV-STORE-002-PROD-0020,2025-05-31,STORE-002,PROD-0020,30,10,Available
INV-STORE-002-PROD-0021,2025-05-31,STORE-002,PROD-0021,51,9,Available
INV-STORE-002-PROD-0022,2025-05-31,STORE-002,PROD-0022,108,16,Available
INV-STORE-002-PROD-0023,2025-05-31,STORE-002,PROD-0023,47,9,Available
INV-STORE-002-PROD-0024,2025-05-31,STORE-002,PROD-0024,117,16,Available
INV-STORE-002-PROD-0025,2025-05-31,STORE-002,PROD-0025,107,19,Available
INV-STORE-002-PROD-0026,2025-05-31,STORE-002,PROD-0026,43,12,Available
INV-STORE-002-PROD-0027,2025-05-31,STORE-002,PROD-0027,3,14,Low Stock
INV-STORE-002-PROD-0028,2025-05-31,STORE-002,PROD-0028,85,16,Available
INV-STORE-002-PROD-0029,2025-05-31,STORE-002,PROD-0029,86,16,Available
INV-STORE-002-PROD-0030,2025-05-31,STORE-002,PROD-0030,8,10,Low Stock
INV-STORE-002-PROD-0031,2025-05-31,STORE-002,PROD-0031,84,23,Available
INV-STORE-002-PROD-0032,2025-05-31,STORE-002,PROD-0032,98,21,Available
INV-STORE-002-PROD-0033,2025-05-31,STORE-002,PROD-0033,98,11,Available
INV-STORE-002-PROD-0034,2025-05-31,STORE-002,PROD-0034,93,22,Available
INV-STORE-002-PROD-0035,2025-05-31,STORE-002,PROD-0035,67,16,Available
INV-STORE-002-PROD-0036,2025-05-31,STORE-002,PROD-0036,22,25,Low Stock
INV-STORE-002-PROD-0037,2025-05-31,STORE-002,PROD-0037,62,19,Available
INV-STORE-002-PROD-0038,2025-05-31,STORE-002,PROD-0038,96,10,Available
INV-STORE-002-PROD-0039,2025-05-31,STORE-002,PROD-0039,25,25,Available
INV-STORE-002-PROD-0040,2025-05-31,STORE-002,PROD-0040,22,10,Available
INV-STORE-002-PROD-0041,2025-05-31,STORE-002,PROD-0041,82,25,Available
INV-STORE-002-PROD-0042,2025-05-31,STORE-002,PROD-0042,25,19,Available
INV-STORE-002-PROD-0043,2025-05-31,STORE-002,PROD-0043,1,22,Low Stock
INV-STORE-002-PROD-0044,2025-05-31,STORE-002,PROD-0044,104,20,Available
INV-STORE-002-PROD-0045,2025-05-31,STORE-002,PROD-0045,57,6,Available
INV-STORE-002-PROD-0046,2025-05-31,STORE-002,PROD-0046,82,23,Available
INV-STORE-002-PROD-0047,2025-05-31,STORE-002,PROD-0047,13,11,Available
INV-STORE-002-PROD-0048,2025-05-31,STORE-002,PROD-0048,45,13,Available
INV-STORE-002-PROD-0049,2025-05-31,STORE-002,PROD-0049,6,20,Low Stock
INV-STORE-002-PROD-0050,2025-05-31,STORE-002,PROD-0050,89,9,Available
INV-STORE-002-PROD-0051,2025-05-31,STORE-002,PROD-0051,100,13,Available
INV-STORE-002-PROD-0052,2025-05-31,STORE-002,PROD-0052,98,25,Available
INV-STORE-002-PROD-0053,2025-05-31,STORE-002,PROD-0053,101,22,Available
INV-STORE-002-PROD-0054,2025-05-31,STORE-002,PROD-0054,13,5,Available
INV-STORE-002-PROD-0055,2025-05-31,STORE-002,PROD-0055,73,11,Available
INV-STORE-002-PROD-0056,2025-05-31,STORE-002,PROD-0056,21,24,Low Stock
INV-STORE-002-PROD-0057,2025-05-31,STORE-002,PROD-0057,33,17,Available
INV-STORE-002-PROD-0058,2025-05-31,STORE-002,PROD-0058,106,7,Available
INV-STORE-002-PROD-0059,2025-05-31,STORE-002,PROD-0059,53,18,Available
INV-STORE-002-PROD-0060,2025-05-31,STORE-002,PROD-0060,93,5,Available
INV-STORE-002-PROD-0061,2025-05-31,STORE-002,PROD-0061,72,16,Available
INV-STORE-002-PROD-0062,2025-05-31,STORE-002,PROD-0062,105,16,Available
INV-STORE-002-PROD-0063,2025-05-31,STORE-002,PROD-0063,35,22,Available
INV-STORE-002-PROD-0064,2025-05-31,STORE-002,PROD-0064,0,11,Stockout
INV-STORE-002-PROD-0065,2025-05-31,STORE-002,PROD-0065,98,17,Available
INV-STORE-002-PROD-0066,2025-05-31,STORE-002,PROD-0066,23,12,Available
INV-STORE-002-PROD-0067,2025-05-31,STORE-002,PROD-0067,30,23,Available
INV-STORE-002-PROD-0068,2025-05-31,STORE-002,PROD-0068,28,20,Available
INV-STORE-002-PROD-0069,2025-05-31,STORE-002,PROD-0069,108,17,Available
INV-STORE-002-PROD-0070,2025-05-31,STORE-002,PROD-0070,81,11,Available
INV-STORE-002-PROD-0071,2025-05-31,STORE-002,PROD-0071,85,14,Available
INV-STORE-002-PROD-0072,2025-05-31,STORE-002,PROD-0072,62,12,Available
INV-STORE-002-PROD-0073,2025-05-31,STORE-002,PROD-0073,119,11,Available
INV-STORE-002-PROD-0074,2025-05-31,STORE-002,PROD-0074,52,17,Available
INV-STORE-002-PROD-0075,2025-05-31,STORE-002,PROD-0075,12,6,Available
INV-STORE-002-PROD-0076,2025-05-31,STORE-002,PROD-0076,64,6,Available
INV-STORE-002-PROD-0077,2025-05-31,STORE-002,PROD-0077,70,12,Available
INV-STORE-002-PROD-0078,2025-05-31,STORE-002,PROD-0078,33,24,Available
INV-STORE-002-PROD-0079,2025-05-31,STORE-002,PROD-0079,3,22,Low Stock
INV-STORE-002-PROD-0080,2025-05-31,STORE-002,PROD-0080,13,10,Available
INV-STORE-002-PROD-0081,2025-05-31,STORE-002,PROD-0081,92,13,Available
INV-STORE-002-PROD-0082,2025-05-31,STORE-002,PROD-0082,1,22,Low Stock
INV-STORE-002-PROD-0083,2025-05-31,STORE-002,PROD-0083,15,8,Available
INV-STORE-002-PROD-0084,2025-05-31,STORE-002,PROD-0084,76,17,Available
INV-STORE-002-PROD-0085,2025-05-31,STORE-002,PROD-0085,87,18,Available
INV-STORE-002-PROD-0086,2025-05-31,STORE-002,PROD-0086,76,19,Available
INV-STORE-002-PROD-0087,2025-05-31,STORE-002,PROD-0087,40,12,Available
INV-STORE-002-PROD-0088,2025-05-31,STORE-002,PROD-0088,100,19,Available
INV-STORE-002-PROD-0089,2025-05-31,STORE-002,PROD-0089,75,13,Available
INV-STORE-002-PROD-0090,2025-05-31,STORE-002,PROD-0090,9,7,Available
INV-STORE-002-PROD-0091,2025-05-31,STORE-002,PROD-0091,103,24,Available
INV-STORE-002-PROD-0092,2025-05-31,STORE-002,PROD-0092,120,25,Available
INV-STORE-002-PROD-0093,2025-05-31,STORE-002,PROD-0093,56,20,Available
INV-STORE-002-PROD-0094,2025-05-31,STORE-002,PROD-0094,37,17,Available
INV-STORE-002-PROD-0095,2025-05-31,STORE-002,PROD-0095,6,6,Available
INV-STORE-002-PROD-0096,2025-05-31,STORE-002,PROD-0096,44,11,Available
INV-STORE-002-PROD-0097,2025-05-31,STORE-002,PROD-0097,83,5,Available
INV-STORE-002-PROD-0098,2025-05-31,STORE-002,PROD-0098,110,10,Available
INV-STORE-002-PROD-0099,2025-05-31,STORE-002,PROD-0099,0,6,Stockout
INV-STORE-002-PROD-0100,2025-05-31,STORE-002,PROD-0100,62,19,Available
INV-STORE-003-PROD-0001,2025-05-31,STORE-003,PROD-0001,119,16,Available
INV-STORE-003-PROD-0002,2025-05-31,STORE-003,PROD-0002,61,24,Available
INV-STORE-003-PROD-0003,2025-05-31,STORE-003,PROD-0003,33,7,Available
INV-STORE-003-PROD-0004,2025-05-31,STORE-003,PROD-0004,28,15,Available
INV-STORE-003-PROD-0005,2025-05-31,STORE-003,PROD-0005,15,9,Available
INV-STORE-003-PROD-0006,2025-05-31,STORE-003,PROD-0006,27,16,Available
INV-STORE-003-PROD-0007,2025-05-31,STORE-003,PROD-0007,38,10,Available
INV-STORE-003-PROD-0008,2025-05-31,STORE-003,PROD-0008,103,5,Available
INV-STORE-003-PROD-0009,2025-05-31,STORE-003,PROD-0009,120,13,Available
INV-STORE-003-PROD-0010,2025-05-31,STORE-003,PROD-0010,93,25,Available
INV-STORE-003-PROD-0011,2025-05-31,STORE-003,PROD-0011,13,21,Low Stock
INV-STORE-003-PROD-0012,2025-05-31,STORE-003,PROD-0012,5,10,Low Stock
INV-STORE-003-PROD-0013,2025-05-31,STORE-003,PROD-0013,11,14,Low Stock
INV-STORE-003-PROD-0014,2025-05-31,STORE-003,PROD-0014,114,15,Available
INV-STORE-003-PROD-0015,2025-05-31,STORE-003,PROD-0015,4,20,Low Stock
INV-STORE-003-PROD-0016,2025-05-31,STORE-003,PROD-0016,108,19,Available
INV-STORE-003-PROD-0017,2025-05-31,STORE-003,PROD-0017,80,8,Available
INV-STORE-003-PROD-0018,2025-05-31,STORE-003,PROD-0018,61,8,Available
INV-STORE-003-PROD-0019,2025-05-31,STORE-003,PROD-0019,5,12,Low Stock
INV-STORE-003-PROD-0020,2025-05-31,STORE-003,PROD-0020,70,9,Available
INV-STORE-003-PROD-0021,2025-05-31,STORE-003,PROD-0021,14,25,Low Stock
INV-STORE-003-PROD-0022,2025-05-31,STORE-003,PROD-0022,69,19,Available
INV-STORE-003-PROD-0023,2025-05-31,STORE-003,PROD-0023,76,21,Available
INV-STORE-003-PROD-0024,2025-05-31,STORE-003,PROD-0024,51,14,Available
INV-STORE-003-PROD-0025,2025-05-31,STORE-003,PROD-0025,89,12,Available
INV-STORE-003-PROD-0026,2025-05-31,STORE-003,PROD-0026,90,18,Available
INV-STORE-003-PROD-0027,2025-05-31,STORE-003,PROD-0027,62,25,Available
INV-STORE-003-PROD-0028,2025-05-31,STORE-003,PROD-0028,55,15,Available
INV-STORE-003-PROD-0029,2025-05-31,STORE-003,PROD-0029,108,17,Available
INV-STORE-003-PROD-0030,2025-05-31,STORE-003,PROD-0030,118,12,Available
INV-STORE-003-PROD-0031,2025-05-31,STORE-003,PROD-0031,87,7,Available
INV-STORE-003-PROD-0032,2025-05-31,STORE-003,PROD-0032,1,6,Low Stock
INV-STORE-003-PROD-0033,2025-05-31,STORE-003,PROD-0033,109,25,Available
INV-STORE-003-PROD-0034,2025-05-31,STORE-003,PROD-0034,38,5,Available
INV-STORE-003-PROD-0035,2025-05-31,STORE-003,PROD-0035,50,5,Available
INV-STORE-003-PROD-0036,2025-05-31,STORE-003,PROD-0036,62,6,Available
INV-STORE-003-PROD-0037,2025-05-31,STORE-003,PROD-0037,89,7,Available
INV-STORE-003-PROD-0038,2025-05-31,STORE-003,PROD-0038,101,8,Available
INV-STORE-003-PROD-0039,2025-05-31,STORE-003,PROD-0039,2,12,Low Stock
INV-STORE-003-PROD-0040,2025-05-31,STORE-003,PROD-0040,7,14,Low Stock
INV-STORE-003-PROD-0041,2025-05-31,STORE-003,PROD-0041,32,23,Available
INV-STORE-003-PROD-0042,2025-05-31,STORE-003,PROD-0042,103,16,Available
INV-STORE-003-PROD-0043,2025-05-31,STORE-003,PROD-0043,114,12,Available
INV-STORE-003-PROD-0044,2025-05-31,STORE-003,PROD-0044,1,14,Low Stock
INV-STORE-003-PROD-0045,2025-05-31,STORE-003,PROD-0045,25,23,Available
INV-STORE-003-PROD-0046,2025-05-31,STORE-003,PROD-0046,33,22,Available
INV-STORE-003-PROD-0047,2025-05-31,STORE-003,PROD-0047,24,18,Available
INV-STORE-003-PROD-0048,2025-05-31,STORE-003,PROD-0048,84,11,Available
INV-STORE-003-PROD-0049,2025-05-31,STORE-003,PROD-0049,97,16,Available
INV-STORE-003-PROD-0050,2025-05-31,STORE-003,PROD-0050,48,13,Available
INV-STORE-003-PROD-0051,2025-05-31,STORE-003,PROD-0051,42,11,Available
INV-STORE-003-PROD-0052,2025-05-31,STORE-003,PROD-0052,109,21,Available
INV-STORE-003-PROD-0053,2025-05-31,STORE-003,PROD-0053,77,21,Available
INV-STORE-003-PROD-0054,2025-05-31,STORE-003,PROD-0054,4,12,Low Stock
INV-STORE-003-PROD-0055,2025-05-31,STORE-003,PROD-0055,103,13,Available
INV-STORE-003-PROD-0056,2025-05-31,STORE-003,PROD-0056,29,17,Available
INV-STORE-003-PROD-0057,2025-05-31,STORE-003,PROD-0057,9,20,Low Stock
INV-STORE-003-PROD-0058,2025-05-31,STORE-003,PROD-0058,81,18,Available
INV-STORE-003-PROD-0059,2025-05-31,STORE-003,PROD-0059,20,24,Low Stock
INV-STORE-003-PROD-0060,2025-05-31,STORE-003,PROD-0060,114,21,Available
INV-STORE-003-PROD-0061,2025-05-31,STORE-003,PROD-0061,97,20,Available
INV-STORE-003-PROD-0062,2025-05-31,STORE-003,PROD-0062,99,25,Available
INV-STORE-003-PROD-0063,2025-05-31,STORE-003,PROD-0063,6,8,Low Stock
INV-STORE-003-PROD-0064,2025-05-31,STORE-003,PROD-0064,94,23,Available
INV-STORE-003-PROD-0065,2025-05-31,STORE-003,PROD-0065,8,13,Low Stock
INV-STORE-003-PROD-0066,2025-05-31,STORE-003,PROD-0066,70,9,Available
INV-STORE-003-PROD-0067,2025-05-31,STORE-003,PROD-0067,35,12,Available
INV-STORE-003-PROD-0068,2025-05-31,STORE-003,PROD-0068,93,8,Available
INV-STORE-003-PROD-0069,2025-05-31,STORE-003,PROD-0069,72,22,Available
INV-STORE-003-PROD-0070,2025-05-31,STORE-003,PROD-0070,12,12,Available
INV-STORE-003-PROD-0071,2025-05-31,STORE-003,PROD-0071,118,8,Available
INV-STORE-003-PROD-0072,2025-05-31,STORE-003,PROD-0072,67,13,Available
INV-STORE-003-PROD-0073,2025-05-31,STORE-003,PROD-0073,48,10,Available
INV-STORE-003-PROD-0074,2025-05-31,STORE-003,PROD-0074,90,24,Available
INV-STORE-003-PROD-0075,2025-05-31,STORE-003,PROD-0075,6,8,Low Stock
INV-STORE-003-PROD-0076,2025-05-31,STORE-003,PROD-0076,29,20,Available
INV-STORE-003-PROD-0077,2025-05-31,STORE-003,PROD-0077,100,12,Available
INV-STORE-003-PROD-0078,2025-05-31,STORE-003,PROD-0078,63,25,Available
INV-STORE-003-PROD-0079,2025-05-31,STORE-003,PROD-0079,28,25,Available
INV-STORE-003-PROD-0080,2025-05-31,STORE-003,PROD-0080,0,15,Stockout
INV-STORE-003-PROD-0081,2025-05-31,STORE-003,PROD-0081,106,19,Available
INV-STORE-003-PROD-0082,2025-05-31,STORE-003,PROD-0082,83,21,Available
INV-STORE-003-PROD-0083,2025-05-31,STORE-003,PROD-0083,72,14,Available
INV-STORE-003-PROD-0084,2025-05-31,STORE-003,PROD-0084,77,8,Available
INV-STORE-003-PROD-0085,2025-05-31,STORE-003,PROD-0085,66,8,Available
INV-STORE-003-PROD-0086,2025-05-31,STORE-003,PROD-0086,118,20,Available
INV-STORE-003-PROD-0087,2025-05-31,STORE-003,PROD-0087,9,16,Low Stock
INV-STORE-003-PROD-0088,2025-05-31,STORE-003,PROD-0088,4,9,Low Stock
INV-STORE-003-PROD-0089,2025-05-31,STORE-003,PROD-0089,37,22,Available
INV-STORE-003-PROD-0090,2025-05-31,STORE-003,PROD-0090,117,5,Available
INV-STORE-003-PROD-0091,2025-05-31,STORE-003,PROD-0091,25,12,Available
INV-STORE-003-PROD-0092,2025-05-31,STORE-003,PROD-0092,9,16,Low Stock
INV-STORE-003-PROD-0093,2025-05-31,STORE-003,PROD-0093,26,13,Available
INV-STORE-003-PROD-0094,2025-05-31,STORE-003,PROD-0094,20,23,Low Stock
INV-STORE-003-PROD-0095,2025-05-31,STORE-003,PROD-0095,94,8,Available
INV-STORE-003-PROD-0096,2025-05-31,STORE-003,PROD-0096,94,12,Available
INV-STORE-003-PROD-0097,2025-05-31,STORE-003,PROD-0097,28,7,Available
INV-STORE-003-PROD-0098,2025-05-31,STORE-003,PROD-0098,51,21,Available
INV-STORE-003-PROD-0099,2025-05-31,STORE-003,PROD-0099,47,15,Available
INV-STORE-003-PROD-0100,2025-05-31,STORE-003,PROD-0100,22,5,Available
INV-STORE-004-PROD-0001,2025-05-31,STORE-004,PROD-0001,120,7,Available
INV-STORE-004-PROD-0002,2025-05-31,STORE-004,PROD-0002,61,20,Available
INV-STORE-004-PROD-0003,2025-05-31,STORE-004,PROD-0003,45,21,Available
INV-STORE-004-PROD-0004,2025-05-31,STORE-004,PROD-0004,0,24,Stockout
INV-STORE-004-PROD-0005,2025-05-31,STORE-004,PROD-0005,53,19,Available
INV-STORE-004-PROD-0006,2025-05-31,STORE-004,PROD-0006,0,13,Stockout
INV-STORE-004-PROD-0007,2025-05-31,STORE-004,PROD-0007,112,11,Available
INV-STORE-004-PROD-0008,2025-05-31,STORE-004,PROD-0008,19,22,Low Stock
INV-STORE-004-PROD-0009,2025-05-31,STORE-004,PROD-0009,28,23,Available
INV-STORE-004-PROD-0010,2025-05-31,STORE-004,PROD-0010,90,13,Available
INV-STORE-004-PROD-0011,2025-05-31,STORE-004,PROD-0011,88,17,Available
INV-STORE-004-PROD-0012,2025-05-31,STORE-004,PROD-0012,94,6,Available
INV-STORE-004-PROD-0013,2025-05-31,STORE-004,PROD-0013,51,19,Available
INV-STORE-004-PROD-0014,2025-05-31,STORE-004,PROD-0014,89,18,Available
INV-STORE-004-PROD-0015,2025-05-31,STORE-004,PROD-0015,10,9,Available
INV-STORE-004-PROD-0016,2025-05-31,STORE-004,PROD-0016,61,12,Available
INV-STORE-004-PROD-0017,2025-05-31,STORE-004,PROD-0017,15,10,Available
INV-STORE-004-PROD-0018,2025-05-31,STORE-004,PROD-0018,68,22,Available
INV-STORE-004-PROD-0019,2025-05-31,STORE-004,PROD-0019,115,5,Available
INV-STORE-004-PROD-0020,2025-05-31,STORE-004,PROD-0020,16,22,Low Stock
INV-STORE-004-PROD-0021,2025-05-31,STORE-004,PROD-0021,12,12,Available
INV-STORE-004-PROD-0022,2025-05-31,STORE-004,PROD-0022,7,11,Low Stock
INV-STORE-004-PROD-0023,2025-05-31,STORE-004,PROD-0023,111,17,Available
INV-STORE-004-PROD-0024,2025-05-31,STORE-004,PROD-0024,16,10,Available
INV-STORE-004-PROD-0025,2025-05-31,STORE-004,PROD-0025,0,11,Stockout
INV-STORE-004-PROD-0026,2025-05-31,STORE-004,PROD-0026,119,22,Available
INV-STORE-004-PROD-0027,2025-05-31,STORE-004,PROD-0027,36,10,Available
INV-STORE-004-PROD-0028,2025-05-31,STORE-004,PROD-0028,71,23,Available
INV-STORE-004-PROD-0029,2025-05-31,STORE-004,PROD-0029,31,17,Available
INV-STORE-004-PROD-0030,2025-05-31,STORE-004,PROD-0030,115,7,Available
INV-STORE-004-PROD-0031,2025-05-31,STORE-004,PROD-0031,4,7,Low Stock
INV-STORE-004-PROD-0032,2025-05-31,STORE-004,PROD-0032,63,5,Available
INV-STORE-004-PROD-0033,2025-05-31,STORE-004,PROD-0033,45,24,Available
INV-STORE-004-PROD-0034,2025-05-31,STORE-004,PROD-0034,43,24,Available
INV-STORE-004-PROD-0035,2025-05-31,STORE-004,PROD-0035,60,18,Available
INV-STORE-004-PROD-0036,2025-05-31,STORE-004,PROD-0036,4,12,Low Stock
INV-STORE-004-PROD-0037,2025-05-31,STORE-004,PROD-0037,88,17,Available
INV-STORE-004-PROD-0038,2025-05-31,STORE-004,PROD-0038,87,25,Available
INV-STORE-004-PROD-0039,2025-05-31,STORE-004,PROD-0039,54,13,Available
INV-STORE-004-PROD-0040,2025-05-31,STORE-004,PROD-0040,0,7,Stockout
INV-STORE-004-PROD-0041,2025-05-31,STORE-004,PROD-0041,58,12,Available
INV-STORE-004-PROD-0042,2025-05-31,STORE-004,PROD-0042,65,21,Available
INV-STORE-004-PROD-0043,2025-05-31,STORE-004,PROD-0043,92,9,Available
INV-STORE-004-PROD-0044,2025-05-31,STORE-004,PROD-0044,99,17,Available
INV-STORE-004-PROD-0045,2025-05-31,STORE-004,PROD-0045,3,24,Low Stock
INV-STORE-004-PROD-0046,2025-05-31,STORE-004,PROD-0046,68,24,Available
INV-STORE-004-PROD-0047,2025-05-31,STORE-004,PROD-0047,68,22,Available
INV-STORE-004-PROD-0048,2025-05-31,STORE-004,PROD-0048,100,25,Available
INV-STORE-004-PROD-0049,2025-05-31,STORE-004,PROD-0049,87,13,Available
INV-STORE-004-PROD-0050,2025-05-31,STORE-004,PROD-0050,115,6,Available
INV-STORE-004-PROD-0051,2025-05-31,STORE-004,PROD-0051,32,24,Available
INV-STORE-004-PROD-0052,2025-05-31,STORE-004,PROD-0052,103,23,Available
INV-STORE-004-PROD-0053,2025-05-31,STORE-004,PROD-0053,48,25,Available
INV-STORE-004-PROD-0054,2025-05-31,STORE-004,PROD-0054,108,21,Available
INV-STORE-004-PROD-0055,2025-05-31,STORE-004,PROD-0055,50,8,Available
INV-STORE-004-PROD-0056,2025-05-31,STORE-004,PROD-0056,31,22,Available
INV-STORE-004-PROD-0057,2025-05-31,STORE-004,PROD-0057,84,24,Available
INV-STORE-004-PROD-0058,2025-05-31,STORE-004,PROD-0058,64,21,Available
INV-STORE-004-PROD-0059,2025-05-31,STORE-004,PROD-0059,108,14,Available
INV-STORE-004-PROD-0060,2025-05-31,STORE-004,PROD-0060,28,23,Available
INV-STORE-004-PROD-0061,2025-05-31,STORE-004,PROD-0061,76,23,Available
INV-STORE-004-PROD-0062,2025-05-31,STORE-004,PROD-0062,65,21,Available
INV-STORE-004-PROD-0063,2025-05-31,STORE-004,PROD-0063,89,5,Available
INV-STORE-004-PROD-0064,2025-05-31,STORE-004,PROD-0064,76,5,Available
INV-STORE-004-PROD-0065,2025-05-31,STORE-004,PROD-0065,63,5,Available
INV-STORE-004-PROD-0066,2025-05-31,STORE-004,PROD-0066,70,7,Available
INV-STORE-004-PROD-0067,2025-05-31,STORE-004,PROD-0067,96,11,Available
INV-STORE-004-PROD-0068,2025-05-31,STORE-004,PROD-0068,10,19,Low Stock
INV-STORE-004-PROD-0069,2025-05-31,STORE-004,PROD-0069,66,24,Available
INV-STORE-004-PROD-0070,2025-05-31,STORE-004,PROD-0070,13,16,Low Stock
INV-STORE-004-PROD-0071,2025-05-31,STORE-004,PROD-0071,76,22,Available
INV-STORE-004-PROD-0072,2025-05-31,STORE-004,PROD-0072,18,5,Available
INV-STORE-004-PROD-0073,2025-05-31,STORE-004,PROD-0073,17,25,Low Stock
INV-STORE-004-PROD-0074,2025-05-31,STORE-004,PROD-0074,6,11,Low Stock
INV-STORE-004-PROD-0075,2025-05-31,STORE-004,PROD-0075,89,10,Available
INV-STORE-004-PROD-0076,2025-05-31,STORE-004,PROD-0076,75,14,Available
INV-STORE-004-PROD-0077,2025-05-31,STORE-004,PROD-0077,1,5,Low Stock
INV-STORE-004-PROD-0078,2025-05-31,STORE-004,PROD-0078,120,6,Available
INV-STORE-004-PROD-0079,2025-05-31,STORE-004,PROD-0079,97,9,Available
INV-STORE-004-PROD-0080,2025-05-31,STORE-004,PROD-0080,97,18,Available
INV-STORE-004-PROD-0081,2025-05-31,STORE-004,PROD-0081,40,20,Available
INV-STORE-004-PROD-0082,2025-05-31,STORE-004,PROD-0082,84,22,Available
INV-STORE-004-PROD-0083,2025-05-31,STORE-004,PROD-0083,23,17,Available
INV-STORE-004-PROD-0084,2025-05-31,STORE-004,PROD-0084,64,22,Available
INV-STORE-004-PROD-0085,2025-05-31,STORE-004,PROD-0085,25,22,Available
INV-STORE-004-PROD-0086,2025-05-31,STORE-004,PROD-0086,12,8,Available
INV-STORE-004-PROD-0087,2025-05-31,STORE-004,PROD-0087,52,18,Available
INV-STORE-004-PROD-0088,2025-05-31,STORE-004,PROD-0088,112,14,Available
INV-STORE-004-PROD-0089,2025-05-31,STORE-004,PROD-0089,54,21,Available
INV-STORE-004-PROD-0090,2025-05-31,STORE-004,PROD-0090,0,9,Stockout
INV-STORE-004-PROD-0091,2025-05-31,STORE-004,PROD-0091,51,11,Available
INV-STORE-004-PROD-0092,2025-05-31,STORE-004,PROD-0092,67,23,Available
INV-STORE-004-PROD-0093,2025-05-31,STORE-004,PROD-0093,82,11,Available
INV-STORE-004-PROD-0094,2025-05-31,STORE-004,PROD-0094,118,10,Available
INV-STORE-004-PROD-0095,2025-05-31,STORE-004,PROD-0095,62,16,Available
INV-STORE-004-PROD-0096,2025-05-31,STORE-004,PROD-0096,58,16,Available
INV-STORE-004-PROD-0097,2025-05-31,STORE-004,PROD-0097,71,22,Available
INV-STORE-004-PROD-0098,2025-05-31,STORE-004,PROD-0098,108,16,Available
INV-STORE-004-PROD-0099,2025-05-31,STORE-004,PROD-0099,81,17,Available
INV-STORE-004-PROD-0100,2025-05-31,STORE-004,PROD-0100,49,10,Available
INV-STORE-005-PROD-0001,2025-05-31,STORE-005,PROD-0001,35,21,Available
INV-STORE-005-PROD-0002,2025-05-31,STORE-005,PROD-0002,28,6,Available
INV-STORE-005-PROD-0003,2025-05-31,STORE-005,PROD-0003,95,13,Available
INV-STORE-005-PROD-0004,2025-05-31,STORE-005,PROD-0004,48,12,Available
INV-STORE-005-PROD-0005,2025-05-31,STORE-005,PROD-0005,38,21,Available
INV-STORE-005-PROD-0006,2025-05-31,STORE-005,PROD-0006,90,25,Available
INV-STORE-005-PROD-0007,2025-05-31,STORE-005,PROD-0007,55,19,Available
INV-STORE-005-PROD-0008,2025-05-31,STORE-005,PROD-0008,18,14,Available
INV-STORE-005-PROD-0009,2025-05-31,STORE-005,PROD-0009,114,17,Available
INV-STORE-005-PROD-0010,2025-05-31,STORE-005,PROD-0010,83,6,Available
INV-STORE-005-PROD-0011,2025-05-31,STORE-005,PROD-0011,33,25,Available
INV-STORE-005-PROD-0012,2025-05-31,STORE-005,PROD-0012,12,23,Low Stock
INV-STORE-005-PROD-0013,2025-05-31,STORE-005,PROD-0013,78,22,Available
INV-STORE-005-PROD-0014,2025-05-31,STORE-005,PROD-0014,57,16,Available
INV-STORE-005-PROD-0015,2025-05-31,STORE-005,PROD-0015,83,10,Available
INV-STORE-005-PROD-0016,2025-05-31,STORE-005,PROD-0016,39,8,Available
INV-STORE-005-PROD-0017,2025-05-31,STORE-005,PROD-0017,4,25,Low Stock
INV-STORE-005-PROD-0018,2025-05-31,STORE-005,PROD-0018,83,24,Available
INV-STORE-005-PROD-0019,2025-05-31,STORE-005,PROD-0019,7,7,Available
INV-STORE-005-PROD-0020,2025-05-31,STORE-005,PROD-0020,106,17,Available
INV-STORE-005-PROD-0021,2025-05-31,STORE-005,PROD-0021,38,14,Available
INV-STORE-005-PROD-0022,2025-05-31,STORE-005,PROD-0022,92,13,Available
INV-STORE-005-PROD-0023,2025-05-31,STORE-005,PROD-0023,65,23,Available
INV-STORE-005-PROD-0024,2025-05-31,STORE-005,PROD-0024,52,19,Available
INV-STORE-005-PROD-0025,2025-05-31,STORE-005,PROD-0025,78,18,Available
INV-STORE-005-PROD-0026,2025-05-31,STORE-005,PROD-0026,105,24,Available
INV-STORE-005-PROD-0027,2025-05-31,STORE-005,PROD-0027,109,20,Available
INV-STORE-005-PROD-0028,2025-05-31,STORE-005,PROD-0028,49,22,Available
INV-STORE-005-PROD-0029,2025-05-31,STORE-005,PROD-0029,68,18,Available
INV-STORE-005-PROD-0030,2025-05-31,STORE-005,PROD-0030,74,7,Available
INV-STORE-005-PROD-0031,2025-05-31,STORE-005,PROD-0031,58,19,Available
INV-STORE-005-PROD-0032,2025-05-31,STORE-005,PROD-0032,8,15,Low Stock
INV-STORE-005-PROD-0033,2025-05-31,STORE-005,PROD-0033,24,14,Available
INV-STORE-005-PROD-0034,2025-05-31,STORE-005,PROD-0034,38,18,Available
INV-STORE-005-PROD-0035,2025-05-31,STORE-005,PROD-0035,18,19,Low Stock
INV-STORE-005-PROD-0036,2025-05-31,STORE-005,PROD-0036,29,5,Available
INV-STORE-005-PROD-0037,2025-05-31,STORE-005,PROD-0037,11,9,Available
INV-STORE-005-PROD-0038,2025-05-31,STORE-005,PROD-0038,9,20,Low Stock
INV-STORE-005-PROD-0039,2025-05-31,STORE-005,PROD-0039,63,25,Available
INV-STORE-005-PROD-0040,2025-05-31,STORE-005,PROD-0040,92,24,Available
INV-STORE-005-PROD-0041,2025-05-31,STORE-005,PROD-0041,92,19,Available
INV-STORE-005-PROD-0042,2025-05-31,STORE-005,PROD-0042,3,23,Low Stock
INV-STORE-005-PROD-0043,2025-05-31,STORE-005,PROD-0043,2,21,Low Stock
INV-STORE-005-PROD-0044,2025-05-31,STORE-005,PROD-0044,78,21,Available
INV-STORE-005-PROD-0045,2025-05-31,STORE-005,PROD-0045,52,8,Available
INV-STORE-005-PROD-0046,2025-05-31,STORE-005,PROD-0046,35,14,Available
INV-STORE-005-PROD-0047,2025-05-31,STORE-005,PROD-0047,87,13,Available
INV-STORE-005-PROD-0048,2025-05-31,STORE-005,PROD-0048,114,11,Available
INV-STORE-005-PROD-0049,2025-05-31,STORE-005,PROD-0049,116,21,Available
INV-STORE-005-PROD-0050,2025-05-31,STORE-005,PROD-0050,10,16,Low Stock
INV-STORE-005-PROD-0051,2025-05-31,STORE-005,PROD-0051,30,8,Available
INV-STORE-005-PROD-0052,2025-05-31,STORE-005,PROD-0052,117,19,Available
INV-STORE-005-PROD-0053,2025-05-31,STORE-005,PROD-0053,4,8,Low Stock
INV-STORE-005-PROD-0054,2025-05-31,STORE-005,PROD-0054,35,18,Available
INV-STORE-005-PROD-0055,2025-05-31,STORE-005,PROD-0055,1,6,Low Stock
INV-STORE-005-PROD-0056,2025-05-31,STORE-005,PROD-0056,10,13,Low Stock
INV-STORE-005-PROD-0057,2025-05-31,STORE-005,PROD-0057,0,7,Stockout
INV-STORE-005-PROD-0058,2025-05-31,STORE-005,PROD-0058,74,25,Available
INV-STORE-005-PROD-0059,2025-05-31,STORE-005,PROD-0059,40,14,Available
INV-STORE-005-PROD-0060,2025-05-31,STORE-005,PROD-0060,41,18,Available
INV-STORE-005-PROD-0061,2025-05-31,STORE-005,PROD-0061,48,17,Available
INV-STORE-005-PROD-0062,2025-05-31,STORE-005,PROD-0062,26,17,Available
INV-STORE-005-PROD-0063,2025-05-31,STORE-005,PROD-0063,100,25,Available
INV-STORE-005-PROD-0064,2025-05-31,STORE-005,PROD-0064,41,20,Available
INV-STORE-005-PROD-0065,2025-05-31,STORE-005,PROD-0065,100,8,Available
INV-STORE-005-PROD-0066,2025-05-31,STORE-005,PROD-0066,93,7,Available
INV-STORE-005-PROD-0067,2025-05-31,STORE-005,PROD-0067,24,12,Available
INV-STORE-005-PROD-0068,2025-05-31,STORE-005,PROD-0068,110,25,Available
INV-STORE-005-PROD-0069,2025-05-31,STORE-005,PROD-0069,26,21,Available
INV-STORE-005-PROD-0070,2025-05-31,STORE-005,PROD-0070,8,14,Low Stock
INV-STORE-005-PROD-0071,2025-05-31,STORE-005,PROD-0071,119,6,Available
INV-STORE-005-PROD-0072,2025-05-31,STORE-005,PROD-0072,48,12,Available
INV-STORE-005-PROD-0073,2025-05-31,STORE-005,PROD-0073,2,9,Low Stock
INV-STORE-005-PROD-0074,2025-05-31,STORE-005,PROD-0074,107,15,Available
INV-STORE-005-PROD-0075,2025-05-31,STORE-005,PROD-0075,109,12,Available
INV-STORE-005-PROD-0076,2025-05-31,STORE-005,PROD-0076,35,7,Available
INV-STORE-005-PROD-0077,2025-05-31,STORE-005,PROD-0077,51,5,Available
INV-STORE-005-PROD-0078,2025-05-31,STORE-005,PROD-0078,84,24,Available
INV-STORE-005-PROD-0079,2025-05-31,STORE-005,PROD-0079,50,25,Available
INV-STORE-005-PROD-0080,2025-05-31,STORE-005,PROD-0080,25,21,Available
INV-STORE-005-PROD-0081,2025-05-31,STORE-005,PROD-0081,119,18,Available
INV-STORE-005-PROD-0082,2025-05-31,STORE-005,PROD-0082,54,12,Available
INV-STORE-005-PROD-0083,2025-05-31,STORE-005,PROD-0083,46,16,Available
INV-STORE-005-PROD-0084,2025-05-31,STORE-005,PROD-0084,31,23,Available
INV-STORE-005-PROD-0085,2025-05-31,STORE-005,PROD-0085,42,9,Available
INV-STORE-005-PROD-0086,2025-05-31,STORE-005,PROD-0086,80,24,Available
INV-STORE-005-PROD-0087,2025-05-31,STORE-005,PROD-0087,22,17,Available
INV-STORE-005-PROD-0088,2025-05-31,STORE-005,PROD-0088,107,16,Available
INV-STORE-005-PROD-0089,2025-05-31,STORE-005,PROD-0089,11,11,Available
INV-STORE-005-PROD-0090,2025-05-31,STORE-005,PROD-0090,89,9,Available
INV-STORE-005-PROD-0091,2025-05-31,STORE-005,PROD-0091,21,23,Low Stock
INV-STORE-005-PROD-0092,2025-05-31,STORE-005,PROD-0092,7,13,Low Stock
INV-STORE-005-PROD-0093,2025-05-31,STORE-005,PROD-0093,20,19,Available
INV-STORE-005-PROD-0094,2025-05-31,STORE-005,PROD-0094,117,17,Available
INV-STORE-005-PROD-0095,2025-05-31,STORE-005,PROD-0095,105,24,Available
INV-STORE-005-PROD-0096,2025-05-31,STORE-005,PROD-0096,56,6,Available
INV-STORE-005-PROD-0097,2025-05-31,STORE-005,PROD-0097,118,17,Available
INV-STORE-005-PROD-0098,2025-05-31,STORE-005,PROD-0098,2,9,Low Stock
INV-STORE-005-PROD-0099,2025-05-31,STORE-005,PROD-0099,42,10,Available
INV-STORE-005-PROD-0100,2025-05-31,STORE-005,PROD-0100,36,6,Available
INV-STORE-006-PROD-0001,2025-05-31,STORE-006,PROD-0001,27,23,Available
INV-STORE-006-PROD-0002,2025-05-31,STORE-006,PROD-0002,35,23,Available
INV-STORE-006-PROD-0003,2025-05-31,STORE-006,PROD-0003,109,12,Available
INV-STORE-006-PROD-0004,2025-05-31,STORE-006,PROD-0004,120,23,Available
INV-STORE-006-PROD-0005,2025-05-31,STORE-006,PROD-0005,45,7,Available
INV-STORE-006-PROD-0006,2025-05-31,STORE-006,PROD-0006,0,9,Stockout
INV-STORE-006-PROD-0007,2025-05-31,STORE-006,PROD-0007,34,17,Available
INV-STORE-006-PROD-0008,2025-05-31,STORE-006,PROD-0008,81,11,Available
INV-STORE-006-PROD-0009,2025-05-31,STORE-006,PROD-0009,8,8,Available
INV-STORE-006-PROD-0010,2025-05-31,STORE-006,PROD-0010,51,9,Available
INV-STORE-006-PROD-0011,2025-05-31,STORE-006,PROD-0011,103,9,Available
INV-STORE-006-PROD-0012,2025-05-31,STORE-006,PROD-0012,4,10,Low Stock
INV-STORE-006-PROD-0013,2025-05-31,STORE-006,PROD-0013,28,12,Available
INV-STORE-006-PROD-0014,2025-05-31,STORE-006,PROD-0014,0,6,Stockout
INV-STORE-006-PROD-0015,2025-05-31,STORE-006,PROD-0015,76,9,Available
INV-STORE-006-PROD-0016,2025-05-31,STORE-006,PROD-0016,94,10,Available
INV-STORE-006-PROD-0017,2025-05-31,STORE-006,PROD-0017,43,13,Available
INV-STORE-006-PROD-0018,2025-05-31,STORE-006,PROD-0018,87,25,Available
INV-STORE-006-PROD-0019,2025-05-31,STORE-006,PROD-0019,41,12,Available
INV-STORE-006-PROD-0020,2025-05-31,STORE-006,PROD-0020,10,24,Low Stock
INV-STORE-006-PROD-0021,2025-05-31,STORE-006,PROD-0021,43,20,Available
INV-STORE-006-PROD-0022,2025-05-31,STORE-006,PROD-0022,73,21,Available
INV-STORE-006-PROD-0023,2025-05-31,STORE-006,PROD-0023,24,17,Available
INV-STORE-006-PROD-0024,2025-05-31,STORE-006,PROD-0024,80,22,Available
INV-STORE-006-PROD-0025,2025-05-31,STORE-006,PROD-0025,6,16,Low Stock
INV-STORE-006-PROD-0026,2025-05-31,STORE-006,PROD-0026,83,13,Available
INV-STORE-006-PROD-0027,2025-05-31,STORE-006,PROD-0027,30,25,Available
INV-STORE-006-PROD-0028,2025-05-31,STORE-006,PROD-0028,47,17,Available
INV-STORE-006-PROD-0029,2025-05-31,STORE-006,PROD-0029,33,9,Available
INV-STORE-006-PROD-0030,2025-05-31,STORE-006,PROD-0030,75,15,Available
INV-STORE-006-PROD-0031,2025-05-31,STORE-006,PROD-0031,18,10,Available
INV-STORE-006-PROD-0032,2025-05-31,STORE-006,PROD-0032,34,11,Available
INV-STORE-006-PROD-0033,2025-05-31,STORE-006,PROD-0033,117,14,Available
INV-STORE-006-PROD-0034,2025-05-31,STORE-006,PROD-0034,82,22,Available
INV-STORE-006-PROD-0035,2025-05-31,STORE-006,PROD-0035,88,19,Available
INV-STORE-006-PROD-0036,2025-05-31,STORE-006,PROD-0036,34,10,Available
INV-STORE-006-PROD-0037,2025-05-31,STORE-006,PROD-0037,44,9,Available
INV-STORE-006-PROD-0038,2025-05-31,STORE-006,PROD-0038,45,24,Available
INV-STORE-006-PROD-0039,2025-05-31,STORE-006,PROD-0039,119,10,Available
INV-STORE-006-PROD-0040,2025-05-31,STORE-006,PROD-0040,46,21,Available
INV-STORE-006-PROD-0041,2025-05-31,STORE-006,PROD-0041,2,15,Low Stock
INV-STORE-006-PROD-0042,2025-05-31,STORE-006,PROD-0042,18,15,Available
INV-STORE-006-PROD-0043,2025-05-31,STORE-006,PROD-0043,118,20,Available
INV-STORE-006-PROD-0044,2025-05-31,STORE-006,PROD-0044,19,14,Available
INV-STORE-006-PROD-0045,2025-05-31,STORE-006,PROD-0045,4,8,Low Stock
INV-STORE-006-PROD-0046,2025-05-31,STORE-006,PROD-0046,34,14,Available
INV-STORE-006-PROD-0047,2025-05-31,STORE-006,PROD-0047,112,9,Available
INV-STORE-006-PROD-0048,2025-05-31,STORE-006,PROD-0048,85,19,Available
INV-STORE-006-PROD-0049,2025-05-31,STORE-006,PROD-0049,53,25,Available
INV-STORE-006-PROD-0050,2025-05-31,STORE-006,PROD-0050,94,12,Available
INV-STORE-006-PROD-0051,2025-05-31,STORE-006,PROD-0051,33,13,Available
INV-STORE-006-PROD-0052,2025-05-31,STORE-006,PROD-0052,48,24,Available
INV-STORE-006-PROD-0053,2025-05-31,STORE-006,PROD-0053,33,19,Available
INV-STORE-006-PROD-0054,2025-05-31,STORE-006,PROD-0054,81,11,Available
INV-STORE-006-PROD-0055,2025-05-31,STORE-006,PROD-0055,103,12,Available
INV-STORE-006-PROD-0056,2025-05-31,STORE-006,PROD-0056,95,21,Available
INV-STORE-006-PROD-0057,2025-05-31,STORE-006,PROD-0057,117,24,Available
INV-STORE-006-PROD-0058,2025-05-31,STORE-006,PROD-0058,67,24,Available
INV-STORE-006-PROD-0059,2025-05-31,STORE-006,PROD-0059,87,6,Available
INV-STORE-006-PROD-0060,2025-05-31,STORE-006,PROD-0060,76,15,Available
INV-STORE-006-PROD-0061,2025-05-31,STORE-006,PROD-0061,81,16,Available
INV-STORE-006-PROD-0062,2025-05-31,STORE-006,PROD-0062,113,10,Available
INV-STORE-006-PROD-0063,2025-05-31,STORE-006,PROD-0063,32,9,Available
INV-STORE-006-PROD-0064,2025-05-31,STORE-006,PROD-0064,11,11,Available
INV-STORE-006-PROD-0065,2025-05-31,STORE-006,PROD-0065,30,22,Available
INV-STORE-006-PROD-0066,2025-05-31,STORE-006,PROD-0066,88,24,Available
INV-STORE-006-PROD-0067,2025-05-31,STORE-006,PROD-0067,53,17,Available
INV-STORE-006-PROD-0068,2025-05-31,STORE-006,PROD-0068,24,25,Low Stock
INV-STORE-006-PROD-0069,2025-05-31,STORE-006,PROD-0069,58,24,Available
INV-STORE-006-PROD-0070,2025-05-31,STORE-006,PROD-0070,12,16,Low Stock
INV-STORE-006-PROD-0071,2025-05-31,STORE-006,PROD-0071,73,25,Available
INV-STORE-006-PROD-0072,2025-05-31,STORE-006,PROD-0072,117,9,Available
INV-STORE-006-PROD-0073,2025-05-31,STORE-006,PROD-0073,47,5,Available
INV-STORE-006-PROD-0074,2025-05-31,STORE-006,PROD-0074,8,16,Low Stock
INV-STORE-006-PROD-0075,2025-05-31,STORE-006,PROD-0075,104,8,Available
INV-STORE-006-PROD-0076,2025-05-31,STORE-006,PROD-0076,38,16,Available
INV-STORE-006-PROD-0077,2025-05-31,STORE-006,PROD-0077,61,7,Available
INV-STORE-006-PROD-0078,2025-05-31,STORE-006,PROD-0078,101,19,Available
INV-STORE-006-PROD-0079,2025-05-31,STORE-006,PROD-0079,58,25,Available
INV-STORE-006-PROD-0080,2025-05-31,STORE-006,PROD-0080,66,15,Available
INV-STORE-006-PROD-0081,2025-05-31,STORE-006,PROD-0081,31,6,Available
INV-STORE-006-PROD-0082,2025-05-31,STORE-006,PROD-0082,120,13,Available
INV-STORE-006-PROD-0083,2025-05-31,STORE-006,PROD-0083,40,15,Available
INV-STORE-006-PROD-0084,2025-05-31,STORE-006,PROD-0084,64,9,Available
INV-STORE-006-PROD-0085,2025-05-31,STORE-006,PROD-0085,64,12,Available
INV-STORE-006-PROD-0086,2025-05-31,STORE-006,PROD-0086,52,14,Available
INV-STORE-006-PROD-0087,2025-05-31,STORE-006,PROD-0087,20,11,Available
INV-STORE-006-PROD-0088,2025-05-31,STORE-006,PROD-0088,3,13,Low Stock
INV-STORE-006-PROD-0089,2025-05-31,STORE-006,PROD-0089,66,24,Available
INV-STORE-006-PROD-0090,2025-05-31,STORE-006,PROD-0090,49,18,Available
INV-STORE-006-PROD-0091,2025-05-31,STORE-006,PROD-0091,119,5,Available
INV-STORE-006-PROD-0092,2025-05-31,STORE-006,PROD-0092,21,12,Available
INV-STORE-006-PROD-0093,2025-05-31,STORE-006,PROD-0093,2,10,Low Stock
INV-STORE-006-PROD-0094,2025-05-31,STORE-006,PROD-0094,92,17,Available
INV-STORE-006-PROD-0095,2025-05-31,STORE-006,PROD-0095,17,19,Low Stock
INV-STORE-006-PROD-0096,2025-05-31,STORE-006,PROD-0096,56,19,Available
INV-STORE-006-PROD-0097,2025-05-31,STORE-006,PROD-0097,101,21,Available
INV-STORE-006-PROD-0098,2025-05-31,STORE-006,PROD-0098,71,12,Available
INV-STORE-006-PROD-0099,2025-05-31,STORE-006,PROD-0099,3,5,Low Stock
INV-STORE-006-PROD-0100,2025-05-31,STORE-006,PROD-0100,14,6,Available
INV-STORE-007-PROD-0001,2025-05-31,STORE-007,PROD-0001,45,8,Available
INV-STORE-007-PROD-0002,2025-05-31,STORE-007,PROD-0002,8,14,Low Stock
INV-STORE-007-PROD-0003,2025-05-31,STORE-007,PROD-0003,9,17,Low Stock
INV-STORE-007-PROD-0004,2025-05-31,STORE-007,PROD-0004,60,21,Available
INV-STORE-007-PROD-0005,2025-05-31,STORE-007,PROD-0005,28,25,Available
INV-STORE-007-PROD-0006,2025-05-31,STORE-007,PROD-0006,29,23,Available
INV-STORE-007-PROD-0007,2025-05-31,STORE-007,PROD-0007,27,6,Available
INV-STORE-007-PROD-0008,2025-05-31,STORE-007,PROD-0008,114,7,Available
INV-STORE-007-PROD-0009,2025-05-31,STORE-007,PROD-0009,26,23,Available
INV-STORE-007-PROD-0010,2025-05-31,STORE-007,PROD-0010,26,24,Available
INV-STORE-007-PROD-0011,2025-05-31,STORE-007,PROD-0011,25,18,Available
INV-STORE-007-PROD-0012,2025-05-31,STORE-007,PROD-0012,1,7,Low Stock
INV-STORE-007-PROD-0013,2025-05-31,STORE-007,PROD-0013,114,6,Available
INV-STORE-007-PROD-0014,2025-05-31,STORE-007,PROD-0014,14,11,Available
INV-STORE-007-PROD-0015,2025-05-31,STORE-007,PROD-0015,0,16,Stockout
INV-STORE-007-PROD-0016,2025-05-31,STORE-007,PROD-0016,79,21,Available
INV-STORE-007-PROD-0017,2025-05-31,STORE-007,PROD-0017,3,6,Low Stock
INV-STORE-007-PROD-0018,2025-05-31,STORE-007,PROD-0018,63,18,Available
INV-STORE-007-PROD-0019,2025-05-31,STORE-007,PROD-0019,46,13,Available
INV-STORE-007-PROD-0020,2025-05-31,STORE-007,PROD-0020,58,16,Available
INV-STORE-007-PROD-0021,2025-05-31,STORE-007,PROD-0021,38,23,Available
INV-STORE-007-PROD-0022,2025-05-31,STORE-007,PROD-0022,7,9,Low Stock
INV-STORE-007-PROD-0023,2025-05-31,STORE-007,PROD-0023,52,9,Available
INV-STORE-007-PROD-0024,2025-05-31,STORE-007,PROD-0024,12,22,Low Stock
INV-STORE-007-PROD-0025,2025-05-31,STORE-007,PROD-0025,1,15,Low Stock
INV-STORE-007-PROD-0026,2025-05-31,STORE-007,PROD-0026,110,18,Available
INV-STORE-007-PROD-0027,2025-05-31,STORE-007,PROD-0027,34,8,Available
INV-STORE-007-PROD-0028,2025-05-31,STORE-007,PROD-0028,6,24,Low Stock
INV-STORE-007-PROD-0029,2025-05-31,STORE-007,PROD-0029,99,17,Available
INV-STORE-007-PROD-0030,2025-05-31,STORE-007,PROD-0030,95,15,Available
INV-STORE-007-PROD-0031,2025-05-31,STORE-007,PROD-0031,60,20,Available
INV-STORE-007-PROD-0032,2025-05-31,STORE-007,PROD-0032,71,8,Available
INV-STORE-007-PROD-0033,2025-05-31,STORE-007,PROD-0033,1,7,Low Stock
INV-STORE-007-PROD-0034,2025-05-31,STORE-007,PROD-0034,5,9,Low Stock
INV-STORE-007-PROD-0035,2025-05-31,STORE-007,PROD-0035,66,25,Available
INV-STORE-007-PROD-0036,2025-05-31,STORE-007,PROD-0036,12,10,Available
INV-STORE-007-PROD-0037,2025-05-31,STORE-007,PROD-0037,112,18,Available
INV-STORE-007-PROD-0038,2025-05-31,STORE-007,PROD-0038,63,23,Available
INV-STORE-007-PROD-0039,2025-05-31,STORE-007,PROD-0039,3,12,Low Stock
INV-STORE-007-PROD-0040,2025-05-31,STORE-007,PROD-0040,99,5,Available
INV-STORE-007-PROD-0041,2025-05-31,STORE-007,PROD-0041,32,23,Available
INV-STORE-007-PROD-0042,2025-05-31,STORE-007,PROD-0042,113,23,Available
INV-STORE-007-PROD-0043,2025-05-31,STORE-007,PROD-0043,109,6,Available
INV-STORE-007-PROD-0044,2025-05-31,STORE-007,PROD-0044,42,21,Available
INV-STORE-007-PROD-0045,2025-05-31,STORE-007,PROD-0045,14,24,Low Stock
INV-STORE-007-PROD-0046,2025-05-31,STORE-007,PROD-0046,107,23,Available
INV-STORE-007-PROD-0047,2025-05-31,STORE-007,PROD-0047,91,25,Available
INV-STORE-007-PROD-0048,2025-05-31,STORE-007,PROD-0048,23,14,Available
INV-STORE-007-PROD-0049,2025-05-31,STORE-007,PROD-0049,8,23,Low Stock
INV-STORE-007-PROD-0050,2025-05-31,STORE-007,PROD-0050,97,16,Available
INV-STORE-007-PROD-0051,2025-05-31,STORE-007,PROD-0051,13,15,Low Stock
INV-STORE-007-PROD-0052,2025-05-31,STORE-007,PROD-0052,8,18,Low Stock
INV-STORE-007-PROD-0053,2025-05-31,STORE-007,PROD-0053,102,12,Available
INV-STORE-007-PROD-0054,2025-05-31,STORE-007,PROD-0054,79,24,Available
INV-STORE-007-PROD-0055,2025-05-31,STORE-007,PROD-0055,2,22,Low Stock
INV-STORE-007-PROD-0056,2025-05-31,STORE-007,PROD-0056,28,7,Available
INV-STORE-007-PROD-0057,2025-05-31,STORE-007,PROD-0057,27,9,Available
INV-STORE-007-PROD-0058,2025-05-31,STORE-007,PROD-0058,105,11,Available
INV-STORE-007-PROD-0059,2025-05-31,STORE-007,PROD-0059,99,20,Available
INV-STORE-007-PROD-0060,2025-05-31,STORE-007,PROD-0060,75,17,Available
INV-STORE-007-PROD-0061,2025-05-31,STORE-007,PROD-0061,5,5,Available
INV-STORE-007-PROD-0062,2025-05-31,STORE-007,PROD-0062,15,9,Available
INV-STORE-007-PROD-0063,2025-05-31,STORE-007,PROD-0063,10,12,Low Stock
INV-STORE-007-PROD-0064,2025-05-31,STORE-007,PROD-0064,107,12,Available
INV-STORE-007-PROD-0065,2025-05-31,STORE-007,PROD-0065,14,16,Low Stock
INV-STORE-007-PROD-0066,2025-05-31,STORE-007,PROD-0066,107,22,Available
INV-STORE-007-PROD-0067,2025-05-31,STORE-007,PROD-0067,28,18,Available
INV-STORE-007-PROD-0068,2025-05-31,STORE-007,PROD-0068,5,17,Low Stock
INV-STORE-007-PROD-0069,2025-05-31,STORE-007,PROD-0069,5,9,Low Stock
INV-STORE-007-PROD-0070,2025-05-31,STORE-007,PROD-0070,91,9,Available
INV-STORE-007-PROD-0071,2025-05-31,STORE-007,PROD-0071,104,17,Available
INV-STORE-007-PROD-0072,2025-05-31,STORE-007,PROD-0072,13,18,Low Stock
INV-STORE-007-PROD-0073,2025-05-31,STORE-007,PROD-0073,9,7,Available
INV-STORE-007-PROD-0074,2025-05-31,STORE-007,PROD-0074,1,5,Low Stock
INV-STORE-007-PROD-0075,2025-05-31,STORE-007,PROD-0075,107,23,Available
INV-STORE-007-PROD-0076,2025-05-31,STORE-007,PROD-0076,81,20,Available
INV-STORE-007-PROD-0077,2025-05-31,STORE-007,PROD-0077,117,18,Available
INV-STORE-007-PROD-0078,2025-05-31,STORE-007,PROD-0078,39,12,Available
INV-STORE-007-PROD-0079,2025-05-31,STORE-007,PROD-0079,20,24,Low Stock
INV-STORE-007-PROD-0080,2025-05-31,STORE-007,PROD-0080,99,17,Available
INV-STORE-007-PROD-0081,2025-05-31,STORE-007,PROD-0081,119,18,Available
INV-STORE-007-PROD-0082,2025-05-31,STORE-007,PROD-0082,83,16,Available
INV-STORE-007-PROD-0083,2025-05-31,STORE-007,PROD-0083,68,25,Available
INV-STORE-007-PROD-0084,2025-05-31,STORE-007,PROD-0084,5,6,Low Stock
INV-STORE-007-PROD-0085,2025-05-31,STORE-007,PROD-0085,64,11,Available
INV-STORE-007-PROD-0086,2025-05-31,STORE-007,PROD-0086,16,10,Available
INV-STORE-007-PROD-0087,2025-05-31,STORE-007,PROD-0087,27,23,Available
INV-STORE-007-PROD-0088,2025-05-31,STORE-007,PROD-0088,53,16,Available
INV-STORE-007-PROD-0089,2025-05-31,STORE-007,PROD-0089,80,7,Available
INV-STORE-007-PROD-0090,2025-05-31,STORE-007,PROD-0090,23,7,Available
INV-STORE-007-PROD-0091,2025-05-31,STORE-007,PROD-0091,2,18,Low Stock
INV-STORE-007-PROD-0092,2025-05-31,STORE-007,PROD-0092,81,5,Available
INV-STORE-007-PROD-0093,2025-05-31,STORE-007,PROD-0093,28,23,Available
INV-STORE-007-PROD-0094,2025-05-31,STORE-007,PROD-0094,22,7,Available
INV-STORE-007-PROD-0095,2025-05-31,STORE-007,PROD-0095,115,21,Available
INV-STORE-007-PROD-0096,2025-05-31,STORE-007,PROD-0096,82,14,Available
INV-STORE-007-PROD-0097,2025-05-31,STORE-007,PROD-0097,53,20,Available
INV-STORE-007-PROD-0098,2025-05-31,STORE-007,PROD-0098,119,12,Available
INV-STORE-007-PROD-0099,2025-05-31,STORE-007,PROD-0099,54,19,Available
INV-STORE-007-PROD-0100,2025-05-31,STORE-007,PROD-0100,105,7,Available
INV-STORE-008-PROD-0001,2025-05-31,STORE-008,PROD-0001,10,19,Low Stock
INV-STORE-008-PROD-0002,2025-05-31,STORE-008,PROD-0002,30,6,Available
INV-STORE-008-PROD-0003,2025-05-31,STORE-008,PROD-0003,40,15,Available
INV-STORE-008-PROD-0004,2025-05-31,STORE-008,PROD-0004,112,8,Available
INV-STORE-008-PROD-0005,2025-05-31,STORE-008,PROD-0005,41,25,Available
INV-STORE-008-PROD-0006,2025-05-31,STORE-008,PROD-0006,30,24,Available
INV-STORE-008-PROD-0007,2025-05-31,STORE-008,PROD-0007,8,12,Low Stock
INV-STORE-008-PROD-0008,2025-05-31,STORE-008,PROD-0008,18,11,Available
INV-STORE-008-PROD-0009,2025-05-31,STORE-008,PROD-0009,91,20,Available
INV-STORE-008-PROD-0010,2025-05-31,STORE-008,PROD-0010,76,16,Available
INV-STORE-008-PROD-0011,2025-05-31,STORE-008,PROD-0011,20,11,Available
INV-STORE-008-PROD-0012,2025-05-31,STORE-008,PROD-0012,96,12,Available
INV-STORE-008-PROD-0013,2025-05-31,STORE-008,PROD-0013,45,20,Available
INV-STORE-008-PROD-0014,2025-05-31,STORE-008,PROD-0014,9,9,Available
INV-STORE-008-PROD-0015,2025-05-31,STORE-008,PROD-0015,68,10,Available
INV-STORE-008-PROD-0016,2025-05-31,STORE-008,PROD-0016,68,5,Available
INV-STORE-008-PROD-0017,2025-05-31,STORE-008,PROD-0017,5,5,Available
INV-STORE-008-PROD-0018,2025-05-31,STORE-008,PROD-0018,0,9,Stockout
INV-STORE-008-PROD-0019,2025-05-31,STORE-008,PROD-0019,24,12,Available
INV-STORE-008-PROD-0020,2025-05-31,STORE-008,PROD-0020,93,17,Available
INV-STORE-008-PROD-0021,2025-05-31,STORE-008,PROD-0021,64,5,Available
INV-STORE-008-PROD-0022,2025-05-31,STORE-008,PROD-0022,17,21,Low Stock
INV-STORE-008-PROD-0023,2025-05-31,STORE-008,PROD-0023,27,17,Available
INV-STORE-008-PROD-0024,2025-05-31,STORE-008,PROD-0024,53,20,Available
INV-STORE-008-PROD-0025,2025-05-31,STORE-008,PROD-0025,59,24,Available
INV-STORE-008-PROD-0026,2025-05-31,STORE-008,PROD-0026,118,23,Available
INV-STORE-008-PROD-0027,2025-05-31,STORE-008,PROD-0027,72,17,Available
INV-STORE-008-PROD-0028,2025-05-31,STORE-008,PROD-0028,2,9,Low Stock
INV-STORE-008-PROD-0029,2025-05-31,STORE-008,PROD-0029,35,19,Available
INV-STORE-008-PROD-0030,2025-05-31,STORE-008,PROD-0030,39,5,Available
INV-STORE-008-PROD-0031,2025-05-31,STORE-008,PROD-0031,98,6,Available
INV-STORE-008-PROD-0032,2025-05-31,STORE-008,PROD-0032,93,10,Available
INV-STORE-008-PROD-0033,2025-05-31,STORE-008,PROD-0033,110,18,Available
INV-STORE-008-PROD-0034,2025-05-31,STORE-008,PROD-0034,99,9,Available
INV-STORE-008-PROD-0035,2025-05-31,STORE-008,PROD-0035,84,15,Available
INV-STORE-008-PROD-0036,2025-05-31,STORE-008,PROD-0036,96,17,Available
INV-STORE-008-PROD-0037,2025-05-31,STORE-008,PROD-0037,96,11,Available
INV-STORE-008-PROD-0038,2025-05-31,STORE-008,PROD-0038,37,13,Available
INV-STORE-008-PROD-0039,2025-05-31,STORE-008,PROD-0039,4,7,Low Stock
INV-STORE-008-PROD-0040,2025-05-31,STORE-008,PROD-0040,93,22,Available
INV-STORE-008-PROD-0041,2025-05-31,STORE-008,PROD-0041,88,7,Available
INV-STORE-008-PROD-0042,2025-05-31,STORE-008,PROD-0042,106,13,Available
INV-STORE-008-PROD-0043,2025-05-31,STORE-008,PROD-0043,98,12,Available
INV-STORE-008-PROD-0044,2025-05-31,STORE-008,PROD-0044,110,12,Available
INV-STORE-008-PROD-0045,2025-05-31,STORE-008,PROD-0045,4,6,Low Stock
INV-STORE-008-PROD-0046,2025-05-31,STORE-008,PROD-0046,58,15,Available
INV-STORE-008-PROD-0047,2025-05-31,STORE-008,PROD-0047,75,19,Available
INV-STORE-008-PROD-0048,2025-05-31,STORE-008,PROD-0048,78,11,Available
INV-STORE-008-PROD-0049,2025-05-31,STORE-008,PROD-0049,48,25,Available
INV-STORE-008-PROD-0050,2025-05-31,STORE-008,PROD-0050,25,5,Available
INV-STORE-008-PROD-0051,2025-05-31,STORE-008,PROD-0051,105,23,Available
INV-STORE-008-PROD-0052,2025-05-31,STORE-008,PROD-0052,40,15,Available
INV-STORE-008-PROD-0053,2025-05-31,STORE-008,PROD-0053,15,7,Available
INV-STORE-008-PROD-0054,2025-05-31,STORE-008,PROD-0054,106,10,Available
INV-STORE-008-PROD-0055,2025-05-31,STORE-008,PROD-0055,12,20,Low Stock
INV-STORE-008-PROD-0056,2025-05-31,STORE-008,PROD-0056,19,21,Low Stock
INV-STORE-008-PROD-0057,2025-05-31,STORE-008,PROD-0057,119,5,Available
INV-STORE-008-PROD-0058,2025-05-31,STORE-008,PROD-0058,94,15,Available
INV-STORE-008-PROD-0059,2025-05-31,STORE-008,PROD-0059,26,10,Available
INV-STORE-008-PROD-0060,2025-05-31,STORE-008,PROD-0060,11,18,Low Stock
INV-STORE-008-PROD-0061,2025-05-31,STORE-008,PROD-0061,94,23,Available
INV-STORE-008-PROD-0062,2025-05-31,STORE-008,PROD-0062,94,13,Available
INV-STORE-008-PROD-0063,2025-05-31,STORE-008,PROD-0063,63,25,Available
INV-STORE-008-PROD-0064,2025-05-31,STORE-008,PROD-0064,27,25,Available
INV-STORE-008-PROD-0065,2025-05-31,STORE-008,PROD-0065,74,23,Available
INV-STORE-008-PROD-0066,2025-05-31,STORE-008,PROD-0066,59,11,Available
INV-STORE-008-PROD-0067,2025-05-31,STORE-008,PROD-0067,0,17,Stockout
INV-STORE-008-PROD-0068,2025-05-31,STORE-008,PROD-0068,90,13,Available
INV-STORE-008-PROD-0069,2025-05-31,STORE-008,PROD-0069,83,6,Available
INV-STORE-008-PROD-0070,2025-05-31,STORE-008,PROD-0070,38,15,Available
INV-STORE-008-PROD-0071,2025-05-31,STORE-008,PROD-0071,56,12,Available
INV-STORE-008-PROD-0072,2025-05-31,STORE-008,PROD-0072,0,11,Stockout
INV-STORE-008-PROD-0073,2025-05-31,STORE-008,PROD-0073,3,24,Low Stock
INV-STORE-008-PROD-0074,2025-05-31,STORE-008,PROD-0074,81,14,Available
INV-STORE-008-PROD-0075,2025-05-31,STORE-008,PROD-0075,13,21,Low Stock
INV-STORE-008-PROD-0076,2025-05-31,STORE-008,PROD-0076,96,6,Available
INV-STORE-008-PROD-0077,2025-05-31,STORE-008,PROD-0077,47,12,Available
INV-STORE-008-PROD-0078,2025-05-31,STORE-008,PROD-0078,84,7,Available
INV-STORE-008-PROD-0079,2025-05-31,STORE-008,PROD-0079,119,24,Available
INV-STORE-008-PROD-0080,2025-05-31,STORE-008,PROD-0080,24,13,Available
INV-STORE-008-PROD-0081,2025-05-31,STORE-008,PROD-0081,82,11,Available
INV-STORE-008-PROD-0082,2025-05-31,STORE-008,PROD-0082,76,14,Available
INV-STORE-008-PROD-0083,2025-05-31,STORE-008,PROD-0083,2,14,Low Stock
INV-STORE-008-PROD-0084,2025-05-31,STORE-008,PROD-0084,81,14,Available
INV-STORE-008-PROD-0085,2025-05-31,STORE-008,PROD-0085,82,6,Available
INV-STORE-008-PROD-0086,2025-05-31,STORE-008,PROD-0086,97,6,Available
INV-STORE-008-PROD-0087,2025-05-31,STORE-008,PROD-0087,73,19,Available
INV-STORE-008-PROD-0088,2025-05-31,STORE-008,PROD-0088,5,15,Low Stock
INV-STORE-008-PROD-0089,2025-05-31,STORE-008,PROD-0089,110,15,Available
INV-STORE-008-PROD-0090,2025-05-31,STORE-008,PROD-0090,74,25,Available
INV-STORE-008-PROD-0091,2025-05-31,STORE-008,PROD-0091,75,25,Available
INV-STORE-008-PROD-0092,2025-05-31,STORE-008,PROD-0092,3,11,Low Stock
INV-STORE-008-PROD-0093,2025-05-31,STORE-008,PROD-0093,70,10,Available
INV-STORE-008-PROD-0094,2025-05-31,STORE-008,PROD-0094,71,16,Available
INV-STORE-008-PROD-0095,2025-05-31,STORE-008,PROD-0095,64,9,Available
INV-STORE-008-PROD-0096,2025-05-31,STORE-008,PROD-0096,42,7,Available
INV-STORE-008-PROD-0097,2025-05-31,STORE-008,PROD-0097,93,10,Available
INV-STORE-008-PROD-0098,2025-05-31,STORE-008,PROD-0098,8,14,Low Stock
INV-STORE-008-PROD-0099,2025-05-31,STORE-008,PROD-0099,110,21,Available
INV-STORE-008-PROD-0100,2025-05-31,STORE-008,PROD-0100,76,16,Available
INV-STORE-009-PROD-0001,2025-05-31,STORE-009,PROD-0001,50,17,Available
INV-STORE-009-PROD-0002,2025-05-31,STORE-009,PROD-0002,27,17,Available
INV-STORE-009-PROD-0003,2025-05-31,STORE-009,PROD-0003,24,13,Available
INV-STORE-009-PROD-0004,2025-05-31,STORE-009,PROD-0004,0,14,Stockout
INV-STORE-009-PROD-0005,2025-05-31,STORE-009,PROD-0005,64,23,Available
INV-STORE-009-PROD-0006,2025-05-31,STORE-009,PROD-0006,107,21,Available
INV-STORE-009-PROD-0007,2025-05-31,STORE-009,PROD-0007,78,24,Available
INV-STORE-009-PROD-0008,2025-05-31,STORE-009,PROD-0008,50,19,Available
INV-STORE-009-PROD-0009,2025-05-31,STORE-009,PROD-0009,83,22,Available
INV-STORE-009-PROD-0010,2025-05-31,STORE-009,PROD-0010,4,15,Low Stock
INV-STORE-009-PROD-0011,2025-05-31,STORE-009,PROD-0011,7,14,Low Stock
INV-STORE-009-PROD-0012,2025-05-31,STORE-009,PROD-0012,40,16,Available
INV-STORE-009-PROD-0013,2025-05-31,STORE-009,PROD-0013,73,5,Available
INV-STORE-009-PROD-0014,2025-05-31,STORE-009,PROD-0014,114,10,Available
INV-STORE-009-PROD-0015,2025-05-31,STORE-009,PROD-0015,80,25,Available
INV-STORE-009-PROD-0016,2025-05-31,STORE-009,PROD-0016,38,10,Available
INV-STORE-009-PROD-0017,2025-05-31,STORE-009,PROD-0017,63,17,Available
INV-STORE-009-PROD-0018,2025-05-31,STORE-009,PROD-0018,116,19,Available
INV-STORE-009-PROD-0019,2025-05-31,STORE-009,PROD-0019,42,13,Available
INV-STORE-009-PROD-0020,2025-05-31,STORE-009,PROD-0020,88,23,Available
INV-STORE-009-PROD-0021,2025-05-31,STORE-009,PROD-0021,100,23,Available
INV-STORE-009-PROD-0022,2025-05-31,STORE-009,PROD-0022,66,24,Available
INV-STORE-009-PROD-0023,2025-05-31,STORE-009,PROD-0023,35,14,Available
INV-STORE-009-PROD-0024,2025-05-31,STORE-009,PROD-0024,39,6,Available
INV-STORE-009-PROD-0025,2025-05-31,STORE-009,PROD-0025,48,15,Available
INV-STORE-009-PROD-0026,2025-05-31,STORE-009,PROD-0026,81,17,Available
INV-STORE-009-PROD-0027,2025-05-31,STORE-009,PROD-0027,95,11,Available
INV-STORE-009-PROD-0028,2025-05-31,STORE-009,PROD-0028,76,5,Available
INV-STORE-009-PROD-0029,2025-05-31,STORE-009,PROD-0029,117,19,Available
INV-STORE-009-PROD-0030,2025-05-31,STORE-009,PROD-0030,5,24,Low Stock
INV-STORE-009-PROD-0031,2025-05-31,STORE-009,PROD-0031,81,12,Available
INV-STORE-009-PROD-0032,2025-05-31,STORE-009,PROD-0032,8,9,Low Stock
INV-STORE-009-PROD-0033,2025-05-31,STORE-009,PROD-0033,50,16,Available
INV-STORE-009-PROD-0034,2025-05-31,STORE-009,PROD-0034,59,25,Available
INV-STORE-009-PROD-0035,2025-05-31,STORE-009,PROD-0035,100,9,Available
INV-STORE-009-PROD-0036,2025-05-31,STORE-009,PROD-0036,49,15,Available
INV-STORE-009-PROD-0037,2025-05-31,STORE-009,PROD-0037,4,10,Low Stock
INV-STORE-009-PROD-0038,2025-05-31,STORE-009,PROD-0038,8,13,Low Stock
INV-STORE-009-PROD-0039,2025-05-31,STORE-009,PROD-0039,85,18,Available
INV-STORE-009-PROD-0040,2025-05-31,STORE-009,PROD-0040,116,25,Available
INV-STORE-009-PROD-0041,2025-05-31,STORE-009,PROD-0041,30,25,Available
INV-STORE-009-PROD-0042,2025-05-31,STORE-009,PROD-0042,44,19,Available
INV-STORE-009-PROD-0043,2025-05-31,STORE-009,PROD-0043,35,13,Available
INV-STORE-009-PROD-0044,2025-05-31,STORE-009,PROD-0044,117,14,Available
INV-STORE-009-PROD-0045,2025-05-31,STORE-009,PROD-0045,65,8,Available
INV-STORE-009-PROD-0046,2025-05-31,STORE-009,PROD-0046,111,11,Available
INV-STORE-009-PROD-0047,2025-05-31,STORE-009,PROD-0047,120,7,Available
INV-STORE-009-PROD-0048,2025-05-31,STORE-009,PROD-0048,25,17,Available
INV-STORE-009-PROD-0049,2025-05-31,STORE-009,PROD-0049,71,11,Available
INV-STORE-009-PROD-0050,2025-05-31,STORE-009,PROD-0050,79,12,Available
INV-STORE-009-PROD-0051,2025-05-31,STORE-009,PROD-0051,1,11,Low Stock
INV-STORE-009-PROD-0052,2025-05-31,STORE-009,PROD-0052,34,25,Available
INV-STORE-009-PROD-0053,2025-05-31,STORE-009,PROD-0053,62,8,Available
INV-STORE-009-PROD-0054,2025-05-31,STORE-009,PROD-0054,29,8,Available
INV-STORE-009-PROD-0055,2025-05-31,STORE-009,PROD-0055,109,17,Available
INV-STORE-009-PROD-0056,2025-05-31,STORE-009,PROD-0056,15,18,Low Stock
INV-STORE-009-PROD-0057,2025-05-31,STORE-009,PROD-0057,24,7,Available
INV-STORE-009-PROD-0058,2025-05-31,STORE-009,PROD-0058,99,19,Available
INV-STORE-009-PROD-0059,2025-05-31,STORE-009,PROD-0059,72,9,Available
INV-STORE-009-PROD-0060,2025-05-31,STORE-009,PROD-0060,13,22,Low Stock
INV-STORE-009-PROD-0061,2025-05-31,STORE-009,PROD-0061,69,19,Available
INV-STORE-009-PROD-0062,2025-05-31,STORE-009,PROD-0062,41,7,Available
INV-STORE-009-PROD-0063,2025-05-31,STORE-009,PROD-0063,81,23,Available
INV-STORE-009-PROD-0064,2025-05-31,STORE-009,PROD-0064,83,15,Available
INV-STORE-009-PROD-0065,2025-05-31,STORE-009,PROD-0065,50,10,Available
INV-STORE-009-PROD-0066,2025-05-31,STORE-009,PROD-0066,31,24,Available
INV-STORE-009-PROD-0067,2025-05-31,STORE-009,PROD-0067,29,5,Available
INV-STORE-009-PROD-0068,2025-05-31,STORE-009,PROD-0068,106,7,Available
INV-STORE-009-PROD-0069,2025-05-31,STORE-009,PROD-0069,5,13,Low Stock
INV-STORE-009-PROD-0070,2025-05-31,STORE-009,PROD-0070,120,14,Available
INV-STORE-009-PROD-0071,2025-05-31,STORE-009,PROD-0071,52,8,Available
INV-STORE-009-PROD-0072,2025-05-31,STORE-009,PROD-0072,44,21,Available
INV-STORE-009-PROD-0073,2025-05-31,STORE-009,PROD-0073,94,22,Available
INV-STORE-009-PROD-0074,2025-05-31,STORE-009,PROD-0074,119,19,Available
INV-STORE-009-PROD-0075,2025-05-31,STORE-009,PROD-0075,3,5,Low Stock
INV-STORE-009-PROD-0076,2025-05-31,STORE-009,PROD-0076,102,19,Available
INV-STORE-009-PROD-0077,2025-05-31,STORE-009,PROD-0077,38,24,Available
INV-STORE-009-PROD-0078,2025-05-31,STORE-009,PROD-0078,57,17,Available
INV-STORE-009-PROD-0079,2025-05-31,STORE-009,PROD-0079,62,11,Available
INV-STORE-009-PROD-0080,2025-05-31,STORE-009,PROD-0080,51,10,Available
INV-STORE-009-PROD-0081,2025-05-31,STORE-009,PROD-0081,43,12,Available
INV-STORE-009-PROD-0082,2025-05-31,STORE-009,PROD-0082,1,10,Low Stock
INV-STORE-009-PROD-0083,2025-05-31,STORE-009,PROD-0083,104,15,Available
INV-STORE-009-PROD-0084,2025-05-31,STORE-009,PROD-0084,12,15,Low Stock
INV-STORE-009-PROD-0085,2025-05-31,STORE-009,PROD-0085,108,23,Available
INV-STORE-009-PROD-0086,2025-05-31,STORE-009,PROD-0086,14,23,Low Stock
INV-STORE-009-PROD-0087,2025-05-31,STORE-009,PROD-0087,8,8,Available
INV-STORE-009-PROD-0088,2025-05-31,STORE-009,PROD-0088,21,22,Low Stock
INV-STORE-009-PROD-0089,2025-05-31,STORE-009,PROD-0089,6,22,Low Stock
INV-STORE-009-PROD-0090,2025-05-31,STORE-009,PROD-0090,40,13,Available
INV-STORE-009-PROD-0091,2025-05-31,STORE-009,PROD-0091,118,16,Available
INV-STORE-009-PROD-0092,2025-05-31,STORE-009,PROD-0092,71,11,Available
INV-STORE-009-PROD-0093,2025-05-31,STORE-009,PROD-0093,76,21,Available
INV-STORE-009-PROD-0094,2025-05-31,STORE-009,PROD-0094,92,12,Available
INV-STORE-009-PROD-0095,2025-05-31,STORE-009,PROD-0095,53,14,Available
INV-STORE-009-PROD-0096,2025-05-31,STORE-009,PROD-0096,16,23,Low Stock
INV-STORE-009-PROD-0097,2025-05-31,STORE-009,PROD-0097,6,17,Low Stock
INV-STORE-009-PROD-0098,2025-05-31,STORE-009,PROD-0098,115,18,Available
INV-STORE-009-PROD-0099,2025-05-31,STORE-009,PROD-0099,57,9,Available
INV-STORE-009-PROD-0100,2025-05-31,STORE-009,PROD-0100,22,5,Available
INV-STORE-010-PROD-0001,2025-05-31,STORE-010,PROD-0001,41,23,Available
INV-STORE-010-PROD-0002,2025-05-31,STORE-010,PROD-0002,20,9,Available
INV-STORE-010-PROD-0003,2025-05-31,STORE-010,PROD-0003,67,10,Available
INV-STORE-010-PROD-0004,2025-05-31,STORE-010,PROD-0004,108,11,Available
INV-STORE-010-PROD-0005,2025-05-31,STORE-010,PROD-0005,70,15,Available
INV-STORE-010-PROD-0006,2025-05-31,STORE-010,PROD-0006,17,20,Low Stock
INV-STORE-010-PROD-0007,2025-05-31,STORE-010,PROD-0007,87,23,Available
INV-STORE-010-PROD-0008,2025-05-31,STORE-010,PROD-0008,25,8,Available
INV-STORE-010-PROD-0009,2025-05-31,STORE-010,PROD-0009,30,11,Available
INV-STORE-010-PROD-0010,2025-05-31,STORE-010,PROD-0010,48,24,Available
INV-STORE-010-PROD-0011,2025-05-31,STORE-010,PROD-0011,37,24,Available
INV-STORE-010-PROD-0012,2025-05-31,STORE-010,PROD-0012,84,5,Available
INV-STORE-010-PROD-0013,2025-05-31,STORE-010,PROD-0013,7,14,Low Stock
INV-STORE-010-PROD-0014,2025-05-31,STORE-010,PROD-0014,114,22,Available
INV-STORE-010-PROD-0015,2025-05-31,STORE-010,PROD-0015,21,17,Available
INV-STORE-010-PROD-0016,2025-05-31,STORE-010,PROD-0016,99,6,Available
INV-STORE-010-PROD-0017,2025-05-31,STORE-010,PROD-0017,115,5,Available
INV-STORE-010-PROD-0018,2025-05-31,STORE-010,PROD-0018,6,13,Low Stock
INV-STORE-010-PROD-0019,2025-05-31,STORE-010,PROD-0019,115,11,Available
INV-STORE-010-PROD-0020,2025-05-31,STORE-010,PROD-0020,43,13,Available
INV-STORE-010-PROD-0021,2025-05-31,STORE-010,PROD-0021,49,16,Available
INV-STORE-010-PROD-0022,2025-05-31,STORE-010,PROD-0022,23,8,Available
INV-STORE-010-PROD-0023,2025-05-31,STORE-010,PROD-0023,89,16,Available
INV-STORE-010-PROD-0024,2025-05-31,STORE-010,PROD-0024,108,25,Available
INV-STORE-010-PROD-0025,2025-05-31,STORE-010,PROD-0025,106,9,Available
INV-STORE-010-PROD-0026,2025-05-31,STORE-010,PROD-0026,37,24,Available
INV-STORE-010-PROD-0027,2025-05-31,STORE-010,PROD-0027,30,24,Available
INV-STORE-010-PROD-0028,2025-05-31,STORE-010,PROD-0028,55,7,Available
INV-STORE-010-PROD-0029,2025-05-31,STORE-010,PROD-0029,60,20,Available
INV-STORE-010-PROD-0030,2025-05-31,STORE-010,PROD-0030,25,23,Available
INV-STORE-010-PROD-0031,2025-05-31,STORE-010,PROD-0031,85,16,Available
INV-STORE-010-PROD-0032,2025-05-31,STORE-010,PROD-0032,89,17,Available
INV-STORE-010-PROD-0033,2025-05-31,STORE-010,PROD-0033,112,7,Available
INV-STORE-010-PROD-0034,2025-05-31,STORE-010,PROD-0034,51,8,Available
INV-STORE-010-PROD-0035,2025-05-31,STORE-010,PROD-0035,13,11,Available
INV-STORE-010-PROD-0036,2025-05-31,STORE-010,PROD-0036,91,14,Available
INV-STORE-010-PROD-0037,2025-05-31,STORE-010,PROD-0037,108,25,Available
INV-STORE-010-PROD-0038,2025-05-31,STORE-010,PROD-0038,15,24,Low Stock
INV-STORE-010-PROD-0039,2025-05-31,STORE-010,PROD-0039,4,5,Low Stock
INV-STORE-010-PROD-0040,2025-05-31,STORE-010,PROD-0040,33,8,Available
INV-STORE-010-PROD-0041,2025-05-31,STORE-010,PROD-0041,70,25,Available
INV-STORE-010-PROD-0042,2025-05-31,STORE-010,PROD-0042,13,16,Low Stock
INV-STORE-010-PROD-0043,2025-05-31,STORE-010,PROD-0043,85,14,Available
INV-STORE-010-PROD-0044,2025-05-31,STORE-010,PROD-0044,110,22,Available
INV-STORE-010-PROD-0045,2025-05-31,STORE-010,PROD-0045,60,22,Available
INV-STORE-010-PROD-0046,2025-05-31,STORE-010,PROD-0046,53,20,Available
INV-STORE-010-PROD-0047,2025-05-31,STORE-010,PROD-0047,63,22,Available
INV-STORE-010-PROD-0048,2025-05-31,STORE-010,PROD-0048,80,8,Available
INV-STORE-010-PROD-0049,2025-05-31,STORE-010,PROD-0049,14,10,Available
INV-STORE-010-PROD-0050,2025-05-31,STORE-010,PROD-0050,111,25,Available
INV-STORE-010-PROD-0051,2025-05-31,STORE-010,PROD-0051,24,14,Available
INV-STORE-010-PROD-0052,2025-05-31,STORE-010,PROD-0052,70,23,Available
INV-STORE-010-PROD-0053,2025-05-31,STORE-010,PROD-0053,38,8,Available
INV-STORE-010-PROD-0054,2025-05-31,STORE-010,PROD-0054,111,23,Available
INV-STORE-010-PROD-0055,2025-05-31,STORE-010,PROD-0055,73,17,Available
INV-STORE-010-PROD-0056,2025-05-31,STORE-010,PROD-0056,21,24,Low Stock
INV-STORE-010-PROD-0057,2025-05-31,STORE-010,PROD-0057,107,21,Available
INV-STORE-010-PROD-0058,2025-05-31,STORE-010,PROD-0058,16,17,Low Stock
INV-STORE-010-PROD-0059,2025-05-31,STORE-010,PROD-0059,9,11,Low Stock
INV-STORE-010-PROD-0060,2025-05-31,STORE-010,PROD-0060,106,5,Available
INV-STORE-010-PROD-0061,2025-05-31,STORE-010,PROD-0061,39,21,Available
INV-STORE-010-PROD-0062,2025-05-31,STORE-010,PROD-0062,63,22,Available
INV-STORE-010-PROD-0063,2025-05-31,STORE-010,PROD-0063,102,11,Available
INV-STORE-010-PROD-0064,2025-05-31,STORE-010,PROD-0064,46,22,Available
INV-STORE-010-PROD-0065,2025-05-31,STORE-010,PROD-0065,71,11,Available
INV-STORE-010-PROD-0066,2025-05-31,STORE-010,PROD-0066,13,7,Available
INV-STORE-010-PROD-0067,2025-05-31,STORE-010,PROD-0067,74,22,Available
INV-STORE-010-PROD-0068,2025-05-31,STORE-010,PROD-0068,59,14,Available
INV-STORE-010-PROD-0069,2025-05-31,STORE-010,PROD-0069,38,6,Available
INV-STORE-010-PROD-0070,2025-05-31,STORE-010,PROD-0070,46,22,Available
INV-STORE-010-PROD-0071,2025-05-31,STORE-010,PROD-0071,49,5,Available
INV-STORE-010-PROD-0072,2025-05-31,STORE-010,PROD-0072,9,8,Available
INV-STORE-010-PROD-0073,2025-05-31,STORE-010,PROD-0073,19,7,Available
INV-STORE-010-PROD-0074,2025-05-31,STORE-010,PROD-0074,80,17,Available
INV-STORE-010-PROD-0075,2025-05-31,STORE-010,PROD-0075,40,5,Available
INV-STORE-010-PROD-0076,2025-05-31,STORE-010,PROD-0076,109,16,Available
INV-STORE-010-PROD-0077,2025-05-31,STORE-010,PROD-0077,94,9,Available
INV-STORE-010-PROD-0078,2025-05-31,STORE-010,PROD-0078,119,8,Available
INV-STORE-010-PROD-0079,2025-05-31,STORE-010,PROD-0079,10,14,Low Stock
INV-STORE-010-PROD-0080,2025-05-31,STORE-010,PROD-0080,46,15,Available
INV-STORE-010-PROD-0081,2025-05-31,STORE-010,PROD-0081,58,17,Available
INV-STORE-010-PROD-0082,2025-05-31,STORE-010,PROD-0082,52,18,Available
INV-STORE-010-PROD-0083,2025-05-31,STORE-010,PROD-0083,8,9,Low Stock
INV-STORE-010-PROD-0084,2025-05-31,STORE-010,PROD-0084,30,6,Available
INV-STORE-010-PROD-0085,2025-05-31,STORE-010,PROD-0085,26,8,Available
INV-STORE-010-PROD-0086,2025-05-31,STORE-010,PROD-0086,111,8,Available
INV-STORE-010-PROD-0087,2025-05-31,STORE-010,PROD-0087,116,8,Available
INV-STORE-010-PROD-0088,2025-05-31,STORE-010,PROD-0088,44,12,Available
INV-STORE-010-PROD-0089,2025-05-31,STORE-010,PROD-0089,57,6,Available
INV-STORE-010-PROD-0090,2025-05-31,STORE-010,PROD-0090,6,9,Low Stock
INV-STORE-010-PROD-0091,2025-05-31,STORE-010,PROD-0091,112,8,Available
INV-STORE-010-PROD-0092,2025-05-31,STORE-010,PROD-0092,9,23,Low Stock
INV-STORE-010-PROD-0093,2025-05-31,STORE-010,PROD-0093,1,25,Low Stock
INV-STORE-010-PROD-0094,2025-05-31,STORE-010,PROD-0094,38,10,Available
INV-STORE-010-PROD-0095,2025-05-31,STORE-010,PROD-0095,58,5,Available
INV-STORE-010-PROD-0096,2025-05-31,STORE-010,PROD-0096,64,17,Available
INV-STORE-010-PROD-0097,2025-05-31,STORE-010,PROD-0097,48,17,Available
INV-STORE-010-PROD-0098,2025-05-31,STORE-010,PROD-0098,46,22,Available
INV-STORE-010-PROD-0099,2025-05-31,STORE-010,PROD-0099,51,14,Available
INV-STORE-010-PROD-0100,2025-05-31,STORE-010,PROD-0100,6,14,Low Stock
INV-STORE-011-PROD-0001,2025-05-31,STORE-011,PROD-0001,116,21,Available
INV-STORE-011-PROD-0002,2025-05-31,STORE-011,PROD-0002,31,24,Available
INV-STORE-011-PROD-0003,2025-05-31,STORE-011,PROD-0003,97,11,Available
INV-STORE-011-PROD-0004,2025-05-31,STORE-011,PROD-0004,24,23,Available
INV-STORE-011-PROD-0005,2025-05-31,STORE-011,PROD-0005,24,24,Available
INV-STORE-011-PROD-0006,2025-05-31,STORE-011,PROD-0006,80,13,Available
INV-STORE-011-PROD-0007,2025-05-31,STORE-011,PROD-0007,47,18,Available
INV-STORE-011-PROD-0008,2025-05-31,STORE-011,PROD-0008,7,15,Low Stock
INV-STORE-011-PROD-0009,2025-05-31,STORE-011,PROD-0009,67,5,Available
INV-STORE-011-PROD-0010,2025-05-31,STORE-011,PROD-0010,20,14,Available
INV-STORE-011-PROD-0011,2025-05-31,STORE-011,PROD-0011,60,16,Available
INV-STORE-011-PROD-0012,2025-05-31,STORE-011,PROD-0012,118,23,Available
INV-STORE-011-PROD-0013,2025-05-31,STORE-011,PROD-0013,50,7,Available
INV-STORE-011-PROD-0014,2025-05-31,STORE-011,PROD-0014,97,22,Available
INV-STORE-011-PROD-0015,2025-05-31,STORE-011,PROD-0015,95,16,Available
INV-STORE-011-PROD-0016,2025-05-31,STORE-011,PROD-0016,10,12,Low Stock
INV-STORE-011-PROD-0017,2025-05-31,STORE-011,PROD-0017,7,8,Low Stock
INV-STORE-011-PROD-0018,2025-05-31,STORE-011,PROD-0018,47,14,Available
INV-STORE-011-PROD-0019,2025-05-31,STORE-011,PROD-0019,92,20,Available
INV-STORE-011-PROD-0020,2025-05-31,STORE-011,PROD-0020,29,10,Available
INV-STORE-011-PROD-0021,2025-05-31,STORE-011,PROD-0021,47,25,Available
INV-STORE-011-PROD-0022,2025-05-31,STORE-011,PROD-0022,100,8,Available
INV-STORE-011-PROD-0023,2025-05-31,STORE-011,PROD-0023,86,6,Available
INV-STORE-011-PROD-0024,2025-05-31,STORE-011,PROD-0024,16,20,Low Stock
INV-STORE-011-PROD-0025,2025-05-31,STORE-011,PROD-0025,49,12,Available
INV-STORE-011-PROD-0026,2025-05-31,STORE-011,PROD-0026,109,17,Available
INV-STORE-011-PROD-0027,2025-05-31,STORE-011,PROD-0027,13,6,Available
INV-STORE-011-PROD-0028,2025-05-31,STORE-011,PROD-0028,1,13,Low Stock
INV-STORE-011-PROD-0029,2025-05-31,STORE-011,PROD-0029,1,8,Low Stock
INV-STORE-011-PROD-0030,2025-05-31,STORE-011,PROD-0030,57,18,Available
INV-STORE-011-PROD-0031,2025-05-31,STORE-011,PROD-0031,73,14,Available
INV-STORE-011-PROD-0032,2025-05-31,STORE-011,PROD-0032,68,21,Available
INV-STORE-011-PROD-0033,2025-05-31,STORE-011,PROD-0033,4,24,Low Stock
INV-STORE-011-PROD-0034,2025-05-31,STORE-011,PROD-0034,23,20,Available
INV-STORE-011-PROD-0035,2025-05-31,STORE-011,PROD-0035,15,9,Available
INV-STORE-011-PROD-0036,2025-05-31,STORE-011,PROD-0036,74,23,Available
INV-STORE-011-PROD-0037,2025-05-31,STORE-011,PROD-0037,103,25,Available
INV-STORE-011-PROD-0038,2025-05-31,STORE-011,PROD-0038,110,21,Available
INV-STORE-011-PROD-0039,2025-05-31,STORE-011,PROD-0039,99,17,Available
INV-STORE-011-PROD-0040,2025-05-31,STORE-011,PROD-0040,34,7,Available
INV-STORE-011-PROD-0041,2025-05-31,STORE-011,PROD-0041,119,19,Available
INV-STORE-011-PROD-0042,2025-05-31,STORE-011,PROD-0042,12,24,Low Stock
INV-STORE-011-PROD-0043,2025-05-31,STORE-011,PROD-0043,43,19,Available
INV-STORE-011-PROD-0044,2025-05-31,STORE-011,PROD-0044,21,18,Available
INV-STORE-011-PROD-0045,2025-05-31,STORE-011,PROD-0045,32,19,Available
INV-STORE-011-PROD-0046,2025-05-31,STORE-011,PROD-0046,7,14,Low Stock
INV-STORE-011-PROD-0047,2025-05-31,STORE-011,PROD-0047,5,16,Low Stock
INV-STORE-011-PROD-0048,2025-05-31,STORE-011,PROD-0048,120,7,Available
INV-STORE-011-PROD-0049,2025-05-31,STORE-011,PROD-0049,113,20,Available
INV-STORE-011-PROD-0050,2025-05-31,STORE-011,PROD-0050,81,9,Available
INV-STORE-011-PROD-0051,2025-05-31,STORE-011,PROD-0051,103,12,Available
INV-STORE-011-PROD-0052,2025-05-31,STORE-011,PROD-0052,21,11,Available
INV-STORE-011-PROD-0053,2025-05-31,STORE-011,PROD-0053,26,12,Available
INV-STORE-011-PROD-0054,2025-05-31,STORE-011,PROD-0054,58,7,Available
INV-STORE-011-PROD-0055,2025-05-31,STORE-011,PROD-0055,84,24,Available
INV-STORE-011-PROD-0056,2025-05-31,STORE-011,PROD-0056,88,14,Available
INV-STORE-011-PROD-0057,2025-05-31,STORE-011,PROD-0057,34,20,Available
INV-STORE-011-PROD-0058,2025-05-31,STORE-011,PROD-0058,63,21,Available
INV-STORE-011-PROD-0059,2025-05-31,STORE-011,PROD-0059,55,8,Available
INV-STORE-011-PROD-0060,2025-05-31,STORE-011,PROD-0060,49,19,Available
INV-STORE-011-PROD-0061,2025-05-31,STORE-011,PROD-0061,26,11,Available
INV-STORE-011-PROD-0062,2025-05-31,STORE-011,PROD-0062,17,16,Available
INV-STORE-011-PROD-0063,2025-05-31,STORE-011,PROD-0063,40,14,Available
INV-STORE-011-PROD-0064,2025-05-31,STORE-011,PROD-0064,53,10,Available
INV-STORE-011-PROD-0065,2025-05-31,STORE-011,PROD-0065,113,22,Available
INV-STORE-011-PROD-0066,2025-05-31,STORE-011,PROD-0066,6,23,Low Stock
INV-STORE-011-PROD-0067,2025-05-31,STORE-011,PROD-0067,95,13,Available
INV-STORE-011-PROD-0068,2025-05-31,STORE-011,PROD-0068,82,16,Available
INV-STORE-011-PROD-0069,2025-05-31,STORE-011,PROD-0069,14,16,Low Stock
INV-STORE-011-PROD-0070,2025-05-31,STORE-011,PROD-0070,53,20,Available
INV-STORE-011-PROD-0071,2025-05-31,STORE-011,PROD-0071,0,13,Stockout
INV-STORE-011-PROD-0072,2025-05-31,STORE-011,PROD-0072,119,20,Available
INV-STORE-011-PROD-0073,2025-05-31,STORE-011,PROD-0073,48,13,Available
INV-STORE-011-PROD-0074,2025-05-31,STORE-011,PROD-0074,89,12,Available
INV-STORE-011-PROD-0075,2025-05-31,STORE-011,PROD-0075,71,17,Available
INV-STORE-011-PROD-0076,2025-05-31,STORE-011,PROD-0076,82,14,Available
INV-STORE-011-PROD-0077,2025-05-31,STORE-011,PROD-0077,34,19,Available
INV-STORE-011-PROD-0078,2025-05-31,STORE-011,PROD-0078,15,7,Available
INV-STORE-011-PROD-0079,2025-05-31,STORE-011,PROD-0079,102,20,Available
INV-STORE-011-PROD-0080,2025-05-31,STORE-011,PROD-0080,55,19,Available
INV-STORE-011-PROD-0081,2025-05-31,STORE-011,PROD-0081,113,19,Available
INV-STORE-011-PROD-0082,2025-05-31,STORE-011,PROD-0082,39,9,Available
INV-STORE-011-PROD-0083,2025-05-31,STORE-011,PROD-0083,93,12,Available
INV-STORE-011-PROD-0084,2025-05-31,STORE-011,PROD-0084,16,25,Low Stock
INV-STORE-011-PROD-0085,2025-05-31,STORE-011,PROD-0085,59,18,Available
INV-STORE-011-PROD-0086,2025-05-31,STORE-011,PROD-0086,109,8,Available
INV-STORE-011-PROD-0087,2025-05-31,STORE-011,PROD-0087,106,25,Available
INV-STORE-011-PROD-0088,2025-05-31,STORE-011,PROD-0088,100,19,Available
INV-STORE-011-PROD-0089,2025-05-31,STORE-011,PROD-0089,79,19,Available
INV-STORE-011-PROD-0090,2025-05-31,STORE-011,PROD-0090,64,25,Available
INV-STORE-011-PROD-0091,2025-05-31,STORE-011,PROD-0091,10,16,Low Stock
INV-STORE-011-PROD-0092,2025-05-31,STORE-011,PROD-0092,67,5,Available
INV-STORE-011-PROD-0093,2025-05-31,STORE-011,PROD-0093,32,13,Available
INV-STORE-011-PROD-0094,2025-05-31,STORE-011,PROD-0094,29,16,Available
INV-STORE-011-PROD-0095,2025-05-31,STORE-011,PROD-0095,93,23,Available
INV-STORE-011-PROD-0096,2025-05-31,STORE-011,PROD-0096,4,19,Low Stock
INV-STORE-011-PROD-0097,2025-05-31,STORE-011,PROD-0097,116,16,Available
INV-STORE-011-PROD-0098,2025-05-31,STORE-011,PROD-0098,66,25,Available
INV-STORE-011-PROD-0099,2025-05-31,STORE-011,PROD-0099,68,8,Available
INV-STORE-011-PROD-0100,2025-05-31,STORE-011,PROD-0100,77,22,Available
INV-STORE-012-PROD-0001,2025-05-31,STORE-012,PROD-0001,64,25,Available
INV-STORE-012-PROD-0002,2025-05-31,STORE-012,PROD-0002,69,13,Available
INV-STORE-012-PROD-0003,2025-05-31,STORE-012,PROD-0003,4,21,Low Stock
INV-STORE-012-PROD-0004,2025-05-31,STORE-012,PROD-0004,0,9,Stockout
INV-STORE-012-PROD-0005,2025-05-31,STORE-012,PROD-0005,91,18,Available
INV-STORE-012-PROD-0006,2025-05-31,STORE-012,PROD-0006,67,19,Available
INV-STORE-012-PROD-0007,2025-05-31,STORE-012,PROD-0007,19,6,Available
INV-STORE-012-PROD-0008,2025-05-31,STORE-012,PROD-0008,14,21,Low Stock
INV-STORE-012-PROD-0009,2025-05-31,STORE-012,PROD-0009,47,18,Available
INV-STORE-012-PROD-0010,2025-05-31,STORE-012,PROD-0010,23,16,Available
INV-STORE-012-PROD-0011,2025-05-31,STORE-012,PROD-0011,104,10,Available
INV-STORE-012-PROD-0012,2025-05-31,STORE-012,PROD-0012,6,17,Low Stock
INV-STORE-012-PROD-0013,2025-05-31,STORE-012,PROD-0013,70,16,Available
INV-STORE-012-PROD-0014,2025-05-31,STORE-012,PROD-0014,120,6,Available
INV-STORE-012-PROD-0015,2025-05-31,STORE-012,PROD-0015,111,25,Available
INV-STORE-012-PROD-0016,2025-05-31,STORE-012,PROD-0016,84,15,Available
INV-STORE-012-PROD-0017,2025-05-31,STORE-012,PROD-0017,10,13,Low Stock
INV-STORE-012-PROD-0018,2025-05-31,STORE-012,PROD-0018,91,17,Available
INV-STORE-012-PROD-0019,2025-05-31,STORE-012,PROD-0019,0,7,Stockout
INV-STORE-012-PROD-0020,2025-05-31,STORE-012,PROD-0020,5,6,Low Stock
INV-STORE-012-PROD-0021,2025-05-31,STORE-012,PROD-0021,85,23,Available
INV-STORE-012-PROD-0022,2025-05-31,STORE-012,PROD-0022,13,6,Available
INV-STORE-012-PROD-0023,2025-05-31,STORE-012,PROD-0023,49,18,Available
INV-STORE-012-PROD-0024,2025-05-31,STORE-012,PROD-0024,23,8,Available
INV-STORE-012-PROD-0025,2025-05-31,STORE-012,PROD-0025,34,19,Available
INV-STORE-012-PROD-0026,2025-05-31,STORE-012,PROD-0026,42,20,Available
INV-STORE-012-PROD-0027,2025-05-31,STORE-012,PROD-0027,61,18,Available
INV-STORE-012-PROD-0028,2025-05-31,STORE-012,PROD-0028,26,16,Available
INV-STORE-012-PROD-0029,2025-05-31,STORE-012,PROD-0029,4,11,Low Stock
INV-STORE-012-PROD-0030,2025-05-31,STORE-012,PROD-0030,56,20,Available
INV-STORE-012-PROD-0031,2025-05-31,STORE-012,PROD-0031,3,6,Low Stock
INV-STORE-012-PROD-0032,2025-05-31,STORE-012,PROD-0032,68,9,Available
INV-STORE-012-PROD-0033,2025-05-31,STORE-012,PROD-0033,88,24,Available
INV-STORE-012-PROD-0034,2025-05-31,STORE-012,PROD-0034,15,17,Low Stock
INV-STORE-012-PROD-0035,2025-05-31,STORE-012,PROD-0035,27,17,Available
INV-STORE-012-PROD-0036,2025-05-31,STORE-012,PROD-0036,102,17,Available
INV-STORE-012-PROD-0037,2025-05-31,STORE-012,PROD-0037,83,19,Available
INV-STORE-012-PROD-0038,2025-05-31,STORE-012,PROD-0038,1,21,Low Stock
INV-STORE-012-PROD-0039,2025-05-31,STORE-012,PROD-0039,94,11,Available
INV-STORE-012-PROD-0040,2025-05-31,STORE-012,PROD-0040,49,23,Available
INV-STORE-012-PROD-0041,2025-05-31,STORE-012,PROD-0041,34,16,Available
INV-STORE-012-PROD-0042,2025-05-31,STORE-012,PROD-0042,25,20,Available
INV-STORE-012-PROD-0043,2025-05-31,STORE-012,PROD-0043,71,21,Available
INV-STORE-012-PROD-0044,2025-05-31,STORE-012,PROD-0044,58,25,Available
INV-STORE-012-PROD-0045,2025-05-31,STORE-012,PROD-0045,94,24,Available
INV-STORE-012-PROD-0046,2025-05-31,STORE-012,PROD-0046,2,6,Low Stock
INV-STORE-012-PROD-0047,2025-05-31,STORE-012,PROD-0047,23,10,Available
INV-STORE-012-PROD-0048,2025-05-31,STORE-012,PROD-0048,96,16,Available
INV-STORE-012-PROD-0049,2025-05-31,STORE-012,PROD-0049,50,19,Available
INV-STORE-012-PROD-0050,2025-05-31,STORE-012,PROD-0050,18,23,Low Stock
INV-STORE-012-PROD-0051,2025-05-31,STORE-012,PROD-0051,93,8,Available
INV-STORE-012-PROD-0052,2025-05-31,STORE-012,PROD-0052,56,17,Available
INV-STORE-012-PROD-0053,2025-05-31,STORE-012,PROD-0053,2,17,Low Stock
INV-STORE-012-PROD-0054,2025-05-31,STORE-012,PROD-0054,108,24,Available
INV-STORE-012-PROD-0055,2025-05-31,STORE-012,PROD-0055,58,25,Available
INV-STORE-012-PROD-0056,2025-05-31,STORE-012,PROD-0056,119,23,Available
INV-STORE-012-PROD-0057,2025-05-31,STORE-012,PROD-0057,70,11,Available
INV-STORE-012-PROD-0058,2025-05-31,STORE-012,PROD-0058,94,10,Available
INV-STORE-012-PROD-0059,2025-05-31,STORE-012,PROD-0059,7,6,Available
INV-STORE-012-PROD-0060,2025-05-31,STORE-012,PROD-0060,48,18,Available
INV-STORE-012-PROD-0061,2025-05-31,STORE-012,PROD-0061,60,10,Available
INV-STORE-012-PROD-0062,2025-05-31,STORE-012,PROD-0062,12,15,Low Stock
INV-STORE-012-PROD-0063,2025-05-31,STORE-012,PROD-0063,11,22,Low Stock
INV-STORE-012-PROD-0064,2025-05-31,STORE-012,PROD-0064,74,23,Available
INV-STORE-012-PROD-0065,2025-05-31,STORE-012,PROD-0065,39,17,Available
INV-STORE-012-PROD-0066,2025-05-31,STORE-012,PROD-0066,15,17,Low Stock
INV-STORE-012-PROD-0067,2025-05-31,STORE-012,PROD-0067,112,8,Available
INV-STORE-012-PROD-0068,2025-05-31,STORE-012,PROD-0068,38,15,Available
INV-STORE-012-PROD-0069,2025-05-31,STORE-012,PROD-0069,32,10,Available
INV-STORE-012-PROD-0070,2025-05-31,STORE-012,PROD-0070,74,23,Available
INV-STORE-012-PROD-0071,2025-05-31,STORE-012,PROD-0071,25,9,Available
INV-STORE-012-PROD-0072,2025-05-31,STORE-012,PROD-0072,68,24,Available
INV-STORE-012-PROD-0073,2025-05-31,STORE-012,PROD-0073,83,13,Available
INV-STORE-012-PROD-0074,2025-05-31,STORE-012,PROD-0074,31,20,Available
INV-STORE-012-PROD-0075,2025-05-31,STORE-012,PROD-0075,15,16,Low Stock
INV-STORE-012-PROD-0076,2025-05-31,STORE-012,PROD-0076,120,13,Available
INV-STORE-012-PROD-0077,2025-05-31,STORE-012,PROD-0077,76,21,Available
INV-STORE-012-PROD-0078,2025-05-31,STORE-012,PROD-0078,91,20,Available
INV-STORE-012-PROD-0079,2025-05-31,STORE-012,PROD-0079,79,14,Available
INV-STORE-012-PROD-0080,2025-05-31,STORE-012,PROD-0080,76,11,Available
INV-STORE-012-PROD-0081,2025-05-31,STORE-012,PROD-0081,70,25,Available
INV-STORE-012-PROD-0082,2025-05-31,STORE-012,PROD-0082,72,23,Available
INV-STORE-012-PROD-0083,2025-05-31,STORE-012,PROD-0083,99,17,Available
INV-STORE-012-PROD-0084,2025-05-31,STORE-012,PROD-0084,83,22,Available
INV-STORE-012-PROD-0085,2025-05-31,STORE-012,PROD-0085,10,18,Low Stock
INV-STORE-012-PROD-0086,2025-05-31,STORE-012,PROD-0086,1,6,Low Stock
INV-STORE-012-PROD-0087,2025-05-31,STORE-012,PROD-0087,94,16,Available
INV-STORE-012-PROD-0088,2025-05-31,STORE-012,PROD-0088,53,18,Available
INV-STORE-012-PROD-0089,2025-05-31,STORE-012,PROD-0089,24,5,Available
INV-STORE-012-PROD-0090,2025-05-31,STORE-012,PROD-0090,69,12,Available
INV-STORE-012-PROD-0091,2025-05-31,STORE-012,PROD-0091,2,13,Low Stock
INV-STORE-012-PROD-0092,2025-05-31,STORE-012,PROD-0092,77,20,Available
INV-STORE-012-PROD-0093,2025-05-31,STORE-012,PROD-0093,49,20,Available
INV-STORE-012-PROD-0094,2025-05-31,STORE-012,PROD-0094,112,25,Available
INV-STORE-012-PROD-0095,2025-05-31,STORE-012,PROD-0095,56,21,Available
INV-STORE-012-PROD-0096,2025-05-31,STORE-012,PROD-0096,35,15,Available
INV-STORE-012-PROD-0097,2025-05-31,STORE-012,PROD-0097,96,18,Available
INV-STORE-012-PROD-0098,2025-05-31,STORE-012,PROD-0098,105,12,Available
INV-STORE-012-PROD-0099,2025-05-31,STORE-012,PROD-0099,39,21,Available
INV-STORE-012-PROD-0100,2025-05-31,STORE-012,PROD-0100,27,5,Available
INV-STORE-013-PROD-0001,2025-05-31,STORE-013,PROD-0001,99,21,Available
INV-STORE-013-PROD-0002,2025-05-31,STORE-013,PROD-0002,37,24,Available
INV-STORE-013-PROD-0003,2025-05-31,STORE-013,PROD-0003,103,18,Available
INV-STORE-013-PROD-0004,2025-05-31,STORE-013,PROD-0004,16,23,Low Stock
INV-STORE-013-PROD-0005,2025-05-31,STORE-013,PROD-0005,17,22,Low Stock
INV-STORE-013-PROD-0006,2025-05-31,STORE-013,PROD-0006,31,5,Available
INV-STORE-013-PROD-0007,2025-05-31,STORE-013,PROD-0007,28,10,Available
INV-STORE-013-PROD-0008,2025-05-31,STORE-013,PROD-0008,5,14,Low Stock
INV-STORE-013-PROD-0009,2025-05-31,STORE-013,PROD-0009,97,20,Available
INV-STORE-013-PROD-0010,2025-05-31,STORE-013,PROD-0010,46,17,Available
INV-STORE-013-PROD-0011,2025-05-31,STORE-013,PROD-0011,43,20,Available
INV-STORE-013-PROD-0012,2025-05-31,STORE-013,PROD-0012,52,8,Available
INV-STORE-013-PROD-0013,2025-05-31,STORE-013,PROD-0013,0,15,Stockout
INV-STORE-013-PROD-0014,2025-05-31,STORE-013,PROD-0014,48,24,Available
INV-STORE-013-PROD-0015,2025-05-31,STORE-013,PROD-0015,66,10,Available
INV-STORE-013-PROD-0016,2025-05-31,STORE-013,PROD-0016,98,8,Available
INV-STORE-013-PROD-0017,2025-05-31,STORE-013,PROD-0017,104,15,Available
INV-STORE-013-PROD-0018,2025-05-31,STORE-013,PROD-0018,7,7,Available
INV-STORE-013-PROD-0019,2025-05-31,STORE-013,PROD-0019,116,10,Available
INV-STORE-013-PROD-0020,2025-05-31,STORE-013,PROD-0020,28,15,Available
INV-STORE-013-PROD-0021,2025-05-31,STORE-013,PROD-0021,77,23,Available
INV-STORE-013-PROD-0022,2025-05-31,STORE-013,PROD-0022,110,5,Available
INV-STORE-013-PROD-0023,2025-05-31,STORE-013,PROD-0023,59,9,Available
INV-STORE-013-PROD-0024,2025-05-31,STORE-013,PROD-0024,2,20,Low Stock
INV-STORE-013-PROD-0025,2025-05-31,STORE-013,PROD-0025,24,7,Available
INV-STORE-013-PROD-0026,2025-05-31,STORE-013,PROD-0026,43,19,Available
INV-STORE-013-PROD-0027,2025-05-31,STORE-013,PROD-0027,76,8,Available
INV-STORE-013-PROD-0028,2025-05-31,STORE-013,PROD-0028,63,17,Available
INV-STORE-013-PROD-0029,2025-05-31,STORE-013,PROD-0029,73,18,Available
INV-STORE-013-PROD-0030,2025-05-31,STORE-013,PROD-0030,29,21,Available
INV-STORE-013-PROD-0031,2025-05-31,STORE-013,PROD-0031,102,19,Available
INV-STORE-013-PROD-0032,2025-05-31,STORE-013,PROD-0032,92,16,Available
INV-STORE-013-PROD-0033,2025-05-31,STORE-013,PROD-0033,14,18,Low Stock
INV-STORE-013-PROD-0034,2025-05-31,STORE-013,PROD-0034,35,10,Available
INV-STORE-013-PROD-0035,2025-05-31,STORE-013,PROD-0035,104,14,Available
INV-STORE-013-PROD-0036,2025-05-31,STORE-013,PROD-0036,53,16,Available
INV-STORE-013-PROD-0037,2025-05-31,STORE-013,PROD-0037,30,5,Available
INV-STORE-013-PROD-0038,2025-05-31,STORE-013,PROD-0038,50,13,Available
INV-STORE-013-PROD-0039,2025-05-31,STORE-013,PROD-0039,73,18,Available
INV-STORE-013-PROD-0040,2025-05-31,STORE-013,PROD-0040,80,20,Available
INV-STORE-013-PROD-0041,2025-05-31,STORE-013,PROD-0041,2,13,Low Stock
INV-STORE-013-PROD-0042,2025-05-31,STORE-013,PROD-0042,26,10,Available
INV-STORE-013-PROD-0043,2025-05-31,STORE-013,PROD-0043,32,8,Available
INV-STORE-013-PROD-0044,2025-05-31,STORE-013,PROD-0044,100,7,Available
INV-STORE-013-PROD-0045,2025-05-31,STORE-013,PROD-0045,52,23,Available
INV-STORE-013-PROD-0046,2025-05-31,STORE-013,PROD-0046,69,11,Available
INV-STORE-013-PROD-0047,2025-05-31,STORE-013,PROD-0047,28,6,Available
INV-STORE-013-PROD-0048,2025-05-31,STORE-013,PROD-0048,109,16,Available
INV-STORE-013-PROD-0049,2025-05-31,STORE-013,PROD-0049,99,5,Available
INV-STORE-013-PROD-0050,2025-05-31,STORE-013,PROD-0050,7,10,Low Stock
INV-STORE-013-PROD-0051,2025-05-31,STORE-013,PROD-0051,109,15,Available
INV-STORE-013-PROD-0052,2025-05-31,STORE-013,PROD-0052,47,7,Available
INV-STORE-013-PROD-0053,2025-05-31,STORE-013,PROD-0053,101,11,Available
INV-STORE-013-PROD-0054,2025-05-31,STORE-013,PROD-0054,101,12,Available
INV-STORE-013-PROD-0055,2025-05-31,STORE-013,PROD-0055,93,7,Available
INV-STORE-013-PROD-0056,2025-05-31,STORE-013,PROD-0056,36,7,Available
INV-STORE-013-PROD-0057,2025-05-31,STORE-013,PROD-0057,44,11,Available
INV-STORE-013-PROD-0058,2025-05-31,STORE-013,PROD-0058,52,7,Available
INV-STORE-013-PROD-0059,2025-05-31,STORE-013,PROD-0059,92,11,Available
INV-STORE-013-PROD-0060,2025-05-31,STORE-013,PROD-0060,5,10,Low Stock
INV-STORE-013-PROD-0061,2025-05-31,STORE-013,PROD-0061,91,18,Available
INV-STORE-013-PROD-0062,2025-05-31,STORE-013,PROD-0062,59,9,Available
INV-STORE-013-PROD-0063,2025-05-31,STORE-013,PROD-0063,52,9,Available
INV-STORE-013-PROD-0064,2025-05-31,STORE-013,PROD-0064,71,6,Available
INV-STORE-013-PROD-0065,2025-05-31,STORE-013,PROD-0065,31,16,Available
INV-STORE-013-PROD-0066,2025-05-31,STORE-013,PROD-0066,114,18,Available
INV-STORE-013-PROD-0067,2025-05-31,STORE-013,PROD-0067,35,25,Available
INV-STORE-013-PROD-0068,2025-05-31,STORE-013,PROD-0068,47,10,Available
INV-STORE-013-PROD-0069,2025-05-31,STORE-013,PROD-0069,49,11,Available
INV-STORE-013-PROD-0070,2025-05-31,STORE-013,PROD-0070,30,18,Available
INV-STORE-013-PROD-0071,2025-05-31,STORE-013,PROD-0071,35,21,Available
INV-STORE-013-PROD-0072,2025-05-31,STORE-013,PROD-0072,106,18,Available
INV-STORE-013-PROD-0073,2025-05-31,STORE-013,PROD-0073,2,17,Low Stock
INV-STORE-013-PROD-0074,2025-05-31,STORE-013,PROD-0074,39,5,Available
INV-STORE-013-PROD-0075,2025-05-31,STORE-013,PROD-0075,80,19,Available
INV-STORE-013-PROD-0076,2025-05-31,STORE-013,PROD-0076,6,12,Low Stock
INV-STORE-013-PROD-0077,2025-05-31,STORE-013,PROD-0077,8,20,Low Stock
INV-STORE-013-PROD-0078,2025-05-31,STORE-013,PROD-0078,54,24,Available
INV-STORE-013-PROD-0079,2025-05-31,STORE-013,PROD-0079,68,10,Available
INV-STORE-013-PROD-0080,2025-05-31,STORE-013,PROD-0080,24,24,Available
INV-STORE-013-PROD-0081,2025-05-31,STORE-013,PROD-0081,34,17,Available
INV-STORE-013-PROD-0082,2025-05-31,STORE-013,PROD-0082,36,18,Available
INV-STORE-013-PROD-0083,2025-05-31,STORE-013,PROD-0083,83,13,Available
INV-STORE-013-PROD-0084,2025-05-31,STORE-013,PROD-0084,32,24,Available
INV-STORE-013-PROD-0085,2025-05-31,STORE-013,PROD-0085,64,8,Available
INV-STORE-013-PROD-0086,2025-05-31,STORE-013,PROD-0086,65,25,Available
INV-STORE-013-PROD-0087,2025-05-31,STORE-013,PROD-0087,110,22,Available
INV-STORE-013-PROD-0088,2025-05-31,STORE-013,PROD-0088,112,13,Available
INV-STORE-013-PROD-0089,2025-05-31,STORE-013,PROD-0089,105,24,Available
INV-STORE-013-PROD-0090,2025-05-31,STORE-013,PROD-0090,69,12,Available
INV-STORE-013-PROD-0091,2025-05-31,STORE-013,PROD-0091,15,15,Available
INV-STORE-013-PROD-0092,2025-05-31,STORE-013,PROD-0092,22,8,Available
INV-STORE-013-PROD-0093,2025-05-31,STORE-013,PROD-0093,120,12,Available
INV-STORE-013-PROD-0094,2025-05-31,STORE-013,PROD-0094,42,13,Available
INV-STORE-013-PROD-0095,2025-05-31,STORE-013,PROD-0095,67,19,Available
INV-STORE-013-PROD-0096,2025-05-31,STORE-013,PROD-0096,70,14,Available
INV-STORE-013-PROD-0097,2025-05-31,STORE-013,PROD-0097,30,23,Available
INV-STORE-013-PROD-0098,2025-05-31,STORE-013,PROD-0098,23,7,Available
INV-STORE-013-PROD-0099,2025-05-31,STORE-013,PROD-0099,51,6,Available
INV-STORE-013-PROD-0100,2025-05-31,STORE-013,PROD-0100,45,18,Available
INV-STORE-014-PROD-0001,2025-05-31,STORE-014,PROD-0001,45,25,Available
INV-STORE-014-PROD-0002,2025-05-31,STORE-014,PROD-0002,5,21,Low Stock
INV-STORE-014-PROD-0003,2025-05-31,STORE-014,PROD-0003,90,11,Available
INV-STORE-014-PROD-0004,2025-05-31,STORE-014,PROD-0004,83,18,Available
INV-STORE-014-PROD-0005,2025-05-31,STORE-014,PROD-0005,59,14,Available
INV-STORE-014-PROD-0006,2025-05-31,STORE-014,PROD-0006,93,16,Available
INV-STORE-014-PROD-0007,2025-05-31,STORE-014,PROD-0007,50,19,Available
INV-STORE-014-PROD-0008,2025-05-31,STORE-014,PROD-0008,111,21,Available
INV-STORE-014-PROD-0009,2025-05-31,STORE-014,PROD-0009,41,23,Available
INV-STORE-014-PROD-0010,2025-05-31,STORE-014,PROD-0010,59,25,Available
INV-STORE-014-PROD-0011,2025-05-31,STORE-014,PROD-0011,71,18,Available
INV-STORE-014-PROD-0012,2025-05-31,STORE-014,PROD-0012,15,21,Low Stock
INV-STORE-014-PROD-0013,2025-05-31,STORE-014,PROD-0013,55,8,Available
INV-STORE-014-PROD-0014,2025-05-31,STORE-014,PROD-0014,101,25,Available
INV-STORE-014-PROD-0015,2025-05-31,STORE-014,PROD-0015,93,16,Available
INV-STORE-014-PROD-0016,2025-05-31,STORE-014,PROD-0016,70,16,Available
INV-STORE-014-PROD-0017,2025-05-31,STORE-014,PROD-0017,64,21,Available
INV-STORE-014-PROD-0018,2025-05-31,STORE-014,PROD-0018,77,9,Available
INV-STORE-014-PROD-0019,2025-05-31,STORE-014,PROD-0019,79,6,Available
INV-STORE-014-PROD-0020,2025-05-31,STORE-014,PROD-0020,51,9,Available
INV-STORE-014-PROD-0021,2025-05-31,STORE-014,PROD-0021,40,25,Available
INV-STORE-014-PROD-0022,2025-05-31,STORE-014,PROD-0022,49,11,Available
INV-STORE-014-PROD-0023,2025-05-31,STORE-014,PROD-0023,79,7,Available
INV-STORE-014-PROD-0024,2025-05-31,STORE-014,PROD-0024,22,13,Available
INV-STORE-014-PROD-0025,2025-05-31,STORE-014,PROD-0025,18,14,Available
INV-STORE-014-PROD-0026,2025-05-31,STORE-014,PROD-0026,37,19,Available
INV-STORE-014-PROD-0027,2025-05-31,STORE-014,PROD-0027,55,9,Available
INV-STORE-014-PROD-0028,2025-05-31,STORE-014,PROD-0028,8,6,Available
INV-STORE-014-PROD-0029,2025-05-31,STORE-014,PROD-0029,111,16,Available
INV-STORE-014-PROD-0030,2025-05-31,STORE-014,PROD-0030,22,20,Available
INV-STORE-014-PROD-0031,2025-05-31,STORE-014,PROD-0031,68,13,Available
INV-STORE-014-PROD-0032,2025-05-31,STORE-014,PROD-0032,69,12,Available
INV-STORE-014-PROD-0033,2025-05-31,STORE-014,PROD-0033,96,19,Available
INV-STORE-014-PROD-0034,2025-05-31,STORE-014,PROD-0034,5,7,Low Stock
INV-STORE-014-PROD-0035,2025-05-31,STORE-014,PROD-0035,95,5,Available
INV-STORE-014-PROD-0036,2025-05-31,STORE-014,PROD-0036,10,8,Available
INV-STORE-014-PROD-0037,2025-05-31,STORE-014,PROD-0037,115,12,Available
INV-STORE-014-PROD-0038,2025-05-31,STORE-014,PROD-0038,1,16,Low Stock
INV-STORE-014-PROD-0039,2025-05-31,STORE-014,PROD-0039,13,7,Available
INV-STORE-014-PROD-0040,2025-05-31,STORE-014,PROD-0040,4,23,Low Stock
INV-STORE-014-PROD-0041,2025-05-31,STORE-014,PROD-0041,20,9,Available
INV-STORE-014-PROD-0042,2025-05-31,STORE-014,PROD-0042,9,11,Low Stock
INV-STORE-014-PROD-0043,2025-05-31,STORE-014,PROD-0043,22,23,Low Stock
INV-STORE-014-PROD-0044,2025-05-31,STORE-014,PROD-0044,63,7,Available
INV-STORE-014-PROD-0045,2025-05-31,STORE-014,PROD-0045,97,19,Available
INV-STORE-014-PROD-0046,2025-05-31,STORE-014,PROD-0046,11,16,Low Stock
INV-STORE-014-PROD-0047,2025-05-31,STORE-014,PROD-0047,44,20,Available
INV-STORE-014-PROD-0048,2025-05-31,STORE-014,PROD-0048,83,5,Available
INV-STORE-014-PROD-0049,2025-05-31,STORE-014,PROD-0049,81,20,Available
INV-STORE-014-PROD-0050,2025-05-31,STORE-014,PROD-0050,62,14,Available
INV-STORE-014-PROD-0051,2025-05-31,STORE-014,PROD-0051,31,14,Available
INV-STORE-014-PROD-0052,2025-05-31,STORE-014,PROD-0052,38,12,Available
INV-STORE-014-PROD-0053,2025-05-31,STORE-014,PROD-0053,83,12,Available
INV-STORE-014-PROD-0054,2025-05-31,STORE-014,PROD-0054,67,14,Available
INV-STORE-014-PROD-0055,2025-05-31,STORE-014,PROD-0055,49,23,Available
INV-STORE-014-PROD-0056,2025-05-31,STORE-014,PROD-0056,28,22,Available
INV-STORE-014-PROD-0057,2025-05-31,STORE-014,PROD-0057,1,14,Low Stock
INV-STORE-014-PROD-0058,2025-05-31,STORE-014,PROD-0058,69,18,Available
INV-STORE-014-PROD-0059,2025-05-31,STORE-014,PROD-0059,107,13,Available
INV-STORE-014-PROD-0060,2025-05-31,STORE-014,PROD-0060,48,23,Available
INV-STORE-014-PROD-0061,2025-05-31,STORE-014,PROD-0061,60,23,Available
INV-STORE-014-PROD-0062,2025-05-31,STORE-014,PROD-0062,95,8,Available
INV-STORE-014-PROD-0063,2025-05-31,STORE-014,PROD-0063,51,25,Available
INV-STORE-014-PROD-0064,2025-05-31,STORE-014,PROD-0064,115,25,Available
INV-STORE-014-PROD-0065,2025-05-31,STORE-014,PROD-0065,89,19,Available
INV-STORE-014-PROD-0066,2025-05-31,STORE-014,PROD-0066,89,9,Available
INV-STORE-014-PROD-0067,2025-05-31,STORE-014,PROD-0067,112,10,Available
INV-STORE-014-PROD-0068,2025-05-31,STORE-014,PROD-0068,90,5,Available
INV-STORE-014-PROD-0069,2025-05-31,STORE-014,PROD-0069,18,10,Available
INV-STORE-014-PROD-0070,2025-05-31,STORE-014,PROD-0070,98,17,Available
INV-STORE-014-PROD-0071,2025-05-31,STORE-014,PROD-0071,92,8,Available
INV-STORE-014-PROD-0072,2025-05-31,STORE-014,PROD-0072,107,5,Available
INV-STORE-014-PROD-0073,2025-05-31,STORE-014,PROD-0073,117,6,Available
INV-STORE-014-PROD-0074,2025-05-31,STORE-014,PROD-0074,52,22,Available
INV-STORE-014-PROD-0075,2025-05-31,STORE-014,PROD-0075,84,23,Available
INV-STORE-014-PROD-0076,2025-05-31,STORE-014,PROD-0076,66,9,Available
INV-STORE-014-PROD-0077,2025-05-31,STORE-014,PROD-0077,115,15,Available
INV-STORE-014-PROD-0078,2025-05-31,STORE-014,PROD-0078,4,14,Low Stock
INV-STORE-014-PROD-0079,2025-05-31,STORE-014,PROD-0079,90,7,Available
INV-STORE-014-PROD-0080,2025-05-31,STORE-014,PROD-0080,115,16,Available
INV-STORE-014-PROD-0081,2025-05-31,STORE-014,PROD-0081,60,10,Available
INV-STORE-014-PROD-0082,2025-05-31,STORE-014,PROD-0082,22,23,Low Stock
INV-STORE-014-PROD-0083,2025-05-31,STORE-014,PROD-0083,34,5,Available
INV-STORE-014-PROD-0084,2025-05-31,STORE-014,PROD-0084,9,13,Low Stock
INV-STORE-014-PROD-0085,2025-05-31,STORE-014,PROD-0085,88,7,Available
INV-STORE-014-PROD-0086,2025-05-31,STORE-014,PROD-0086,2,7,Low Stock
INV-STORE-014-PROD-0087,2025-05-31,STORE-014,PROD-0087,4,6,Low Stock
INV-STORE-014-PROD-0088,2025-05-31,STORE-014,PROD-0088,97,11,Available
INV-STORE-014-PROD-0089,2025-05-31,STORE-014,PROD-0089,86,20,Available
INV-STORE-014-PROD-0090,2025-05-31,STORE-014,PROD-0090,102,24,Available
INV-STORE-014-PROD-0091,2025-05-31,STORE-014,PROD-0091,20,23,Low Stock
INV-STORE-014-PROD-0092,2025-05-31,STORE-014,PROD-0092,48,20,Available
INV-STORE-014-PROD-0093,2025-05-31,STORE-014,PROD-0093,77,21,Available
INV-STORE-014-PROD-0094,2025-05-31,STORE-014,PROD-0094,42,15,Available
INV-STORE-014-PROD-0095,2025-05-31,STORE-014,PROD-0095,8,14,Low Stock
INV-STORE-014-PROD-0096,2025-05-31,STORE-014,PROD-0096,83,10,Available
INV-STORE-014-PROD-0097,2025-05-31,STORE-014,PROD-0097,94,21,Available
INV-STORE-014-PROD-0098,2025-05-31,STORE-014,PROD-0098,58,12,Available
INV-STORE-014-PROD-0099,2025-05-31,STORE-014,PROD-0099,11,15,Low Stock
INV-STORE-014-PROD-0100,2025-05-31,STORE-014,PROD-0100,86,5,Available
INV-STORE-015-PROD-0001,2025-05-31,STORE-015,PROD-0001,54,16,Available
INV-STORE-015-PROD-0002,2025-05-31,STORE-015,PROD-0002,84,22,Available
INV-STORE-015-PROD-0003,2025-05-31,STORE-015,PROD-0003,3,5,Low Stock
INV-STORE-015-PROD-0004,2025-05-31,STORE-015,PROD-0004,9,8,Available
INV-STORE-015-PROD-0005,2025-05-31,STORE-015,PROD-0005,22,9,Available
INV-STORE-015-PROD-0006,2025-05-31,STORE-015,PROD-0006,61,19,Available
INV-STORE-015-PROD-0007,2025-05-31,STORE-015,PROD-0007,50,6,Available
INV-STORE-015-PROD-0008,2025-05-31,STORE-015,PROD-0008,92,25,Available
INV-STORE-015-PROD-0009,2025-05-31,STORE-015,PROD-0009,0,7,Stockout
INV-STORE-015-PROD-0010,2025-05-31,STORE-015,PROD-0010,1,13,Low Stock
INV-STORE-015-PROD-0011,2025-05-31,STORE-015,PROD-0011,41,25,Available
INV-STORE-015-PROD-0012,2025-05-31,STORE-015,PROD-0012,26,7,Available
INV-STORE-015-PROD-0013,2025-05-31,STORE-015,PROD-0013,46,24,Available
INV-STORE-015-PROD-0014,2025-05-31,STORE-015,PROD-0014,64,19,Available
INV-STORE-015-PROD-0015,2025-05-31,STORE-015,PROD-0015,63,8,Available
INV-STORE-015-PROD-0016,2025-05-31,STORE-015,PROD-0016,13,6,Available
INV-STORE-015-PROD-0017,2025-05-31,STORE-015,PROD-0017,107,24,Available
INV-STORE-015-PROD-0018,2025-05-31,STORE-015,PROD-0018,112,11,Available
INV-STORE-015-PROD-0019,2025-05-31,STORE-015,PROD-0019,75,16,Available
INV-STORE-015-PROD-0020,2025-05-31,STORE-015,PROD-0020,97,18,Available
INV-STORE-015-PROD-0021,2025-05-31,STORE-015,PROD-0021,70,8,Available
INV-STORE-015-PROD-0022,2025-05-31,STORE-015,PROD-0022,119,10,Available
INV-STORE-015-PROD-0023,2025-05-31,STORE-015,PROD-0023,87,14,Available
INV-STORE-015-PROD-0024,2025-05-31,STORE-015,PROD-0024,97,16,Available
INV-STORE-015-PROD-0025,2025-05-31,STORE-015,PROD-0025,60,16,Available
INV-STORE-015-PROD-0026,2025-05-31,STORE-015,PROD-0026,28,7,Available
INV-STORE-015-PROD-0027,2025-05-31,STORE-015,PROD-0027,13,15,Low Stock
INV-STORE-015-PROD-0028,2025-05-31,STORE-015,PROD-0028,9,23,Low Stock
INV-STORE-015-PROD-0029,2025-05-31,STORE-015,PROD-0029,60,14,Available
INV-STORE-015-PROD-0030,2025-05-31,STORE-015,PROD-0030,44,19,Available
INV-STORE-015-PROD-0031,2025-05-31,STORE-015,PROD-0031,66,22,Available
INV-STORE-015-PROD-0032,2025-05-31,STORE-015,PROD-0032,79,14,Available
INV-STORE-015-PROD-0033,2025-05-31,STORE-015,PROD-0033,81,18,Available
INV-STORE-015-PROD-0034,2025-05-31,STORE-015,PROD-0034,107,23,Available
INV-STORE-015-PROD-0035,2025-05-31,STORE-015,PROD-0035,15,20,Low Stock
INV-STORE-015-PROD-0036,2025-05-31,STORE-015,PROD-0036,118,8,Available
INV-STORE-015-PROD-0037,2025-05-31,STORE-015,PROD-0037,65,6,Available
INV-STORE-015-PROD-0038,2025-05-31,STORE-015,PROD-0038,58,23,Available
INV-STORE-015-PROD-0039,2025-05-31,STORE-015,PROD-0039,54,7,Available
INV-STORE-015-PROD-0040,2025-05-31,STORE-015,PROD-0040,2,5,Low Stock
INV-STORE-015-PROD-0041,2025-05-31,STORE-015,PROD-0041,79,15,Available
INV-STORE-015-PROD-0042,2025-05-31,STORE-015,PROD-0042,35,14,Available
INV-STORE-015-PROD-0043,2025-05-31,STORE-015,PROD-0043,96,17,Available
INV-STORE-015-PROD-0044,2025-05-31,STORE-015,PROD-0044,60,22,Available
INV-STORE-015-PROD-0045,2025-05-31,STORE-015,PROD-0045,106,18,Available
INV-STORE-015-PROD-0046,2025-05-31,STORE-015,PROD-0046,81,17,Available
INV-STORE-015-PROD-0047,2025-05-31,STORE-015,PROD-0047,8,10,Low Stock
INV-STORE-015-PROD-0048,2025-05-31,STORE-015,PROD-0048,1,14,Low Stock
INV-STORE-015-PROD-0049,2025-05-31,STORE-015,PROD-0049,19,19,Available
INV-STORE-015-PROD-0050,2025-05-31,STORE-015,PROD-0050,20,25,Low Stock
INV-STORE-015-PROD-0051,2025-05-31,STORE-015,PROD-0051,47,24,Available
INV-STORE-015-PROD-0052,2025-05-31,STORE-015,PROD-0052,106,8,Available
INV-STORE-015-PROD-0053,2025-05-31,STORE-015,PROD-0053,8,12,Low Stock
INV-STORE-015-PROD-0054,2025-05-31,STORE-015,PROD-0054,103,14,Available
INV-STORE-015-PROD-0055,2025-05-31,STORE-015,PROD-0055,57,9,Available
INV-STORE-015-PROD-0056,2025-05-31,STORE-015,PROD-0056,73,8,Available
INV-STORE-015-PROD-0057,2025-05-31,STORE-015,PROD-0057,15,23,Low Stock
INV-STORE-015-PROD-0058,2025-05-31,STORE-015,PROD-0058,94,8,Available
INV-STORE-015-PROD-0059,2025-05-31,STORE-015,PROD-0059,62,15,Available
INV-STORE-015-PROD-0060,2025-05-31,STORE-015,PROD-0060,52,22,Available
INV-STORE-015-PROD-0061,2025-05-31,STORE-015,PROD-0061,50,22,Available
INV-STORE-015-PROD-0062,2025-05-31,STORE-015,PROD-0062,76,12,Available
INV-STORE-015-PROD-0063,2025-05-31,STORE-015,PROD-0063,91,14,Available
INV-STORE-015-PROD-0064,2025-05-31,STORE-015,PROD-0064,102,24,Available
INV-STORE-015-PROD-0065,2025-05-31,STORE-015,PROD-0065,82,7,Available
INV-STORE-015-PROD-0066,2025-05-31,STORE-015,PROD-0066,10,16,Low Stock
INV-STORE-015-PROD-0067,2025-05-31,STORE-015,PROD-0067,10,20,Low Stock
INV-STORE-015-PROD-0068,2025-05-31,STORE-015,PROD-0068,4,5,Low Stock
INV-STORE-015-PROD-0069,2025-05-31,STORE-015,PROD-0069,85,22,Available
INV-STORE-015-PROD-0070,2025-05-31,STORE-015,PROD-0070,54,23,Available
INV-STORE-015-PROD-0071,2025-05-31,STORE-015,PROD-0071,44,8,Available
INV-STORE-015-PROD-0072,2025-05-31,STORE-015,PROD-0072,44,18,Available
INV-STORE-015-PROD-0073,2025-05-31,STORE-015,PROD-0073,74,5,Available
INV-STORE-015-PROD-0074,2025-05-31,STORE-015,PROD-0074,48,8,Available
INV-STORE-015-PROD-0075,2025-05-31,STORE-015,PROD-0075,110,14,Available
INV-STORE-015-PROD-0076,2025-05-31,STORE-015,PROD-0076,96,17,Available
INV-STORE-015-PROD-0077,2025-05-31,STORE-015,PROD-0077,8,25,Low Stock
INV-STORE-015-PROD-0078,2025-05-31,STORE-015,PROD-0078,62,16,Available
INV-STORE-015-PROD-0079,2025-05-31,STORE-015,PROD-0079,97,11,Available
INV-STORE-015-PROD-0080,2025-05-31,STORE-015,PROD-0080,8,16,Low Stock
INV-STORE-015-PROD-0081,2025-05-31,STORE-015,PROD-0081,16,14,Available
INV-STORE-015-PROD-0082,2025-05-31,STORE-015,PROD-0082,25,14,Available
INV-STORE-015-PROD-0083,2025-05-31,STORE-015,PROD-0083,90,10,Available
INV-STORE-015-PROD-0084,2025-05-31,STORE-015,PROD-0084,52,18,Available
INV-STORE-015-PROD-0085,2025-05-31,STORE-015,PROD-0085,17,19,Low Stock
INV-STORE-015-PROD-0086,2025-05-31,STORE-015,PROD-0086,105,15,Available
INV-STORE-015-PROD-0087,2025-05-31,STORE-015,PROD-0087,23,8,Available
INV-STORE-015-PROD-0088,2025-05-31,STORE-015,PROD-0088,81,23,Available
INV-STORE-015-PROD-0089,2025-05-31,STORE-015,PROD-0089,19,19,Available
INV-STORE-015-PROD-0090,2025-05-31,STORE-015,PROD-0090,67,19,Available
INV-STORE-015-PROD-0091,2025-05-31,STORE-015,PROD-0091,16,5,Available
INV-STORE-015-PROD-0092,2025-05-31,STORE-015,PROD-0092,32,18,Available
INV-STORE-015-PROD-0093,2025-05-31,STORE-015,PROD-0093,37,16,Available
INV-STORE-015-PROD-0094,2025-05-31,STORE-015,PROD-0094,84,13,Available
INV-STORE-015-PROD-0095,2025-05-31,STORE-015,PROD-0095,70,24,Available
INV-STORE-015-PROD-0096,2025-05-31,STORE-015,PROD-0096,78,16,Available
INV-STORE-015-PROD-0097,2025-05-31,STORE-015,PROD-0097,58,6,Available
INV-STORE-015-PROD-0098,2025-05-31,STORE-015,PROD-0098,62,9,Available
INV-STORE-015-PROD-0099,2025-05-31,STORE-015,PROD-0099,57,8,Available
INV-STORE-015-PROD-0100,2025-05-31,STORE-015,PROD-0100,16,13,Available
INV-STORE-016-PROD-0001,2025-05-31,STORE-016,PROD-0001,4,5,Low Stock
INV-STORE-016-PROD-0002,2025-05-31,STORE-016,PROD-0002,3,18,Low Stock
INV-STORE-016-PROD-0003,2025-05-31,STORE-016,PROD-0003,5,12,Low Stock
INV-STORE-016-PROD-0004,2025-05-31,STORE-016,PROD-0004,88,9,Available
INV-STORE-016-PROD-0005,2025-05-31,STORE-016,PROD-0005,88,13,Available
INV-STORE-016-PROD-0006,2025-05-31,STORE-016,PROD-0006,59,17,Available
INV-STORE-016-PROD-0007,2025-05-31,STORE-016,PROD-0007,110,20,Available
INV-STORE-016-PROD-0008,2025-05-31,STORE-016,PROD-0008,84,13,Available
INV-STORE-016-PROD-0009,2025-05-31,STORE-016,PROD-0009,79,25,Available
INV-STORE-016-PROD-0010,2025-05-31,STORE-016,PROD-0010,92,20,Available
INV-STORE-016-PROD-0011,2025-05-31,STORE-016,PROD-0011,9,13,Low Stock
INV-STORE-016-PROD-0012,2025-05-31,STORE-016,PROD-0012,112,22,Available
INV-STORE-016-PROD-0013,2025-05-31,STORE-016,PROD-0013,76,5,Available
INV-STORE-016-PROD-0014,2025-05-31,STORE-016,PROD-0014,113,25,Available
INV-STORE-016-PROD-0015,2025-05-31,STORE-016,PROD-0015,99,7,Available
INV-STORE-016-PROD-0016,2025-05-31,STORE-016,PROD-0016,61,20,Available
INV-STORE-016-PROD-0017,2025-05-31,STORE-016,PROD-0017,3,10,Low Stock
INV-STORE-016-PROD-0018,2025-05-31,STORE-016,PROD-0018,2,12,Low Stock
INV-STORE-016-PROD-0019,2025-05-31,STORE-016,PROD-0019,104,19,Available
INV-STORE-016-PROD-0020,2025-05-31,STORE-016,PROD-0020,70,8,Available
INV-STORE-016-PROD-0021,2025-05-31,STORE-016,PROD-0021,54,24,Available
INV-STORE-016-PROD-0022,2025-05-31,STORE-016,PROD-0022,118,21,Available
INV-STORE-016-PROD-0023,2025-05-31,STORE-016,PROD-0023,90,25,Available
INV-STORE-016-PROD-0024,2025-05-31,STORE-016,PROD-0024,10,11,Low Stock
INV-STORE-016-PROD-0025,2025-05-31,STORE-016,PROD-0025,24,6,Available
INV-STORE-016-PROD-0026,2025-05-31,STORE-016,PROD-0026,42,6,Available
INV-STORE-016-PROD-0027,2025-05-31,STORE-016,PROD-0027,26,12,Available
INV-STORE-016-PROD-0028,2025-05-31,STORE-016,PROD-0028,33,21,Available
INV-STORE-016-PROD-0029,2025-05-31,STORE-016,PROD-0029,58,13,Available
INV-STORE-016-PROD-0030,2025-05-31,STORE-016,PROD-0030,24,6,Available
INV-STORE-016-PROD-0031,2025-05-31,STORE-016,PROD-0031,9,15,Low Stock
INV-STORE-016-PROD-0032,2025-05-31,STORE-016,PROD-0032,90,25,Available
INV-STORE-016-PROD-0033,2025-05-31,STORE-016,PROD-0033,4,9,Low Stock
INV-STORE-016-PROD-0034,2025-05-31,STORE-016,PROD-0034,21,6,Available
INV-STORE-016-PROD-0035,2025-05-31,STORE-016,PROD-0035,105,25,Available
INV-STORE-016-PROD-0036,2025-05-31,STORE-016,PROD-0036,75,12,Available
INV-STORE-016-PROD-0037,2025-05-31,STORE-016,PROD-0037,15,11,Available
INV-STORE-016-PROD-0038,2025-05-31,STORE-016,PROD-0038,100,6,Available
INV-STORE-016-PROD-0039,2025-05-31,STORE-016,PROD-0039,65,23,Available
INV-STORE-016-PROD-0040,2025-05-31,STORE-016,PROD-0040,88,25,Available
INV-STORE-016-PROD-0041,2025-05-31,STORE-016,PROD-0041,5,12,Low Stock
INV-STORE-016-PROD-0042,2025-05-31,STORE-016,PROD-0042,38,18,Available
INV-STORE-016-PROD-0043,2025-05-31,STORE-016,PROD-0043,86,6,Available
INV-STORE-016-PROD-0044,2025-05-31,STORE-016,PROD-0044,87,9,Available
INV-STORE-016-PROD-0045,2025-05-31,STORE-016,PROD-0045,9,16,Low Stock
INV-STORE-016-PROD-0046,2025-05-31,STORE-016,PROD-0046,3,7,Low Stock
INV-STORE-016-PROD-0047,2025-05-31,STORE-016,PROD-0047,3,6,Low Stock
INV-STORE-016-PROD-0048,2025-05-31,STORE-016,PROD-0048,1,9,Low Stock
INV-STORE-016-PROD-0049,2025-05-31,STORE-016,PROD-0049,112,5,Available
INV-STORE-016-PROD-0050,2025-05-31,STORE-016,PROD-0050,53,17,Available
INV-STORE-016-PROD-0051,2025-05-31,STORE-016,PROD-0051,110,25,Available
INV-STORE-016-PROD-0052,2025-05-31,STORE-016,PROD-0052,4,17,Low Stock
INV-STORE-016-PROD-0053,2025-05-31,STORE-016,PROD-0053,11,12,Low Stock
INV-STORE-016-PROD-0054,2025-05-31,STORE-016,PROD-0054,38,8,Available
INV-STORE-016-PROD-0055,2025-05-31,STORE-016,PROD-0055,93,24,Available
INV-STORE-016-PROD-0056,2025-05-31,STORE-016,PROD-0056,26,23,Available
INV-STORE-016-PROD-0057,2025-05-31,STORE-016,PROD-0057,90,23,Available
INV-STORE-016-PROD-0058,2025-05-31,STORE-016,PROD-0058,55,23,Available
INV-STORE-016-PROD-0059,2025-05-31,STORE-016,PROD-0059,117,23,Available
INV-STORE-016-PROD-0060,2025-05-31,STORE-016,PROD-0060,46,9,Available
INV-STORE-016-PROD-0061,2025-05-31,STORE-016,PROD-0061,45,9,Available
INV-STORE-016-PROD-0062,2025-05-31,STORE-016,PROD-0062,2,14,Low Stock
INV-STORE-016-PROD-0063,2025-05-31,STORE-016,PROD-0063,45,16,Available
INV-STORE-016-PROD-0064,2025-05-31,STORE-016,PROD-0064,56,23,Available
INV-STORE-016-PROD-0065,2025-05-31,STORE-016,PROD-0065,51,15,Available
INV-STORE-016-PROD-0066,2025-05-31,STORE-016,PROD-0066,102,14,Available
INV-STORE-016-PROD-0067,2025-05-31,STORE-016,PROD-0067,9,20,Low Stock
INV-STORE-016-PROD-0068,2025-05-31,STORE-016,PROD-0068,11,14,Low Stock
INV-STORE-016-PROD-0069,2025-05-31,STORE-016,PROD-0069,105,9,Available
INV-STORE-016-PROD-0070,2025-05-31,STORE-016,PROD-0070,65,17,Available
INV-STORE-016-PROD-0071,2025-05-31,STORE-016,PROD-0071,83,5,Available
INV-STORE-016-PROD-0072,2025-05-31,STORE-016,PROD-0072,35,5,Available
INV-STORE-016-PROD-0073,2025-05-31,STORE-016,PROD-0073,17,20,Low Stock
INV-STORE-016-PROD-0074,2025-05-31,STORE-016,PROD-0074,24,12,Available
INV-STORE-016-PROD-0075,2025-05-31,STORE-016,PROD-0075,61,18,Available
INV-STORE-016-PROD-0076,2025-05-31,STORE-016,PROD-0076,39,12,Available
INV-STORE-016-PROD-0077,2025-05-31,STORE-016,PROD-0077,115,20,Available
INV-STORE-016-PROD-0078,2025-05-31,STORE-016,PROD-0078,65,19,Available
INV-STORE-016-PROD-0079,2025-05-31,STORE-016,PROD-0079,2,9,Low Stock
INV-STORE-016-PROD-0080,2025-05-31,STORE-016,PROD-0080,12,15,Low Stock
INV-STORE-016-PROD-0081,2025-05-31,STORE-016,PROD-0081,97,11,Available
INV-STORE-016-PROD-0082,2025-05-31,STORE-016,PROD-0082,44,8,Available
INV-STORE-016-PROD-0083,2025-05-31,STORE-016,PROD-0083,120,10,Available
INV-STORE-016-PROD-0084,2025-05-31,STORE-016,PROD-0084,65,9,Available
INV-STORE-016-PROD-0085,2025-05-31,STORE-016,PROD-0085,68,7,Available
INV-STORE-016-PROD-0086,2025-05-31,STORE-016,PROD-0086,1,20,Low Stock
INV-STORE-016-PROD-0087,2025-05-31,STORE-016,PROD-0087,38,18,Available
INV-STORE-016-PROD-0088,2025-05-31,STORE-016,PROD-0088,108,24,Available
INV-STORE-016-PROD-0089,2025-05-31,STORE-016,PROD-0089,46,20,Available
INV-STORE-016-PROD-0090,2025-05-31,STORE-016,PROD-0090,28,16,Available
INV-STORE-016-PROD-0091,2025-05-31,STORE-016,PROD-0091,88,21,Available
INV-STORE-016-PROD-0092,2025-05-31,STORE-016,PROD-0092,71,25,Available
INV-STORE-016-PROD-0093,2025-05-31,STORE-016,PROD-0093,75,22,Available
INV-STORE-016-PROD-0094,2025-05-31,STORE-016,PROD-0094,77,10,Available
INV-STORE-016-PROD-0095,2025-05-31,STORE-016,PROD-0095,3,16,Low Stock
INV-STORE-016-PROD-0096,2025-05-31,STORE-016,PROD-0096,118,21,Available
INV-STORE-016-PROD-0097,2025-05-31,STORE-016,PROD-0097,113,23,Available
INV-STORE-016-PROD-0098,2025-05-31,STORE-016,PROD-0098,33,21,Available
INV-STORE-016-PROD-0099,2025-05-31,STORE-016,PROD-0099,58,24,Available
INV-STORE-016-PROD-0100,2025-05-31,STORE-016,PROD-0100,112,8,Available
INV-STORE-017-PROD-0001,2025-05-31,STORE-017,PROD-0001,7,22,Low Stock
INV-STORE-017-PROD-0002,2025-05-31,STORE-017,PROD-0002,77,25,Available
INV-STORE-017-PROD-0003,2025-05-31,STORE-017,PROD-0003,86,11,Available
INV-STORE-017-PROD-0004,2025-05-31,STORE-017,PROD-0004,39,15,Available
INV-STORE-017-PROD-0005,2025-05-31,STORE-017,PROD-0005,47,11,Available
INV-STORE-017-PROD-0006,2025-05-31,STORE-017,PROD-0006,117,19,Available
INV-STORE-017-PROD-0007,2025-05-31,STORE-017,PROD-0007,0,9,Stockout
INV-STORE-017-PROD-0008,2025-05-31,STORE-017,PROD-0008,50,23,Available
INV-STORE-017-PROD-0009,2025-05-31,STORE-017,PROD-0009,108,9,Available
INV-STORE-017-PROD-0010,2025-05-31,STORE-017,PROD-0010,29,25,Available
INV-STORE-017-PROD-0011,2025-05-31,STORE-017,PROD-0011,34,24,Available
INV-STORE-017-PROD-0012,2025-05-31,STORE-017,PROD-0012,33,19,Available
INV-STORE-017-PROD-0013,2025-05-31,STORE-017,PROD-0013,49,12,Available
INV-STORE-017-PROD-0014,2025-05-31,STORE-017,PROD-0014,88,5,Available
INV-STORE-017-PROD-0015,2025-05-31,STORE-017,PROD-0015,59,20,Available
INV-STORE-017-PROD-0016,2025-05-31,STORE-017,PROD-0016,94,21,Available
INV-STORE-017-PROD-0017,2025-05-31,STORE-017,PROD-0017,3,20,Low Stock
INV-STORE-017-PROD-0018,2025-05-31,STORE-017,PROD-0018,73,10,Available
INV-STORE-017-PROD-0019,2025-05-31,STORE-017,PROD-0019,77,22,Available
INV-STORE-017-PROD-0020,2025-05-31,STORE-017,PROD-0020,25,7,Available
INV-STORE-017-PROD-0021,2025-05-31,STORE-017,PROD-0021,68,8,Available
INV-STORE-017-PROD-0022,2025-05-31,STORE-017,PROD-0022,96,13,Available
INV-STORE-017-PROD-0023,2025-05-31,STORE-017,PROD-0023,66,10,Available
INV-STORE-017-PROD-0024,2025-05-31,STORE-017,PROD-0024,32,23,Available
INV-STORE-017-PROD-0025,2025-05-31,STORE-017,PROD-0025,6,22,Low Stock
INV-STORE-017-PROD-0026,2025-05-31,STORE-017,PROD-0026,86,23,Available
INV-STORE-017-PROD-0027,2025-05-31,STORE-017,PROD-0027,70,16,Available
INV-STORE-017-PROD-0028,2025-05-31,STORE-017,PROD-0028,118,6,Available
INV-STORE-017-PROD-0029,2025-05-31,STORE-017,PROD-0029,41,6,Available
INV-STORE-017-PROD-0030,2025-05-31,STORE-017,PROD-0030,64,5,Available
INV-STORE-017-PROD-0031,2025-05-31,STORE-017,PROD-0031,91,6,Available
INV-STORE-017-PROD-0032,2025-05-31,STORE-017,PROD-0032,1,12,Low Stock
INV-STORE-017-PROD-0033,2025-05-31,STORE-017,PROD-0033,11,20,Low Stock
INV-STORE-017-PROD-0034,2025-05-31,STORE-017,PROD-0034,33,6,Available
INV-STORE-017-PROD-0035,2025-05-31,STORE-017,PROD-0035,62,18,Available
INV-STORE-017-PROD-0036,2025-05-31,STORE-017,PROD-0036,88,14,Available
INV-STORE-017-PROD-0037,2025-05-31,STORE-017,PROD-0037,90,20,Available
INV-STORE-017-PROD-0038,2025-05-31,STORE-017,PROD-0038,114,19,Available
INV-STORE-017-PROD-0039,2025-05-31,STORE-017,PROD-0039,59,13,Available
INV-STORE-017-PROD-0040,2025-05-31,STORE-017,PROD-0040,23,17,Available
INV-STORE-017-PROD-0041,2025-05-31,STORE-017,PROD-0041,83,8,Available
INV-STORE-017-PROD-0042,2025-05-31,STORE-017,PROD-0042,46,22,Available
INV-STORE-017-PROD-0043,2025-05-31,STORE-017,PROD-0043,62,20,Available
INV-STORE-017-PROD-0044,2025-05-31,STORE-017,PROD-0044,83,7,Available
INV-STORE-017-PROD-0045,2025-05-31,STORE-017,PROD-0045,117,6,Available
INV-STORE-017-PROD-0046,2025-05-31,STORE-017,PROD-0046,26,7,Available
INV-STORE-017-PROD-0047,2025-05-31,STORE-017,PROD-0047,15,12,Available
INV-STORE-017-PROD-0048,2025-05-31,STORE-017,PROD-0048,103,17,Available
INV-STORE-017-PROD-0049,2025-05-31,STORE-017,PROD-0049,30,10,Available
INV-STORE-017-PROD-0050,2025-05-31,STORE-017,PROD-0050,50,9,Available
INV-STORE-017-PROD-0051,2025-05-31,STORE-017,PROD-0051,113,17,Available
INV-STORE-017-PROD-0052,2025-05-31,STORE-017,PROD-0052,61,13,Available
INV-STORE-017-PROD-0053,2025-05-31,STORE-017,PROD-0053,3,7,Low Stock
INV-STORE-017-PROD-0054,2025-05-31,STORE-017,PROD-0054,92,16,Available
INV-STORE-017-PROD-0055,2025-05-31,STORE-017,PROD-0055,55,6,Available
INV-STORE-017-PROD-0056,2025-05-31,STORE-017,PROD-0056,36,16,Available
INV-STORE-017-PROD-0057,2025-05-31,STORE-017,PROD-0057,31,11,Available
INV-STORE-017-PROD-0058,2025-05-31,STORE-017,PROD-0058,67,13,Available
INV-STORE-017-PROD-0059,2025-05-31,STORE-017,PROD-0059,38,17,Available
INV-STORE-017-PROD-0060,2025-05-31,STORE-017,PROD-0060,29,20,Available
INV-STORE-017-PROD-0061,2025-05-31,STORE-017,PROD-0061,14,25,Low Stock
INV-STORE-017-PROD-0062,2025-05-31,STORE-017,PROD-0062,37,16,Available
INV-STORE-017-PROD-0063,2025-05-31,STORE-017,PROD-0063,11,14,Low Stock
INV-STORE-017-PROD-0064,2025-05-31,STORE-017,PROD-0064,82,6,Available
INV-STORE-017-PROD-0065,2025-05-31,STORE-017,PROD-0065,59,13,Available
INV-STORE-017-PROD-0066,2025-05-31,STORE-017,PROD-0066,25,19,Available
INV-STORE-017-PROD-0067,2025-05-31,STORE-017,PROD-0067,22,12,Available
INV-STORE-017-PROD-0068,2025-05-31,STORE-017,PROD-0068,30,25,Available
INV-STORE-017-PROD-0069,2025-05-31,STORE-017,PROD-0069,119,11,Available
INV-STORE-017-PROD-0070,2025-05-31,STORE-017,PROD-0070,83,21,Available
INV-STORE-017-PROD-0071,2025-05-31,STORE-017,PROD-0071,25,12,Available
INV-STORE-017-PROD-0072,2025-05-31,STORE-017,PROD-0072,56,8,Available
INV-STORE-017-PROD-0073,2025-05-31,STORE-017,PROD-0073,89,12,Available
INV-STORE-017-PROD-0074,2025-05-31,STORE-017,PROD-0074,105,7,Available
INV-STORE-017-PROD-0075,2025-05-31,STORE-017,PROD-0075,118,15,Available
INV-STORE-017-PROD-0076,2025-05-31,STORE-017,PROD-0076,0,5,Stockout
INV-STORE-017-PROD-0077,2025-05-31,STORE-017,PROD-0077,120,13,Available
INV-STORE-017-PROD-0078,2025-05-31,STORE-017,PROD-0078,114,24,Available
INV-STORE-017-PROD-0079,2025-05-31,STORE-017,PROD-0079,89,22,Available
INV-STORE-017-PROD-0080,2025-05-31,STORE-017,PROD-0080,79,12,Available
INV-STORE-017-PROD-0081,2025-05-31,STORE-017,PROD-0081,80,16,Available
INV-STORE-017-PROD-0082,2025-05-31,STORE-017,PROD-0082,45,12,Available
INV-STORE-017-PROD-0083,2025-05-31,STORE-017,PROD-0083,82,25,Available
INV-STORE-017-PROD-0084,2025-05-31,STORE-017,PROD-0084,97,24,Available
INV-STORE-017-PROD-0085,2025-05-31,STORE-017,PROD-0085,37,20,Available
INV-STORE-017-PROD-0086,2025-05-31,STORE-017,PROD-0086,94,14,Available
INV-STORE-017-PROD-0087,2025-05-31,STORE-017,PROD-0087,104,6,Available
INV-STORE-017-PROD-0088,2025-05-31,STORE-017,PROD-0088,6,11,Low Stock
INV-STORE-017-PROD-0089,2025-05-31,STORE-017,PROD-0089,71,20,Available
INV-STORE-017-PROD-0090,2025-05-31,STORE-017,PROD-0090,109,23,Available
INV-STORE-017-PROD-0091,2025-05-31,STORE-017,PROD-0091,119,6,Available
INV-STORE-017-PROD-0092,2025-05-31,STORE-017,PROD-0092,76,21,Available
INV-STORE-017-PROD-0093,2025-05-31,STORE-017,PROD-0093,117,20,Available
INV-STORE-017-PROD-0094,2025-05-31,STORE-017,PROD-0094,19,6,Available
INV-STORE-017-PROD-0095,2025-05-31,STORE-017,PROD-0095,114,5,Available
INV-STORE-017-PROD-0096,2025-05-31,STORE-017,PROD-0096,105,19,Available
INV-STORE-017-PROD-0097,2025-05-31,STORE-017,PROD-0097,8,24,Low Stock
INV-STORE-017-PROD-0098,2025-05-31,STORE-017,PROD-0098,110,24,Available
INV-STORE-017-PROD-0099,2025-05-31,STORE-017,PROD-0099,62,10,Available
INV-STORE-017-PROD-0100,2025-05-31,STORE-017,PROD-0100,107,25,Available
INV-STORE-018-PROD-0001,2025-05-31,STORE-018,PROD-0001,82,23,Available
INV-STORE-018-PROD-0002,2025-05-31,STORE-018,PROD-0002,7,11,Low Stock
INV-STORE-018-PROD-0003,2025-05-31,STORE-018,PROD-0003,98,5,Available
INV-STORE-018-PROD-0004,2025-05-31,STORE-018,PROD-0004,40,16,Available
INV-STORE-018-PROD-0005,2025-05-31,STORE-018,PROD-0005,66,22,Available
INV-STORE-018-PROD-0006,2025-05-31,STORE-018,PROD-0006,120,16,Available
INV-STORE-018-PROD-0007,2025-05-31,STORE-018,PROD-0007,54,23,Available
INV-STORE-018-PROD-0008,2025-05-31,STORE-018,PROD-0008,10,12,Low Stock
INV-STORE-018-PROD-0009,2025-05-31,STORE-018,PROD-0009,117,14,Available
INV-STORE-018-PROD-0010,2025-05-31,STORE-018,PROD-0010,28,8,Available
INV-STORE-018-PROD-0011,2025-05-31,STORE-018,PROD-0011,1,14,Low Stock
INV-STORE-018-PROD-0012,2025-05-31,STORE-018,PROD-0012,59,18,Available
INV-STORE-018-PROD-0013,2025-05-31,STORE-018,PROD-0013,77,5,Available
INV-STORE-018-PROD-0014,2025-05-31,STORE-018,PROD-0014,102,12,Available
INV-STORE-018-PROD-0015,2025-05-31,STORE-018,PROD-0015,18,21,Low Stock
INV-STORE-018-PROD-0016,2025-05-31,STORE-018,PROD-0016,16,7,Available
INV-STORE-018-PROD-0017,2025-05-31,STORE-018,PROD-0017,96,6,Available
INV-STORE-018-PROD-0018,2025-05-31,STORE-018,PROD-0018,36,24,Available
INV-STORE-018-PROD-0019,2025-05-31,STORE-018,PROD-0019,14,18,Low Stock
INV-STORE-018-PROD-0020,2025-05-31,STORE-018,PROD-0020,108,19,Available
INV-STORE-018-PROD-0021,2025-05-31,STORE-018,PROD-0021,24,11,Available
INV-STORE-018-PROD-0022,2025-05-31,STORE-018,PROD-0022,80,23,Available
INV-STORE-018-PROD-0023,2025-05-31,STORE-018,PROD-0023,49,10,Available
INV-STORE-018-PROD-0024,2025-05-31,STORE-018,PROD-0024,0,6,Stockout
INV-STORE-018-PROD-0025,2025-05-31,STORE-018,PROD-0025,77,17,Available
INV-STORE-018-PROD-0026,2025-05-31,STORE-018,PROD-0026,93,5,Available
INV-STORE-018-PROD-0027,2025-05-31,STORE-018,PROD-0027,4,7,Low Stock
INV-STORE-018-PROD-0028,2025-05-31,STORE-018,PROD-0028,113,25,Available
INV-STORE-018-PROD-0029,2025-05-31,STORE-018,PROD-0029,2,17,Low Stock
INV-STORE-018-PROD-0030,2025-05-31,STORE-018,PROD-0030,75,8,Available
INV-STORE-018-PROD-0031,2025-05-31,STORE-018,PROD-0031,7,12,Low Stock
INV-STORE-018-PROD-0032,2025-05-31,STORE-018,PROD-0032,0,6,Stockout
INV-STORE-018-PROD-0033,2025-05-31,STORE-018,PROD-0033,25,9,Available
INV-STORE-018-PROD-0034,2025-05-31,STORE-018,PROD-0034,81,10,Available
INV-STORE-018-PROD-0035,2025-05-31,STORE-018,PROD-0035,1,24,Low Stock
INV-STORE-018-PROD-0036,2025-05-31,STORE-018,PROD-0036,0,6,Stockout
INV-STORE-018-PROD-0037,2025-05-31,STORE-018,PROD-0037,115,22,Available
INV-STORE-018-PROD-0038,2025-05-31,STORE-018,PROD-0038,103,11,Available
INV-STORE-018-PROD-0039,2025-05-31,STORE-018,PROD-0039,64,5,Available
INV-STORE-018-PROD-0040,2025-05-31,STORE-018,PROD-0040,15,21,Low Stock
INV-STORE-018-PROD-0041,2025-05-31,STORE-018,PROD-0041,86,8,Available
INV-STORE-018-PROD-0042,2025-05-31,STORE-018,PROD-0042,109,7,Available
INV-STORE-018-PROD-0043,2025-05-31,STORE-018,PROD-0043,40,18,Available
INV-STORE-018-PROD-0044,2025-05-31,STORE-018,PROD-0044,23,9,Available
INV-STORE-018-PROD-0045,2025-05-31,STORE-018,PROD-0045,30,13,Available
INV-STORE-018-PROD-0046,2025-05-31,STORE-018,PROD-0046,87,23,Available
INV-STORE-018-PROD-0047,2025-05-31,STORE-018,PROD-0047,6,8,Low Stock
INV-STORE-018-PROD-0048,2025-05-31,STORE-018,PROD-0048,6,7,Low Stock
INV-STORE-018-PROD-0049,2025-05-31,STORE-018,PROD-0049,41,9,Available
INV-STORE-018-PROD-0050,2025-05-31,STORE-018,PROD-0050,64,24,Available
INV-STORE-018-PROD-0051,2025-05-31,STORE-018,PROD-0051,4,10,Low Stock
INV-STORE-018-PROD-0052,2025-05-31,STORE-018,PROD-0052,73,7,Available
INV-STORE-018-PROD-0053,2025-05-31,STORE-018,PROD-0053,115,9,Available
INV-STORE-018-PROD-0054,2025-05-31,STORE-018,PROD-0054,31,25,Available
INV-STORE-018-PROD-0055,2025-05-31,STORE-018,PROD-0055,98,19,Available
INV-STORE-018-PROD-0056,2025-05-31,STORE-018,PROD-0056,36,15,Available
INV-STORE-018-PROD-0057,2025-05-31,STORE-018,PROD-0057,10,13,Low Stock
INV-STORE-018-PROD-0058,2025-05-31,STORE-018,PROD-0058,3,11,Low Stock
INV-STORE-018-PROD-0059,2025-05-31,STORE-018,PROD-0059,88,8,Available
INV-STORE-018-PROD-0060,2025-05-31,STORE-018,PROD-0060,84,21,Available
INV-STORE-018-PROD-0061,2025-05-31,STORE-018,PROD-0061,2,11,Low Stock
INV-STORE-018-PROD-0062,2025-05-31,STORE-018,PROD-0062,105,17,Available
INV-STORE-018-PROD-0063,2025-05-31,STORE-018,PROD-0063,26,25,Available
INV-STORE-018-PROD-0064,2025-05-31,STORE-018,PROD-0064,78,21,Available
INV-STORE-018-PROD-0065,2025-05-31,STORE-018,PROD-0065,58,19,Available
INV-STORE-018-PROD-0066,2025-05-31,STORE-018,PROD-0066,75,10,Available
INV-STORE-018-PROD-0067,2025-05-31,STORE-018,PROD-0067,85,22,Available
INV-STORE-018-PROD-0068,2025-05-31,STORE-018,PROD-0068,29,24,Available
INV-STORE-018-PROD-0069,2025-05-31,STORE-018,PROD-0069,69,14,Available
INV-STORE-018-PROD-0070,2025-05-31,STORE-018,PROD-0070,76,23,Available
INV-STORE-018-PROD-0071,2025-05-31,STORE-018,PROD-0071,41,19,Available
INV-STORE-018-PROD-0072,2025-05-31,STORE-018,PROD-0072,26,6,Available
INV-STORE-018-PROD-0073,2025-05-31,STORE-018,PROD-0073,107,24,Available
INV-STORE-018-PROD-0074,2025-05-31,STORE-018,PROD-0074,32,24,Available
INV-STORE-018-PROD-0075,2025-05-31,STORE-018,PROD-0075,57,25,Available
INV-STORE-018-PROD-0076,2025-05-31,STORE-018,PROD-0076,73,20,Available
INV-STORE-018-PROD-0077,2025-05-31,STORE-018,PROD-0077,56,24,Available
INV-STORE-018-PROD-0078,2025-05-31,STORE-018,PROD-0078,79,15,Available
INV-STORE-018-PROD-0079,2025-05-31,STORE-018,PROD-0079,58,14,Available
INV-STORE-018-PROD-0080,2025-05-31,STORE-018,PROD-0080,96,8,Available
INV-STORE-018-PROD-0081,2025-05-31,STORE-018,PROD-0081,39,25,Available
INV-STORE-018-PROD-0082,2025-05-31,STORE-018,PROD-0082,72,13,Available
INV-STORE-018-PROD-0083,2025-05-31,STORE-018,PROD-0083,104,23,Available
INV-STORE-018-PROD-0084,2025-05-31,STORE-018,PROD-0084,119,21,Available
INV-STORE-018-PROD-0085,2025-05-31,STORE-018,PROD-0085,108,10,Available
INV-STORE-018-PROD-0086,2025-05-31,STORE-018,PROD-0086,111,15,Available
INV-STORE-018-PROD-0087,2025-05-31,STORE-018,PROD-0087,41,25,Available
INV-STORE-018-PROD-0088,2025-05-31,STORE-018,PROD-0088,90,14,Available
INV-STORE-018-PROD-0089,2025-05-31,STORE-018,PROD-0089,102,14,Available
INV-STORE-018-PROD-0090,2025-05-31,STORE-018,PROD-0090,8,25,Low Stock
INV-STORE-018-PROD-0091,2025-05-31,STORE-018,PROD-0091,24,5,Available
INV-STORE-018-PROD-0092,2025-05-31,STORE-018,PROD-0092,63,14,Available
INV-STORE-018-PROD-0093,2025-05-31,STORE-018,PROD-0093,68,23,Available
INV-STORE-018-PROD-0094,2025-05-31,STORE-018,PROD-0094,8,11,Low Stock
INV-STORE-018-PROD-0095,2025-05-31,STORE-018,PROD-0095,42,11,Available
INV-STORE-018-PROD-0096,2025-05-31,STORE-018,PROD-0096,46,15,Available
INV-STORE-018-PROD-0097,2025-05-31,STORE-018,PROD-0097,82,17,Available
INV-STORE-018-PROD-0098,2025-05-31,STORE-018,PROD-0098,85,9,Available
INV-STORE-018-PROD-0099,2025-05-31,STORE-018,PROD-0099,116,18,Available
INV-STORE-018-PROD-0100,2025-05-31,STORE-018,PROD-0100,93,16,Available
INV-STORE-019-PROD-0001,2025-05-31,STORE-019,PROD-0001,109,9,Available
INV-STORE-019-PROD-0002,2025-05-31,STORE-019,PROD-0002,17,24,Low Stock
INV-STORE-019-PROD-0003,2025-05-31,STORE-019,PROD-0003,71,12,Available
INV-STORE-019-PROD-0004,2025-05-31,STORE-019,PROD-0004,6,7,Low Stock
INV-STORE-019-PROD-0005,2025-05-31,STORE-019,PROD-0005,77,16,Available
INV-STORE-019-PROD-0006,2025-05-31,STORE-019,PROD-0006,4,8,Low Stock
INV-STORE-019-PROD-0007,2025-05-31,STORE-019,PROD-0007,102,7,Available
INV-STORE-019-PROD-0008,2025-05-31,STORE-019,PROD-0008,6,8,Low Stock
INV-STORE-019-PROD-0009,2025-05-31,STORE-019,PROD-0009,38,7,Available
INV-STORE-019-PROD-0010,2025-05-31,STORE-019,PROD-0010,8,10,Low Stock
INV-STORE-019-PROD-0011,2025-05-31,STORE-019,PROD-0011,114,22,Available
INV-STORE-019-PROD-0012,2025-05-31,STORE-019,PROD-0012,88,15,Available
INV-STORE-019-PROD-0013,2025-05-31,STORE-019,PROD-0013,93,17,Available
INV-STORE-019-PROD-0014,2025-05-31,STORE-019,PROD-0014,27,25,Available
INV-STORE-019-PROD-0015,2025-05-31,STORE-019,PROD-0015,34,19,Available
INV-STORE-019-PROD-0016,2025-05-31,STORE-019,PROD-0016,20,16,Available
INV-STORE-019-PROD-0017,2025-05-31,STORE-019,PROD-0017,17,24,Low Stock
INV-STORE-019-PROD-0018,2025-05-31,STORE-019,PROD-0018,58,25,Available
INV-STORE-019-PROD-0019,2025-05-31,STORE-019,PROD-0019,22,5,Available
INV-STORE-019-PROD-0020,2025-05-31,STORE-019,PROD-0020,2,12,Low Stock
INV-STORE-019-PROD-0021,2025-05-31,STORE-019,PROD-0021,67,17,Available
INV-STORE-019-PROD-0022,2025-05-31,STORE-019,PROD-0022,91,9,Available
INV-STORE-019-PROD-0023,2025-05-31,STORE-019,PROD-0023,12,11,Available
INV-STORE-019-PROD-0024,2025-05-31,STORE-019,PROD-0024,69,21,Available
INV-STORE-019-PROD-0025,2025-05-31,STORE-019,PROD-0025,113,10,Available
INV-STORE-019-PROD-0026,2025-05-31,STORE-019,PROD-0026,11,12,Low Stock
INV-STORE-019-PROD-0027,2025-05-31,STORE-019,PROD-0027,24,14,Available
INV-STORE-019-PROD-0028,2025-05-31,STORE-019,PROD-0028,48,19,Available
INV-STORE-019-PROD-0029,2025-05-31,STORE-019,PROD-0029,31,21,Available
INV-STORE-019-PROD-0030,2025-05-31,STORE-019,PROD-0030,68,13,Available
INV-STORE-019-PROD-0031,2025-05-31,STORE-019,PROD-0031,89,14,Available
INV-STORE-019-PROD-0032,2025-05-31,STORE-019,PROD-0032,110,17,Available
INV-STORE-019-PROD-0033,2025-05-31,STORE-019,PROD-0033,33,8,Available
INV-STORE-019-PROD-0034,2025-05-31,STORE-019,PROD-0034,8,11,Low Stock
INV-STORE-019-PROD-0035,2025-05-31,STORE-019,PROD-0035,110,20,Available
INV-STORE-019-PROD-0036,2025-05-31,STORE-019,PROD-0036,62,22,Available
INV-STORE-019-PROD-0037,2025-05-31,STORE-019,PROD-0037,74,6,Available
INV-STORE-019-PROD-0038,2025-05-31,STORE-019,PROD-0038,51,20,Available
INV-STORE-019-PROD-0039,2025-05-31,STORE-019,PROD-0039,85,23,Available
INV-STORE-019-PROD-0040,2025-05-31,STORE-019,PROD-0040,84,9,Available
INV-STORE-019-PROD-0041,2025-05-31,STORE-019,PROD-0041,52,10,Available
INV-STORE-019-PROD-0042,2025-05-31,STORE-019,PROD-0042,90,19,Available
INV-STORE-019-PROD-0043,2025-05-31,STORE-019,PROD-0043,45,22,Available
INV-STORE-019-PROD-0044,2025-05-31,STORE-019,PROD-0044,58,14,Available
INV-STORE-019-PROD-0045,2025-05-31,STORE-019,PROD-0045,2,5,Low Stock
INV-STORE-019-PROD-0046,2025-05-31,STORE-019,PROD-0046,43,5,Available
INV-STORE-019-PROD-0047,2025-05-31,STORE-019,PROD-0047,12,24,Low Stock
INV-STORE-019-PROD-0048,2025-05-31,STORE-019,PROD-0048,87,20,Available
INV-STORE-019-PROD-0049,2025-05-31,STORE-019,PROD-0049,39,13,Available
INV-STORE-019-PROD-0050,2025-05-31,STORE-019,PROD-0050,117,25,Available
INV-STORE-019-PROD-0051,2025-05-31,STORE-019,PROD-0051,72,24,Available
INV-STORE-019-PROD-0052,2025-05-31,STORE-019,PROD-0052,6,9,Low Stock
INV-STORE-019-PROD-0053,2025-05-31,STORE-019,PROD-0053,83,11,Available
INV-STORE-019-PROD-0054,2025-05-31,STORE-019,PROD-0054,11,12,Low Stock
INV-STORE-019-PROD-0055,2025-05-31,STORE-019,PROD-0055,108,25,Available
INV-STORE-019-PROD-0056,2025-05-31,STORE-019,PROD-0056,92,16,Available
INV-STORE-019-PROD-0057,2025-05-31,STORE-019,PROD-0057,61,10,Available
INV-STORE-019-PROD-0058,2025-05-31,STORE-019,PROD-0058,104,19,Available
INV-STORE-019-PROD-0059,2025-05-31,STORE-019,PROD-0059,112,8,Available
INV-STORE-019-PROD-0060,2025-05-31,STORE-019,PROD-0060,81,14,Available
INV-STORE-019-PROD-0061,2025-05-31,STORE-019,PROD-0061,35,20,Available
INV-STORE-019-PROD-0062,2025-05-31,STORE-019,PROD-0062,16,8,Available
INV-STORE-019-PROD-0063,2025-05-31,STORE-019,PROD-0063,38,8,Available
INV-STORE-019-PROD-0064,2025-05-31,STORE-019,PROD-0064,6,16,Low Stock
INV-STORE-019-PROD-0065,2025-05-31,STORE-019,PROD-0065,86,14,Available
INV-STORE-019-PROD-0066,2025-05-31,STORE-019,PROD-0066,19,8,Available
INV-STORE-019-PROD-0067,2025-05-31,STORE-019,PROD-0067,62,23,Available
INV-STORE-019-PROD-0068,2025-05-31,STORE-019,PROD-0068,17,20,Low Stock
INV-STORE-019-PROD-0069,2025-05-31,STORE-019,PROD-0069,48,7,Available
INV-STORE-019-PROD-0070,2025-05-31,STORE-019,PROD-0070,68,24,Available
INV-STORE-019-PROD-0071,2025-05-31,STORE-019,PROD-0071,31,21,Available
INV-STORE-019-PROD-0072,2025-05-31,STORE-019,PROD-0072,84,16,Available
INV-STORE-019-PROD-0073,2025-05-31,STORE-019,PROD-0073,5,10,Low Stock
INV-STORE-019-PROD-0074,2025-05-31,STORE-019,PROD-0074,98,20,Available
INV-STORE-019-PROD-0075,2025-05-31,STORE-019,PROD-0075,99,13,Available
INV-STORE-019-PROD-0076,2025-05-31,STORE-019,PROD-0076,18,8,Available
INV-STORE-019-PROD-0077,2025-05-31,STORE-019,PROD-0077,4,5,Low Stock
INV-STORE-019-PROD-0078,2025-05-31,STORE-019,PROD-0078,106,22,Available
INV-STORE-019-PROD-0079,2025-05-31,STORE-019,PROD-0079,17,20,Low Stock
INV-STORE-019-PROD-0080,2025-05-31,STORE-019,PROD-0080,15,20,Low Stock
INV-STORE-019-PROD-0081,2025-05-31,STORE-019,PROD-0081,96,12,Available
INV-STORE-019-PROD-0082,2025-05-31,STORE-019,PROD-0082,97,9,Available
INV-STORE-019-PROD-0083,2025-05-31,STORE-019,PROD-0083,65,16,Available
INV-STORE-019-PROD-0084,2025-05-31,STORE-019,PROD-0084,110,23,Available
INV-STORE-019-PROD-0085,2025-05-31,STORE-019,PROD-0085,49,9,Available
INV-STORE-019-PROD-0086,2025-05-31,STORE-019,PROD-0086,59,17,Available
INV-STORE-019-PROD-0087,2025-05-31,STORE-019,PROD-0087,23,13,Available
INV-STORE-019-PROD-0088,2025-05-31,STORE-019,PROD-0088,7,23,Low Stock
INV-STORE-019-PROD-0089,2025-05-31,STORE-019,PROD-0089,47,7,Available
INV-STORE-019-PROD-0090,2025-05-31,STORE-019,PROD-0090,94,25,Available
INV-STORE-019-PROD-0091,2025-05-31,STORE-019,PROD-0091,54,5,Available
INV-STORE-019-PROD-0092,2025-05-31,STORE-019,PROD-0092,1,9,Low Stock
INV-STORE-019-PROD-0093,2025-05-31,STORE-019,PROD-0093,101,5,Available
INV-STORE-019-PROD-0094,2025-05-31,STORE-019,PROD-0094,41,12,Available
INV-STORE-019-PROD-0095,2025-05-31,STORE-019,PROD-0095,5,8,Low Stock
INV-STORE-019-PROD-0096,2025-05-31,STORE-019,PROD-0096,35,24,Available
INV-STORE-019-PROD-0097,2025-05-31,STORE-019,PROD-0097,27,16,Available
INV-STORE-019-PROD-0098,2025-05-31,STORE-019,PROD-0098,100,6,Available
INV-STORE-019-PROD-0099,2025-05-31,STORE-019,PROD-0099,16,24,Low Stock
INV-STORE-019-PROD-0100,2025-05-31,STORE-019,PROD-0100,51,14,Available
INV-STORE-020-PROD-0001,2025-05-31,STORE-020,PROD-0001,4,13,Low Stock
INV-STORE-020-PROD-0002,2025-05-31,STORE-020,PROD-0002,119,19,Available
INV-STORE-020-PROD-0003,2025-05-31,STORE-020,PROD-0003,79,19,Available
INV-STORE-020-PROD-0004,2025-05-31,STORE-020,PROD-0004,61,8,Available
INV-STORE-020-PROD-0005,2025-05-31,STORE-020,PROD-0005,80,16,Available
INV-STORE-020-PROD-0006,2025-05-31,STORE-020,PROD-0006,42,17,Available
INV-STORE-020-PROD-0007,2025-05-31,STORE-020,PROD-0007,116,16,Available
INV-STORE-020-PROD-0008,2025-05-31,STORE-020,PROD-0008,67,12,Available
INV-STORE-020-PROD-0009,2025-05-31,STORE-020,PROD-0009,109,15,Available
INV-STORE-020-PROD-0010,2025-05-31,STORE-020,PROD-0010,72,21,Available
INV-STORE-020-PROD-0011,2025-05-31,STORE-020,PROD-0011,42,19,Available
INV-STORE-020-PROD-0012,2025-05-31,STORE-020,PROD-0012,73,15,Available
INV-STORE-020-PROD-0013,2025-05-31,STORE-020,PROD-0013,13,17,Low Stock
INV-STORE-020-PROD-0014,2025-05-31,STORE-020,PROD-0014,19,17,Available
INV-STORE-020-PROD-0015,2025-05-31,STORE-020,PROD-0015,4,16,Low Stock
INV-STORE-020-PROD-0016,2025-05-31,STORE-020,PROD-0016,71,6,Available
INV-STORE-020-PROD-0017,2025-05-31,STORE-020,PROD-0017,110,16,Available
INV-STORE-020-PROD-0018,2025-05-31,STORE-020,PROD-0018,80,17,Available
INV-STORE-020-PROD-0019,2025-05-31,STORE-020,PROD-0019,16,8,Available
INV-STORE-020-PROD-0020,2025-05-31,STORE-020,PROD-0020,99,13,Available
INV-STORE-020-PROD-0021,2025-05-31,STORE-020,PROD-0021,85,13,Available
INV-STORE-020-PROD-0022,2025-05-31,STORE-020,PROD-0022,40,14,Available
INV-STORE-020-PROD-0023,2025-05-31,STORE-020,PROD-0023,1,17,Low Stock
INV-STORE-020-PROD-0024,2025-05-31,STORE-020,PROD-0024,91,7,Available
INV-STORE-020-PROD-0025,2025-05-31,STORE-020,PROD-0025,4,5,Low Stock
INV-STORE-020-PROD-0026,2025-05-31,STORE-020,PROD-0026,92,25,Available
INV-STORE-020-PROD-0027,2025-05-31,STORE-020,PROD-0027,98,8,Available
INV-STORE-020-PROD-0028,2025-05-31,STORE-020,PROD-0028,43,25,Available
INV-STORE-020-PROD-0029,2025-05-31,STORE-020,PROD-0029,87,23,Available
INV-STORE-020-PROD-0030,2025-05-31,STORE-020,PROD-0030,119,12,Available
INV-STORE-020-PROD-0031,2025-05-31,STORE-020,PROD-0031,85,24,Available
INV-STORE-020-PROD-0032,2025-05-31,STORE-020,PROD-0032,61,9,Available
INV-STORE-020-PROD-0033,2025-05-31,STORE-020,PROD-0033,67,8,Available
INV-STORE-020-PROD-0034,2025-05-31,STORE-020,PROD-0034,13,19,Low Stock
INV-STORE-020-PROD-0035,2025-05-31,STORE-020,PROD-0035,87,21,Available
INV-STORE-020-PROD-0036,2025-05-31,STORE-020,PROD-0036,10,19,Low Stock
INV-STORE-020-PROD-0037,2025-05-31,STORE-020,PROD-0037,57,18,Available
INV-STORE-020-PROD-0038,2025-05-31,STORE-020,PROD-0038,23,7,Available
INV-STORE-020-PROD-0039,2025-05-31,STORE-020,PROD-0039,45,24,Available
INV-STORE-020-PROD-0040,2025-05-31,STORE-020,PROD-0040,60,17,Available
INV-STORE-020-PROD-0041,2025-05-31,STORE-020,PROD-0041,69,7,Available
INV-STORE-020-PROD-0042,2025-05-31,STORE-020,PROD-0042,119,11,Available
INV-STORE-020-PROD-0043,2025-05-31,STORE-020,PROD-0043,91,19,Available
INV-STORE-020-PROD-0044,2025-05-31,STORE-020,PROD-0044,29,12,Available
INV-STORE-020-PROD-0045,2025-05-31,STORE-020,PROD-0045,43,20,Available
INV-STORE-020-PROD-0046,2025-05-31,STORE-020,PROD-0046,94,16,Available
INV-STORE-020-PROD-0047,2025-05-31,STORE-020,PROD-0047,104,20,Available
INV-STORE-020-PROD-0048,2025-05-31,STORE-020,PROD-0048,73,7,Available
INV-STORE-020-PROD-0049,2025-05-31,STORE-020,PROD-0049,111,15,Available
INV-STORE-020-PROD-0050,2025-05-31,STORE-020,PROD-0050,24,25,Low Stock
INV-STORE-020-PROD-0051,2025-05-31,STORE-020,PROD-0051,25,11,Available
INV-STORE-020-PROD-0052,2025-05-31,STORE-020,PROD-0052,118,20,Available
INV-STORE-020-PROD-0053,2025-05-31,STORE-020,PROD-0053,6,22,Low Stock
INV-STORE-020-PROD-0054,2025-05-31,STORE-020,PROD-0054,101,7,Available
INV-STORE-020-PROD-0055,2025-05-31,STORE-020,PROD-0055,26,11,Available
INV-STORE-020-PROD-0056,2025-05-31,STORE-020,PROD-0056,39,15,Available
INV-STORE-020-PROD-0057,2025-05-31,STORE-020,PROD-0057,108,17,Available
INV-STORE-020-PROD-0058,2025-05-31,STORE-020,PROD-0058,104,23,Available
INV-STORE-020-PROD-0059,2025-05-31,STORE-020,PROD-0059,76,19,Available
INV-STORE-020-PROD-0060,2025-05-31,STORE-020,PROD-0060,103,14,Available
INV-STORE-020-PROD-0061,2025-05-31,STORE-020,PROD-0061,8,13,Low Stock
INV-STORE-020-PROD-0062,2025-05-31,STORE-020,PROD-0062,98,20,Available
INV-STORE-020-PROD-0063,2025-05-31,STORE-020,PROD-0063,1,10,Low Stock
INV-STORE-020-PROD-0064,2025-05-31,STORE-020,PROD-0064,56,15,Available
INV-STORE-020-PROD-0065,2025-05-31,STORE-020,PROD-0065,55,20,Available
INV-STORE-020-PROD-0066,2025-05-31,STORE-020,PROD-0066,43,16,Available
INV-STORE-020-PROD-0067,2025-05-31,STORE-020,PROD-0067,41,15,Available
INV-STORE-020-PROD-0068,2025-05-31,STORE-020,PROD-0068,23,17,Available
INV-STORE-020-PROD-0069,2025-05-31,STORE-020,PROD-0069,106,18,Available
INV-STORE-020-PROD-0070,2025-05-31,STORE-020,PROD-0070,111,23,Available
INV-STORE-020-PROD-0071,2025-05-31,STORE-020,PROD-0071,56,22,Available
INV-STORE-020-PROD-0072,2025-05-31,STORE-020,PROD-0072,49,20,Available
INV-STORE-020-PROD-0073,2025-05-31,STORE-020,PROD-0073,105,10,Available
INV-STORE-020-PROD-0074,2025-05-31,STORE-020,PROD-0074,52,21,Available
INV-STORE-020-PROD-0075,2025-05-31,STORE-020,PROD-0075,61,7,Available
INV-STORE-020-PROD-0076,2025-05-31,STORE-020,PROD-0076,97,19,Available
INV-STORE-020-PROD-0077,2025-05-31,STORE-020,PROD-0077,77,24,Available
INV-STORE-020-PROD-0078,2025-05-31,STORE-020,PROD-0078,13,16,Low Stock
INV-STORE-020-PROD-0079,2025-05-31,STORE-020,PROD-0079,110,6,Available
INV-STORE-020-PROD-0080,2025-05-31,STORE-020,PROD-0080,120,6,Available
INV-STORE-020-PROD-0081,2025-05-31,STORE-020,PROD-0081,67,11,Available
INV-STORE-020-PROD-0082,2025-05-31,STORE-020,PROD-0082,52,20,Available
INV-STORE-020-PROD-0083,2025-05-31,STORE-020,PROD-0083,118,8,Available
INV-STORE-020-PROD-0084,2025-05-31,STORE-020,PROD-0084,47,22,Available
INV-STORE-020-PROD-0085,2025-05-31,STORE-020,PROD-0085,74,8,Available
INV-STORE-020-PROD-0086,2025-05-31,STORE-020,PROD-0086,33,6,Available
INV-STORE-020-PROD-0087,2025-05-31,STORE-020,PROD-0087,92,13,Available
INV-STORE-020-PROD-0088,2025-05-31,STORE-020,PROD-0088,111,15,Available
INV-STORE-020-PROD-0089,2025-05-31,STORE-020,PROD-0089,82,20,Available
INV-STORE-020-PROD-0090,2025-05-31,STORE-020,PROD-0090,0,9,Stockout
INV-STORE-020-PROD-0091,2025-05-31,STORE-020,PROD-0091,55,5,Available
INV-STORE-020-PROD-0092,2025-05-31,STORE-020,PROD-0092,30,18,Available
INV-STORE-020-PROD-0093,2025-05-31,STORE-020,PROD-0093,81,21,Available
INV-STORE-020-PROD-0094,2025-05-31,STORE-020,PROD-0094,112,21,Available
INV-STORE-020-PROD-0095,2025-05-31,STORE-020,PROD-0095,91,24,Available
INV-STORE-020-PROD-0096,2025-05-31,STORE-020,PROD-0096,78,14,Available
INV-STORE-020-PROD-0097,2025-05-31,STORE-020,PROD-0097,113,20,Available
INV-STORE-020-PROD-0098,2025-05-31,STORE-020,PROD-0098,18,19,Low Stock
INV-STORE-020-PROD-0099,2025-05-31,STORE-020,PROD-0099,13,14,Low Stock
INV-STORE-020-PROD-0100,2025-05-31,STORE-020,PROD-0100,9,24,Low Stock
INV-STORE-021-PROD-0001,2025-05-31,STORE-021,PROD-0001,72,24,Available
INV-STORE-021-PROD-0002,2025-05-31,STORE-021,PROD-0002,91,10,Available
INV-STORE-021-PROD-0003,2025-05-31,STORE-021,PROD-0003,18,16,Available
INV-STORE-021-PROD-0004,2025-05-31,STORE-021,PROD-0004,119,25,Available
INV-STORE-021-PROD-0005,2025-05-31,STORE-021,PROD-0005,94,9,Available
INV-STORE-021-PROD-0006,2025-05-31,STORE-021,PROD-0006,83,17,Available
INV-STORE-021-PROD-0007,2025-05-31,STORE-021,PROD-0007,99,22,Available
INV-STORE-021-PROD-0008,2025-05-31,STORE-021,PROD-0008,2,14,Low Stock
INV-STORE-021-PROD-0009,2025-05-31,STORE-021,PROD-0009,113,10,Available
INV-STORE-021-PROD-0010,2025-05-31,STORE-021,PROD-0010,31,25,Available
INV-STORE-021-PROD-0011,2025-05-31,STORE-021,PROD-0011,4,9,Low Stock
INV-STORE-021-PROD-0012,2025-05-31,STORE-021,PROD-0012,103,10,Available
INV-STORE-021-PROD-0013,2025-05-31,STORE-021,PROD-0013,30,18,Available
INV-STORE-021-PROD-0014,2025-05-31,STORE-021,PROD-0014,3,12,Low Stock
INV-STORE-021-PROD-0015,2025-05-31,STORE-021,PROD-0015,99,23,Available
INV-STORE-021-PROD-0016,2025-05-31,STORE-021,PROD-0016,49,18,Available
INV-STORE-021-PROD-0017,2025-05-31,STORE-021,PROD-0017,97,25,Available
INV-STORE-021-PROD-0018,2025-05-31,STORE-021,PROD-0018,76,7,Available
INV-STORE-021-PROD-0019,2025-05-31,STORE-021,PROD-0019,21,25,Low Stock
INV-STORE-021-PROD-0020,2025-05-31,STORE-021,PROD-0020,29,23,Available
INV-STORE-021-PROD-0021,2025-05-31,STORE-021,PROD-0021,81,15,Available
INV-STORE-021-PROD-0022,2025-05-31,STORE-021,PROD-0022,14,22,Low Stock
INV-STORE-021-PROD-0023,2025-05-31,STORE-021,PROD-0023,75,23,Available
INV-STORE-021-PROD-0024,2025-05-31,STORE-021,PROD-0024,90,9,Available
INV-STORE-021-PROD-0025,2025-05-31,STORE-021,PROD-0025,49,11,Available
INV-STORE-021-PROD-0026,2025-05-31,STORE-021,PROD-0026,52,17,Available
INV-STORE-021-PROD-0027,2025-05-31,STORE-021,PROD-0027,102,8,Available
INV-STORE-021-PROD-0028,2025-05-31,STORE-021,PROD-0028,45,21,Available
INV-STORE-021-PROD-0029,2025-05-31,STORE-021,PROD-0029,119,14,Available
INV-STORE-021-PROD-0030,2025-05-31,STORE-021,PROD-0030,114,23,Available
INV-STORE-021-PROD-0031,2025-05-31,STORE-021,PROD-0031,34,12,Available
INV-STORE-021-PROD-0032,2025-05-31,STORE-021,PROD-0032,72,6,Available
INV-STORE-021-PROD-0033,2025-05-31,STORE-021,PROD-0033,1,23,Low Stock
INV-STORE-021-PROD-0034,2025-05-31,STORE-021,PROD-0034,1,5,Low Stock
INV-STORE-021-PROD-0035,2025-05-31,STORE-021,PROD-0035,46,19,Available
INV-STORE-021-PROD-0036,2025-05-31,STORE-021,PROD-0036,44,13,Available
INV-STORE-021-PROD-0037,2025-05-31,STORE-021,PROD-0037,21,12,Available
INV-STORE-021-PROD-0038,2025-05-31,STORE-021,PROD-0038,4,25,Low Stock
INV-STORE-021-PROD-0039,2025-05-31,STORE-021,PROD-0039,40,25,Available
INV-STORE-021-PROD-0040,2025-05-31,STORE-021,PROD-0040,15,23,Low Stock
INV-STORE-021-PROD-0041,2025-05-31,STORE-021,PROD-0041,68,7,Available
INV-STORE-021-PROD-0042,2025-05-31,STORE-021,PROD-0042,104,20,Available
INV-STORE-021-PROD-0043,2025-05-31,STORE-021,PROD-0043,32,14,Available
INV-STORE-021-PROD-0044,2025-05-31,STORE-021,PROD-0044,19,25,Low Stock
INV-STORE-021-PROD-0045,2025-05-31,STORE-021,PROD-0045,25,8,Available
INV-STORE-021-PROD-0046,2025-05-31,STORE-021,PROD-0046,8,13,Low Stock
INV-STORE-021-PROD-0047,2025-05-31,STORE-021,PROD-0047,26,15,Available
INV-STORE-021-PROD-0048,2025-05-31,STORE-021,PROD-0048,108,15,Available
INV-STORE-021-PROD-0049,2025-05-31,STORE-021,PROD-0049,13,23,Low Stock
INV-STORE-021-PROD-0050,2025-05-31,STORE-021,PROD-0050,4,9,Low Stock
INV-STORE-021-PROD-0051,2025-05-31,STORE-021,PROD-0051,62,13,Available
INV-STORE-021-PROD-0052,2025-05-31,STORE-021,PROD-0052,113,24,Available
INV-STORE-021-PROD-0053,2025-05-31,STORE-021,PROD-0053,36,25,Available
INV-STORE-021-PROD-0054,2025-05-31,STORE-021,PROD-0054,5,17,Low Stock
INV-STORE-021-PROD-0055,2025-05-31,STORE-021,PROD-0055,22,16,Available
INV-STORE-021-PROD-0056,2025-05-31,STORE-021,PROD-0056,103,15,Available
INV-STORE-021-PROD-0057,2025-05-31,STORE-021,PROD-0057,16,18,Low Stock
INV-STORE-021-PROD-0058,2025-05-31,STORE-021,PROD-0058,76,11,Available
INV-STORE-021-PROD-0059,2025-05-31,STORE-021,PROD-0059,31,19,Available
INV-STORE-021-PROD-0060,2025-05-31,STORE-021,PROD-0060,3,19,Low Stock
INV-STORE-021-PROD-0061,2025-05-31,STORE-021,PROD-0061,47,23,Available
INV-STORE-021-PROD-0062,2025-05-31,STORE-021,PROD-0062,36,25,Available
INV-STORE-021-PROD-0063,2025-05-31,STORE-021,PROD-0063,105,20,Available
INV-STORE-021-PROD-0064,2025-05-31,STORE-021,PROD-0064,0,20,Stockout
INV-STORE-021-PROD-0065,2025-05-31,STORE-021,PROD-0065,98,25,Available
INV-STORE-021-PROD-0066,2025-05-31,STORE-021,PROD-0066,49,10,Available
INV-STORE-021-PROD-0067,2025-05-31,STORE-021,PROD-0067,56,19,Available
INV-STORE-021-PROD-0068,2025-05-31,STORE-021,PROD-0068,33,5,Available
INV-STORE-021-PROD-0069,2025-05-31,STORE-021,PROD-0069,101,20,Available
INV-STORE-021-PROD-0070,2025-05-31,STORE-021,PROD-0070,72,18,Available
INV-STORE-021-PROD-0071,2025-05-31,STORE-021,PROD-0071,87,15,Available
INV-STORE-021-PROD-0072,2025-05-31,STORE-021,PROD-0072,108,24,Available
INV-STORE-021-PROD-0073,2025-05-31,STORE-021,PROD-0073,91,22,Available
INV-STORE-021-PROD-0074,2025-05-31,STORE-021,PROD-0074,97,14,Available
INV-STORE-021-PROD-0075,2025-05-31,STORE-021,PROD-0075,103,13,Available
INV-STORE-021-PROD-0076,2025-05-31,STORE-021,PROD-0076,36,10,Available
INV-STORE-021-PROD-0077,2025-05-31,STORE-021,PROD-0077,57,9,Available
INV-STORE-021-PROD-0078,2025-05-31,STORE-021,PROD-0078,16,17,Low Stock
INV-STORE-021-PROD-0079,2025-05-31,STORE-021,PROD-0079,57,11,Available
INV-STORE-021-PROD-0080,2025-05-31,STORE-021,PROD-0080,67,20,Available
INV-STORE-021-PROD-0081,2025-05-31,STORE-021,PROD-0081,75,14,Available
INV-STORE-021-PROD-0082,2025-05-31,STORE-021,PROD-0082,10,17,Low Stock
INV-STORE-021-PROD-0083,2025-05-31,STORE-021,PROD-0083,104,9,Available
INV-STORE-021-PROD-0084,2025-05-31,STORE-021,PROD-0084,16,14,Available
INV-STORE-021-PROD-0085,2025-05-31,STORE-021,PROD-0085,3,8,Low Stock
INV-STORE-021-PROD-0086,2025-05-31,STORE-021,PROD-0086,14,16,Low Stock
INV-STORE-021-PROD-0087,2025-05-31,STORE-021,PROD-0087,27,7,Available
INV-STORE-021-PROD-0088,2025-05-31,STORE-021,PROD-0088,44,14,Available
INV-STORE-021-PROD-0089,2025-05-31,STORE-021,PROD-0089,89,16,Available
INV-STORE-021-PROD-0090,2025-05-31,STORE-021,PROD-0090,109,15,Available
INV-STORE-021-PROD-0091,2025-05-31,STORE-021,PROD-0091,31,19,Available
INV-STORE-021-PROD-0092,2025-05-31,STORE-021,PROD-0092,107,23,Available
INV-STORE-021-PROD-0093,2025-05-31,STORE-021,PROD-0093,36,18,Available
INV-STORE-021-PROD-0094,2025-05-31,STORE-021,PROD-0094,69,13,Available
INV-STORE-021-PROD-0095,2025-05-31,STORE-021,PROD-0095,30,11,Available
INV-STORE-021-PROD-0096,2025-05-31,STORE-021,PROD-0096,82,21,Available
INV-STORE-021-PROD-0097,2025-05-31,STORE-021,PROD-0097,24,6,Available
INV-STORE-021-PROD-0098,2025-05-31,STORE-021,PROD-0098,107,21,Available
INV-STORE-021-PROD-0099,2025-05-31,STORE-021,PROD-0099,93,13,Available
INV-STORE-021-PROD-0100,2025-05-31,STORE-021,PROD-0100,99,23,Available
INV-STORE-022-PROD-0001,2025-05-31,STORE-022,PROD-0001,94,17,Available
INV-STORE-022-PROD-0002,2025-05-31,STORE-022,PROD-0002,103,25,Available
INV-STORE-022-PROD-0003,2025-05-31,STORE-022,PROD-0003,37,12,Available
INV-STORE-022-PROD-0004,2025-05-31,STORE-022,PROD-0004,75,21,Available
INV-STORE-022-PROD-0005,2025-05-31,STORE-022,PROD-0005,103,11,Available
INV-STORE-022-PROD-0006,2025-05-31,STORE-022,PROD-0006,18,21,Low Stock
INV-STORE-022-PROD-0007,2025-05-31,STORE-022,PROD-0007,78,21,Available
INV-STORE-022-PROD-0008,2025-05-31,STORE-022,PROD-0008,31,18,Available
INV-STORE-022-PROD-0009,2025-05-31,STORE-022,PROD-0009,40,17,Available
INV-STORE-022-PROD-0010,2025-05-31,STORE-022,PROD-0010,16,12,Available
INV-STORE-022-PROD-0011,2025-05-31,STORE-022,PROD-0011,115,25,Available
INV-STORE-022-PROD-0012,2025-05-31,STORE-022,PROD-0012,81,12,Available
INV-STORE-022-PROD-0013,2025-05-31,STORE-022,PROD-0013,92,12,Available
INV-STORE-022-PROD-0014,2025-05-31,STORE-022,PROD-0014,56,8,Available
INV-STORE-022-PROD-0015,2025-05-31,STORE-022,PROD-0015,9,13,Low Stock
INV-STORE-022-PROD-0016,2025-05-31,STORE-022,PROD-0016,3,11,Low Stock
INV-STORE-022-PROD-0017,2025-05-31,STORE-022,PROD-0017,23,24,Low Stock
INV-STORE-022-PROD-0018,2025-05-31,STORE-022,PROD-0018,36,17,Available
INV-STORE-022-PROD-0019,2025-05-31,STORE-022,PROD-0019,93,9,Available
INV-STORE-022-PROD-0020,2025-05-31,STORE-022,PROD-0020,21,10,Available
INV-STORE-022-PROD-0021,2025-05-31,STORE-022,PROD-0021,75,19,Available
INV-STORE-022-PROD-0022,2025-05-31,STORE-022,PROD-0022,71,19,Available
INV-STORE-022-PROD-0023,2025-05-31,STORE-022,PROD-0023,89,12,Available
INV-STORE-022-PROD-0024,2025-05-31,STORE-022,PROD-0024,2,22,Low Stock
INV-STORE-022-PROD-0025,2025-05-31,STORE-022,PROD-0025,81,25,Available
INV-STORE-022-PROD-0026,2025-05-31,STORE-022,PROD-0026,118,18,Available
INV-STORE-022-PROD-0027,2025-05-31,STORE-022,PROD-0027,7,23,Low Stock
INV-STORE-022-PROD-0028,2025-05-31,STORE-022,PROD-0028,7,11,Low Stock
INV-STORE-022-PROD-0029,2025-05-31,STORE-022,PROD-0029,5,18,Low Stock
INV-STORE-022-PROD-0030,2025-05-31,STORE-022,PROD-0030,98,8,Available
INV-STORE-022-PROD-0031,2025-05-31,STORE-022,PROD-0031,80,9,Available
INV-STORE-022-PROD-0032,2025-05-31,STORE-022,PROD-0032,69,20,Available
INV-STORE-022-PROD-0033,2025-05-31,STORE-022,PROD-0033,56,21,Available
INV-STORE-022-PROD-0034,2025-05-31,STORE-022,PROD-0034,104,8,Available
INV-STORE-022-PROD-0035,2025-05-31,STORE-022,PROD-0035,85,11,Available
INV-STORE-022-PROD-0036,2025-05-31,STORE-022,PROD-0036,63,17,Available
INV-STORE-022-PROD-0037,2025-05-31,STORE-022,PROD-0037,69,10,Available
INV-STORE-022-PROD-0038,2025-05-31,STORE-022,PROD-0038,81,11,Available
INV-STORE-022-PROD-0039,2025-05-31,STORE-022,PROD-0039,93,9,Available
INV-STORE-022-PROD-0040,2025-05-31,STORE-022,PROD-0040,16,15,Available
INV-STORE-022-PROD-0041,2025-05-31,STORE-022,PROD-0041,112,22,Available
INV-STORE-022-PROD-0042,2025-05-31,STORE-022,PROD-0042,94,12,Available
INV-STORE-022-PROD-0043,2025-05-31,STORE-022,PROD-0043,19,16,Available
INV-STORE-022-PROD-0044,2025-05-31,STORE-022,PROD-0044,77,23,Available
INV-STORE-022-PROD-0045,2025-05-31,STORE-022,PROD-0045,112,23,Available
INV-STORE-022-PROD-0046,2025-05-31,STORE-022,PROD-0046,10,25,Low Stock
INV-STORE-022-PROD-0047,2025-05-31,STORE-022,PROD-0047,49,15,Available
INV-STORE-022-PROD-0048,2025-05-31,STORE-022,PROD-0048,110,14,Available
INV-STORE-022-PROD-0049,2025-05-31,STORE-022,PROD-0049,104,12,Available
INV-STORE-022-PROD-0050,2025-05-31,STORE-022,PROD-0050,44,16,Available
INV-STORE-022-PROD-0051,2025-05-31,STORE-022,PROD-0051,63,15,Available
INV-STORE-022-PROD-0052,2025-05-31,STORE-022,PROD-0052,18,24,Low Stock
INV-STORE-022-PROD-0053,2025-05-31,STORE-022,PROD-0053,69,6,Available
INV-STORE-022-PROD-0054,2025-05-31,STORE-022,PROD-0054,104,23,Available
INV-STORE-022-PROD-0055,2025-05-31,STORE-022,PROD-0055,2,9,Low Stock
INV-STORE-022-PROD-0056,2025-05-31,STORE-022,PROD-0056,66,18,Available
INV-STORE-022-PROD-0057,2025-05-31,STORE-022,PROD-0057,48,7,Available
INV-STORE-022-PROD-0058,2025-05-31,STORE-022,PROD-0058,0,12,Stockout
INV-STORE-022-PROD-0059,2025-05-31,STORE-022,PROD-0059,63,5,Available
INV-STORE-022-PROD-0060,2025-05-31,STORE-022,PROD-0060,113,6,Available
INV-STORE-022-PROD-0061,2025-05-31,STORE-022,PROD-0061,112,24,Available
INV-STORE-022-PROD-0062,2025-05-31,STORE-022,PROD-0062,91,23,Available
INV-STORE-022-PROD-0063,2025-05-31,STORE-022,PROD-0063,47,15,Available
INV-STORE-022-PROD-0064,2025-05-31,STORE-022,PROD-0064,105,22,Available
INV-STORE-022-PROD-0065,2025-05-31,STORE-022,PROD-0065,60,5,Available
INV-STORE-022-PROD-0066,2025-05-31,STORE-022,PROD-0066,104,7,Available
INV-STORE-022-PROD-0067,2025-05-31,STORE-022,PROD-0067,49,6,Available
INV-STORE-022-PROD-0068,2025-05-31,STORE-022,PROD-0068,57,6,Available
INV-STORE-022-PROD-0069,2025-05-31,STORE-022,PROD-0069,34,24,Available
INV-STORE-022-PROD-0070,2025-05-31,STORE-022,PROD-0070,88,16,Available
INV-STORE-022-PROD-0071,2025-05-31,STORE-022,PROD-0071,43,23,Available
INV-STORE-022-PROD-0072,2025-05-31,STORE-022,PROD-0072,53,13,Available
INV-STORE-022-PROD-0073,2025-05-31,STORE-022,PROD-0073,41,18,Available
INV-STORE-022-PROD-0074,2025-05-31,STORE-022,PROD-0074,47,9,Available
INV-STORE-022-PROD-0075,2025-05-31,STORE-022,PROD-0075,61,22,Available
INV-STORE-022-PROD-0076,2025-05-31,STORE-022,PROD-0076,86,7,Available
INV-STORE-022-PROD-0077,2025-05-31,STORE-022,PROD-0077,70,23,Available
INV-STORE-022-PROD-0078,2025-05-31,STORE-022,PROD-0078,91,19,Available
INV-STORE-022-PROD-0079,2025-05-31,STORE-022,PROD-0079,41,11,Available
INV-STORE-022-PROD-0080,2025-05-31,STORE-022,PROD-0080,89,15,Available
INV-STORE-022-PROD-0081,2025-05-31,STORE-022,PROD-0081,7,6,Available
INV-STORE-022-PROD-0082,2025-05-31,STORE-022,PROD-0082,11,18,Low Stock
INV-STORE-022-PROD-0083,2025-05-31,STORE-022,PROD-0083,70,18,Available
INV-STORE-022-PROD-0084,2025-05-31,STORE-022,PROD-0084,42,25,Available
INV-STORE-022-PROD-0085,2025-05-31,STORE-022,PROD-0085,25,20,Available
INV-STORE-022-PROD-0086,2025-05-31,STORE-022,PROD-0086,20,21,Low Stock
INV-STORE-022-PROD-0087,2025-05-31,STORE-022,PROD-0087,98,11,Available
INV-STORE-022-PROD-0088,2025-05-31,STORE-022,PROD-0088,7,24,Low Stock
INV-STORE-022-PROD-0089,2025-05-31,STORE-022,PROD-0089,29,13,Available
INV-STORE-022-PROD-0090,2025-05-31,STORE-022,PROD-0090,98,21,Available
INV-STORE-022-PROD-0091,2025-05-31,STORE-022,PROD-0091,40,23,Available
INV-STORE-022-PROD-0092,2025-05-31,STORE-022,PROD-0092,111,12,Available
INV-STORE-022-PROD-0093,2025-05-31,STORE-022,PROD-0093,29,22,Available
INV-STORE-022-PROD-0094,2025-05-31,STORE-022,PROD-0094,4,7,Low Stock
INV-STORE-022-PROD-0095,2025-05-31,STORE-022,PROD-0095,88,17,Available
INV-STORE-022-PROD-0096,2025-05-31,STORE-022,PROD-0096,27,8,Available
INV-STORE-022-PROD-0097,2025-05-31,STORE-022,PROD-0097,95,6,Available
INV-STORE-022-PROD-0098,2025-05-31,STORE-022,PROD-0098,57,16,Available
INV-STORE-022-PROD-0099,2025-05-31,STORE-022,PROD-0099,92,22,Available
INV-STORE-022-PROD-0100,2025-05-31,STORE-022,PROD-0100,89,13,Available
INV-STORE-023-PROD-0001,2025-05-31,STORE-023,PROD-0001,67,22,Available
INV-STORE-023-PROD-0002,2025-05-31,STORE-023,PROD-0002,98,19,Available
INV-STORE-023-PROD-0003,2025-05-31,STORE-023,PROD-0003,107,20,Available
INV-STORE-023-PROD-0004,2025-05-31,STORE-023,PROD-0004,71,13,Available
INV-STORE-023-PROD-0005,2025-05-31,STORE-023,PROD-0005,63,20,Available
INV-STORE-023-PROD-0006,2025-05-31,STORE-023,PROD-0006,12,9,Available
INV-STORE-023-PROD-0007,2025-05-31,STORE-023,PROD-0007,56,6,Available
INV-STORE-023-PROD-0008,2025-05-31,STORE-023,PROD-0008,62,23,Available
INV-STORE-023-PROD-0009,2025-05-31,STORE-023,PROD-0009,3,17,Low Stock
INV-STORE-023-PROD-0010,2025-05-31,STORE-023,PROD-0010,115,8,Available
INV-STORE-023-PROD-0011,2025-05-31,STORE-023,PROD-0011,18,12,Available
INV-STORE-023-PROD-0012,2025-05-31,STORE-023,PROD-0012,73,25,Available
INV-STORE-023-PROD-0013,2025-05-31,STORE-023,PROD-0013,9,6,Available
INV-STORE-023-PROD-0014,2025-05-31,STORE-023,PROD-0014,89,24,Available
INV-STORE-023-PROD-0015,2025-05-31,STORE-023,PROD-0015,114,25,Available
INV-STORE-023-PROD-0016,2025-05-31,STORE-023,PROD-0016,83,15,Available
INV-STORE-023-PROD-0017,2025-05-31,STORE-023,PROD-0017,84,11,Available
INV-STORE-023-PROD-0018,2025-05-31,STORE-023,PROD-0018,24,12,Available
INV-STORE-023-PROD-0019,2025-05-31,STORE-023,PROD-0019,48,14,Available
INV-STORE-023-PROD-0020,2025-05-31,STORE-023,PROD-0020,99,9,Available
INV-STORE-023-PROD-0021,2025-05-31,STORE-023,PROD-0021,97,9,Available
INV-STORE-023-PROD-0022,2025-05-31,STORE-023,PROD-0022,25,23,Available
INV-STORE-023-PROD-0023,2025-05-31,STORE-023,PROD-0023,63,5,Available
INV-STORE-023-PROD-0024,2025-05-31,STORE-023,PROD-0024,22,13,Available
INV-STORE-023-PROD-0025,2025-05-31,STORE-023,PROD-0025,46,14,Available
INV-STORE-023-PROD-0026,2025-05-31,STORE-023,PROD-0026,2,12,Low Stock
INV-STORE-023-PROD-0027,2025-05-31,STORE-023,PROD-0027,18,25,Low Stock
INV-STORE-023-PROD-0028,2025-05-31,STORE-023,PROD-0028,13,25,Low Stock
INV-STORE-023-PROD-0029,2025-05-31,STORE-023,PROD-0029,44,20,Available
INV-STORE-023-PROD-0030,2025-05-31,STORE-023,PROD-0030,50,22,Available
INV-STORE-023-PROD-0031,2025-05-31,STORE-023,PROD-0031,90,12,Available
INV-STORE-023-PROD-0032,2025-05-31,STORE-023,PROD-0032,34,22,Available
INV-STORE-023-PROD-0033,2025-05-31,STORE-023,PROD-0033,47,16,Available
INV-STORE-023-PROD-0034,2025-05-31,STORE-023,PROD-0034,44,5,Available
INV-STORE-023-PROD-0035,2025-05-31,STORE-023,PROD-0035,76,11,Available
INV-STORE-023-PROD-0036,2025-05-31,STORE-023,PROD-0036,71,25,Available
INV-STORE-023-PROD-0037,2025-05-31,STORE-023,PROD-0037,69,17,Available
INV-STORE-023-PROD-0038,2025-05-31,STORE-023,PROD-0038,90,6,Available
INV-STORE-023-PROD-0039,2025-05-31,STORE-023,PROD-0039,1,22,Low Stock
INV-STORE-023-PROD-0040,2025-05-31,STORE-023,PROD-0040,105,16,Available
INV-STORE-023-PROD-0041,2025-05-31,STORE-023,PROD-0041,63,22,Available
INV-STORE-023-PROD-0042,2025-05-31,STORE-023,PROD-0042,27,16,Available
INV-STORE-023-PROD-0043,2025-05-31,STORE-023,PROD-0043,100,13,Available
INV-STORE-023-PROD-0044,2025-05-31,STORE-023,PROD-0044,7,15,Low Stock
INV-STORE-023-PROD-0045,2025-05-31,STORE-023,PROD-0045,86,25,Available
INV-STORE-023-PROD-0046,2025-05-31,STORE-023,PROD-0046,105,13,Available
INV-STORE-023-PROD-0047,2025-05-31,STORE-023,PROD-0047,80,14,Available
INV-STORE-023-PROD-0048,2025-05-31,STORE-023,PROD-0048,93,8,Available
INV-STORE-023-PROD-0049,2025-05-31,STORE-023,PROD-0049,62,25,Available
INV-STORE-023-PROD-0050,2025-05-31,STORE-023,PROD-0050,94,18,Available
INV-STORE-023-PROD-0051,2025-05-31,STORE-023,PROD-0051,29,15,Available
INV-STORE-023-PROD-0052,2025-05-31,STORE-023,PROD-0052,117,6,Available
INV-STORE-023-PROD-0053,2025-05-31,STORE-023,PROD-0053,34,16,Available
INV-STORE-023-PROD-0054,2025-05-31,STORE-023,PROD-0054,85,17,Available
INV-STORE-023-PROD-0055,2025-05-31,STORE-023,PROD-0055,114,14,Available
INV-STORE-023-PROD-0056,2025-05-31,STORE-023,PROD-0056,114,15,Available
INV-STORE-023-PROD-0057,2025-05-31,STORE-023,PROD-0057,80,17,Available
INV-STORE-023-PROD-0058,2025-05-31,STORE-023,PROD-0058,75,20,Available
INV-STORE-023-PROD-0059,2025-05-31,STORE-023,PROD-0059,103,24,Available
INV-STORE-023-PROD-0060,2025-05-31,STORE-023,PROD-0060,45,10,Available
INV-STORE-023-PROD-0061,2025-05-31,STORE-023,PROD-0061,111,9,Available
INV-STORE-023-PROD-0062,2025-05-31,STORE-023,PROD-0062,41,18,Available
INV-STORE-023-PROD-0063,2025-05-31,STORE-023,PROD-0063,52,13,Available
INV-STORE-023-PROD-0064,2025-05-31,STORE-023,PROD-0064,20,8,Available
INV-STORE-023-PROD-0065,2025-05-31,STORE-023,PROD-0065,76,10,Available
INV-STORE-023-PROD-0066,2025-05-31,STORE-023,PROD-0066,79,11,Available
INV-STORE-023-PROD-0067,2025-05-31,STORE-023,PROD-0067,6,16,Low Stock
INV-STORE-023-PROD-0068,2025-05-31,STORE-023,PROD-0068,96,16,Available
INV-STORE-023-PROD-0069,2025-05-31,STORE-023,PROD-0069,5,11,Low Stock
INV-STORE-023-PROD-0070,2025-05-31,STORE-023,PROD-0070,7,8,Low Stock
INV-STORE-023-PROD-0071,2025-05-31,STORE-023,PROD-0071,81,21,Available
INV-STORE-023-PROD-0072,2025-05-31,STORE-023,PROD-0072,120,14,Available
INV-STORE-023-PROD-0073,2025-05-31,STORE-023,PROD-0073,32,11,Available
INV-STORE-023-PROD-0074,2025-05-31,STORE-023,PROD-0074,115,12,Available
INV-STORE-023-PROD-0075,2025-05-31,STORE-023,PROD-0075,29,20,Available
INV-STORE-023-PROD-0076,2025-05-31,STORE-023,PROD-0076,38,18,Available
INV-STORE-023-PROD-0077,2025-05-31,STORE-023,PROD-0077,101,16,Available
INV-STORE-023-PROD-0078,2025-05-31,STORE-023,PROD-0078,10,13,Low Stock
INV-STORE-023-PROD-0079,2025-05-31,STORE-023,PROD-0079,65,25,Available
INV-STORE-023-PROD-0080,2025-05-31,STORE-023,PROD-0080,21,20,Available
INV-STORE-023-PROD-0081,2025-05-31,STORE-023,PROD-0081,7,14,Low Stock
INV-STORE-023-PROD-0082,2025-05-31,STORE-023,PROD-0082,97,19,Available
INV-STORE-023-PROD-0083,2025-05-31,STORE-023,PROD-0083,20,23,Low Stock
INV-STORE-023-PROD-0084,2025-05-31,STORE-023,PROD-0084,72,20,Available
INV-STORE-023-PROD-0085,2025-05-31,STORE-023,PROD-0085,93,20,Available
INV-STORE-023-PROD-0086,2025-05-31,STORE-023,PROD-0086,21,6,Available
INV-STORE-023-PROD-0087,2025-05-31,STORE-023,PROD-0087,49,12,Available
INV-STORE-023-PROD-0088,2025-05-31,STORE-023,PROD-0088,26,15,Available
INV-STORE-023-PROD-0089,2025-05-31,STORE-023,PROD-0089,57,24,Available
INV-STORE-023-PROD-0090,2025-05-31,STORE-023,PROD-0090,4,7,Low Stock
INV-STORE-023-PROD-0091,2025-05-31,STORE-023,PROD-0091,24,8,Available
INV-STORE-023-PROD-0092,2025-05-31,STORE-023,PROD-0092,57,18,Available
INV-STORE-023-PROD-0093,2025-05-31,STORE-023,PROD-0093,59,5,Available
INV-STORE-023-PROD-0094,2025-05-31,STORE-023,PROD-0094,5,7,Low Stock
INV-STORE-023-PROD-0095,2025-05-31,STORE-023,PROD-0095,73,25,Available
INV-STORE-023-PROD-0096,2025-05-31,STORE-023,PROD-0096,47,8,Available
INV-STORE-023-PROD-0097,2025-05-31,STORE-023,PROD-0097,100,12,Available
INV-STORE-023-PROD-0098,2025-05-31,STORE-023,PROD-0098,22,10,Available
INV-STORE-023-PROD-0099,2025-05-31,STORE-023,PROD-0099,52,17,Available
INV-STORE-023-PROD-0100,2025-05-31,STORE-023,PROD-0100,95,8,Available
INV-STORE-024-PROD-0001,2025-05-31,STORE-024,PROD-0001,119,7,Available
INV-STORE-024-PROD-0002,2025-05-31,STORE-024,PROD-0002,65,11,Available
INV-STORE-024-PROD-0003,2025-05-31,STORE-024,PROD-0003,21,21,Available
INV-STORE-024-PROD-0004,2025-05-31,STORE-024,PROD-0004,1,7,Low Stock
INV-STORE-024-PROD-0005,2025-05-31,STORE-024,PROD-0005,16,20,Low Stock
INV-STORE-024-PROD-0006,2025-05-31,STORE-024,PROD-0006,19,5,Available
INV-STORE-024-PROD-0007,2025-05-31,STORE-024,PROD-0007,104,20,Available
INV-STORE-024-PROD-0008,2025-05-31,STORE-024,PROD-0008,55,16,Available
INV-STORE-024-PROD-0009,2025-05-31,STORE-024,PROD-0009,82,8,Available
INV-STORE-024-PROD-0010,2025-05-31,STORE-024,PROD-0010,66,25,Available
INV-STORE-024-PROD-0011,2025-05-31,STORE-024,PROD-0011,73,11,Available
INV-STORE-024-PROD-0012,2025-05-31,STORE-024,PROD-0012,1,17,Low Stock
INV-STORE-024-PROD-0013,2025-05-31,STORE-024,PROD-0013,13,17,Low Stock
INV-STORE-024-PROD-0014,2025-05-31,STORE-024,PROD-0014,89,21,Available
INV-STORE-024-PROD-0015,2025-05-31,STORE-024,PROD-0015,29,21,Available
INV-STORE-024-PROD-0016,2025-05-31,STORE-024,PROD-0016,9,22,Low Stock
INV-STORE-024-PROD-0017,2025-05-31,STORE-024,PROD-0017,44,19,Available
INV-STORE-024-PROD-0018,2025-05-31,STORE-024,PROD-0018,4,5,Low Stock
INV-STORE-024-PROD-0019,2025-05-31,STORE-024,PROD-0019,97,5,Available
INV-STORE-024-PROD-0020,2025-05-31,STORE-024,PROD-0020,4,13,Low Stock
INV-STORE-024-PROD-0021,2025-05-31,STORE-024,PROD-0021,53,5,Available
INV-STORE-024-PROD-0022,2025-05-31,STORE-024,PROD-0022,104,13,Available
INV-STORE-024-PROD-0023,2025-05-31,STORE-024,PROD-0023,30,24,Available
INV-STORE-024-PROD-0024,2025-05-31,STORE-024,PROD-0024,50,21,Available
INV-STORE-024-PROD-0025,2025-05-31,STORE-024,PROD-0025,68,5,Available
INV-STORE-024-PROD-0026,2025-05-31,STORE-024,PROD-0026,108,17,Available
INV-STORE-024-PROD-0027,2025-05-31,STORE-024,PROD-0027,40,19,Available
INV-STORE-024-PROD-0028,2025-05-31,STORE-024,PROD-0028,74,20,Available
INV-STORE-024-PROD-0029,2025-05-31,STORE-024,PROD-0029,48,15,Available
INV-STORE-024-PROD-0030,2025-05-31,STORE-024,PROD-0030,14,9,Available
INV-STORE-024-PROD-0031,2025-05-31,STORE-024,PROD-0031,65,6,Available
INV-STORE-024-PROD-0032,2025-05-31,STORE-024,PROD-0032,5,11,Low Stock
INV-STORE-024-PROD-0033,2025-05-31,STORE-024,PROD-0033,51,18,Available
INV-STORE-024-PROD-0034,2025-05-31,STORE-024,PROD-0034,116,6,Available
INV-STORE-024-PROD-0035,2025-05-31,STORE-024,PROD-0035,47,23,Available
INV-STORE-024-PROD-0036,2025-05-31,STORE-024,PROD-0036,40,16,Available
INV-STORE-024-PROD-0037,2025-05-31,STORE-024,PROD-0037,13,16,Low Stock
INV-STORE-024-PROD-0038,2025-05-31,STORE-024,PROD-0038,54,6,Available
INV-STORE-024-PROD-0039,2025-05-31,STORE-024,PROD-0039,76,5,Available
INV-STORE-024-PROD-0040,2025-05-31,STORE-024,PROD-0040,78,19,Available
INV-STORE-024-PROD-0041,2025-05-31,STORE-024,PROD-0041,16,5,Available
INV-STORE-024-PROD-0042,2025-05-31,STORE-024,PROD-0042,61,12,Available
INV-STORE-024-PROD-0043,2025-05-31,STORE-024,PROD-0043,85,7,Available
INV-STORE-024-PROD-0044,2025-05-31,STORE-024,PROD-0044,57,11,Available
INV-STORE-024-PROD-0045,2025-05-31,STORE-024,PROD-0045,5,6,Low Stock
INV-STORE-024-PROD-0046,2025-05-31,STORE-024,PROD-0046,38,16,Available
INV-STORE-024-PROD-0047,2025-05-31,STORE-024,PROD-0047,22,6,Available
INV-STORE-024-PROD-0048,2025-05-31,STORE-024,PROD-0048,109,25,Available
INV-STORE-024-PROD-0049,2025-05-31,STORE-024,PROD-0049,44,11,Available
INV-STORE-024-PROD-0050,2025-05-31,STORE-024,PROD-0050,87,19,Available
INV-STORE-024-PROD-0051,2025-05-31,STORE-024,PROD-0051,88,15,Available
INV-STORE-024-PROD-0052,2025-05-31,STORE-024,PROD-0052,18,22,Low Stock
INV-STORE-024-PROD-0053,2025-05-31,STORE-024,PROD-0053,68,7,Available
INV-STORE-024-PROD-0054,2025-05-31,STORE-024,PROD-0054,42,20,Available
INV-STORE-024-PROD-0055,2025-05-31,STORE-024,PROD-0055,82,24,Available
INV-STORE-024-PROD-0056,2025-05-31,STORE-024,PROD-0056,10,16,Low Stock
INV-STORE-024-PROD-0057,2025-05-31,STORE-024,PROD-0057,106,21,Available
INV-STORE-024-PROD-0058,2025-05-31,STORE-024,PROD-0058,86,18,Available
INV-STORE-024-PROD-0059,2025-05-31,STORE-024,PROD-0059,74,20,Available
INV-STORE-024-PROD-0060,2025-05-31,STORE-024,PROD-0060,1,19,Low Stock
INV-STORE-024-PROD-0061,2025-05-31,STORE-024,PROD-0061,0,5,Stockout
INV-STORE-024-PROD-0062,2025-05-31,STORE-024,PROD-0062,35,7,Available
INV-STORE-024-PROD-0063,2025-05-31,STORE-024,PROD-0063,66,21,Available
INV-STORE-024-PROD-0064,2025-05-31,STORE-024,PROD-0064,112,25,Available
INV-STORE-024-PROD-0065,2025-05-31,STORE-024,PROD-0065,48,10,Available
INV-STORE-024-PROD-0066,2025-05-31,STORE-024,PROD-0066,63,21,Available
INV-STORE-024-PROD-0067,2025-05-31,STORE-024,PROD-0067,115,15,Available
INV-STORE-024-PROD-0068,2025-05-31,STORE-024,PROD-0068,90,23,Available
INV-STORE-024-PROD-0069,2025-05-31,STORE-024,PROD-0069,66,12,Available
INV-STORE-024-PROD-0070,2025-05-31,STORE-024,PROD-0070,8,11,Low Stock
INV-STORE-024-PROD-0071,2025-05-31,STORE-024,PROD-0071,120,9,Available
INV-STORE-024-PROD-0072,2025-05-31,STORE-024,PROD-0072,115,6,Available
INV-STORE-024-PROD-0073,2025-05-31,STORE-024,PROD-0073,46,15,Available
INV-STORE-024-PROD-0074,2025-05-31,STORE-024,PROD-0074,23,15,Available
INV-STORE-024-PROD-0075,2025-05-31,STORE-024,PROD-0075,107,20,Available
INV-STORE-024-PROD-0076,2025-05-31,STORE-024,PROD-0076,19,17,Available
INV-STORE-024-PROD-0077,2025-05-31,STORE-024,PROD-0077,110,18,Available
INV-STORE-024-PROD-0078,2025-05-31,STORE-024,PROD-0078,117,23,Available
INV-STORE-024-PROD-0079,2025-05-31,STORE-024,PROD-0079,26,13,Available
INV-STORE-024-PROD-0080,2025-05-31,STORE-024,PROD-0080,73,20,Available
INV-STORE-024-PROD-0081,2025-05-31,STORE-024,PROD-0081,10,5,Available
INV-STORE-024-PROD-0082,2025-05-31,STORE-024,PROD-0082,109,7,Available
INV-STORE-024-PROD-0083,2025-05-31,STORE-024,PROD-0083,27,5,Available
INV-STORE-024-PROD-0084,2025-05-31,STORE-024,PROD-0084,83,9,Available
INV-STORE-024-PROD-0085,2025-05-31,STORE-024,PROD-0085,3,16,Low Stock
INV-STORE-024-PROD-0086,2025-05-31,STORE-024,PROD-0086,16,18,Low Stock
INV-STORE-024-PROD-0087,2025-05-31,STORE-024,PROD-0087,54,9,Available
INV-STORE-024-PROD-0088,2025-05-31,STORE-024,PROD-0088,24,8,Available
INV-STORE-024-PROD-0089,2025-05-31,STORE-024,PROD-0089,7,18,Low Stock
INV-STORE-024-PROD-0090,2025-05-31,STORE-024,PROD-0090,46,9,Available
INV-STORE-024-PROD-0091,2025-05-31,STORE-024,PROD-0091,24,11,Available
INV-STORE-024-PROD-0092,2025-05-31,STORE-024,PROD-0092,2,6,Low Stock
INV-STORE-024-PROD-0093,2025-05-31,STORE-024,PROD-0093,86,24,Available
INV-STORE-024-PROD-0094,2025-05-31,STORE-024,PROD-0094,89,19,Available
INV-STORE-024-PROD-0095,2025-05-31,STORE-024,PROD-0095,0,6,Stockout
INV-STORE-024-PROD-0096,2025-05-31,STORE-024,PROD-0096,3,16,Low Stock
INV-STORE-024-PROD-0097,2025-05-31,STORE-024,PROD-0097,45,22,Available
INV-STORE-024-PROD-0098,2025-05-31,STORE-024,PROD-0098,34,10,Available
INV-STORE-024-PROD-0099,2025-05-31,STORE-024,PROD-0099,91,13,Available
INV-STORE-024-PROD-0100,2025-05-31,STORE-024,PROD-0100,102,11,Available
INV-STORE-025-PROD-0001,2025-05-31,STORE-025,PROD-0001,22,23,Low Stock
INV-STORE-025-PROD-0002,2025-05-31,STORE-025,PROD-0002,25,15,Available
INV-STORE-025-PROD-0003,2025-05-31,STORE-025,PROD-0003,37,12,Available
INV-STORE-025-PROD-0004,2025-05-31,STORE-025,PROD-0004,45,8,Available
INV-STORE-025-PROD-0005,2025-05-31,STORE-025,PROD-0005,80,9,Available
INV-STORE-025-PROD-0006,2025-05-31,STORE-025,PROD-0006,98,18,Available
INV-STORE-025-PROD-0007,2025-05-31,STORE-025,PROD-0007,52,10,Available
INV-STORE-025-PROD-0008,2025-05-31,STORE-025,PROD-0008,4,5,Low Stock
INV-STORE-025-PROD-0009,2025-05-31,STORE-025,PROD-0009,92,24,Available
INV-STORE-025-PROD-0010,2025-05-31,STORE-025,PROD-0010,100,24,Available
INV-STORE-025-PROD-0011,2025-05-31,STORE-025,PROD-0011,94,5,Available
INV-STORE-025-PROD-0012,2025-05-31,STORE-025,PROD-0012,70,20,Available
INV-STORE-025-PROD-0013,2025-05-31,STORE-025,PROD-0013,51,24,Available
INV-STORE-025-PROD-0014,2025-05-31,STORE-025,PROD-0014,88,8,Available
INV-STORE-025-PROD-0015,2025-05-31,STORE-025,PROD-0015,80,22,Available
INV-STORE-025-PROD-0016,2025-05-31,STORE-025,PROD-0016,38,8,Available
INV-STORE-025-PROD-0017,2025-05-31,STORE-025,PROD-0017,96,7,Available
INV-STORE-025-PROD-0018,2025-05-31,STORE-025,PROD-0018,1,6,Low Stock
INV-STORE-025-PROD-0019,2025-05-31,STORE-025,PROD-0019,78,15,Available
INV-STORE-025-PROD-0020,2025-05-31,STORE-025,PROD-0020,112,15,Available
INV-STORE-025-PROD-0021,2025-05-31,STORE-025,PROD-0021,37,11,Available
INV-STORE-025-PROD-0022,2025-05-31,STORE-025,PROD-0022,2,11,Low Stock
INV-STORE-025-PROD-0023,2025-05-31,STORE-025,PROD-0023,98,21,Available
INV-STORE-025-PROD-0024,2025-05-31,STORE-025,PROD-0024,73,18,Available
INV-STORE-025-PROD-0025,2025-05-31,STORE-025,PROD-0025,91,22,Available
INV-STORE-025-PROD-0026,2025-05-31,STORE-025,PROD-0026,3,13,Low Stock
INV-STORE-025-PROD-0027,2025-05-31,STORE-025,PROD-0027,17,10,Available
INV-STORE-025-PROD-0028,2025-05-31,STORE-025,PROD-0028,11,17,Low Stock
INV-STORE-025-PROD-0029,2025-05-31,STORE-025,PROD-0029,83,24,Available
INV-STORE-025-PROD-0030,2025-05-31,STORE-025,PROD-0030,117,24,Available
INV-STORE-025-PROD-0031,2025-05-31,STORE-025,PROD-0031,11,14,Low Stock
INV-STORE-025-PROD-0032,2025-05-31,STORE-025,PROD-0032,71,15,Available
INV-STORE-025-PROD-0033,2025-05-31,STORE-025,PROD-0033,1,6,Low Stock
INV-STORE-025-PROD-0034,2025-05-31,STORE-025,PROD-0034,51,9,Available
INV-STORE-025-PROD-0035,2025-05-31,STORE-025,PROD-0035,86,6,Available
INV-STORE-025-PROD-0036,2025-05-31,STORE-025,PROD-0036,93,23,Available
INV-STORE-025-PROD-0037,2025-05-31,STORE-025,PROD-0037,61,19,Available
INV-STORE-025-PROD-0038,2025-05-31,STORE-025,PROD-0038,46,14,Available
INV-STORE-025-PROD-0039,2025-05-31,STORE-025,PROD-0039,44,11,Available
INV-STORE-025-PROD-0040,2025-05-31,STORE-025,PROD-0040,2,15,Low Stock
INV-STORE-025-PROD-0041,2025-05-31,STORE-025,PROD-0041,21,16,Available
INV-STORE-025-PROD-0042,2025-05-31,STORE-025,PROD-0042,25,25,Available
INV-STORE-025-PROD-0043,2025-05-31,STORE-025,PROD-0043,3,21,Low Stock
INV-STORE-025-PROD-0044,2025-05-31,STORE-025,PROD-0044,96,13,Available
INV-STORE-025-PROD-0045,2025-05-31,STORE-025,PROD-0045,38,24,Available
INV-STORE-025-PROD-0046,2025-05-31,STORE-025,PROD-0046,27,14,Available
INV-STORE-025-PROD-0047,2025-05-31,STORE-025,PROD-0047,87,16,Available
INV-STORE-025-PROD-0048,2025-05-31,STORE-025,PROD-0048,37,7,Available
INV-STORE-025-PROD-0049,2025-05-31,STORE-025,PROD-0049,8,20,Low Stock
INV-STORE-025-PROD-0050,2025-05-31,STORE-025,PROD-0050,75,24,Available
INV-STORE-025-PROD-0051,2025-05-31,STORE-025,PROD-0051,27,18,Available
INV-STORE-025-PROD-0052,2025-05-31,STORE-025,PROD-0052,48,10,Available
INV-STORE-025-PROD-0053,2025-05-31,STORE-025,PROD-0053,49,15,Available
INV-STORE-025-PROD-0054,2025-05-31,STORE-025,PROD-0054,59,23,Available
INV-STORE-025-PROD-0055,2025-05-31,STORE-025,PROD-0055,23,24,Low Stock
INV-STORE-025-PROD-0056,2025-05-31,STORE-025,PROD-0056,2,14,Low Stock
INV-STORE-025-PROD-0057,2025-05-31,STORE-025,PROD-0057,43,7,Available
INV-STORE-025-PROD-0058,2025-05-31,STORE-025,PROD-0058,60,13,Available
INV-STORE-025-PROD-0059,2025-05-31,STORE-025,PROD-0059,112,23,Available
INV-STORE-025-PROD-0060,2025-05-31,STORE-025,PROD-0060,100,17,Available
INV-STORE-025-PROD-0061,2025-05-31,STORE-025,PROD-0061,82,25,Available
INV-STORE-025-PROD-0062,2025-05-31,STORE-025,PROD-0062,16,18,Low Stock
INV-STORE-025-PROD-0063,2025-05-31,STORE-025,PROD-0063,1,8,Low Stock
INV-STORE-025-PROD-0064,2025-05-31,STORE-025,PROD-0064,32,17,Available
INV-STORE-025-PROD-0065,2025-05-31,STORE-025,PROD-0065,15,10,Available
INV-STORE-025-PROD-0066,2025-05-31,STORE-025,PROD-0066,0,20,Stockout
INV-STORE-025-PROD-0067,2025-05-31,STORE-025,PROD-0067,18,19,Low Stock
INV-STORE-025-PROD-0068,2025-05-31,STORE-025,PROD-0068,63,18,Available
INV-STORE-025-PROD-0069,2025-05-31,STORE-025,PROD-0069,5,8,Low Stock
INV-STORE-025-PROD-0070,2025-05-31,STORE-025,PROD-0070,103,20,Available
INV-STORE-025-PROD-0071,2025-05-31,STORE-025,PROD-0071,7,8,Low Stock
INV-STORE-025-PROD-0072,2025-05-31,STORE-025,PROD-0072,46,16,Available
INV-STORE-025-PROD-0073,2025-05-31,STORE-025,PROD-0073,88,20,Available
INV-STORE-025-PROD-0074,2025-05-31,STORE-025,PROD-0074,44,14,Available
INV-STORE-025-PROD-0075,2025-05-31,STORE-025,PROD-0075,90,20,Available
INV-STORE-025-PROD-0076,2025-05-31,STORE-025,PROD-0076,6,16,Low Stock
INV-STORE-025-PROD-0077,2025-05-31,STORE-025,PROD-0077,0,9,Stockout
INV-STORE-025-PROD-0078,2025-05-31,STORE-025,PROD-0078,3,12,Low Stock
INV-STORE-025-PROD-0079,2025-05-31,STORE-025,PROD-0079,54,11,Available
INV-STORE-025-PROD-0080,2025-05-31,STORE-025,PROD-0080,57,23,Available
INV-STORE-025-PROD-0081,2025-05-31,STORE-025,PROD-0081,37,13,Available
INV-STORE-025-PROD-0082,2025-05-31,STORE-025,PROD-0082,24,12,Available
INV-STORE-025-PROD-0083,2025-05-31,STORE-025,PROD-0083,88,24,Available
INV-STORE-025-PROD-0084,2025-05-31,STORE-025,PROD-0084,110,14,Available
INV-STORE-025-PROD-0085,2025-05-31,STORE-025,PROD-0085,32,14,Available
INV-STORE-025-PROD-0086,2025-05-31,STORE-025,PROD-0086,29,18,Available
INV-STORE-025-PROD-0087,2025-05-31,STORE-025,PROD-0087,86,11,Available
INV-STORE-025-PROD-0088,2025-05-31,STORE-025,PROD-0088,50,24,Available
INV-STORE-025-PROD-0089,2025-05-31,STORE-025,PROD-0089,113,25,Available
INV-STORE-025-PROD-0090,2025-05-31,STORE-025,PROD-0090,57,12,Available
INV-STORE-025-PROD-0091,2025-05-31,STORE-025,PROD-0091,50,25,Available
INV-STORE-025-PROD-0092,2025-05-31,STORE-025,PROD-0092,13,17,Low Stock
INV-STORE-025-PROD-0093,2025-05-31,STORE-025,PROD-0093,70,17,Available
INV-STORE-025-PROD-0094,2025-05-31,STORE-025,PROD-0094,21,11,Available
INV-STORE-025-PROD-0095,2025-05-31,STORE-025,PROD-0095,35,14,Available
INV-STORE-025-PROD-0096,2025-05-31,STORE-025,PROD-0096,4,25,Low Stock
INV-STORE-025-PROD-0097,2025-05-31,STORE-025,PROD-0097,42,15,Available
INV-STORE-025-PROD-0098,2025-05-31,STORE-025,PROD-0098,113,21,Available
INV-STORE-025-PROD-0099,2025-05-31,STORE-025,PROD-0099,102,24,Available
INV-STORE-025-PROD-0100,2025-05-31,STORE-025,PROD-0100,65,13,Available
