transaction_id,transaction_date,customer_id,store_id,channel_id,channel_name,channel_type,payment_id,salesperson_id
TRX-00001,2024-01-01 14:04:00,CUST-0054,STORE-005,CH_OFF,Offline Store,Offline,PAY-00001,EMP-066
TRX-00002,2024-03-21 18:53:00,CUST-0171,STORE-021,CH_OFF,Offline Store,Offline,PAY-00002,EMP-036
TRX-00003,2024-12-20 20:27:00,CUST-0574,STORE-007,CH_MKT,Marketplace,Online,PAY-00003,
TRX-00004,2025-01-12 13:32:00,CUST-0622,STORE-009,CH_OFF,Offline Store,Offline,PAY-00004,EMP-005
TRX-00005,2025-04-29 20:55:00,CUST-0559,STORE-004,CH_OFF,Offline Store,Offline,PAY-00005,EMP-005
TRX-00006,2024-03-04 14:06:00,CUST-0285,STORE-007,CH_WEB,Online Web,Online,PAY-00006,
TRX-00007,2024-03-03 10:12:00,CUST-0514,STORE-005,CH_OFF,Offline Store,Offline,PAY-00007,EMP-035
TRX-00008,2024-12-25 10:21:00,CUST-0857,STORE-023,CH_OFF,Offline Store,Offline,PAY-00008,EMP-012
TRX-00009,2024-08-10 19:23:00,CUST-0899,STORE-024,CH_WEB,Online Web,Online,PAY-00009,
TRX-00010,2024-07-23 11:18:00,CUST-0451,STORE-009,CH_OFF,Offline Store,Offline,PAY-00010,EMP-012
TRX-00011,2024-08-03 20:27:00,CUST-0831,STORE-022,CH_OFF,Offline Store,Offline,PAY-00011,EMP-037
TRX-00012,2024-04-28 17:42:00,CUST-0487,STORE-005,CH_OFF,Offline Store,Offline,PAY-00012,EMP-060
TRX-00013,2025-05-01 14:21:00,CUST-0103,STORE-006,CH_OFF,Offline Store,Offline,PAY-00013,EMP-046
TRX-00014,2024-09-06 13:46:00,CUST-0346,STORE-016,CH_OFF,Offline Store,Offline,PAY-00014,EMP-052
TRX-00015,2024-01-30 11:32:00,CUST-0308,STORE-020,CH_OFF,Offline Store,Offline,PAY-00015,EMP-068
TRX-00016,2024-05-24 21:22:00,CUST-0170,STORE-015,CH_OFF,Offline Store,Offline,PAY-00016,EMP-001
TRX-00017,2024-06-12 14:06:00,CUST-0704,STORE-013,CH_OFF,Offline Store,Offline,PAY-00017,EMP-028
TRX-00018,2024-03-14 14:31:00,CUST-0994,STORE-019,CH_OFF,Offline Store,Offline,PAY-00018,EMP-004
TRX-00019,2024-05-21 16:12:00,,STORE-010,CH_WEB,Online Web,Online,PAY-00019,
TRX-00020,2025-02-11 19:33:00,CUST-0477,STORE-003,CH_OFF,Offline Store,Offline,PAY-00020,EMP-045
TRX-00021,2024-02-25 13:27:00,CUST-0650,STORE-004,CH_OFF,Offline Store,Offline,PAY-00021,EMP-078
TRX-00022,2024-03-22 11:00:00,CUST-0957,STORE-023,CH_MKT,Marketplace,Online,PAY-00022,
TRX-00023,2024-02-21 18:43:00,CUST-0436,STORE-011,CH_OFF,Offline Store,Offline,PAY-00023,EMP-038
TRX-00024,2024-03-27 17:06:00,CUST-0149,STORE-021,CH_OFF,Offline Store,Offline,PAY-00024,EMP-064
TRX-00025,2024-02-11 10:20:00,CUST-0151,STORE-020,CH_OFF,Offline Store,Offline,PAY-00025,EMP-013
TRX-00026,2024-03-22 15:07:00,CUST-0585,STORE-009,CH_WEB,Online Web,Online,PAY-00026,
TRX-00027,2024-02-16 18:25:00,CUST-0695,STORE-010,CH_OFF,Offline Store,Offline,PAY-00027,EMP-035
TRX-00028,2024-11-21 10:14:00,CUST-0727,STORE-011,CH_WEB,Online Web,Online,PAY-00028,
TRX-00029,2024-01-13 14:21:00,CUST-0843,STORE-015,CH_OFF,Offline Store,Offline,PAY-00029,EMP-020
TRX-00030,2025-05-13 17:22:00,CUST-0766,STORE-017,CH_MKT,Marketplace,Online,PAY-00030,
TRX-00031,2024-01-24 21:18:00,CUST-0503,STORE-008,CH_OFF,Offline Store,Offline,PAY-00031,EMP-049
TRX-00032,2024-10-12 14:49:00,CUST-0109,STORE-022,CH_OFF,Offline Store,Offline,PAY-00032,EMP-041
TRX-00033,2024-01-04 17:53:00,CUST-0476,STORE-021,CH_OFF,Offline Store,Offline,PAY-00033,EMP-023
TRX-00034,2025-02-22 09:20:00,CUST-0171,STORE-019,CH_OFF,Offline Store,Offline,PAY-00034,EMP-061
TRX-00035,2024-09-02 11:30:00,CUST-0944,STORE-007,CH_WEB,Online Web,Online,PAY-00035,
TRX-00036,2025-05-27 19:07:00,CUST-0858,STORE-011,CH_MKT,Marketplace,Online,PAY-00036,
TRX-00037,2024-05-03 20:49:00,CUST-0547,STORE-023,CH_MKT,Marketplace,Online,PAY-00037,
TRX-00038,2025-03-26 15:50:00,CUST-0150,STORE-009,CH_OFF,Offline Store,Offline,PAY-00038,EMP-075
TRX-00039,2025-05-18 21:15:00,CUST-0351,STORE-010,CH_MKT,Marketplace,Online,PAY-00039,
TRX-00040,2024-10-25 13:45:00,CUST-0650,STORE-010,CH_OFF,Offline Store,Offline,PAY-00040,EMP-061
TRX-00041,2024-01-13 13:23:00,CUST-0764,STORE-017,CH_OFF,Offline Store,Offline,PAY-00041,EMP-052
TRX-00042,2025-05-08 11:30:00,CUST-0015,STORE-022,CH_WEB,Online Web,Online,PAY-00042,
TRX-00043,2024-07-26 14:42:00,,STORE-021,CH_MKT,Marketplace,Online,PAY-00043,
TRX-00044,2024-02-27 16:36:00,CUST-0251,STORE-009,CH_MKT,Marketplace,Online,PAY-00044,
TRX-00045,2024-03-06 11:33:00,CUST-0213,STORE-008,CH_WEB,Online Web,Online,PAY-00045,
TRX-00046,2025-03-28 10:30:00,CUST-0556,STORE-019,CH_OFF,Offline Store,Offline,PAY-00046,EMP-028
TRX-00047,2024-01-01 13:48:00,CUST-0278,STORE-016,CH_WEB,Online Web,Online,PAY-00047,
TRX-00048,2024-07-05 16:00:00,CUST-0998,STORE-017,CH_MKT,Marketplace,Online,PAY-00048,
TRX-00049,2024-04-21 21:14:00,CUST-0514,STORE-010,CH_OFF,Offline Store,Offline,PAY-00049,EMP-041
TRX-00050,2024-11-29 17:30:00,CUST-0808,STORE-014,CH_WEB,Online Web,Online,PAY-00050,
TRX-00051,2025-02-17 09:26:00,CUST-0825,STORE-005,CH_OFF,Offline Store,Offline,PAY-00051,EMP-059
TRX-00052,2025-05-30 16:54:00,CUST-0077,STORE-008,CH_WEB,Online Web,Online,PAY-00052,
TRX-00053,2025-02-03 20:58:00,CUST-0256,STORE-009,CH_WEB,Online Web,Online,PAY-00053,
TRX-00054,2024-06-03 18:19:00,CUST-0576,STORE-003,CH_WEB,Online Web,Online,PAY-00054,
TRX-00055,2024-11-17 14:57:00,CUST-0766,STORE-007,CH_MKT,Marketplace,Online,PAY-00055,
TRX-00056,2024-01-24 11:07:00,CUST-0438,STORE-013,CH_OFF,Offline Store,Offline,PAY-00056,EMP-063
TRX-00057,2024-12-07 19:04:00,CUST-0579,STORE-003,CH_OFF,Offline Store,Offline,PAY-00057,EMP-072
TRX-00058,2025-04-21 16:56:00,CUST-0757,STORE-005,CH_WEB,Online Web,Online,PAY-00058,
TRX-00059,2025-02-03 09:00:00,CUST-0438,STORE-005,CH_OFF,Offline Store,Offline,PAY-00059,EMP-034
TRX-00060,2024-01-27 17:38:00,CUST-0041,STORE-025,CH_OFF,Offline Store,Offline,PAY-00060,EMP-017
TRX-00061,2024-01-28 11:56:00,CUST-0451,STORE-004,CH_WEB,Online Web,Online,PAY-00061,
TRX-00062,2024-06-28 17:58:00,CUST-0529,STORE-004,CH_OFF,Offline Store,Offline,PAY-00062,EMP-021
TRX-00063,2025-04-12 09:00:00,CUST-0431,STORE-013,CH_OFF,Offline Store,Offline,PAY-00063,EMP-013
TRX-00064,2024-01-17 13:46:00,CUST-0332,STORE-002,CH_MKT,Marketplace,Online,PAY-00064,
TRX-00065,2024-08-02 20:42:00,CUST-0633,STORE-014,CH_OFF,Offline Store,Offline,PAY-00065,EMP-021
TRX-00066,2024-01-31 16:13:00,CUST-0641,STORE-012,CH_WEB,Online Web,Online,PAY-00066,
TRX-00067,2024-01-16 14:57:00,CUST-0430,STORE-003,CH_OFF,Offline Store,Offline,PAY-00067,EMP-015
TRX-00068,2024-04-08 16:31:00,CUST-0873,STORE-019,CH_MKT,Marketplace,Online,PAY-00068,
TRX-00069,2024-10-16 18:06:00,CUST-0257,STORE-006,CH_WEB,Online Web,Online,PAY-00069,
TRX-00070,2024-05-28 18:47:00,CUST-0036,STORE-024,CH_OFF,Offline Store,Offline,PAY-00070,EMP-050
TRX-00071,2025-02-19 16:13:00,CUST-0270,STORE-018,CH_OFF,Offline Store,Offline,PAY-00071,EMP-057
TRX-00072,2025-05-14 21:35:00,CUST-0099,STORE-022,CH_OFF,Offline Store,Offline,PAY-00072,EMP-044
TRX-00073,2024-12-21 13:28:00,CUST-0963,STORE-003,CH_OFF,Offline Store,Offline,PAY-00073,EMP-065
TRX-00074,2024-07-22 20:47:00,CUST-0616,STORE-025,CH_WEB,Online Web,Online,PAY-00074,
TRX-00075,2024-06-11 10:43:00,CUST-0650,STORE-020,CH_OFF,Offline Store,Offline,PAY-00075,EMP-029
TRX-00076,2025-04-24 14:08:00,CUST-0308,STORE-001,CH_MKT,Marketplace,Online,PAY-00076,
TRX-00077,2025-05-07 11:48:00,CUST-0974,STORE-008,CH_OFF,Offline Store,Offline,PAY-00077,EMP-051
TRX-00078,2024-06-04 12:28:00,CUST-0283,STORE-025,CH_MKT,Marketplace,Online,PAY-00078,
TRX-00079,2025-04-10 11:04:00,CUST-0773,STORE-024,CH_OFF,Offline Store,Offline,PAY-00079,EMP-044
TRX-00080,2024-09-04 19:31:00,CUST-0987,STORE-014,CH_MKT,Marketplace,Online,PAY-00080,
TRX-00081,2024-09-14 14:05:00,,STORE-023,CH_OFF,Offline Store,Offline,PAY-00081,EMP-063
TRX-00082,2025-01-19 18:33:00,CUST-0684,STORE-013,CH_WEB,Online Web,Online,PAY-00082,
TRX-00083,2024-09-01 14:37:00,CUST-0926,STORE-020,CH_MKT,Marketplace,Online,PAY-00083,
TRX-00084,2025-03-18 19:58:00,,STORE-019,CH_WEB,Online Web,Online,PAY-00084,
TRX-00085,2024-12-18 14:15:00,CUST-0803,STORE-002,CH_OFF,Offline Store,Offline,PAY-00085,EMP-042
TRX-00086,2024-06-25 16:54:00,CUST-0361,STORE-020,CH_WEB,Online Web,Online,PAY-00086,
TRX-00087,2025-01-26 12:16:00,CUST-0498,STORE-012,CH_WEB,Online Web,Online,PAY-00087,
TRX-00088,2024-10-30 21:35:00,CUST-0408,STORE-020,CH_WEB,Online Web,Online,PAY-00088,
TRX-00089,2024-10-27 18:36:00,CUST-0332,STORE-008,CH_OFF,Offline Store,Offline,PAY-00089,EMP-057
TRX-00090,2024-10-30 12:01:00,CUST-0495,STORE-015,CH_OFF,Offline Store,Offline,PAY-00090,EMP-054
TRX-00091,2025-01-07 21:51:00,CUST-0380,STORE-012,CH_WEB,Online Web,Online,PAY-00091,
TRX-00092,2024-11-17 10:51:00,CUST-0234,STORE-024,CH_WEB,Online Web,Online,PAY-00092,
TRX-00093,2025-03-22 10:10:00,,STORE-015,CH_OFF,Offline Store,Offline,PAY-00093,EMP-072
TRX-00094,2025-05-17 15:45:00,CUST-0137,STORE-013,CH_WEB,Online Web,Online,PAY-00094,
TRX-00095,2024-11-18 09:39:00,,STORE-025,CH_MKT,Marketplace,Online,PAY-00095,
TRX-00096,2024-07-02 11:01:00,CUST-0507,STORE-024,CH_WEB,Online Web,Online,PAY-00096,
TRX-00097,2025-04-30 11:54:00,CUST-0099,STORE-010,CH_OFF,Offline Store,Offline,PAY-00097,EMP-046
TRX-00098,2024-03-24 14:28:00,CUST-0537,STORE-009,CH_OFF,Offline Store,Offline,PAY-00098,EMP-003
TRX-00099,2025-05-25 11:34:00,CUST-0354,STORE-004,CH_OFF,Offline Store,Offline,PAY-00099,EMP-020
TRX-00100,2024-02-09 17:56:00,CUST-0964,STORE-004,CH_OFF,Offline Store,Offline,PAY-00100,EMP-040
TRX-00101,2024-04-29 19:35:00,,STORE-008,CH_WEB,Online Web,Online,PAY-00101,
TRX-00102,2024-04-03 19:41:00,CUST-0540,STORE-019,CH_OFF,Offline Store,Offline,PAY-00102,EMP-074
TRX-00103,2025-05-18 10:20:00,CUST-0625,STORE-013,CH_OFF,Offline Store,Offline,PAY-00103,EMP-040
TRX-00104,2024-06-26 19:20:00,CUST-0548,STORE-001,CH_MKT,Marketplace,Online,PAY-00104,
TRX-00105,2024-07-01 17:23:00,CUST-0046,STORE-007,CH_WEB,Online Web,Online,PAY-00105,
TRX-00106,2024-01-16 09:59:00,CUST-0922,STORE-023,CH_OFF,Offline Store,Offline,PAY-00106,EMP-015
TRX-00107,2024-09-21 15:43:00,CUST-0885,STORE-021,CH_WEB,Online Web,Online,PAY-00107,
TRX-00108,2024-07-13 21:31:00,CUST-0011,STORE-021,CH_WEB,Online Web,Online,PAY-00108,
TRX-00109,2024-09-19 19:45:00,CUST-0408,STORE-010,CH_MKT,Marketplace,Online,PAY-00109,
TRX-00110,2024-02-06 16:30:00,CUST-0235,STORE-002,CH_OFF,Offline Store,Offline,PAY-00110,EMP-050
TRX-00111,2024-02-12 19:59:00,CUST-0998,STORE-007,CH_OFF,Offline Store,Offline,PAY-00111,EMP-027
TRX-00112,2024-10-25 17:04:00,CUST-0643,STORE-007,CH_OFF,Offline Store,Offline,PAY-00112,EMP-043
TRX-00113,2024-01-18 18:46:00,CUST-0956,STORE-011,CH_OFF,Offline Store,Offline,PAY-00113,EMP-048
TRX-00114,2024-05-02 12:48:00,CUST-0578,STORE-018,CH_WEB,Online Web,Online,PAY-00114,
TRX-00115,2024-08-31 19:31:00,CUST-0354,STORE-021,CH_OFF,Offline Store,Offline,PAY-00115,EMP-059
TRX-00116,2024-06-13 14:47:00,,STORE-010,CH_MKT,Marketplace,Online,PAY-00116,
TRX-00117,2024-12-27 12:25:00,CUST-0428,STORE-015,CH_WEB,Online Web,Online,PAY-00117,
TRX-00118,2025-01-07 16:35:00,CUST-0812,STORE-014,CH_OFF,Offline Store,Offline,PAY-00118,EMP-048
TRX-00119,2024-06-09 19:24:00,CUST-0443,STORE-006,CH_OFF,Offline Store,Offline,PAY-00119,EMP-057
TRX-00120,2025-02-15 18:50:00,CUST-0155,STORE-014,CH_WEB,Online Web,Online,PAY-00120,
TRX-00121,2024-03-07 10:01:00,,STORE-002,CH_WEB,Online Web,Online,PAY-00121,
TRX-00122,2025-04-02 16:21:00,CUST-0297,STORE-010,CH_MKT,Marketplace,Online,PAY-00122,
TRX-00123,2025-04-25 20:17:00,CUST-0926,STORE-008,CH_OFF,Offline Store,Offline,PAY-00123,EMP-015
TRX-00124,2024-07-05 16:57:00,,STORE-016,CH_MKT,Marketplace,Online,PAY-00124,
TRX-00125,2025-05-21 09:39:00,CUST-0428,STORE-006,CH_OFF,Offline Store,Offline,PAY-00125,EMP-047
TRX-00126,2024-12-06 17:02:00,CUST-0949,STORE-020,CH_WEB,Online Web,Online,PAY-00126,
TRX-00127,2024-10-03 20:24:00,CUST-0823,STORE-017,CH_WEB,Online Web,Online,PAY-00127,
TRX-00128,2024-04-26 09:51:00,CUST-0781,STORE-004,CH_MKT,Marketplace,Online,PAY-00128,
TRX-00129,2024-03-13 11:37:00,CUST-0893,STORE-015,CH_MKT,Marketplace,Online,PAY-00129,
TRX-00130,2024-03-22 15:20:00,CUST-0198,STORE-016,CH_OFF,Offline Store,Offline,PAY-00130,EMP-026
TRX-00131,2024-07-12 20:07:00,CUST-0078,STORE-007,CH_OFF,Offline Store,Offline,PAY-00131,EMP-024
TRX-00132,2024-09-14 13:48:00,CUST-0064,STORE-003,CH_OFF,Offline Store,Offline,PAY-00132,EMP-064
TRX-00133,2025-01-05 20:43:00,CUST-0983,STORE-003,CH_OFF,Offline Store,Offline,PAY-00133,EMP-073
TRX-00134,2024-07-13 12:37:00,CUST-0708,STORE-012,CH_MKT,Marketplace,Online,PAY-00134,
TRX-00135,2025-01-29 15:01:00,CUST-0808,STORE-011,CH_OFF,Offline Store,Offline,PAY-00135,EMP-049
TRX-00136,2024-06-11 13:53:00,CUST-0563,STORE-009,CH_OFF,Offline Store,Offline,PAY-00136,EMP-030
TRX-00137,2024-04-18 10:20:00,CUST-0623,STORE-010,CH_OFF,Offline Store,Offline,PAY-00137,EMP-019
TRX-00138,2024-05-04 18:08:00,CUST-0350,STORE-024,CH_OFF,Offline Store,Offline,PAY-00138,EMP-048
TRX-00139,2025-05-02 21:17:00,CUST-0592,STORE-011,CH_WEB,Online Web,Online,PAY-00139,
TRX-00140,2024-01-20 14:32:00,CUST-0394,STORE-025,CH_OFF,Offline Store,Offline,PAY-00140,EMP-019
TRX-00141,2025-01-07 21:03:00,CUST-0229,STORE-021,CH_WEB,Online Web,Online,PAY-00141,
TRX-00142,2024-11-17 18:56:00,CUST-0844,STORE-021,CH_OFF,Offline Store,Offline,PAY-00142,EMP-025
TRX-00143,2024-01-30 19:41:00,CUST-0081,STORE-012,CH_OFF,Offline Store,Offline,PAY-00143,EMP-060
TRX-00144,2024-06-15 18:08:00,CUST-0018,STORE-004,CH_OFF,Offline Store,Offline,PAY-00144,EMP-007
TRX-00145,2024-02-10 17:03:00,CUST-0731,STORE-005,CH_WEB,Online Web,Online,PAY-00145,
TRX-00146,2025-02-26 14:48:00,,STORE-013,CH_OFF,Offline Store,Offline,PAY-00146,EMP-070
TRX-00147,2024-04-28 21:58:00,CUST-0233,STORE-008,CH_OFF,Offline Store,Offline,PAY-00147,EMP-008
TRX-00148,2024-11-26 15:48:00,CUST-0406,STORE-001,CH_OFF,Offline Store,Offline,PAY-00148,EMP-066
TRX-00149,2025-01-11 17:57:00,CUST-0407,STORE-007,CH_OFF,Offline Store,Offline,PAY-00149,EMP-020
TRX-00150,2024-07-19 14:57:00,CUST-0123,STORE-021,CH_OFF,Offline Store,Offline,PAY-00150,EMP-037
TRX-00151,2024-07-29 12:48:00,CUST-0766,STORE-010,CH_WEB,Online Web,Online,PAY-00151,
TRX-00152,2024-07-04 14:13:00,CUST-0738,STORE-013,CH_OFF,Offline Store,Offline,PAY-00152,EMP-042
TRX-00153,2024-04-19 09:54:00,,STORE-002,CH_OFF,Offline Store,Offline,PAY-00153,EMP-002
TRX-00154,2024-01-23 13:49:00,,STORE-004,CH_OFF,Offline Store,Offline,PAY-00154,EMP-039
TRX-00155,2025-05-02 11:00:00,CUST-0743,STORE-008,CH_MKT,Marketplace,Online,PAY-00155,
TRX-00156,2025-02-11 19:24:00,,STORE-016,CH_OFF,Offline Store,Offline,PAY-00156,EMP-056
TRX-00157,2024-10-05 12:15:00,CUST-0830,STORE-001,CH_OFF,Offline Store,Offline,PAY-00157,EMP-006
TRX-00158,2025-01-15 20:35:00,CUST-0329,STORE-024,CH_OFF,Offline Store,Offline,PAY-00158,EMP-045
TRX-00159,2024-09-16 11:21:00,CUST-0661,STORE-015,CH_OFF,Offline Store,Offline,PAY-00159,EMP-058
TRX-00160,2024-05-22 21:13:00,CUST-0406,STORE-003,CH_MKT,Marketplace,Online,PAY-00160,
TRX-00161,2024-11-29 20:53:00,CUST-0562,STORE-013,CH_OFF,Offline Store,Offline,PAY-00161,EMP-067
TRX-00162,2024-04-20 16:09:00,CUST-0712,STORE-010,CH_WEB,Online Web,Online,PAY-00162,
TRX-00163,2024-03-14 10:16:00,CUST-0122,STORE-014,CH_OFF,Offline Store,Offline,PAY-00163,EMP-046
TRX-00164,2025-05-26 14:22:00,,STORE-023,CH_MKT,Marketplace,Online,PAY-00164,
TRX-00165,2025-01-24 09:31:00,CUST-0089,STORE-016,CH_MKT,Marketplace,Online,PAY-00165,
TRX-00166,2025-04-25 09:20:00,CUST-0796,STORE-023,CH_OFF,Offline Store,Offline,PAY-00166,EMP-058
TRX-00167,2025-04-19 13:44:00,CUST-0821,STORE-018,CH_OFF,Offline Store,Offline,PAY-00167,EMP-007
TRX-00168,2024-06-07 10:12:00,CUST-0256,STORE-001,CH_OFF,Offline Store,Offline,PAY-00168,EMP-050
TRX-00169,2024-05-22 11:47:00,CUST-0620,STORE-019,CH_OFF,Offline Store,Offline,PAY-00169,EMP-004
TRX-00170,2024-10-12 15:35:00,CUST-0069,STORE-003,CH_OFF,Offline Store,Offline,PAY-00170,EMP-012
TRX-00171,2024-07-20 16:42:00,CUST-0383,STORE-018,CH_OFF,Offline Store,Offline,PAY-00171,EMP-034
TRX-00172,2024-03-02 17:50:00,,STORE-017,CH_OFF,Offline Store,Offline,PAY-00172,EMP-035
TRX-00173,2024-08-07 10:11:00,CUST-0649,STORE-021,CH_OFF,Offline Store,Offline,PAY-00173,EMP-070
TRX-00174,2024-09-25 15:03:00,CUST-0044,STORE-011,CH_MKT,Marketplace,Online,PAY-00174,
TRX-00175,2024-06-10 12:38:00,CUST-0510,STORE-025,CH_MKT,Marketplace,Online,PAY-00175,
TRX-00176,2025-02-06 13:29:00,CUST-0940,STORE-011,CH_OFF,Offline Store,Offline,PAY-00176,EMP-039
TRX-00177,2024-05-20 16:21:00,CUST-0502,STORE-011,CH_OFF,Offline Store,Offline,PAY-00177,EMP-069
TRX-00178,2024-07-14 14:19:00,CUST-0344,STORE-017,CH_MKT,Marketplace,Online,PAY-00178,
TRX-00179,2024-07-28 21:29:00,CUST-0178,STORE-004,CH_OFF,Offline Store,Offline,PAY-00179,EMP-038
TRX-00180,2024-12-15 11:16:00,CUST-0259,STORE-004,CH_OFF,Offline Store,Offline,PAY-00180,EMP-049
TRX-00181,2025-03-13 19:31:00,CUST-0488,STORE-014,CH_OFF,Offline Store,Offline,PAY-00181,EMP-050
TRX-00182,2024-04-08 20:43:00,CUST-0041,STORE-022,CH_OFF,Offline Store,Offline,PAY-00182,EMP-073
TRX-00183,2024-09-30 17:22:00,CUST-0156,STORE-001,CH_OFF,Offline Store,Offline,PAY-00183,EMP-071
TRX-00184,2024-10-03 21:31:00,CUST-0253,STORE-014,CH_WEB,Online Web,Online,PAY-00184,
TRX-00185,2025-01-30 16:13:00,CUST-0868,STORE-003,CH_MKT,Marketplace,Online,PAY-00185,
TRX-00186,2025-05-18 15:50:00,CUST-0351,STORE-011,CH_OFF,Offline Store,Offline,PAY-00186,EMP-003
TRX-00187,2025-02-17 12:13:00,CUST-0415,STORE-009,CH_OFF,Offline Store,Offline,PAY-00187,EMP-032
TRX-00188,2025-01-03 15:01:00,CUST-0742,STORE-015,CH_OFF,Offline Store,Offline,PAY-00188,EMP-055
TRX-00189,2024-07-19 09:24:00,CUST-0779,STORE-008,CH_WEB,Online Web,Online,PAY-00189,
TRX-00190,2025-04-08 11:18:00,CUST-0447,STORE-009,CH_MKT,Marketplace,Online,PAY-00190,
TRX-00191,2025-03-09 11:15:00,,STORE-007,CH_OFF,Offline Store,Offline,PAY-00191,EMP-078
TRX-00192,2024-01-09 14:54:00,CUST-0279,STORE-017,CH_OFF,Offline Store,Offline,PAY-00192,EMP-003
TRX-00193,2024-10-12 16:15:00,CUST-0728,STORE-004,CH_OFF,Offline Store,Offline,PAY-00193,EMP-032
TRX-00194,2025-02-08 17:34:00,CUST-0911,STORE-017,CH_WEB,Online Web,Online,PAY-00194,
TRX-00195,2024-06-19 17:54:00,CUST-0825,STORE-002,CH_MKT,Marketplace,Online,PAY-00195,
TRX-00196,2024-07-22 21:01:00,CUST-0794,STORE-021,CH_OFF,Offline Store,Offline,PAY-00196,EMP-019
TRX-00197,2025-02-12 16:45:00,CUST-0904,STORE-007,CH_OFF,Offline Store,Offline,PAY-00197,EMP-060
TRX-00198,2025-01-30 19:55:00,CUST-0613,STORE-010,CH_OFF,Offline Store,Offline,PAY-00198,EMP-046
TRX-00199,2024-10-03 09:01:00,CUST-0646,STORE-017,CH_WEB,Online Web,Online,PAY-00199,
TRX-00200,2025-03-24 21:31:00,CUST-0527,STORE-002,CH_OFF,Offline Store,Offline,PAY-00200,EMP-071
TRX-00201,2024-07-20 10:39:00,CUST-0404,STORE-008,CH_OFF,Offline Store,Offline,PAY-00201,EMP-006
TRX-00202,2024-09-18 12:00:00,CUST-0168,STORE-002,CH_OFF,Offline Store,Offline,PAY-00202,EMP-034
TRX-00203,2024-09-21 18:35:00,CUST-0923,STORE-024,CH_MKT,Marketplace,Online,PAY-00203,
TRX-00204,2024-10-05 14:32:00,CUST-0997,STORE-024,CH_OFF,Offline Store,Offline,PAY-00204,EMP-052
TRX-00205,2024-08-12 12:29:00,CUST-0949,STORE-004,CH_WEB,Online Web,Online,PAY-00205,
TRX-00206,2024-02-28 15:25:00,CUST-0158,STORE-014,CH_MKT,Marketplace,Online,PAY-00206,
TRX-00207,2025-02-19 15:54:00,CUST-0250,STORE-020,CH_OFF,Offline Store,Offline,PAY-00207,EMP-022
TRX-00208,2024-06-04 09:00:00,CUST-0034,STORE-005,CH_MKT,Marketplace,Online,PAY-00208,
TRX-00209,2024-02-09 18:05:00,CUST-0630,STORE-001,CH_OFF,Offline Store,Offline,PAY-00209,EMP-025
TRX-00210,2024-09-23 11:41:00,CUST-0528,STORE-004,CH_OFF,Offline Store,Offline,PAY-00210,EMP-064
TRX-00211,2024-08-28 21:54:00,CUST-0335,STORE-007,CH_OFF,Offline Store,Offline,PAY-00211,EMP-031
TRX-00212,2024-11-23 18:15:00,CUST-0446,STORE-014,CH_WEB,Online Web,Online,PAY-00212,
TRX-00213,2024-02-04 14:10:00,CUST-0354,STORE-003,CH_MKT,Marketplace,Online,PAY-00213,
TRX-00214,2024-11-27 16:08:00,CUST-0764,STORE-023,CH_WEB,Online Web,Online,PAY-00214,
TRX-00215,2024-12-08 11:02:00,CUST-0246,STORE-017,CH_MKT,Marketplace,Online,PAY-00215,
TRX-00216,2025-05-28 12:13:00,CUST-0697,STORE-022,CH_OFF,Offline Store,Offline,PAY-00216,EMP-065
TRX-00217,2024-10-24 17:48:00,CUST-0292,STORE-011,CH_OFF,Offline Store,Offline,PAY-00217,EMP-003
TRX-00218,2024-08-16 16:16:00,CUST-0668,STORE-002,CH_WEB,Online Web,Online,PAY-00218,
TRX-00219,2024-10-07 17:52:00,CUST-0963,STORE-014,CH_WEB,Online Web,Online,PAY-00219,
TRX-00220,2025-05-23 18:13:00,CUST-0566,STORE-010,CH_WEB,Online Web,Online,PAY-00220,
TRX-00221,2024-05-12 20:46:00,CUST-0674,STORE-010,CH_OFF,Offline Store,Offline,PAY-00221,EMP-033
TRX-00222,2024-03-19 11:55:00,CUST-0960,STORE-001,CH_WEB,Online Web,Online,PAY-00222,
TRX-00223,2024-10-11 21:05:00,CUST-0095,STORE-012,CH_OFF,Offline Store,Offline,PAY-00223,EMP-023
TRX-00224,2024-12-16 11:33:00,CUST-0548,STORE-007,CH_OFF,Offline Store,Offline,PAY-00224,EMP-062
TRX-00225,2024-08-20 19:59:00,CUST-0507,STORE-018,CH_MKT,Marketplace,Online,PAY-00225,
TRX-00226,2024-01-08 14:55:00,CUST-0138,STORE-004,CH_OFF,Offline Store,Offline,PAY-00226,EMP-077
TRX-00227,2024-11-20 12:19:00,CUST-0436,STORE-010,CH_WEB,Online Web,Online,PAY-00227,
TRX-00228,2025-02-25 10:33:00,CUST-0511,STORE-010,CH_OFF,Offline Store,Offline,PAY-00228,EMP-039
TRX-00229,2024-09-27 21:21:00,CUST-0127,STORE-006,CH_OFF,Offline Store,Offline,PAY-00229,EMP-074
TRX-00230,2024-10-31 17:42:00,CUST-0917,STORE-013,CH_MKT,Marketplace,Online,PAY-00230,
TRX-00231,2025-01-04 15:34:00,CUST-0163,STORE-019,CH_OFF,Offline Store,Offline,PAY-00231,EMP-072
TRX-00232,2025-02-21 09:43:00,CUST-0280,STORE-019,CH_OFF,Offline Store,Offline,PAY-00232,EMP-025
TRX-00233,2024-10-21 13:15:00,CUST-0911,STORE-004,CH_OFF,Offline Store,Offline,PAY-00233,EMP-054
TRX-00234,2024-09-11 11:45:00,,STORE-008,CH_OFF,Offline Store,Offline,PAY-00234,EMP-006
TRX-00235,2025-04-02 11:09:00,CUST-0805,STORE-004,CH_OFF,Offline Store,Offline,PAY-00235,EMP-048
TRX-00236,2024-09-05 16:31:00,CUST-0448,STORE-002,CH_OFF,Offline Store,Offline,PAY-00236,EMP-033
TRX-00237,2025-02-27 10:56:00,CUST-0291,STORE-009,CH_OFF,Offline Store,Offline,PAY-00237,EMP-023
TRX-00238,2024-10-09 16:24:00,CUST-0492,STORE-008,CH_WEB,Online Web,Online,PAY-00238,
TRX-00239,2025-01-14 17:16:00,CUST-0279,STORE-022,CH_OFF,Offline Store,Offline,PAY-00239,EMP-067
TRX-00240,2025-05-23 17:00:00,CUST-0021,STORE-011,CH_MKT,Marketplace,Online,PAY-00240,
TRX-00241,2025-02-15 19:53:00,CUST-0579,STORE-019,CH_OFF,Offline Store,Offline,PAY-00241,EMP-046
TRX-00242,2024-09-03 17:21:00,CUST-0442,STORE-018,CH_OFF,Offline Store,Offline,PAY-00242,EMP-003
TRX-00243,2024-05-18 12:47:00,CUST-0380,STORE-004,CH_OFF,Offline Store,Offline,PAY-00243,EMP-005
TRX-00244,2024-04-05 21:16:00,CUST-0550,STORE-024,CH_OFF,Offline Store,Offline,PAY-00244,EMP-031
TRX-00245,2024-12-04 10:05:00,CUST-0235,STORE-019,CH_WEB,Online Web,Online,PAY-00245,
TRX-00246,2024-10-08 12:11:00,CUST-0240,STORE-024,CH_OFF,Offline Store,Offline,PAY-00246,EMP-006
TRX-00247,2024-11-02 19:27:00,CUST-0065,STORE-006,CH_WEB,Online Web,Online,PAY-00247,
TRX-00248,2025-03-01 10:27:00,CUST-0833,STORE-006,CH_OFF,Offline Store,Offline,PAY-00248,EMP-035
TRX-00249,2024-08-08 16:27:00,CUST-0857,STORE-015,CH_WEB,Online Web,Online,PAY-00249,
TRX-00250,2024-04-03 18:07:00,CUST-0130,STORE-002,CH_OFF,Offline Store,Offline,PAY-00250,EMP-030
TRX-00251,2024-09-03 09:32:00,CUST-0557,STORE-003,CH_WEB,Online Web,Online,PAY-00251,
TRX-00252,2024-07-29 11:51:00,CUST-0716,STORE-021,CH_OFF,Offline Store,Offline,PAY-00252,EMP-012
TRX-00253,2024-01-12 21:01:00,CUST-0708,STORE-001,CH_OFF,Offline Store,Offline,PAY-00253,EMP-004
TRX-00254,2024-04-10 16:50:00,CUST-0664,STORE-012,CH_OFF,Offline Store,Offline,PAY-00254,EMP-008
TRX-00255,2024-05-31 18:42:00,CUST-0489,STORE-010,CH_OFF,Offline Store,Offline,PAY-00255,EMP-063
TRX-00256,2024-01-27 09:38:00,,STORE-022,CH_OFF,Offline Store,Offline,PAY-00256,EMP-034
TRX-00257,2024-02-20 14:19:00,CUST-0804,STORE-019,CH_OFF,Offline Store,Offline,PAY-00257,EMP-049
TRX-00258,2024-07-08 11:04:00,,STORE-002,CH_WEB,Online Web,Online,PAY-00258,
TRX-00259,2024-09-11 17:12:00,CUST-0783,STORE-007,CH_OFF,Offline Store,Offline,PAY-00259,EMP-068
TRX-00260,2024-06-11 09:15:00,CUST-0775,STORE-023,CH_OFF,Offline Store,Offline,PAY-00260,EMP-017
TRX-00261,2024-10-25 19:24:00,CUST-0969,STORE-025,CH_WEB,Online Web,Online,PAY-00261,
TRX-00262,2024-01-24 19:05:00,CUST-0316,STORE-014,CH_OFF,Offline Store,Offline,PAY-00262,EMP-036
TRX-00263,2024-05-17 16:39:00,CUST-0064,STORE-022,CH_OFF,Offline Store,Offline,PAY-00263,EMP-044
TRX-00264,2024-12-29 12:53:00,CUST-0602,STORE-011,CH_OFF,Offline Store,Offline,PAY-00264,EMP-016
TRX-00265,2024-07-22 12:37:00,CUST-0696,STORE-007,CH_OFF,Offline Store,Offline,PAY-00265,EMP-064
TRX-00266,2025-05-23 21:20:00,CUST-0098,STORE-015,CH_MKT,Marketplace,Online,PAY-00266,
TRX-00267,2024-01-14 12:44:00,CUST-0484,STORE-021,CH_OFF,Offline Store,Offline,PAY-00267,EMP-064
TRX-00268,2024-12-20 11:56:00,,STORE-010,CH_OFF,Offline Store,Offline,PAY-00268,EMP-078
TRX-00269,2025-02-10 17:30:00,CUST-0028,STORE-019,CH_OFF,Offline Store,Offline,PAY-00269,EMP-018
TRX-00270,2024-02-07 20:47:00,CUST-0302,STORE-005,CH_OFF,Offline Store,Offline,PAY-00270,EMP-067
TRX-00271,2024-02-17 17:44:00,CUST-0765,STORE-005,CH_OFF,Offline Store,Offline,PAY-00271,EMP-055
TRX-00272,2025-04-11 10:20:00,CUST-0218,STORE-004,CH_OFF,Offline Store,Offline,PAY-00272,EMP-023
TRX-00273,2024-05-26 18:13:00,CUST-0852,STORE-009,CH_WEB,Online Web,Online,PAY-00273,
TRX-00274,2024-05-19 15:02:00,CUST-0661,STORE-012,CH_OFF,Offline Store,Offline,PAY-00274,EMP-079
TRX-00275,2024-07-05 09:45:00,CUST-0262,STORE-019,CH_OFF,Offline Store,Offline,PAY-00275,EMP-022
TRX-00276,2025-04-12 10:56:00,CUST-0149,STORE-018,CH_WEB,Online Web,Online,PAY-00276,
TRX-00277,2024-07-13 10:11:00,CUST-0827,STORE-008,CH_MKT,Marketplace,Online,PAY-00277,
TRX-00278,2025-04-29 11:25:00,CUST-0469,STORE-025,CH_MKT,Marketplace,Online,PAY-00278,
TRX-00279,2024-09-06 17:08:00,CUST-0575,STORE-025,CH_MKT,Marketplace,Online,PAY-00279,
TRX-00280,2025-03-20 14:01:00,CUST-0870,STORE-005,CH_MKT,Marketplace,Online,PAY-00280,
TRX-00281,2024-08-09 09:35:00,CUST-0437,STORE-004,CH_WEB,Online Web,Online,PAY-00281,
TRX-00282,2024-06-01 12:37:00,CUST-0319,STORE-017,CH_OFF,Offline Store,Offline,PAY-00282,EMP-035
TRX-00283,2024-02-26 10:53:00,CUST-0397,STORE-017,CH_OFF,Offline Store,Offline,PAY-00283,EMP-026
TRX-00284,2024-03-08 15:33:00,,STORE-021,CH_OFF,Offline Store,Offline,PAY-00284,EMP-036
TRX-00285,2024-07-19 18:28:00,CUST-0643,STORE-005,CH_MKT,Marketplace,Online,PAY-00285,
TRX-00286,2024-06-15 09:45:00,CUST-0907,STORE-005,CH_OFF,Offline Store,Offline,PAY-00286,EMP-052
TRX-00287,2024-06-13 18:44:00,CUST-0069,STORE-025,CH_MKT,Marketplace,Online,PAY-00287,
TRX-00288,2024-06-24 12:22:00,CUST-0411,STORE-004,CH_OFF,Offline Store,Offline,PAY-00288,EMP-060
TRX-00289,2024-11-21 11:29:00,CUST-0588,STORE-012,CH_OFF,Offline Store,Offline,PAY-00289,EMP-049
TRX-00290,2024-06-21 18:20:00,,STORE-013,CH_OFF,Offline Store,Offline,PAY-00290,EMP-038
TRX-00291,2024-05-25 16:47:00,CUST-0684,STORE-017,CH_OFF,Offline Store,Offline,PAY-00291,EMP-022
TRX-00292,2025-05-18 21:46:00,CUST-0449,STORE-008,CH_OFF,Offline Store,Offline,PAY-00292,EMP-055
TRX-00293,2025-03-14 15:43:00,CUST-0122,STORE-015,CH_OFF,Offline Store,Offline,PAY-00293,EMP-062
TRX-00294,2024-03-27 19:53:00,CUST-0230,STORE-021,CH_OFF,Offline Store,Offline,PAY-00294,EMP-045
TRX-00295,2024-09-28 15:36:00,CUST-0075,STORE-017,CH_MKT,Marketplace,Online,PAY-00295,
TRX-00296,2024-10-01 12:27:00,CUST-0555,STORE-010,CH_WEB,Online Web,Online,PAY-00296,
TRX-00297,2024-09-13 17:18:00,CUST-0306,STORE-020,CH_MKT,Marketplace,Online,PAY-00297,
TRX-00298,2024-02-06 20:41:00,CUST-0366,STORE-006,CH_MKT,Marketplace,Online,PAY-00298,
TRX-00299,2025-01-24 21:04:00,CUST-0066,STORE-024,CH_OFF,Offline Store,Offline,PAY-00299,EMP-060
TRX-00300,2024-05-12 14:33:00,CUST-0506,STORE-024,CH_WEB,Online Web,Online,PAY-00300,
TRX-00301,2024-10-02 09:42:00,CUST-0370,STORE-025,CH_OFF,Offline Store,Offline,PAY-00301,EMP-050
TRX-00302,2024-12-16 14:17:00,CUST-0957,STORE-017,CH_WEB,Online Web,Online,PAY-00302,
TRX-00303,2024-10-02 21:25:00,CUST-0228,STORE-007,CH_WEB,Online Web,Online,PAY-00303,
TRX-00304,2024-12-11 20:59:00,CUST-0936,STORE-011,CH_OFF,Offline Store,Offline,PAY-00304,EMP-050
TRX-00305,2025-01-13 10:14:00,CUST-0963,STORE-017,CH_OFF,Offline Store,Offline,PAY-00305,EMP-014
TRX-00306,2025-05-14 21:43:00,CUST-0268,STORE-008,CH_OFF,Offline Store,Offline,PAY-00306,EMP-001
TRX-00307,2024-04-25 16:38:00,CUST-0049,STORE-007,CH_MKT,Marketplace,Online,PAY-00307,
TRX-00308,2024-11-30 14:12:00,CUST-0747,STORE-006,CH_OFF,Offline Store,Offline,PAY-00308,EMP-047
TRX-00309,2024-06-02 20:55:00,CUST-0112,STORE-010,CH_OFF,Offline Store,Offline,PAY-00309,EMP-012
TRX-00310,2024-03-02 18:46:00,CUST-0776,STORE-016,CH_OFF,Offline Store,Offline,PAY-00310,EMP-001
TRX-00311,2025-03-14 15:03:00,CUST-0885,STORE-025,CH_OFF,Offline Store,Offline,PAY-00311,EMP-075
TRX-00312,2024-10-13 17:40:00,CUST-0603,STORE-014,CH_OFF,Offline Store,Offline,PAY-00312,EMP-047
TRX-00313,2024-01-27 11:59:00,CUST-0904,STORE-002,CH_MKT,Marketplace,Online,PAY-00313,
TRX-00314,2024-05-14 19:56:00,CUST-0847,STORE-004,CH_MKT,Marketplace,Online,PAY-00314,
TRX-00315,2025-01-27 15:37:00,CUST-0734,STORE-016,CH_OFF,Offline Store,Offline,PAY-00315,EMP-019
TRX-00316,2024-06-02 20:00:00,CUST-0867,STORE-017,CH_WEB,Online Web,Online,PAY-00316,
TRX-00317,2024-05-09 12:38:00,CUST-0862,STORE-021,CH_WEB,Online Web,Online,PAY-00317,
TRX-00318,2024-06-12 12:45:00,CUST-0354,STORE-001,CH_OFF,Offline Store,Offline,PAY-00318,EMP-069
TRX-00319,2025-05-06 16:20:00,CUST-0997,STORE-012,CH_MKT,Marketplace,Online,PAY-00319,
TRX-00320,2025-04-09 15:57:00,CUST-0247,STORE-024,CH_WEB,Online Web,Online,PAY-00320,
TRX-00321,2024-08-08 12:28:00,CUST-0746,STORE-007,CH_OFF,Offline Store,Offline,PAY-00321,EMP-073
TRX-00322,2025-03-13 21:20:00,CUST-0600,STORE-003,CH_MKT,Marketplace,Online,PAY-00322,
TRX-00323,2024-11-11 13:26:00,CUST-0743,STORE-021,CH_OFF,Offline Store,Offline,PAY-00323,EMP-060
TRX-00324,2024-04-29 11:57:00,CUST-0845,STORE-019,CH_OFF,Offline Store,Offline,PAY-00324,EMP-057
TRX-00325,2025-05-24 20:07:00,CUST-0725,STORE-011,CH_OFF,Offline Store,Offline,PAY-00325,EMP-018
TRX-00326,2024-06-26 09:56:00,,STORE-025,CH_OFF,Offline Store,Offline,PAY-00326,EMP-071
TRX-00327,2025-01-16 19:32:00,CUST-0243,STORE-021,CH_WEB,Online Web,Online,PAY-00327,
TRX-00328,2024-08-29 15:41:00,CUST-0587,STORE-019,CH_MKT,Marketplace,Online,PAY-00328,
TRX-00329,2024-06-20 21:59:00,CUST-0601,STORE-024,CH_WEB,Online Web,Online,PAY-00329,
TRX-00330,2025-03-01 16:05:00,CUST-0608,STORE-016,CH_MKT,Marketplace,Online,PAY-00330,
TRX-00331,2025-04-16 15:29:00,CUST-0143,STORE-002,CH_OFF,Offline Store,Offline,PAY-00331,EMP-015
TRX-00332,2025-03-24 12:12:00,CUST-0765,STORE-024,CH_WEB,Online Web,Online,PAY-00332,
TRX-00333,2024-04-16 11:48:00,CUST-0181,STORE-004,CH_WEB,Online Web,Online,PAY-00333,
TRX-00334,2024-11-30 11:09:00,CUST-0385,STORE-005,CH_MKT,Marketplace,Online,PAY-00334,
TRX-00335,2024-03-08 21:47:00,CUST-0002,STORE-007,CH_WEB,Online Web,Online,PAY-00335,
TRX-00336,2025-01-10 15:19:00,CUST-0134,STORE-007,CH_OFF,Offline Store,Offline,PAY-00336,EMP-004
TRX-00337,2025-05-05 12:35:00,CUST-0062,STORE-006,CH_OFF,Offline Store,Offline,PAY-00337,EMP-077
TRX-00338,2024-09-24 11:52:00,CUST-0647,STORE-021,CH_OFF,Offline Store,Offline,PAY-00338,EMP-001
TRX-00339,2025-04-07 14:27:00,CUST-0316,STORE-020,CH_OFF,Offline Store,Offline,PAY-00339,EMP-009
TRX-00340,2024-05-20 21:16:00,CUST-0003,STORE-004,CH_WEB,Online Web,Online,PAY-00340,
TRX-00341,2025-02-26 17:14:00,CUST-0409,STORE-009,CH_WEB,Online Web,Online,PAY-00341,
TRX-00342,2024-04-20 14:45:00,,STORE-003,CH_MKT,Marketplace,Online,PAY-00342,
TRX-00343,2024-10-21 14:33:00,CUST-0504,STORE-010,CH_MKT,Marketplace,Online,PAY-00343,
TRX-00344,2024-12-29 16:27:00,CUST-0611,STORE-009,CH_OFF,Offline Store,Offline,PAY-00344,EMP-064
TRX-00345,2025-03-23 15:27:00,CUST-0081,STORE-012,CH_MKT,Marketplace,Online,PAY-00345,
TRX-00346,2024-01-26 21:04:00,CUST-0052,STORE-015,CH_MKT,Marketplace,Online,PAY-00346,
TRX-00347,2024-10-03 18:00:00,CUST-0684,STORE-023,CH_OFF,Offline Store,Offline,PAY-00347,EMP-009
TRX-00348,2025-02-08 21:38:00,CUST-0505,STORE-021,CH_MKT,Marketplace,Online,PAY-00348,
TRX-00349,2025-01-26 10:09:00,CUST-0294,STORE-002,CH_OFF,Offline Store,Offline,PAY-00349,EMP-063
TRX-00350,2024-10-23 18:36:00,CUST-0626,STORE-015,CH_WEB,Online Web,Online,PAY-00350,
TRX-00351,2024-06-24 10:05:00,CUST-0862,STORE-006,CH_OFF,Offline Store,Offline,PAY-00351,EMP-004
TRX-00352,2025-04-04 11:57:00,CUST-0456,STORE-001,CH_OFF,Offline Store,Offline,PAY-00352,EMP-069
TRX-00353,2024-11-07 17:08:00,CUST-0124,STORE-015,CH_MKT,Marketplace,Online,PAY-00353,
TRX-00354,2025-04-30 14:30:00,CUST-0849,STORE-006,CH_OFF,Offline Store,Offline,PAY-00354,EMP-025
TRX-00355,2024-10-03 21:10:00,CUST-0434,STORE-018,CH_WEB,Online Web,Online,PAY-00355,
TRX-00356,2024-03-31 21:37:00,CUST-0364,STORE-014,CH_MKT,Marketplace,Online,PAY-00356,
TRX-00357,2024-12-07 20:24:00,CUST-0798,STORE-015,CH_OFF,Offline Store,Offline,PAY-00357,EMP-075
TRX-00358,2024-09-11 20:16:00,CUST-0440,STORE-001,CH_OFF,Offline Store,Offline,PAY-00358,EMP-035
TRX-00359,2024-09-05 19:26:00,CUST-0560,STORE-005,CH_OFF,Offline Store,Offline,PAY-00359,EMP-001
TRX-00360,2024-05-20 13:25:00,CUST-0771,STORE-017,CH_MKT,Marketplace,Online,PAY-00360,
TRX-00361,2024-06-16 12:45:00,CUST-0239,STORE-007,CH_OFF,Offline Store,Offline,PAY-00361,EMP-061
TRX-00362,2024-10-12 21:19:00,CUST-0269,STORE-004,CH_OFF,Offline Store,Offline,PAY-00362,EMP-079
TRX-00363,2024-03-05 16:48:00,CUST-0919,STORE-024,CH_OFF,Offline Store,Offline,PAY-00363,EMP-009
TRX-00364,2024-05-28 10:17:00,,STORE-009,CH_OFF,Offline Store,Offline,PAY-00364,EMP-053
TRX-00365,2024-09-11 20:37:00,CUST-0634,STORE-018,CH_OFF,Offline Store,Offline,PAY-00365,EMP-057
TRX-00366,2024-05-18 20:38:00,CUST-0060,STORE-022,CH_OFF,Offline Store,Offline,PAY-00366,EMP-062
TRX-00367,2024-11-17 12:26:00,CUST-0664,STORE-005,CH_OFF,Offline Store,Offline,PAY-00367,EMP-013
TRX-00368,2024-11-01 17:37:00,CUST-0049,STORE-010,CH_WEB,Online Web,Online,PAY-00368,
TRX-00369,2024-12-14 17:57:00,,STORE-015,CH_WEB,Online Web,Online,PAY-00369,
TRX-00370,2025-01-25 21:08:00,CUST-0189,STORE-025,CH_WEB,Online Web,Online,PAY-00370,
TRX-00371,2024-07-10 10:11:00,CUST-0186,STORE-025,CH_OFF,Offline Store,Offline,PAY-00371,EMP-058
TRX-00372,2024-10-14 20:06:00,CUST-0933,STORE-017,CH_OFF,Offline Store,Offline,PAY-00372,EMP-033
TRX-00373,2025-02-09 16:45:00,CUST-0573,STORE-005,CH_OFF,Offline Store,Offline,PAY-00373,EMP-026
TRX-00374,2024-04-23 11:03:00,CUST-0258,STORE-008,CH_OFF,Offline Store,Offline,PAY-00374,EMP-062
TRX-00375,2024-09-28 17:11:00,CUST-0127,STORE-022,CH_OFF,Offline Store,Offline,PAY-00375,EMP-072
TRX-00376,2024-12-12 20:09:00,CUST-0866,STORE-003,CH_WEB,Online Web,Online,PAY-00376,
TRX-00377,2025-05-18 19:39:00,CUST-0087,STORE-015,CH_OFF,Offline Store,Offline,PAY-00377,EMP-057
TRX-00378,2024-12-28 20:00:00,CUST-0063,STORE-003,CH_MKT,Marketplace,Online,PAY-00378,
TRX-00379,2025-05-30 11:17:00,CUST-0235,STORE-011,CH_WEB,Online Web,Online,PAY-00379,
TRX-00380,2024-12-19 11:17:00,CUST-0939,STORE-022,CH_WEB,Online Web,Online,PAY-00380,
TRX-00381,2024-05-06 11:34:00,CUST-0515,STORE-017,CH_OFF,Offline Store,Offline,PAY-00381,EMP-033
TRX-00382,2024-05-16 16:06:00,CUST-0461,STORE-022,CH_OFF,Offline Store,Offline,PAY-00382,EMP-018
TRX-00383,2024-08-19 18:28:00,CUST-0242,STORE-008,CH_MKT,Marketplace,Online,PAY-00383,
TRX-00384,2024-06-25 17:55:00,CUST-0051,STORE-023,CH_OFF,Offline Store,Offline,PAY-00384,EMP-074
TRX-00385,2025-01-23 10:02:00,CUST-0521,STORE-021,CH_OFF,Offline Store,Offline,PAY-00385,EMP-077
TRX-00386,2024-08-28 17:18:00,CUST-0666,STORE-008,CH_MKT,Marketplace,Online,PAY-00386,
TRX-00387,2024-04-10 09:00:00,CUST-0792,STORE-001,CH_WEB,Online Web,Online,PAY-00387,
TRX-00388,2024-12-05 09:57:00,CUST-0447,STORE-014,CH_WEB,Online Web,Online,PAY-00388,
TRX-00389,2025-04-02 17:20:00,CUST-0629,STORE-019,CH_OFF,Offline Store,Offline,PAY-00389,EMP-035
TRX-00390,2025-02-18 11:24:00,CUST-0804,STORE-001,CH_OFF,Offline Store,Offline,PAY-00390,EMP-068
TRX-00391,2024-03-15 14:01:00,CUST-0606,STORE-014,CH_WEB,Online Web,Online,PAY-00391,
TRX-00392,2024-01-23 10:08:00,CUST-0719,STORE-025,CH_OFF,Offline Store,Offline,PAY-00392,EMP-046
TRX-00393,2025-01-12 11:04:00,CUST-0370,STORE-011,CH_WEB,Online Web,Online,PAY-00393,
TRX-00394,2024-03-17 10:34:00,CUST-0855,STORE-021,CH_OFF,Offline Store,Offline,PAY-00394,EMP-071
TRX-00395,2025-05-03 14:32:00,CUST-0461,STORE-002,CH_OFF,Offline Store,Offline,PAY-00395,EMP-034
TRX-00396,2025-01-10 16:53:00,,STORE-019,CH_OFF,Offline Store,Offline,PAY-00396,EMP-003
TRX-00397,2024-12-01 20:56:00,CUST-0006,STORE-002,CH_OFF,Offline Store,Offline,PAY-00397,EMP-012
TRX-00398,2024-03-15 15:59:00,CUST-0954,STORE-025,CH_MKT,Marketplace,Online,PAY-00398,
TRX-00399,2024-01-02 18:11:00,CUST-0908,STORE-004,CH_OFF,Offline Store,Offline,PAY-00399,EMP-012
TRX-00400,2025-04-18 10:51:00,CUST-0322,STORE-022,CH_OFF,Offline Store,Offline,PAY-00400,EMP-002
TRX-00401,2024-11-15 17:45:00,CUST-0301,STORE-008,CH_OFF,Offline Store,Offline,PAY-00401,EMP-019
TRX-00402,2024-03-31 18:50:00,CUST-0948,STORE-005,CH_OFF,Offline Store,Offline,PAY-00402,EMP-061
TRX-00403,2024-07-06 10:29:00,CUST-0219,STORE-024,CH_OFF,Offline Store,Offline,PAY-00403,EMP-047
TRX-00404,2025-03-21 09:47:00,CUST-0199,STORE-019,CH_MKT,Marketplace,Online,PAY-00404,
TRX-00405,2025-01-26 21:58:00,CUST-0871,STORE-010,CH_WEB,Online Web,Online,PAY-00405,
TRX-00406,2024-12-09 14:05:00,CUST-0407,STORE-006,CH_OFF,Offline Store,Offline,PAY-00406,EMP-027
TRX-00407,2024-04-14 12:06:00,CUST-0103,STORE-015,CH_WEB,Online Web,Online,PAY-00407,
TRX-00408,2024-01-25 15:45:00,CUST-0942,STORE-008,CH_OFF,Offline Store,Offline,PAY-00408,EMP-041
TRX-00409,2024-03-01 09:10:00,CUST-0778,STORE-023,CH_OFF,Offline Store,Offline,PAY-00409,EMP-007
TRX-00410,2024-09-22 16:40:00,CUST-0348,STORE-002,CH_MKT,Marketplace,Online,PAY-00410,
TRX-00411,2024-12-28 20:47:00,CUST-0375,STORE-021,CH_OFF,Offline Store,Offline,PAY-00411,EMP-004
TRX-00412,2024-08-07 15:02:00,CUST-0716,STORE-025,CH_MKT,Marketplace,Online,PAY-00412,
TRX-00413,2024-06-27 17:22:00,CUST-0769,STORE-008,CH_OFF,Offline Store,Offline,PAY-00413,EMP-048
TRX-00414,2024-03-01 10:34:00,CUST-0450,STORE-016,CH_MKT,Marketplace,Online,PAY-00414,
TRX-00415,2024-10-22 13:37:00,CUST-0384,STORE-008,CH_WEB,Online Web,Online,PAY-00415,
TRX-00416,2024-06-13 19:22:00,CUST-0075,STORE-016,CH_OFF,Offline Store,Offline,PAY-00416,EMP-028
TRX-00417,2024-11-11 14:54:00,CUST-0016,STORE-024,CH_WEB,Online Web,Online,PAY-00417,
TRX-00418,2024-06-04 10:05:00,CUST-0455,STORE-008,CH_OFF,Offline Store,Offline,PAY-00418,EMP-018
TRX-00419,2024-07-09 10:10:00,CUST-0608,STORE-025,CH_OFF,Offline Store,Offline,PAY-00419,EMP-055
TRX-00420,2024-12-28 17:11:00,,STORE-015,CH_OFF,Offline Store,Offline,PAY-00420,EMP-060
TRX-00421,2024-05-07 17:36:00,CUST-0741,STORE-001,CH_OFF,Offline Store,Offline,PAY-00421,EMP-047
TRX-00422,2025-04-19 20:30:00,CUST-0708,STORE-004,CH_MKT,Marketplace,Online,PAY-00422,
TRX-00423,2025-01-19 18:09:00,CUST-0596,STORE-016,CH_OFF,Offline Store,Offline,PAY-00423,EMP-023
TRX-00424,2024-10-28 17:08:00,CUST-0859,STORE-008,CH_OFF,Offline Store,Offline,PAY-00424,EMP-018
TRX-00425,2025-01-03 18:38:00,CUST-0718,STORE-001,CH_OFF,Offline Store,Offline,PAY-00425,EMP-017
TRX-00426,2024-04-15 12:23:00,CUST-0043,STORE-025,CH_WEB,Online Web,Online,PAY-00426,
TRX-00427,2025-03-26 16:29:00,CUST-0925,STORE-019,CH_OFF,Offline Store,Offline,PAY-00427,EMP-013
TRX-00428,2025-01-22 18:02:00,CUST-0163,STORE-019,CH_OFF,Offline Store,Offline,PAY-00428,EMP-068
TRX-00429,2024-07-26 10:26:00,CUST-0514,STORE-002,CH_WEB,Online Web,Online,PAY-00429,
TRX-00430,2025-02-07 11:05:00,CUST-0824,STORE-013,CH_OFF,Offline Store,Offline,PAY-00430,EMP-047
TRX-00431,2024-07-12 20:14:00,CUST-0353,STORE-001,CH_WEB,Online Web,Online,PAY-00431,
TRX-00432,2024-05-30 13:13:00,CUST-0682,STORE-005,CH_OFF,Offline Store,Offline,PAY-00432,EMP-044
TRX-00433,2025-02-21 11:40:00,CUST-0319,STORE-023,CH_OFF,Offline Store,Offline,PAY-00433,EMP-011
TRX-00434,2024-07-10 14:42:00,,STORE-018,CH_MKT,Marketplace,Online,PAY-00434,
TRX-00435,2024-01-29 14:46:00,CUST-0885,STORE-015,CH_OFF,Offline Store,Offline,PAY-00435,EMP-050
TRX-00436,2025-01-04 12:27:00,CUST-0484,STORE-009,CH_MKT,Marketplace,Online,PAY-00436,
TRX-00437,2024-12-17 13:23:00,,STORE-023,CH_OFF,Offline Store,Offline,PAY-00437,EMP-002
TRX-00438,2024-11-26 21:23:00,CUST-0407,STORE-010,CH_OFF,Offline Store,Offline,PAY-00438,EMP-058
TRX-00439,2024-09-29 11:24:00,CUST-0834,STORE-010,CH_MKT,Marketplace,Online,PAY-00439,
TRX-00440,2024-04-29 13:49:00,CUST-0317,STORE-007,CH_MKT,Marketplace,Online,PAY-00440,
TRX-00441,2024-12-30 11:09:00,CUST-0082,STORE-012,CH_OFF,Offline Store,Offline,PAY-00441,EMP-071
TRX-00442,2025-04-16 13:17:00,CUST-0667,STORE-022,CH_OFF,Offline Store,Offline,PAY-00442,EMP-064
TRX-00443,2025-02-24 21:21:00,CUST-0841,STORE-005,CH_WEB,Online Web,Online,PAY-00443,
TRX-00444,2024-02-17 21:40:00,CUST-0835,STORE-005,CH_MKT,Marketplace,Online,PAY-00444,
TRX-00445,2024-07-09 14:29:00,CUST-0969,STORE-007,CH_OFF,Offline Store,Offline,PAY-00445,EMP-016
TRX-00446,2024-06-17 09:12:00,CUST-0388,STORE-020,CH_OFF,Offline Store,Offline,PAY-00446,EMP-045
TRX-00447,2024-12-18 11:46:00,CUST-0631,STORE-012,CH_WEB,Online Web,Online,PAY-00447,
TRX-00448,2025-01-07 16:44:00,CUST-0916,STORE-008,CH_OFF,Offline Store,Offline,PAY-00448,EMP-046
TRX-00449,2024-07-10 15:38:00,CUST-0983,STORE-004,CH_OFF,Offline Store,Offline,PAY-00449,EMP-065
TRX-00450,2024-07-06 20:05:00,CUST-0505,STORE-022,CH_OFF,Offline Store,Offline,PAY-00450,EMP-056
TRX-00451,2024-01-18 19:06:00,CUST-0300,STORE-009,CH_MKT,Marketplace,Online,PAY-00451,
TRX-00452,2024-02-20 15:15:00,CUST-0651,STORE-024,CH_OFF,Offline Store,Offline,PAY-00452,EMP-062
TRX-00453,2024-11-27 11:00:00,CUST-0074,STORE-008,CH_WEB,Online Web,Online,PAY-00453,
TRX-00454,2024-11-22 13:36:00,,STORE-006,CH_OFF,Offline Store,Offline,PAY-00454,EMP-009
TRX-00455,2024-04-03 18:46:00,CUST-0217,STORE-019,CH_OFF,Offline Store,Offline,PAY-00455,EMP-042
TRX-00456,2024-03-13 18:55:00,CUST-0099,STORE-005,CH_WEB,Online Web,Online,PAY-00456,
TRX-00457,2025-04-30 12:04:00,CUST-0503,STORE-016,CH_OFF,Offline Store,Offline,PAY-00457,EMP-030
TRX-00458,2024-12-13 20:36:00,CUST-0548,STORE-020,CH_OFF,Offline Store,Offline,PAY-00458,EMP-061
TRX-00459,2025-01-26 14:19:00,CUST-0977,STORE-017,CH_OFF,Offline Store,Offline,PAY-00459,EMP-075
TRX-00460,2024-10-17 16:00:00,CUST-0002,STORE-005,CH_WEB,Online Web,Online,PAY-00460,
TRX-00461,2024-11-12 10:26:00,CUST-0395,STORE-012,CH_OFF,Offline Store,Offline,PAY-00461,EMP-055
TRX-00462,2024-07-09 16:28:00,,STORE-021,CH_OFF,Offline Store,Offline,PAY-00462,EMP-073
TRX-00463,2025-04-18 15:43:00,CUST-0307,STORE-008,CH_OFF,Offline Store,Offline,PAY-00463,EMP-011
TRX-00464,2024-10-26 20:14:00,CUST-0264,STORE-003,CH_MKT,Marketplace,Online,PAY-00464,
TRX-00465,2024-10-03 15:16:00,,STORE-025,CH_OFF,Offline Store,Offline,PAY-00465,EMP-072
TRX-00466,2024-10-03 10:15:00,CUST-0991,STORE-001,CH_MKT,Marketplace,Online,PAY-00466,
TRX-00467,2024-05-08 09:15:00,,STORE-010,CH_OFF,Offline Store,Offline,PAY-00467,EMP-036
TRX-00468,2024-12-30 10:08:00,CUST-0209,STORE-024,CH_MKT,Marketplace,Online,PAY-00468,
TRX-00469,2024-03-21 18:39:00,CUST-0071,STORE-009,CH_MKT,Marketplace,Online,PAY-00469,
TRX-00470,2024-07-14 15:10:00,CUST-0759,STORE-005,CH_MKT,Marketplace,Online,PAY-00470,
TRX-00471,2024-08-25 19:28:00,CUST-0426,STORE-017,CH_OFF,Offline Store,Offline,PAY-00471,EMP-051
TRX-00472,2024-04-01 19:42:00,CUST-0449,STORE-010,CH_OFF,Offline Store,Offline,PAY-00472,EMP-009
TRX-00473,2024-10-14 15:25:00,CUST-0460,STORE-025,CH_OFF,Offline Store,Offline,PAY-00473,EMP-044
TRX-00474,2024-08-08 12:56:00,,STORE-001,CH_MKT,Marketplace,Online,PAY-00474,
TRX-00475,2025-03-13 11:49:00,CUST-0625,STORE-012,CH_OFF,Offline Store,Offline,PAY-00475,EMP-041
TRX-00476,2025-05-14 11:15:00,,STORE-009,CH_WEB,Online Web,Online,PAY-00476,
TRX-00477,2024-06-16 19:51:00,CUST-0054,STORE-012,CH_WEB,Online Web,Online,PAY-00477,
TRX-00478,2024-04-14 16:41:00,CUST-0508,STORE-011,CH_OFF,Offline Store,Offline,PAY-00478,EMP-034
TRX-00479,2025-03-27 11:50:00,CUST-0645,STORE-005,CH_OFF,Offline Store,Offline,PAY-00479,EMP-044
TRX-00480,2024-10-15 20:16:00,CUST-0743,STORE-024,CH_WEB,Online Web,Online,PAY-00480,
TRX-00481,2024-04-12 11:05:00,CUST-0049,STORE-004,CH_WEB,Online Web,Online,PAY-00481,
TRX-00482,2024-03-16 16:54:00,,STORE-016,CH_WEB,Online Web,Online,PAY-00482,
TRX-00483,2024-07-01 18:20:00,CUST-0919,STORE-025,CH_WEB,Online Web,Online,PAY-00483,
TRX-00484,2025-04-10 11:10:00,,STORE-010,CH_OFF,Offline Store,Offline,PAY-00484,EMP-020
TRX-00485,2024-07-15 12:47:00,CUST-0709,STORE-018,CH_WEB,Online Web,Online,PAY-00485,
TRX-00486,2025-04-20 09:51:00,CUST-0881,STORE-012,CH_OFF,Offline Store,Offline,PAY-00486,EMP-079
TRX-00487,2024-08-02 11:56:00,CUST-0325,STORE-014,CH_OFF,Offline Store,Offline,PAY-00487,EMP-030
TRX-00488,2024-12-23 17:05:00,CUST-0620,STORE-005,CH_MKT,Marketplace,Online,PAY-00488,
TRX-00489,2025-02-24 12:02:00,CUST-0326,STORE-011,CH_OFF,Offline Store,Offline,PAY-00489,EMP-075
TRX-00490,2024-07-03 09:27:00,CUST-0344,STORE-022,CH_WEB,Online Web,Online,PAY-00490,
TRX-00491,2024-08-17 20:54:00,CUST-0839,STORE-021,CH_OFF,Offline Store,Offline,PAY-00491,EMP-011
TRX-00492,2024-04-25 20:23:00,CUST-0891,STORE-014,CH_OFF,Offline Store,Offline,PAY-00492,EMP-070
TRX-00493,2024-11-12 13:48:00,CUST-0857,STORE-022,CH_OFF,Offline Store,Offline,PAY-00493,EMP-001
TRX-00494,2024-11-17 17:20:00,CUST-0983,STORE-013,CH_OFF,Offline Store,Offline,PAY-00494,EMP-052
TRX-00495,2025-03-22 21:09:00,CUST-0198,STORE-006,CH_OFF,Offline Store,Offline,PAY-00495,EMP-003
TRX-00496,2024-04-24 10:30:00,CUST-0458,STORE-005,CH_MKT,Marketplace,Online,PAY-00496,
TRX-00497,2024-08-12 15:27:00,CUST-0756,STORE-023,CH_OFF,Offline Store,Offline,PAY-00497,EMP-022
TRX-00498,2024-07-02 13:15:00,CUST-0921,STORE-008,CH_OFF,Offline Store,Offline,PAY-00498,EMP-071
TRX-00499,2025-03-18 11:52:00,CUST-0447,STORE-008,CH_OFF,Offline Store,Offline,PAY-00499,EMP-030
TRX-00500,2025-05-10 15:57:00,CUST-0518,STORE-011,CH_OFF,Offline Store,Offline,PAY-00500,EMP-015
TRX-00501,2024-06-09 12:57:00,CUST-0624,STORE-005,CH_WEB,Online Web,Online,PAY-00501,
TRX-00502,2024-03-05 17:30:00,CUST-0961,STORE-025,CH_WEB,Online Web,Online,PAY-00502,
TRX-00503,2024-04-12 19:52:00,CUST-0789,STORE-003,CH_OFF,Offline Store,Offline,PAY-00503,EMP-080
TRX-00504,2025-03-05 18:54:00,CUST-0253,STORE-018,CH_OFF,Offline Store,Offline,PAY-00504,EMP-039
TRX-00505,2025-02-12 17:24:00,CUST-0627,STORE-012,CH_WEB,Online Web,Online,PAY-00505,
TRX-00506,2024-10-06 19:27:00,CUST-0010,STORE-025,CH_OFF,Offline Store,Offline,PAY-00506,EMP-057
TRX-00507,2025-03-24 18:39:00,CUST-0023,STORE-018,CH_OFF,Offline Store,Offline,PAY-00507,EMP-001
TRX-00508,2024-03-18 17:12:00,CUST-0822,STORE-017,CH_OFF,Offline Store,Offline,PAY-00508,EMP-039
TRX-00509,2024-04-19 15:18:00,CUST-0547,STORE-001,CH_OFF,Offline Store,Offline,PAY-00509,EMP-034
TRX-00510,2024-02-02 11:25:00,CUST-0470,STORE-002,CH_WEB,Online Web,Online,PAY-00510,
TRX-00511,2024-08-14 09:35:00,CUST-0587,STORE-018,CH_OFF,Offline Store,Offline,PAY-00511,EMP-025
TRX-00512,2024-08-30 09:09:00,CUST-0458,STORE-012,CH_OFF,Offline Store,Offline,PAY-00512,EMP-002
TRX-00513,2024-12-30 19:13:00,,STORE-012,CH_OFF,Offline Store,Offline,PAY-00513,EMP-050
TRX-00514,2024-02-23 17:48:00,CUST-0739,STORE-001,CH_OFF,Offline Store,Offline,PAY-00514,EMP-016
TRX-00515,2024-10-04 13:19:00,CUST-0259,STORE-005,CH_OFF,Offline Store,Offline,PAY-00515,EMP-077
TRX-00516,2024-02-09 15:09:00,CUST-0130,STORE-004,CH_OFF,Offline Store,Offline,PAY-00516,EMP-042
TRX-00517,2024-01-31 13:31:00,CUST-0923,STORE-013,CH_OFF,Offline Store,Offline,PAY-00517,EMP-039
TRX-00518,2024-11-16 09:31:00,CUST-0993,STORE-005,CH_OFF,Offline Store,Offline,PAY-00518,EMP-037
TRX-00519,2024-03-10 20:49:00,CUST-0946,STORE-025,CH_MKT,Marketplace,Online,PAY-00519,
TRX-00520,2024-06-24 11:37:00,CUST-0175,STORE-022,CH_OFF,Offline Store,Offline,PAY-00520,EMP-045
TRX-00521,2025-04-04 10:03:00,CUST-0054,STORE-017,CH_OFF,Offline Store,Offline,PAY-00521,EMP-007
TRX-00522,2024-10-31 16:55:00,CUST-0762,STORE-024,CH_WEB,Online Web,Online,PAY-00522,
TRX-00523,2024-12-07 12:31:00,CUST-0032,STORE-008,CH_OFF,Offline Store,Offline,PAY-00523,EMP-025
TRX-00524,2024-07-05 15:59:00,,STORE-016,CH_MKT,Marketplace,Online,PAY-00524,
TRX-00525,2025-03-21 11:20:00,CUST-0321,STORE-006,CH_OFF,Offline Store,Offline,PAY-00525,EMP-016
TRX-00526,2024-04-19 14:27:00,CUST-0193,STORE-010,CH_OFF,Offline Store,Offline,PAY-00526,EMP-036
TRX-00527,2024-09-20 15:40:00,CUST-0269,STORE-011,CH_OFF,Offline Store,Offline,PAY-00527,EMP-007
TRX-00528,2024-12-14 11:06:00,CUST-0554,STORE-020,CH_WEB,Online Web,Online,PAY-00528,
TRX-00529,2025-01-14 16:10:00,CUST-0898,STORE-012,CH_WEB,Online Web,Online,PAY-00529,
TRX-00530,2025-03-27 20:37:00,CUST-0552,STORE-020,CH_OFF,Offline Store,Offline,PAY-00530,EMP-010
TRX-00531,2024-04-11 21:17:00,CUST-0212,STORE-014,CH_MKT,Marketplace,Online,PAY-00531,
TRX-00532,2024-12-15 21:27:00,CUST-0117,STORE-025,CH_OFF,Offline Store,Offline,PAY-00532,EMP-011
TRX-00533,2024-06-19 10:28:00,CUST-0049,STORE-012,CH_WEB,Online Web,Online,PAY-00533,
TRX-00534,2024-01-22 21:46:00,CUST-0767,STORE-001,CH_WEB,Online Web,Online,PAY-00534,
TRX-00535,2025-04-30 13:08:00,CUST-0323,STORE-012,CH_OFF,Offline Store,Offline,PAY-00535,EMP-016
TRX-00536,2024-12-01 09:56:00,CUST-0218,STORE-023,CH_OFF,Offline Store,Offline,PAY-00536,EMP-060
TRX-00537,2024-03-21 12:44:00,CUST-0738,STORE-020,CH_MKT,Marketplace,Online,PAY-00537,
TRX-00538,2024-10-25 16:42:00,CUST-0667,STORE-011,CH_OFF,Offline Store,Offline,PAY-00538,EMP-050
TRX-00539,2024-05-17 17:58:00,CUST-0498,STORE-006,CH_OFF,Offline Store,Offline,PAY-00539,EMP-059
TRX-00540,2024-09-12 13:11:00,CUST-0387,STORE-009,CH_OFF,Offline Store,Offline,PAY-00540,EMP-033
TRX-00541,2024-07-28 14:34:00,CUST-0651,STORE-010,CH_WEB,Online Web,Online,PAY-00541,
TRX-00542,2024-05-26 16:26:00,CUST-0138,STORE-017,CH_OFF,Offline Store,Offline,PAY-00542,EMP-014
TRX-00543,2024-02-15 15:31:00,CUST-0712,STORE-025,CH_OFF,Offline Store,Offline,PAY-00543,EMP-078
TRX-00544,2024-12-25 10:54:00,CUST-0852,STORE-025,CH_WEB,Online Web,Online,PAY-00544,
TRX-00545,2024-05-02 21:06:00,CUST-0860,STORE-009,CH_MKT,Marketplace,Online,PAY-00545,
TRX-00546,2024-08-15 20:14:00,CUST-0291,STORE-025,CH_MKT,Marketplace,Online,PAY-00546,
TRX-00547,2025-03-05 09:11:00,CUST-0406,STORE-005,CH_OFF,Offline Store,Offline,PAY-00547,EMP-045
TRX-00548,2024-12-30 16:29:00,CUST-0275,STORE-025,CH_OFF,Offline Store,Offline,PAY-00548,EMP-036
TRX-00549,2024-06-12 13:23:00,CUST-0246,STORE-018,CH_OFF,Offline Store,Offline,PAY-00549,EMP-010
TRX-00550,2025-04-21 09:37:00,CUST-0572,STORE-016,CH_OFF,Offline Store,Offline,PAY-00550,EMP-020
TRX-00551,2024-08-07 11:26:00,CUST-0547,STORE-020,CH_OFF,Offline Store,Offline,PAY-00551,EMP-007
TRX-00552,2025-02-12 16:44:00,CUST-0058,STORE-005,CH_OFF,Offline Store,Offline,PAY-00552,EMP-005
TRX-00553,2024-02-01 09:21:00,CUST-0620,STORE-011,CH_OFF,Offline Store,Offline,PAY-00553,EMP-004
TRX-00554,2025-04-17 10:12:00,CUST-0036,STORE-021,CH_OFF,Offline Store,Offline,PAY-00554,EMP-058
TRX-00555,2024-03-18 19:24:00,CUST-0191,STORE-004,CH_OFF,Offline Store,Offline,PAY-00555,EMP-004
TRX-00556,2024-01-07 16:16:00,CUST-0417,STORE-002,CH_OFF,Offline Store,Offline,PAY-00556,EMP-019
TRX-00557,2024-10-03 21:05:00,CUST-0751,STORE-022,CH_MKT,Marketplace,Online,PAY-00557,
TRX-00558,2024-12-27 14:06:00,CUST-0134,STORE-016,CH_WEB,Online Web,Online,PAY-00558,
TRX-00559,2024-12-25 10:24:00,,STORE-004,CH_OFF,Offline Store,Offline,PAY-00559,EMP-014
TRX-00560,2024-10-19 20:38:00,CUST-0907,STORE-014,CH_MKT,Marketplace,Online,PAY-00560,
TRX-00561,2025-05-27 17:17:00,CUST-0266,STORE-001,CH_MKT,Marketplace,Online,PAY-00561,
TRX-00562,2024-05-13 10:27:00,CUST-0052,STORE-013,CH_OFF,Offline Store,Offline,PAY-00562,EMP-074
TRX-00563,2024-10-12 17:17:00,CUST-0277,STORE-015,CH_MKT,Marketplace,Online,PAY-00563,
TRX-00564,2025-01-02 14:00:00,CUST-0780,STORE-007,CH_MKT,Marketplace,Online,PAY-00564,
TRX-00565,2024-04-23 18:00:00,,STORE-017,CH_OFF,Offline Store,Offline,PAY-00565,EMP-074
TRX-00566,2024-05-22 19:31:00,CUST-0468,STORE-024,CH_WEB,Online Web,Online,PAY-00566,
TRX-00567,2024-03-25 17:27:00,CUST-0265,STORE-013,CH_OFF,Offline Store,Offline,PAY-00567,EMP-032
TRX-00568,2024-05-01 10:46:00,CUST-0976,STORE-015,CH_OFF,Offline Store,Offline,PAY-00568,EMP-011
TRX-00569,2024-01-13 10:23:00,CUST-0781,STORE-008,CH_WEB,Online Web,Online,PAY-00569,
TRX-00570,2024-05-31 20:03:00,CUST-0564,STORE-005,CH_OFF,Offline Store,Offline,PAY-00570,EMP-035
TRX-00571,2025-02-04 11:02:00,CUST-0513,STORE-003,CH_MKT,Marketplace,Online,PAY-00571,
TRX-00572,2024-08-15 14:29:00,,STORE-010,CH_MKT,Marketplace,Online,PAY-00572,
TRX-00573,2024-04-28 19:26:00,CUST-0644,STORE-006,CH_OFF,Offline Store,Offline,PAY-00573,EMP-042
TRX-00574,2025-03-12 15:01:00,,STORE-005,CH_OFF,Offline Store,Offline,PAY-00574,EMP-072
TRX-00575,2024-04-01 11:01:00,CUST-0271,STORE-018,CH_OFF,Offline Store,Offline,PAY-00575,EMP-048
TRX-00576,2024-02-17 13:41:00,CUST-0148,STORE-015,CH_OFF,Offline Store,Offline,PAY-00576,EMP-054
TRX-00577,2024-06-01 13:15:00,CUST-0985,STORE-014,CH_OFF,Offline Store,Offline,PAY-00577,EMP-011
TRX-00578,2024-01-04 17:25:00,CUST-0721,STORE-013,CH_OFF,Offline Store,Offline,PAY-00578,EMP-045
TRX-00579,2025-04-23 10:42:00,CUST-0062,STORE-021,CH_OFF,Offline Store,Offline,PAY-00579,EMP-027
TRX-00580,2024-11-16 13:51:00,CUST-0055,STORE-010,CH_OFF,Offline Store,Offline,PAY-00580,EMP-054
TRX-00581,2024-03-31 21:07:00,CUST-0728,STORE-020,CH_WEB,Online Web,Online,PAY-00581,
TRX-00582,2025-05-27 17:51:00,CUST-0067,STORE-017,CH_WEB,Online Web,Online,PAY-00582,
TRX-00583,2024-02-14 11:05:00,CUST-0900,STORE-012,CH_WEB,Online Web,Online,PAY-00583,
TRX-00584,2024-09-02 16:09:00,CUST-0748,STORE-021,CH_OFF,Offline Store,Offline,PAY-00584,EMP-065
TRX-00585,2024-10-09 09:00:00,CUST-0942,STORE-016,CH_OFF,Offline Store,Offline,PAY-00585,EMP-015
TRX-00586,2025-02-01 11:48:00,CUST-0364,STORE-022,CH_MKT,Marketplace,Online,PAY-00586,
TRX-00587,2024-05-03 10:13:00,CUST-0349,STORE-008,CH_MKT,Marketplace,Online,PAY-00587,
TRX-00588,2025-04-24 18:48:00,,STORE-008,CH_OFF,Offline Store,Offline,PAY-00588,EMP-060
TRX-00589,2024-07-26 19:38:00,CUST-0603,STORE-021,CH_OFF,Offline Store,Offline,PAY-00589,EMP-050
TRX-00590,2024-01-08 11:51:00,CUST-0016,STORE-022,CH_MKT,Marketplace,Online,PAY-00590,
TRX-00591,2025-02-08 11:10:00,CUST-0125,STORE-013,CH_OFF,Offline Store,Offline,PAY-00591,EMP-075
TRX-00592,2025-04-28 09:24:00,CUST-0699,STORE-022,CH_OFF,Offline Store,Offline,PAY-00592,EMP-046
TRX-00593,2024-02-26 20:07:00,CUST-0917,STORE-010,CH_OFF,Offline Store,Offline,PAY-00593,EMP-019
TRX-00594,2024-06-09 13:54:00,CUST-0767,STORE-023,CH_MKT,Marketplace,Online,PAY-00594,
TRX-00595,2024-01-25 09:19:00,CUST-0757,STORE-014,CH_OFF,Offline Store,Offline,PAY-00595,EMP-077
TRX-00596,2025-02-17 20:50:00,CUST-0684,STORE-020,CH_WEB,Online Web,Online,PAY-00596,
TRX-00597,2024-05-05 14:30:00,CUST-0346,STORE-011,CH_WEB,Online Web,Online,PAY-00597,
TRX-00598,2024-12-15 14:16:00,CUST-0875,STORE-021,CH_OFF,Offline Store,Offline,PAY-00598,EMP-006
TRX-00599,2025-04-24 11:02:00,CUST-0453,STORE-004,CH_WEB,Online Web,Online,PAY-00599,
TRX-00600,2025-05-07 17:41:00,CUST-0493,STORE-022,CH_WEB,Online Web,Online,PAY-00600,
TRX-00601,2024-07-04 15:03:00,CUST-0177,STORE-011,CH_WEB,Online Web,Online,PAY-00601,
TRX-00602,2025-04-04 15:27:00,CUST-0011,STORE-015,CH_MKT,Marketplace,Online,PAY-00602,
TRX-00603,2025-01-01 18:08:00,CUST-0542,STORE-014,CH_WEB,Online Web,Online,PAY-00603,
TRX-00604,2025-01-14 21:15:00,CUST-0356,STORE-001,CH_WEB,Online Web,Online,PAY-00604,
TRX-00605,2024-01-10 14:12:00,CUST-0756,STORE-011,CH_MKT,Marketplace,Online,PAY-00605,
TRX-00606,2024-01-29 12:53:00,CUST-0266,STORE-005,CH_MKT,Marketplace,Online,PAY-00606,
TRX-00607,2024-03-17 16:53:00,CUST-0909,STORE-016,CH_OFF,Offline Store,Offline,PAY-00607,EMP-055
TRX-00608,2024-04-16 15:37:00,,STORE-019,CH_OFF,Offline Store,Offline,PAY-00608,EMP-023
TRX-00609,2024-09-29 11:43:00,CUST-0508,STORE-003,CH_OFF,Offline Store,Offline,PAY-00609,EMP-008
TRX-00610,2024-07-17 16:56:00,CUST-0910,STORE-011,CH_OFF,Offline Store,Offline,PAY-00610,EMP-002
TRX-00611,2024-01-06 17:14:00,CUST-0034,STORE-024,CH_MKT,Marketplace,Online,PAY-00611,
TRX-00612,2024-08-18 11:29:00,CUST-0777,STORE-016,CH_OFF,Offline Store,Offline,PAY-00612,EMP-024
TRX-00613,2024-03-01 11:53:00,CUST-0430,STORE-015,CH_WEB,Online Web,Online,PAY-00613,
TRX-00614,2025-01-17 09:28:00,CUST-0518,STORE-018,CH_OFF,Offline Store,Offline,PAY-00614,EMP-056
TRX-00615,2024-04-15 18:53:00,CUST-0610,STORE-002,CH_OFF,Offline Store,Offline,PAY-00615,EMP-022
TRX-00616,2024-10-13 13:34:00,CUST-0036,STORE-019,CH_OFF,Offline Store,Offline,PAY-00616,EMP-029
TRX-00617,2024-02-11 11:51:00,CUST-0668,STORE-011,CH_OFF,Offline Store,Offline,PAY-00617,EMP-045
TRX-00618,2024-08-01 18:12:00,CUST-0252,STORE-007,CH_OFF,Offline Store,Offline,PAY-00618,EMP-021
TRX-00619,2024-08-24 10:08:00,CUST-0808,STORE-009,CH_MKT,Marketplace,Online,PAY-00619,
TRX-00620,2024-09-05 16:25:00,CUST-0493,STORE-015,CH_OFF,Offline Store,Offline,PAY-00620,EMP-040
TRX-00621,2025-04-03 14:39:00,CUST-0101,STORE-019,CH_OFF,Offline Store,Offline,PAY-00621,EMP-017
TRX-00622,2024-10-07 16:20:00,CUST-0874,STORE-017,CH_MKT,Marketplace,Online,PAY-00622,
TRX-00623,2024-10-02 14:55:00,CUST-0063,STORE-007,CH_OFF,Offline Store,Offline,PAY-00623,EMP-022
TRX-00624,2024-02-20 17:54:00,CUST-0940,STORE-019,CH_OFF,Offline Store,Offline,PAY-00624,EMP-060
TRX-00625,2024-11-25 20:59:00,CUST-0113,STORE-019,CH_WEB,Online Web,Online,PAY-00625,
TRX-00626,2024-07-22 12:56:00,CUST-0175,STORE-019,CH_WEB,Online Web,Online,PAY-00626,
TRX-00627,2024-12-07 19:32:00,CUST-0368,STORE-024,CH_OFF,Offline Store,Offline,PAY-00627,EMP-068
TRX-00628,2024-09-29 15:30:00,CUST-0599,STORE-025,CH_OFF,Offline Store,Offline,PAY-00628,EMP-022
TRX-00629,2024-06-25 11:55:00,CUST-0774,STORE-004,CH_OFF,Offline Store,Offline,PAY-00629,EMP-069
TRX-00630,2025-02-25 12:37:00,CUST-0902,STORE-006,CH_OFF,Offline Store,Offline,PAY-00630,EMP-002
TRX-00631,2024-01-14 18:44:00,CUST-0404,STORE-006,CH_OFF,Offline Store,Offline,PAY-00631,EMP-057
TRX-00632,2024-07-17 11:04:00,CUST-0292,STORE-021,CH_OFF,Offline Store,Offline,PAY-00632,EMP-006
TRX-00633,2024-06-30 11:10:00,CUST-0475,STORE-003,CH_OFF,Offline Store,Offline,PAY-00633,EMP-012
TRX-00634,2024-02-26 16:27:00,CUST-0401,STORE-010,CH_WEB,Online Web,Online,PAY-00634,
TRX-00635,2025-03-11 19:09:00,CUST-0690,STORE-004,CH_OFF,Offline Store,Offline,PAY-00635,EMP-027
TRX-00636,2024-10-21 10:58:00,CUST-0471,STORE-006,CH_MKT,Marketplace,Online,PAY-00636,
TRX-00637,2024-10-26 11:39:00,CUST-0839,STORE-009,CH_WEB,Online Web,Online,PAY-00637,
TRX-00638,2024-10-20 17:14:00,CUST-0274,STORE-025,CH_MKT,Marketplace,Online,PAY-00638,
TRX-00639,2024-01-12 11:22:00,CUST-0792,STORE-018,CH_OFF,Offline Store,Offline,PAY-00639,EMP-048
TRX-00640,2024-01-04 18:21:00,CUST-0896,STORE-011,CH_MKT,Marketplace,Online,PAY-00640,
TRX-00641,2024-08-13 16:34:00,,STORE-022,CH_OFF,Offline Store,Offline,PAY-00641,EMP-055
TRX-00642,2024-09-25 13:13:00,CUST-0406,STORE-024,CH_OFF,Offline Store,Offline,PAY-00642,EMP-049
TRX-00643,2025-04-23 11:43:00,CUST-0774,STORE-008,CH_MKT,Marketplace,Online,PAY-00643,
TRX-00644,2024-02-04 09:09:00,CUST-0947,STORE-023,CH_WEB,Online Web,Online,PAY-00644,
TRX-00645,2025-01-29 09:18:00,CUST-0373,STORE-014,CH_WEB,Online Web,Online,PAY-00645,
TRX-00646,2024-08-04 09:52:00,CUST-0718,STORE-004,CH_WEB,Online Web,Online,PAY-00646,
TRX-00647,2025-04-07 17:41:00,CUST-0337,STORE-007,CH_OFF,Offline Store,Offline,PAY-00647,EMP-065
TRX-00648,2025-02-13 09:47:00,CUST-0818,STORE-021,CH_WEB,Online Web,Online,PAY-00648,
TRX-00649,2024-03-20 17:55:00,CUST-0741,STORE-015,CH_OFF,Offline Store,Offline,PAY-00649,EMP-004
TRX-00650,2024-03-23 19:36:00,CUST-0953,STORE-006,CH_OFF,Offline Store,Offline,PAY-00650,EMP-063
TRX-00651,2024-01-07 17:27:00,CUST-0316,STORE-020,CH_OFF,Offline Store,Offline,PAY-00651,EMP-034
TRX-00652,2024-03-30 19:49:00,CUST-0335,STORE-010,CH_MKT,Marketplace,Online,PAY-00652,
TRX-00653,2025-03-25 12:00:00,CUST-0622,STORE-017,CH_OFF,Offline Store,Offline,PAY-00653,EMP-021
TRX-00654,2025-04-27 17:55:00,CUST-0396,STORE-021,CH_OFF,Offline Store,Offline,PAY-00654,EMP-049
TRX-00655,2024-05-25 19:32:00,CUST-0002,STORE-007,CH_MKT,Marketplace,Online,PAY-00655,
TRX-00656,2025-02-15 11:33:00,CUST-0969,STORE-014,CH_OFF,Offline Store,Offline,PAY-00656,EMP-071
TRX-00657,2024-01-20 16:09:00,CUST-0676,STORE-019,CH_WEB,Online Web,Online,PAY-00657,
TRX-00658,2025-04-28 15:25:00,CUST-0571,STORE-002,CH_OFF,Offline Store,Offline,PAY-00658,EMP-068
TRX-00659,2024-09-27 13:17:00,CUST-0823,STORE-020,CH_OFF,Offline Store,Offline,PAY-00659,EMP-049
TRX-00660,2025-01-17 12:26:00,CUST-0600,STORE-003,CH_OFF,Offline Store,Offline,PAY-00660,EMP-020
TRX-00661,2024-10-27 12:24:00,CUST-0865,STORE-025,CH_MKT,Marketplace,Online,PAY-00661,
TRX-00662,2025-02-13 20:17:00,CUST-0921,STORE-017,CH_MKT,Marketplace,Online,PAY-00662,
TRX-00663,2024-07-21 11:14:00,CUST-0391,STORE-013,CH_OFF,Offline Store,Offline,PAY-00663,EMP-060
TRX-00664,2024-02-21 13:11:00,CUST-0397,STORE-006,CH_OFF,Offline Store,Offline,PAY-00664,EMP-022
TRX-00665,2024-06-07 18:58:00,CUST-0811,STORE-024,CH_WEB,Online Web,Online,PAY-00665,
TRX-00666,2024-07-10 14:58:00,CUST-0013,STORE-010,CH_OFF,Offline Store,Offline,PAY-00666,EMP-016
TRX-00667,2024-07-13 21:38:00,CUST-0130,STORE-013,CH_OFF,Offline Store,Offline,PAY-00667,EMP-002
TRX-00668,2024-03-09 21:19:00,CUST-0678,STORE-008,CH_OFF,Offline Store,Offline,PAY-00668,EMP-005
TRX-00669,2025-01-27 13:10:00,CUST-0684,STORE-023,CH_WEB,Online Web,Online,PAY-00669,
TRX-00670,2024-12-10 12:01:00,CUST-0497,STORE-014,CH_OFF,Offline Store,Offline,PAY-00670,EMP-055
TRX-00671,2024-02-04 19:54:00,CUST-0547,STORE-005,CH_MKT,Marketplace,Online,PAY-00671,
TRX-00672,2024-01-07 13:15:00,CUST-0315,STORE-016,CH_WEB,Online Web,Online,PAY-00672,
TRX-00673,2025-05-23 16:31:00,CUST-0174,STORE-003,CH_OFF,Offline Store,Offline,PAY-00673,EMP-064
TRX-00674,2025-05-10 12:13:00,CUST-0195,STORE-010,CH_OFF,Offline Store,Offline,PAY-00674,EMP-024
TRX-00675,2024-05-11 21:14:00,CUST-0068,STORE-001,CH_OFF,Offline Store,Offline,PAY-00675,EMP-061
TRX-00676,2024-09-01 19:10:00,CUST-0608,STORE-012,CH_OFF,Offline Store,Offline,PAY-00676,EMP-011
TRX-00677,2024-03-21 20:47:00,CUST-0329,STORE-015,CH_OFF,Offline Store,Offline,PAY-00677,EMP-034
TRX-00678,2024-01-03 09:18:00,,STORE-008,CH_WEB,Online Web,Online,PAY-00678,
TRX-00679,2024-06-13 21:47:00,CUST-0245,STORE-017,CH_OFF,Offline Store,Offline,PAY-00679,EMP-048
TRX-00680,2025-01-26 13:44:00,CUST-0615,STORE-007,CH_OFF,Offline Store,Offline,PAY-00680,EMP-027
TRX-00681,2025-03-18 16:02:00,CUST-0989,STORE-020,CH_WEB,Online Web,Online,PAY-00681,
TRX-00682,2024-03-21 10:12:00,CUST-0933,STORE-005,CH_MKT,Marketplace,Online,PAY-00682,
TRX-00683,2025-02-16 09:18:00,CUST-0818,STORE-022,CH_OFF,Offline Store,Offline,PAY-00683,EMP-021
TRX-00684,2024-10-12 13:30:00,CUST-0982,STORE-002,CH_OFF,Offline Store,Offline,PAY-00684,EMP-069
TRX-00685,2025-03-07 21:31:00,CUST-0418,STORE-005,CH_OFF,Offline Store,Offline,PAY-00685,EMP-053
TRX-00686,2025-01-28 10:47:00,CUST-0017,STORE-005,CH_OFF,Offline Store,Offline,PAY-00686,EMP-048
TRX-00687,2024-01-09 14:02:00,CUST-0544,STORE-021,CH_OFF,Offline Store,Offline,PAY-00687,EMP-012
TRX-00688,2024-05-26 14:08:00,,STORE-009,CH_WEB,Online Web,Online,PAY-00688,
TRX-00689,2024-07-10 15:02:00,,STORE-023,CH_OFF,Offline Store,Offline,PAY-00689,EMP-069
TRX-00690,2024-05-20 09:20:00,CUST-0571,STORE-020,CH_WEB,Online Web,Online,PAY-00690,
TRX-00691,2024-12-24 17:13:00,CUST-0860,STORE-010,CH_OFF,Offline Store,Offline,PAY-00691,EMP-043
TRX-00692,2024-08-28 21:26:00,CUST-0431,STORE-005,CH_OFF,Offline Store,Offline,PAY-00692,EMP-040
TRX-00693,2024-03-05 14:32:00,CUST-0073,STORE-012,CH_OFF,Offline Store,Offline,PAY-00693,EMP-026
TRX-00694,2024-07-02 13:19:00,,STORE-008,CH_OFF,Offline Store,Offline,PAY-00694,EMP-076
TRX-00695,2025-04-23 18:03:00,CUST-0472,STORE-004,CH_WEB,Online Web,Online,PAY-00695,
TRX-00696,2025-02-18 18:13:00,CUST-0398,STORE-004,CH_WEB,Online Web,Online,PAY-00696,
TRX-00697,2025-04-24 09:49:00,CUST-0249,STORE-024,CH_OFF,Offline Store,Offline,PAY-00697,EMP-062
TRX-00698,2024-05-27 20:45:00,CUST-0491,STORE-007,CH_OFF,Offline Store,Offline,PAY-00698,EMP-018
TRX-00699,2025-04-16 15:39:00,CUST-0669,STORE-006,CH_MKT,Marketplace,Online,PAY-00699,
TRX-00700,2024-07-05 09:36:00,CUST-0706,STORE-001,CH_OFF,Offline Store,Offline,PAY-00700,EMP-009
TRX-00701,2024-06-01 18:00:00,CUST-0495,STORE-011,CH_OFF,Offline Store,Offline,PAY-00701,EMP-042
TRX-00702,2024-01-04 20:53:00,CUST-0292,STORE-008,CH_OFF,Offline Store,Offline,PAY-00702,EMP-028
TRX-00703,2024-02-04 15:25:00,CUST-0748,STORE-016,CH_OFF,Offline Store,Offline,PAY-00703,EMP-004
TRX-00704,2024-02-08 19:30:00,CUST-0305,STORE-024,CH_WEB,Online Web,Online,PAY-00704,
TRX-00705,2025-03-14 16:26:00,CUST-0583,STORE-001,CH_OFF,Offline Store,Offline,PAY-00705,EMP-056
TRX-00706,2024-03-13 13:36:00,CUST-0323,STORE-020,CH_MKT,Marketplace,Online,PAY-00706,
TRX-00707,2024-10-11 18:50:00,,STORE-020,CH_WEB,Online Web,Online,PAY-00707,
TRX-00708,2024-08-15 18:16:00,CUST-0104,STORE-005,CH_OFF,Offline Store,Offline,PAY-00708,EMP-013
TRX-00709,2024-10-22 17:59:00,CUST-0258,STORE-001,CH_OFF,Offline Store,Offline,PAY-00709,EMP-001
TRX-00710,2024-11-03 11:52:00,CUST-0653,STORE-006,CH_MKT,Marketplace,Online,PAY-00710,
TRX-00711,2025-05-09 09:21:00,CUST-0996,STORE-010,CH_OFF,Offline Store,Offline,PAY-00711,EMP-009
TRX-00712,2024-10-04 15:01:00,CUST-0333,STORE-017,CH_OFF,Offline Store,Offline,PAY-00712,EMP-055
TRX-00713,2025-02-08 21:07:00,,STORE-018,CH_OFF,Offline Store,Offline,PAY-00713,EMP-008
TRX-00714,2025-02-20 13:21:00,CUST-0950,STORE-017,CH_WEB,Online Web,Online,PAY-00714,
TRX-00715,2025-02-28 21:33:00,CUST-0299,STORE-022,CH_WEB,Online Web,Online,PAY-00715,
TRX-00716,2024-09-23 10:49:00,CUST-0627,STORE-016,CH_MKT,Marketplace,Online,PAY-00716,
TRX-00717,2025-04-08 09:15:00,CUST-0047,STORE-020,CH_WEB,Online Web,Online,PAY-00717,
TRX-00718,2024-08-16 09:38:00,CUST-0285,STORE-024,CH_WEB,Online Web,Online,PAY-00718,
TRX-00719,2025-05-13 11:53:00,CUST-0157,STORE-018,CH_OFF,Offline Store,Offline,PAY-00719,EMP-035
TRX-00720,2025-01-21 21:44:00,CUST-0522,STORE-001,CH_OFF,Offline Store,Offline,PAY-00720,EMP-074
TRX-00721,2025-03-18 09:10:00,CUST-0257,STORE-009,CH_OFF,Offline Store,Offline,PAY-00721,EMP-019
TRX-00722,2024-01-18 16:12:00,CUST-0158,STORE-002,CH_WEB,Online Web,Online,PAY-00722,
TRX-00723,2024-03-09 17:57:00,CUST-0274,STORE-022,CH_WEB,Online Web,Online,PAY-00723,
TRX-00724,2024-10-10 10:36:00,CUST-0251,STORE-021,CH_WEB,Online Web,Online,PAY-00724,
TRX-00725,2024-10-26 17:13:00,CUST-0455,STORE-007,CH_WEB,Online Web,Online,PAY-00725,
TRX-00726,2025-05-27 11:18:00,CUST-0908,STORE-013,CH_OFF,Offline Store,Offline,PAY-00726,EMP-047
TRX-00727,2025-05-29 18:01:00,CUST-0906,STORE-006,CH_OFF,Offline Store,Offline,PAY-00727,EMP-030
TRX-00728,2025-04-22 16:37:00,CUST-0266,STORE-003,CH_OFF,Offline Store,Offline,PAY-00728,EMP-057
TRX-00729,2024-08-03 16:32:00,,STORE-019,CH_WEB,Online Web,Online,PAY-00729,
TRX-00730,2025-02-03 11:25:00,CUST-0216,STORE-017,CH_WEB,Online Web,Online,PAY-00730,
TRX-00731,2025-02-12 19:06:00,CUST-0959,STORE-021,CH_OFF,Offline Store,Offline,PAY-00731,EMP-078
TRX-00732,2025-01-31 19:50:00,CUST-0524,STORE-025,CH_OFF,Offline Store,Offline,PAY-00732,EMP-018
TRX-00733,2024-08-12 16:49:00,CUST-0569,STORE-005,CH_OFF,Offline Store,Offline,PAY-00733,EMP-050
TRX-00734,2024-09-05 20:20:00,,STORE-016,CH_MKT,Marketplace,Online,PAY-00734,
TRX-00735,2024-01-14 21:31:00,CUST-0758,STORE-004,CH_WEB,Online Web,Online,PAY-00735,
TRX-00736,2024-04-05 17:30:00,CUST-0692,STORE-024,CH_OFF,Offline Store,Offline,PAY-00736,EMP-029
TRX-00737,2025-05-09 09:41:00,CUST-0105,STORE-025,CH_OFF,Offline Store,Offline,PAY-00737,EMP-020
TRX-00738,2025-04-06 18:28:00,CUST-0895,STORE-005,CH_WEB,Online Web,Online,PAY-00738,
TRX-00739,2024-01-26 21:14:00,CUST-0434,STORE-024,CH_WEB,Online Web,Online,PAY-00739,
TRX-00740,2024-06-13 18:58:00,CUST-0151,STORE-022,CH_OFF,Offline Store,Offline,PAY-00740,EMP-057
TRX-00741,2024-11-07 19:10:00,CUST-0233,STORE-008,CH_OFF,Offline Store,Offline,PAY-00741,EMP-023
TRX-00742,2025-02-02 09:29:00,CUST-0308,STORE-010,CH_OFF,Offline Store,Offline,PAY-00742,EMP-050
TRX-00743,2024-03-06 16:00:00,CUST-0972,STORE-006,CH_OFF,Offline Store,Offline,PAY-00743,EMP-022
TRX-00744,2024-04-11 12:50:00,CUST-0858,STORE-009,CH_MKT,Marketplace,Online,PAY-00744,
TRX-00745,2024-05-08 17:25:00,CUST-0653,STORE-008,CH_OFF,Offline Store,Offline,PAY-00745,EMP-026
TRX-00746,2024-07-12 15:24:00,CUST-0127,STORE-020,CH_OFF,Offline Store,Offline,PAY-00746,EMP-049
TRX-00747,2024-02-10 10:57:00,CUST-0743,STORE-015,CH_OFF,Offline Store,Offline,PAY-00747,EMP-055
TRX-00748,2025-02-17 10:17:00,CUST-0632,STORE-006,CH_OFF,Offline Store,Offline,PAY-00748,EMP-028
TRX-00749,2024-04-22 17:24:00,CUST-0770,STORE-005,CH_WEB,Online Web,Online,PAY-00749,
TRX-00750,2024-06-10 19:11:00,CUST-0450,STORE-013,CH_OFF,Offline Store,Offline,PAY-00750,EMP-034
TRX-00751,2024-09-18 17:25:00,CUST-0185,STORE-018,CH_WEB,Online Web,Online,PAY-00751,
TRX-00752,2024-04-05 10:16:00,CUST-0603,STORE-015,CH_OFF,Offline Store,Offline,PAY-00752,EMP-068
TRX-00753,2025-03-21 15:06:00,CUST-0054,STORE-023,CH_OFF,Offline Store,Offline,PAY-00753,EMP-068
TRX-00754,2025-02-26 11:40:00,CUST-0820,STORE-001,CH_OFF,Offline Store,Offline,PAY-00754,EMP-063
TRX-00755,2024-01-03 11:55:00,CUST-0593,STORE-022,CH_WEB,Online Web,Online,PAY-00755,
TRX-00756,2024-02-24 11:12:00,,STORE-017,CH_OFF,Offline Store,Offline,PAY-00756,EMP-056
TRX-00757,2024-03-18 13:20:00,CUST-0580,STORE-005,CH_OFF,Offline Store,Offline,PAY-00757,EMP-003
TRX-00758,2024-05-19 13:02:00,,STORE-011,CH_OFF,Offline Store,Offline,PAY-00758,EMP-030
TRX-00759,2024-08-16 18:06:00,CUST-0658,STORE-006,CH_OFF,Offline Store,Offline,PAY-00759,EMP-047
TRX-00760,2025-02-25 19:18:00,CUST-0222,STORE-010,CH_OFF,Offline Store,Offline,PAY-00760,EMP-024
TRX-00761,2024-02-25 20:51:00,CUST-0366,STORE-008,CH_OFF,Offline Store,Offline,PAY-00761,EMP-056
TRX-00762,2024-04-04 14:44:00,CUST-0393,STORE-013,CH_OFF,Offline Store,Offline,PAY-00762,EMP-048
TRX-00763,2024-09-29 16:50:00,CUST-0225,STORE-008,CH_OFF,Offline Store,Offline,PAY-00763,EMP-052
TRX-00764,2025-02-21 11:48:00,CUST-0785,STORE-019,CH_OFF,Offline Store,Offline,PAY-00764,EMP-071
TRX-00765,2024-08-17 14:17:00,CUST-0676,STORE-010,CH_WEB,Online Web,Online,PAY-00765,
TRX-00766,2024-08-30 18:38:00,CUST-0778,STORE-018,CH_OFF,Offline Store,Offline,PAY-00766,EMP-010
TRX-00767,2024-01-24 16:51:00,CUST-0134,STORE-013,CH_OFF,Offline Store,Offline,PAY-00767,EMP-008
TRX-00768,2024-01-20 17:57:00,CUST-0750,STORE-009,CH_MKT,Marketplace,Online,PAY-00768,
TRX-00769,2024-10-11 11:47:00,CUST-0852,STORE-021,CH_OFF,Offline Store,Offline,PAY-00769,EMP-022
TRX-00770,2024-11-03 09:13:00,CUST-0587,STORE-009,CH_MKT,Marketplace,Online,PAY-00770,
TRX-00771,2025-02-23 16:43:00,,STORE-022,CH_OFF,Offline Store,Offline,PAY-00771,EMP-071
TRX-00772,2024-09-09 18:38:00,CUST-0600,STORE-002,CH_OFF,Offline Store,Offline,PAY-00772,EMP-011
TRX-00773,2024-07-29 19:17:00,CUST-0103,STORE-010,CH_WEB,Online Web,Online,PAY-00773,
TRX-00774,2025-05-20 18:13:00,,STORE-009,CH_MKT,Marketplace,Online,PAY-00774,
TRX-00775,2025-03-03 15:59:00,CUST-0938,STORE-018,CH_OFF,Offline Store,Offline,PAY-00775,EMP-005
TRX-00776,2024-03-02 12:20:00,CUST-0436,STORE-002,CH_MKT,Marketplace,Online,PAY-00776,
TRX-00777,2024-04-28 12:56:00,CUST-0723,STORE-004,CH_WEB,Online Web,Online,PAY-00777,
TRX-00778,2024-03-31 13:05:00,CUST-0861,STORE-018,CH_OFF,Offline Store,Offline,PAY-00778,EMP-059
TRX-00779,2024-09-01 17:50:00,CUST-0039,STORE-021,CH_OFF,Offline Store,Offline,PAY-00779,EMP-064
TRX-00780,2024-02-19 10:45:00,CUST-0943,STORE-011,CH_OFF,Offline Store,Offline,PAY-00780,EMP-028
TRX-00781,2024-11-26 11:48:00,CUST-0758,STORE-010,CH_OFF,Offline Store,Offline,PAY-00781,EMP-010
TRX-00782,2024-10-09 17:33:00,CUST-0368,STORE-014,CH_OFF,Offline Store,Offline,PAY-00782,EMP-050
TRX-00783,2025-02-15 12:23:00,CUST-0517,STORE-010,CH_OFF,Offline Store,Offline,PAY-00783,EMP-019
TRX-00784,2024-10-08 10:53:00,CUST-0839,STORE-013,CH_OFF,Offline Store,Offline,PAY-00784,EMP-066
TRX-00785,2024-10-05 21:48:00,CUST-0139,STORE-018,CH_OFF,Offline Store,Offline,PAY-00785,EMP-019
TRX-00786,2024-05-26 17:09:00,CUST-0570,STORE-005,CH_OFF,Offline Store,Offline,PAY-00786,EMP-037
TRX-00787,2024-10-31 09:00:00,CUST-0040,STORE-024,CH_OFF,Offline Store,Offline,PAY-00787,EMP-071
TRX-00788,2025-03-29 11:10:00,CUST-0544,STORE-019,CH_OFF,Offline Store,Offline,PAY-00788,EMP-017
TRX-00789,2024-03-15 09:57:00,CUST-0637,STORE-010,CH_OFF,Offline Store,Offline,PAY-00789,EMP-043
TRX-00790,2025-02-23 21:29:00,CUST-0905,STORE-021,CH_OFF,Offline Store,Offline,PAY-00790,EMP-017
TRX-00791,2024-01-26 19:14:00,CUST-0600,STORE-025,CH_OFF,Offline Store,Offline,PAY-00791,EMP-015
TRX-00792,2024-11-22 14:35:00,CUST-0353,STORE-016,CH_OFF,Offline Store,Offline,PAY-00792,EMP-048
TRX-00793,2024-02-20 20:19:00,CUST-0157,STORE-017,CH_OFF,Offline Store,Offline,PAY-00793,EMP-078
TRX-00794,2024-11-21 11:28:00,CUST-0949,STORE-008,CH_OFF,Offline Store,Offline,PAY-00794,EMP-054
TRX-00795,2025-02-11 13:17:00,CUST-0793,STORE-016,CH_OFF,Offline Store,Offline,PAY-00795,EMP-024
TRX-00796,2024-02-02 13:05:00,CUST-0130,STORE-010,CH_OFF,Offline Store,Offline,PAY-00796,EMP-015
TRX-00797,2025-01-22 09:10:00,CUST-0378,STORE-015,CH_OFF,Offline Store,Offline,PAY-00797,EMP-008
TRX-00798,2024-11-25 19:34:00,CUST-0143,STORE-017,CH_WEB,Online Web,Online,PAY-00798,
TRX-00799,2025-03-29 11:06:00,CUST-0975,STORE-006,CH_OFF,Offline Store,Offline,PAY-00799,EMP-077
TRX-00800,2024-09-03 18:11:00,CUST-0392,STORE-020,CH_OFF,Offline Store,Offline,PAY-00800,EMP-027
TRX-00801,2025-05-27 09:19:00,CUST-0961,STORE-012,CH_OFF,Offline Store,Offline,PAY-00801,EMP-001
TRX-00802,2024-08-19 16:38:00,CUST-0619,STORE-002,CH_OFF,Offline Store,Offline,PAY-00802,EMP-001
TRX-00803,2024-12-14 15:45:00,CUST-0288,STORE-023,CH_OFF,Offline Store,Offline,PAY-00803,EMP-064
TRX-00804,2024-05-26 12:00:00,CUST-0799,STORE-012,CH_MKT,Marketplace,Online,PAY-00804,
TRX-00805,2024-10-21 12:28:00,,STORE-024,CH_OFF,Offline Store,Offline,PAY-00805,EMP-016
TRX-00806,2024-12-18 11:42:00,CUST-0918,STORE-025,CH_OFF,Offline Store,Offline,PAY-00806,EMP-054
TRX-00807,2025-02-20 19:04:00,CUST-0640,STORE-002,CH_OFF,Offline Store,Offline,PAY-00807,EMP-020
TRX-00808,2025-05-04 19:27:00,CUST-0252,STORE-005,CH_OFF,Offline Store,Offline,PAY-00808,EMP-020
TRX-00809,2024-10-18 19:32:00,CUST-0226,STORE-016,CH_WEB,Online Web,Online,PAY-00809,
TRX-00810,2024-12-10 21:58:00,CUST-0771,STORE-018,CH_OFF,Offline Store,Offline,PAY-00810,EMP-073
TRX-00811,2024-09-21 10:31:00,CUST-0207,STORE-022,CH_WEB,Online Web,Online,PAY-00811,
TRX-00812,2024-02-01 15:51:00,CUST-0718,STORE-014,CH_WEB,Online Web,Online,PAY-00812,
TRX-00813,2024-10-13 14:22:00,CUST-0828,STORE-008,CH_OFF,Offline Store,Offline,PAY-00813,EMP-063
TRX-00814,2025-01-11 10:01:00,CUST-0641,STORE-005,CH_OFF,Offline Store,Offline,PAY-00814,EMP-041
TRX-00815,2024-05-26 19:03:00,CUST-0785,STORE-005,CH_MKT,Marketplace,Online,PAY-00815,
TRX-00816,2024-03-15 11:36:00,CUST-0448,STORE-022,CH_MKT,Marketplace,Online,PAY-00816,
TRX-00817,2024-12-19 16:46:00,CUST-0879,STORE-005,CH_OFF,Offline Store,Offline,PAY-00817,EMP-048
TRX-00818,2024-04-05 13:28:00,CUST-0862,STORE-005,CH_OFF,Offline Store,Offline,PAY-00818,EMP-032
TRX-00819,2025-02-08 16:25:00,CUST-0456,STORE-001,CH_OFF,Offline Store,Offline,PAY-00819,EMP-051
TRX-00820,2024-06-04 09:52:00,CUST-0051,STORE-024,CH_MKT,Marketplace,Online,PAY-00820,
TRX-00821,2024-06-19 20:34:00,CUST-0511,STORE-024,CH_OFF,Offline Store,Offline,PAY-00821,EMP-011
TRX-00822,2024-02-23 10:55:00,CUST-0268,STORE-020,CH_OFF,Offline Store,Offline,PAY-00822,EMP-048
TRX-00823,2025-05-01 14:50:00,CUST-0733,STORE-023,CH_OFF,Offline Store,Offline,PAY-00823,EMP-008
TRX-00824,2024-03-03 13:03:00,CUST-0066,STORE-012,CH_WEB,Online Web,Online,PAY-00824,
TRX-00825,2025-04-14 14:22:00,CUST-0202,STORE-002,CH_OFF,Offline Store,Offline,PAY-00825,EMP-080
TRX-00826,2025-04-18 21:58:00,CUST-0415,STORE-020,CH_OFF,Offline Store,Offline,PAY-00826,EMP-068
TRX-00827,2025-04-26 15:28:00,CUST-0754,STORE-023,CH_OFF,Offline Store,Offline,PAY-00827,EMP-067
TRX-00828,2024-09-18 14:41:00,CUST-0603,STORE-012,CH_OFF,Offline Store,Offline,PAY-00828,EMP-055
TRX-00829,2024-06-12 15:25:00,CUST-0097,STORE-015,CH_OFF,Offline Store,Offline,PAY-00829,EMP-062
TRX-00830,2024-07-26 09:09:00,CUST-0350,STORE-007,CH_WEB,Online Web,Online,PAY-00830,
TRX-00831,2024-03-12 19:23:00,CUST-0728,STORE-002,CH_OFF,Offline Store,Offline,PAY-00831,EMP-022
TRX-00832,2024-01-08 17:58:00,CUST-0484,STORE-005,CH_MKT,Marketplace,Online,PAY-00832,
TRX-00833,2025-05-28 13:08:00,CUST-0710,STORE-024,CH_OFF,Offline Store,Offline,PAY-00833,EMP-062
TRX-00834,2024-10-24 16:13:00,CUST-0988,STORE-002,CH_OFF,Offline Store,Offline,PAY-00834,EMP-045
TRX-00835,2025-05-01 10:24:00,CUST-0625,STORE-014,CH_WEB,Online Web,Online,PAY-00835,
TRX-00836,2024-09-29 09:01:00,CUST-0376,STORE-005,CH_OFF,Offline Store,Offline,PAY-00836,EMP-021
TRX-00837,2024-01-14 16:01:00,CUST-0292,STORE-016,CH_MKT,Marketplace,Online,PAY-00837,
TRX-00838,2024-06-04 15:00:00,,STORE-002,CH_OFF,Offline Store,Offline,PAY-00838,EMP-018
TRX-00839,2024-10-22 17:32:00,CUST-0367,STORE-016,CH_OFF,Offline Store,Offline,PAY-00839,EMP-012
TRX-00840,2024-09-02 21:09:00,,STORE-007,CH_MKT,Marketplace,Online,PAY-00840,
TRX-00841,2025-02-06 17:21:00,CUST-0911,STORE-019,CH_OFF,Offline Store,Offline,PAY-00841,EMP-022
TRX-00842,2024-11-23 10:37:00,,STORE-025,CH_WEB,Online Web,Online,PAY-00842,
TRX-00843,2024-11-23 15:54:00,CUST-0223,STORE-013,CH_MKT,Marketplace,Online,PAY-00843,
TRX-00844,2024-03-08 17:28:00,CUST-0745,STORE-001,CH_OFF,Offline Store,Offline,PAY-00844,EMP-040
TRX-00845,2024-09-25 20:14:00,CUST-0428,STORE-014,CH_OFF,Offline Store,Offline,PAY-00845,EMP-012
TRX-00846,2025-03-15 17:04:00,CUST-0886,STORE-025,CH_WEB,Online Web,Online,PAY-00846,
TRX-00847,2024-03-31 09:22:00,CUST-0970,STORE-007,CH_OFF,Offline Store,Offline,PAY-00847,EMP-032
TRX-00848,2024-04-06 17:37:00,CUST-0765,STORE-010,CH_MKT,Marketplace,Online,PAY-00848,
TRX-00849,2024-04-16 15:51:00,CUST-0491,STORE-023,CH_WEB,Online Web,Online,PAY-00849,
TRX-00850,2025-02-10 21:50:00,CUST-0471,STORE-013,CH_OFF,Offline Store,Offline,PAY-00850,EMP-023
TRX-00851,2025-02-10 10:25:00,CUST-0333,STORE-006,CH_OFF,Offline Store,Offline,PAY-00851,EMP-024
TRX-00852,2024-04-18 11:20:00,CUST-0489,STORE-016,CH_WEB,Online Web,Online,PAY-00852,
TRX-00853,2024-01-26 14:01:00,CUST-0941,STORE-023,CH_MKT,Marketplace,Online,PAY-00853,
TRX-00854,2024-12-25 21:05:00,CUST-0452,STORE-003,CH_MKT,Marketplace,Online,PAY-00854,
TRX-00855,2025-04-02 17:53:00,CUST-0358,STORE-021,CH_OFF,Offline Store,Offline,PAY-00855,EMP-060
TRX-00856,2024-01-24 15:42:00,CUST-0353,STORE-005,CH_OFF,Offline Store,Offline,PAY-00856,EMP-024
TRX-00857,2024-02-12 09:50:00,CUST-0655,STORE-007,CH_OFF,Offline Store,Offline,PAY-00857,EMP-003
TRX-00858,2024-04-04 21:41:00,CUST-0313,STORE-013,CH_OFF,Offline Store,Offline,PAY-00858,EMP-077
TRX-00859,2024-11-07 13:23:00,CUST-0339,STORE-024,CH_OFF,Offline Store,Offline,PAY-00859,EMP-009
TRX-00860,2024-10-01 17:12:00,CUST-0576,STORE-024,CH_WEB,Online Web,Online,PAY-00860,
TRX-00861,2024-01-31 19:51:00,CUST-0374,STORE-017,CH_OFF,Offline Store,Offline,PAY-00861,EMP-061
TRX-00862,2024-09-14 13:15:00,CUST-0747,STORE-014,CH_OFF,Offline Store,Offline,PAY-00862,EMP-077
TRX-00863,2024-01-09 09:29:00,CUST-0177,STORE-025,CH_OFF,Offline Store,Offline,PAY-00863,EMP-078
TRX-00864,2024-01-05 12:35:00,CUST-0065,STORE-014,CH_WEB,Online Web,Online,PAY-00864,
TRX-00865,2024-12-17 09:42:00,CUST-0576,STORE-004,CH_OFF,Offline Store,Offline,PAY-00865,EMP-040
TRX-00866,2024-12-04 12:05:00,CUST-0743,STORE-004,CH_WEB,Online Web,Online,PAY-00866,
TRX-00867,2025-04-16 13:09:00,CUST-0861,STORE-022,CH_OFF,Offline Store,Offline,PAY-00867,EMP-049
TRX-00868,2024-03-23 18:14:00,CUST-0081,STORE-016,CH_MKT,Marketplace,Online,PAY-00868,
TRX-00869,2024-04-20 15:29:00,CUST-0453,STORE-009,CH_OFF,Offline Store,Offline,PAY-00869,EMP-050
TRX-00870,2024-06-19 21:27:00,CUST-0104,STORE-006,CH_WEB,Online Web,Online,PAY-00870,
TRX-00871,2025-03-17 12:01:00,CUST-0241,STORE-020,CH_OFF,Offline Store,Offline,PAY-00871,EMP-077
TRX-00872,2024-05-08 19:45:00,CUST-0452,STORE-008,CH_OFF,Offline Store,Offline,PAY-00872,EMP-013
TRX-00873,2025-01-13 18:52:00,CUST-0305,STORE-012,CH_OFF,Offline Store,Offline,PAY-00873,EMP-006
TRX-00874,2024-01-25 20:18:00,CUST-0199,STORE-003,CH_OFF,Offline Store,Offline,PAY-00874,EMP-067
TRX-00875,2025-02-21 11:43:00,CUST-0972,STORE-022,CH_OFF,Offline Store,Offline,PAY-00875,EMP-060
TRX-00876,2024-02-24 20:32:00,CUST-0840,STORE-020,CH_OFF,Offline Store,Offline,PAY-00876,EMP-020
TRX-00877,2025-04-16 15:49:00,CUST-0792,STORE-001,CH_OFF,Offline Store,Offline,PAY-00877,EMP-046
TRX-00878,2024-03-23 14:55:00,CUST-0261,STORE-009,CH_WEB,Online Web,Online,PAY-00878,
TRX-00879,2024-02-05 12:47:00,CUST-0654,STORE-012,CH_OFF,Offline Store,Offline,PAY-00879,EMP-008
TRX-00880,2024-07-29 13:26:00,CUST-0471,STORE-022,CH_OFF,Offline Store,Offline,PAY-00880,EMP-045
TRX-00881,2024-05-15 16:11:00,,STORE-025,CH_WEB,Online Web,Online,PAY-00881,
TRX-00882,2024-08-29 11:02:00,CUST-0758,STORE-007,CH_OFF,Offline Store,Offline,PAY-00882,EMP-010
TRX-00883,2024-01-13 16:47:00,CUST-0724,STORE-010,CH_WEB,Online Web,Online,PAY-00883,
TRX-00884,2025-01-08 21:01:00,CUST-0688,STORE-018,CH_OFF,Offline Store,Offline,PAY-00884,EMP-078
TRX-00885,2025-01-07 15:38:00,CUST-0632,STORE-013,CH_OFF,Offline Store,Offline,PAY-00885,EMP-045
TRX-00886,2024-05-24 15:15:00,CUST-0411,STORE-004,CH_OFF,Offline Store,Offline,PAY-00886,EMP-018
TRX-00887,2024-10-20 09:10:00,CUST-0223,STORE-022,CH_OFF,Offline Store,Offline,PAY-00887,EMP-037
TRX-00888,2024-04-09 19:19:00,CUST-0688,STORE-004,CH_OFF,Offline Store,Offline,PAY-00888,EMP-048
TRX-00889,2025-03-01 13:30:00,,STORE-009,CH_MKT,Marketplace,Online,PAY-00889,
TRX-00890,2024-08-24 09:01:00,CUST-0226,STORE-016,CH_OFF,Offline Store,Offline,PAY-00890,EMP-078
TRX-00891,2024-02-29 15:21:00,CUST-0287,STORE-003,CH_OFF,Offline Store,Offline,PAY-00891,EMP-006
TRX-00892,2025-02-14 19:03:00,CUST-0492,STORE-011,CH_WEB,Online Web,Online,PAY-00892,
TRX-00893,2024-11-19 11:59:00,CUST-0110,STORE-016,CH_OFF,Offline Store,Offline,PAY-00893,EMP-016
TRX-00894,2024-04-14 09:27:00,,STORE-007,CH_OFF,Offline Store,Offline,PAY-00894,EMP-041
TRX-00895,2024-07-01 20:55:00,CUST-0106,STORE-014,CH_OFF,Offline Store,Offline,PAY-00895,EMP-077
TRX-00896,2024-02-24 15:33:00,CUST-0171,STORE-023,CH_WEB,Online Web,Online,PAY-00896,
TRX-00897,2024-06-24 10:24:00,CUST-0708,STORE-007,CH_OFF,Offline Store,Offline,PAY-00897,EMP-054
TRX-00898,2024-10-29 14:33:00,CUST-0516,STORE-008,CH_OFF,Offline Store,Offline,PAY-00898,EMP-044
TRX-00899,2024-06-06 11:58:00,CUST-0985,STORE-011,CH_OFF,Offline Store,Offline,PAY-00899,EMP-014
TRX-00900,2025-03-07 11:57:00,CUST-0839,STORE-023,CH_WEB,Online Web,Online,PAY-00900,
TRX-00901,2024-11-17 15:13:00,CUST-0618,STORE-008,CH_OFF,Offline Store,Offline,PAY-00901,EMP-002
TRX-00902,2024-02-02 17:47:00,CUST-0888,STORE-006,CH_MKT,Marketplace,Online,PAY-00902,
TRX-00903,2025-04-26 12:59:00,CUST-0030,STORE-016,CH_OFF,Offline Store,Offline,PAY-00903,EMP-018
TRX-00904,2024-06-23 20:54:00,CUST-0097,STORE-023,CH_WEB,Online Web,Online,PAY-00904,
TRX-00905,2024-11-13 13:17:00,CUST-0780,STORE-018,CH_OFF,Offline Store,Offline,PAY-00905,EMP-035
TRX-00906,2024-11-11 16:26:00,CUST-0916,STORE-003,CH_OFF,Offline Store,Offline,PAY-00906,EMP-016
TRX-00907,2024-03-07 12:29:00,,STORE-010,CH_WEB,Online Web,Online,PAY-00907,
TRX-00908,2024-07-23 14:24:00,CUST-0274,STORE-006,CH_OFF,Offline Store,Offline,PAY-00908,EMP-074
TRX-00909,2024-06-20 18:22:00,CUST-0551,STORE-013,CH_OFF,Offline Store,Offline,PAY-00909,EMP-012
TRX-00910,2024-11-08 11:17:00,CUST-0880,STORE-005,CH_WEB,Online Web,Online,PAY-00910,
TRX-00911,2024-09-20 12:30:00,CUST-0962,STORE-024,CH_MKT,Marketplace,Online,PAY-00911,
TRX-00912,2024-06-29 15:39:00,CUST-0568,STORE-011,CH_OFF,Offline Store,Offline,PAY-00912,EMP-044
TRX-00913,2025-01-17 18:17:00,CUST-0944,STORE-016,CH_MKT,Marketplace,Online,PAY-00913,
TRX-00914,2024-02-15 13:29:00,CUST-0563,STORE-017,CH_OFF,Offline Store,Offline,PAY-00914,EMP-026
TRX-00915,2024-10-08 13:47:00,CUST-0661,STORE-013,CH_OFF,Offline Store,Offline,PAY-00915,EMP-049
TRX-00916,2025-03-19 18:03:00,CUST-0268,STORE-020,CH_MKT,Marketplace,Online,PAY-00916,
TRX-00917,2025-02-05 16:53:00,CUST-0443,STORE-024,CH_OFF,Offline Store,Offline,PAY-00917,EMP-042
TRX-00918,2024-10-26 13:36:00,CUST-0700,STORE-006,CH_OFF,Offline Store,Offline,PAY-00918,EMP-027
TRX-00919,2024-01-18 19:21:00,CUST-0419,STORE-023,CH_OFF,Offline Store,Offline,PAY-00919,EMP-074
TRX-00920,2024-12-05 21:28:00,CUST-0982,STORE-002,CH_OFF,Offline Store,Offline,PAY-00920,EMP-017
TRX-00921,2024-11-04 17:50:00,,STORE-014,CH_MKT,Marketplace,Online,PAY-00921,
TRX-00922,2024-03-27 09:49:00,,STORE-025,CH_OFF,Offline Store,Offline,PAY-00922,EMP-019
TRX-00923,2025-05-16 16:22:00,CUST-0778,STORE-016,CH_OFF,Offline Store,Offline,PAY-00923,EMP-007
TRX-00924,2024-03-14 19:09:00,CUST-0380,STORE-015,CH_OFF,Offline Store,Offline,PAY-00924,EMP-054
TRX-00925,2024-11-04 13:55:00,CUST-0473,STORE-014,CH_MKT,Marketplace,Online,PAY-00925,
TRX-00926,2025-05-15 16:16:00,CUST-0990,STORE-025,CH_WEB,Online Web,Online,PAY-00926,
TRX-00927,2024-09-02 16:24:00,CUST-0571,STORE-016,CH_MKT,Marketplace,Online,PAY-00927,
TRX-00928,2024-03-18 14:48:00,CUST-0213,STORE-021,CH_OFF,Offline Store,Offline,PAY-00928,EMP-027
TRX-00929,2025-01-16 15:22:00,CUST-0154,STORE-008,CH_WEB,Online Web,Online,PAY-00929,
TRX-00930,2025-03-16 09:40:00,CUST-0938,STORE-022,CH_MKT,Marketplace,Online,PAY-00930,
TRX-00931,2024-03-20 10:38:00,CUST-0613,STORE-017,CH_WEB,Online Web,Online,PAY-00931,
TRX-00932,2024-10-10 15:27:00,,STORE-024,CH_WEB,Online Web,Online,PAY-00932,
TRX-00933,2025-02-25 15:42:00,CUST-0801,STORE-013,CH_WEB,Online Web,Online,PAY-00933,
TRX-00934,2024-03-10 13:45:00,CUST-0239,STORE-023,CH_OFF,Offline Store,Offline,PAY-00934,EMP-030
TRX-00935,2025-05-07 19:15:00,CUST-0433,STORE-006,CH_OFF,Offline Store,Offline,PAY-00935,EMP-020
TRX-00936,2025-04-06 12:13:00,CUST-0859,STORE-003,CH_OFF,Offline Store,Offline,PAY-00936,EMP-033
TRX-00937,2024-01-18 20:55:00,CUST-0939,STORE-024,CH_OFF,Offline Store,Offline,PAY-00937,EMP-029
TRX-00938,2024-04-07 12:05:00,CUST-0941,STORE-012,CH_OFF,Offline Store,Offline,PAY-00938,EMP-010
TRX-00939,2025-01-08 19:10:00,CUST-0501,STORE-018,CH_OFF,Offline Store,Offline,PAY-00939,EMP-078
TRX-00940,2025-01-19 14:23:00,CUST-0860,STORE-004,CH_MKT,Marketplace,Online,PAY-00940,
TRX-00941,2024-02-12 20:03:00,CUST-0984,STORE-018,CH_OFF,Offline Store,Offline,PAY-00941,EMP-009
TRX-00942,2024-02-23 18:47:00,CUST-0178,STORE-003,CH_MKT,Marketplace,Online,PAY-00942,
TRX-00943,2024-12-30 14:12:00,CUST-0976,STORE-003,CH_MKT,Marketplace,Online,PAY-00943,
TRX-00944,2025-02-21 14:39:00,CUST-0680,STORE-025,CH_MKT,Marketplace,Online,PAY-00944,
TRX-00945,2024-07-07 18:37:00,CUST-0417,STORE-020,CH_OFF,Offline Store,Offline,PAY-00945,EMP-077
TRX-00946,2025-01-26 19:24:00,CUST-0096,STORE-001,CH_MKT,Marketplace,Online,PAY-00946,
TRX-00947,2024-05-17 21:47:00,CUST-0549,STORE-005,CH_WEB,Online Web,Online,PAY-00947,
TRX-00948,2025-01-25 11:01:00,CUST-0647,STORE-009,CH_WEB,Online Web,Online,PAY-00948,
TRX-00949,2024-05-15 17:40:00,CUST-0721,STORE-007,CH_OFF,Offline Store,Offline,PAY-00949,EMP-021
TRX-00950,2024-05-11 13:51:00,CUST-0475,STORE-004,CH_OFF,Offline Store,Offline,PAY-00950,EMP-019
TRX-00951,2025-01-24 09:18:00,CUST-0178,STORE-006,CH_OFF,Offline Store,Offline,PAY-00951,EMP-034
TRX-00952,2024-12-15 09:45:00,CUST-0264,STORE-003,CH_WEB,Online Web,Online,PAY-00952,
TRX-00953,2025-05-18 17:32:00,CUST-0454,STORE-024,CH_OFF,Offline Store,Offline,PAY-00953,EMP-049
TRX-00954,2024-05-21 18:01:00,CUST-0101,STORE-024,CH_WEB,Online Web,Online,PAY-00954,
TRX-00955,2024-05-04 21:46:00,CUST-0878,STORE-017,CH_OFF,Offline Store,Offline,PAY-00955,EMP-076
TRX-00956,2025-01-05 12:19:00,CUST-0575,STORE-008,CH_WEB,Online Web,Online,PAY-00956,
TRX-00957,2025-02-07 16:00:00,CUST-0262,STORE-017,CH_OFF,Offline Store,Offline,PAY-00957,EMP-067
TRX-00958,2024-06-11 17:57:00,CUST-0550,STORE-001,CH_WEB,Online Web,Online,PAY-00958,
TRX-00959,2025-02-23 19:31:00,CUST-0626,STORE-013,CH_OFF,Offline Store,Offline,PAY-00959,EMP-036
TRX-00960,2024-12-31 19:12:00,CUST-0490,STORE-011,CH_OFF,Offline Store,Offline,PAY-00960,EMP-045
TRX-00961,2024-10-25 17:24:00,CUST-0951,STORE-006,CH_WEB,Online Web,Online,PAY-00961,
TRX-00962,2025-02-20 14:50:00,CUST-0786,STORE-012,CH_OFF,Offline Store,Offline,PAY-00962,EMP-056
TRX-00963,2024-07-07 09:53:00,CUST-0804,STORE-007,CH_OFF,Offline Store,Offline,PAY-00963,EMP-005
TRX-00964,2024-10-14 21:34:00,CUST-0221,STORE-010,CH_OFF,Offline Store,Offline,PAY-00964,EMP-077
TRX-00965,2024-02-04 13:00:00,CUST-0202,STORE-010,CH_MKT,Marketplace,Online,PAY-00965,
TRX-00966,2024-12-20 14:16:00,CUST-0902,STORE-001,CH_OFF,Offline Store,Offline,PAY-00966,EMP-045
TRX-00967,2024-12-06 20:13:00,CUST-0714,STORE-010,CH_OFF,Offline Store,Offline,PAY-00967,EMP-080
TRX-00968,2025-01-08 20:02:00,CUST-0088,STORE-012,CH_WEB,Online Web,Online,PAY-00968,
TRX-00969,2025-03-02 13:13:00,CUST-0380,STORE-013,CH_OFF,Offline Store,Offline,PAY-00969,EMP-062
TRX-00970,2024-04-12 18:32:00,,STORE-016,CH_WEB,Online Web,Online,PAY-00970,
TRX-00971,2025-03-15 13:39:00,CUST-0533,STORE-025,CH_WEB,Online Web,Online,PAY-00971,
TRX-00972,2025-01-05 14:19:00,CUST-0270,STORE-021,CH_OFF,Offline Store,Offline,PAY-00972,EMP-027
TRX-00973,2024-09-29 21:39:00,CUST-0056,STORE-016,CH_WEB,Online Web,Online,PAY-00973,
TRX-00974,2024-04-22 10:21:00,CUST-0474,STORE-015,CH_WEB,Online Web,Online,PAY-00974,
TRX-00975,2024-08-16 14:17:00,CUST-0749,STORE-021,CH_OFF,Offline Store,Offline,PAY-00975,EMP-063
TRX-00976,2025-01-16 14:35:00,,STORE-025,CH_OFF,Offline Store,Offline,PAY-00976,EMP-075
TRX-00977,2024-09-25 19:40:00,CUST-0199,STORE-014,CH_WEB,Online Web,Online,PAY-00977,
TRX-00978,2025-04-21 10:16:00,CUST-0608,STORE-015,CH_OFF,Offline Store,Offline,PAY-00978,EMP-013
TRX-00979,2024-11-23 18:21:00,CUST-0531,STORE-023,CH_OFF,Offline Store,Offline,PAY-00979,EMP-028
TRX-00980,2025-04-16 14:39:00,CUST-0675,STORE-002,CH_OFF,Offline Store,Offline,PAY-00980,EMP-014
TRX-00981,2024-11-16 14:43:00,CUST-0926,STORE-023,CH_OFF,Offline Store,Offline,PAY-00981,EMP-020
TRX-00982,2025-02-15 19:15:00,CUST-0203,STORE-014,CH_OFF,Offline Store,Offline,PAY-00982,EMP-063
TRX-00983,2024-12-19 10:48:00,CUST-0008,STORE-003,CH_OFF,Offline Store,Offline,PAY-00983,EMP-035
TRX-00984,2025-02-18 19:59:00,CUST-0492,STORE-023,CH_OFF,Offline Store,Offline,PAY-00984,EMP-073
TRX-00985,2025-03-23 14:35:00,CUST-0400,STORE-001,CH_WEB,Online Web,Online,PAY-00985,
TRX-00986,2025-02-03 15:37:00,CUST-0830,STORE-005,CH_OFF,Offline Store,Offline,PAY-00986,EMP-017
TRX-00987,2024-11-09 15:48:00,CUST-0463,STORE-009,CH_WEB,Online Web,Online,PAY-00987,
TRX-00988,2024-12-16 10:13:00,CUST-0461,STORE-007,CH_WEB,Online Web,Online,PAY-00988,
TRX-00989,2025-03-15 17:19:00,CUST-0550,STORE-025,CH_OFF,Offline Store,Offline,PAY-00989,EMP-036
TRX-00990,2024-07-31 15:00:00,CUST-0521,STORE-016,CH_OFF,Offline Store,Offline,PAY-00990,EMP-051
TRX-00991,2025-03-07 19:30:00,CUST-0068,STORE-021,CH_OFF,Offline Store,Offline,PAY-00991,EMP-054
TRX-00992,2024-11-02 10:32:00,CUST-0589,STORE-008,CH_OFF,Offline Store,Offline,PAY-00992,EMP-006
TRX-00993,2024-03-26 15:02:00,CUST-0928,STORE-022,CH_OFF,Offline Store,Offline,PAY-00993,EMP-030
TRX-00994,2024-12-10 19:07:00,CUST-0611,STORE-015,CH_OFF,Offline Store,Offline,PAY-00994,EMP-007
TRX-00995,2025-02-04 16:00:00,CUST-0180,STORE-004,CH_OFF,Offline Store,Offline,PAY-00995,EMP-043
TRX-00996,2025-04-11 14:50:00,CUST-0011,STORE-005,CH_OFF,Offline Store,Offline,PAY-00996,EMP-078
TRX-00997,2025-01-05 16:15:00,CUST-0335,STORE-003,CH_OFF,Offline Store,Offline,PAY-00997,EMP-062
TRX-00998,2024-03-31 11:58:00,CUST-0194,STORE-003,CH_OFF,Offline Store,Offline,PAY-00998,EMP-074
TRX-00999,2025-05-19 16:05:00,CUST-0717,STORE-001,CH_OFF,Offline Store,Offline,PAY-00999,EMP-025
TRX-01000,2025-01-26 09:21:00,CUST-0402,STORE-009,CH_OFF,Offline Store,Offline,PAY-01000,EMP-070
TRX-01001,2025-03-22 09:00:00,CUST-0230,STORE-010,CH_OFF,Offline Store,Offline,PAY-01001,EMP-042
TRX-01002,2024-09-27 18:50:00,CUST-0849,STORE-024,CH_OFF,Offline Store,Offline,PAY-01002,EMP-058
TRX-01003,2024-02-14 18:19:00,CUST-0450,STORE-024,CH_OFF,Offline Store,Offline,PAY-01003,EMP-028
TRX-01004,2025-01-03 18:45:00,CUST-0823,STORE-016,CH_MKT,Marketplace,Online,PAY-01004,
TRX-01005,2025-04-17 11:32:00,CUST-0467,STORE-005,CH_OFF,Offline Store,Offline,PAY-01005,EMP-022
TRX-01006,2024-09-21 19:24:00,CUST-0358,STORE-024,CH_OFF,Offline Store,Offline,PAY-01006,EMP-054
TRX-01007,2024-05-15 15:50:00,CUST-0035,STORE-020,CH_OFF,Offline Store,Offline,PAY-01007,EMP-057
TRX-01008,2024-03-28 09:28:00,CUST-0367,STORE-004,CH_OFF,Offline Store,Offline,PAY-01008,EMP-017
TRX-01009,2024-08-25 12:43:00,CUST-0248,STORE-002,CH_OFF,Offline Store,Offline,PAY-01009,EMP-019
TRX-01010,2024-09-21 20:14:00,CUST-0003,STORE-013,CH_OFF,Offline Store,Offline,PAY-01010,EMP-079
TRX-01011,2025-05-08 20:53:00,,STORE-013,CH_OFF,Offline Store,Offline,PAY-01011,EMP-034
TRX-01012,2024-01-11 13:10:00,CUST-0987,STORE-010,CH_WEB,Online Web,Online,PAY-01012,
TRX-01013,2025-04-02 17:25:00,,STORE-006,CH_OFF,Offline Store,Offline,PAY-01013,EMP-006
TRX-01014,2024-11-29 17:25:00,CUST-0945,STORE-007,CH_MKT,Marketplace,Online,PAY-01014,
TRX-01015,2025-01-05 21:26:00,CUST-0838,STORE-004,CH_WEB,Online Web,Online,PAY-01015,
TRX-01016,2024-11-27 10:44:00,,STORE-017,CH_OFF,Offline Store,Offline,PAY-01016,EMP-063
TRX-01017,2025-01-10 13:04:00,CUST-0543,STORE-016,CH_OFF,Offline Store,Offline,PAY-01017,EMP-080
TRX-01018,2024-01-19 21:06:00,CUST-0416,STORE-022,CH_OFF,Offline Store,Offline,PAY-01018,EMP-074
TRX-01019,2024-07-12 12:00:00,CUST-0382,STORE-017,CH_MKT,Marketplace,Online,PAY-01019,
TRX-01020,2025-02-14 16:04:00,CUST-0680,STORE-018,CH_OFF,Offline Store,Offline,PAY-01020,EMP-044
TRX-01021,2024-01-29 18:08:00,CUST-0586,STORE-005,CH_WEB,Online Web,Online,PAY-01021,
TRX-01022,2025-04-05 09:53:00,CUST-0663,STORE-007,CH_WEB,Online Web,Online,PAY-01022,
TRX-01023,2025-03-30 10:18:00,CUST-0997,STORE-001,CH_WEB,Online Web,Online,PAY-01023,
TRX-01024,2024-12-20 18:05:00,CUST-0559,STORE-008,CH_OFF,Offline Store,Offline,PAY-01024,EMP-009
TRX-01025,2025-03-20 20:50:00,CUST-0176,STORE-025,CH_OFF,Offline Store,Offline,PAY-01025,EMP-034
TRX-01026,2024-04-22 14:57:00,CUST-0729,STORE-010,CH_OFF,Offline Store,Offline,PAY-01026,EMP-029
TRX-01027,2024-02-01 20:03:00,CUST-0010,STORE-020,CH_MKT,Marketplace,Online,PAY-01027,
TRX-01028,2024-05-21 11:23:00,CUST-0158,STORE-002,CH_OFF,Offline Store,Offline,PAY-01028,EMP-029
TRX-01029,2024-12-06 11:29:00,CUST-0967,STORE-023,CH_MKT,Marketplace,Online,PAY-01029,
TRX-01030,2024-01-14 09:40:00,,STORE-009,CH_OFF,Offline Store,Offline,PAY-01030,EMP-017
TRX-01031,2025-03-01 20:30:00,CUST-0817,STORE-003,CH_OFF,Offline Store,Offline,PAY-01031,EMP-046
TRX-01032,2024-02-13 20:12:00,CUST-0577,STORE-001,CH_OFF,Offline Store,Offline,PAY-01032,EMP-074
TRX-01033,2025-04-07 17:31:00,CUST-0756,STORE-023,CH_OFF,Offline Store,Offline,PAY-01033,EMP-042
TRX-01034,2024-03-03 20:27:00,CUST-0373,STORE-009,CH_OFF,Offline Store,Offline,PAY-01034,EMP-074
TRX-01035,2024-12-21 11:32:00,CUST-0711,STORE-008,CH_MKT,Marketplace,Online,PAY-01035,
TRX-01036,2024-09-11 19:57:00,CUST-0214,STORE-002,CH_OFF,Offline Store,Offline,PAY-01036,EMP-024
TRX-01037,2024-03-15 15:03:00,CUST-0842,STORE-005,CH_OFF,Offline Store,Offline,PAY-01037,EMP-042
TRX-01038,2024-09-30 19:44:00,,STORE-005,CH_WEB,Online Web,Online,PAY-01038,
TRX-01039,2024-06-09 14:52:00,CUST-0090,STORE-005,CH_OFF,Offline Store,Offline,PAY-01039,EMP-042
TRX-01040,2024-12-23 20:47:00,CUST-0706,STORE-010,CH_MKT,Marketplace,Online,PAY-01040,
TRX-01041,2025-02-05 15:51:00,CUST-0982,STORE-017,CH_MKT,Marketplace,Online,PAY-01041,
TRX-01042,2025-03-18 12:20:00,CUST-0895,STORE-025,CH_WEB,Online Web,Online,PAY-01042,
TRX-01043,2025-05-27 21:22:00,CUST-0431,STORE-020,CH_WEB,Online Web,Online,PAY-01043,
TRX-01044,2024-02-15 10:58:00,CUST-0773,STORE-014,CH_OFF,Offline Store,Offline,PAY-01044,EMP-013
TRX-01045,2024-09-05 17:33:00,CUST-0991,STORE-017,CH_OFF,Offline Store,Offline,PAY-01045,EMP-061
TRX-01046,2025-02-13 21:35:00,CUST-0165,STORE-013,CH_OFF,Offline Store,Offline,PAY-01046,EMP-062
TRX-01047,2024-04-24 19:42:00,CUST-0298,STORE-015,CH_WEB,Online Web,Online,PAY-01047,
TRX-01048,2024-01-30 17:14:00,,STORE-013,CH_WEB,Online Web,Online,PAY-01048,
TRX-01049,2025-04-17 10:16:00,CUST-0270,STORE-019,CH_OFF,Offline Store,Offline,PAY-01049,EMP-005
TRX-01050,2025-02-15 12:19:00,CUST-0769,STORE-003,CH_WEB,Online Web,Online,PAY-01050,
TRX-01051,2024-08-07 12:49:00,CUST-0489,STORE-016,CH_OFF,Offline Store,Offline,PAY-01051,EMP-031
TRX-01052,2024-04-20 14:18:00,CUST-0690,STORE-005,CH_WEB,Online Web,Online,PAY-01052,
TRX-01053,2024-01-25 19:03:00,CUST-0303,STORE-019,CH_OFF,Offline Store,Offline,PAY-01053,EMP-005
TRX-01054,2024-08-30 17:32:00,CUST-0318,STORE-013,CH_WEB,Online Web,Online,PAY-01054,
TRX-01055,2024-03-01 09:01:00,CUST-0299,STORE-008,CH_WEB,Online Web,Online,PAY-01055,
TRX-01056,2025-02-26 14:17:00,CUST-0397,STORE-005,CH_MKT,Marketplace,Online,PAY-01056,
TRX-01057,2025-02-17 09:00:00,CUST-0256,STORE-002,CH_WEB,Online Web,Online,PAY-01057,
TRX-01058,2024-03-21 19:23:00,CUST-0755,STORE-002,CH_OFF,Offline Store,Offline,PAY-01058,EMP-034
TRX-01059,2025-03-17 09:45:00,CUST-0118,STORE-006,CH_OFF,Offline Store,Offline,PAY-01059,EMP-028
TRX-01060,2024-11-30 11:30:00,CUST-0331,STORE-018,CH_OFF,Offline Store,Offline,PAY-01060,EMP-037
TRX-01061,2025-04-17 12:29:00,,STORE-012,CH_OFF,Offline Store,Offline,PAY-01061,EMP-006
TRX-01062,2024-09-26 21:07:00,CUST-0255,STORE-022,CH_WEB,Online Web,Online,PAY-01062,
TRX-01063,2024-05-08 20:20:00,CUST-0388,STORE-022,CH_WEB,Online Web,Online,PAY-01063,
TRX-01064,2024-03-12 17:06:00,CUST-0879,STORE-018,CH_OFF,Offline Store,Offline,PAY-01064,EMP-014
TRX-01065,2024-11-13 13:28:00,,STORE-012,CH_WEB,Online Web,Online,PAY-01065,
TRX-01066,2024-08-05 10:01:00,CUST-0269,STORE-012,CH_OFF,Offline Store,Offline,PAY-01066,EMP-050
TRX-01067,2024-10-01 09:14:00,CUST-0960,STORE-015,CH_OFF,Offline Store,Offline,PAY-01067,EMP-034
TRX-01068,2024-10-22 10:11:00,CUST-0415,STORE-010,CH_OFF,Offline Store,Offline,PAY-01068,EMP-010
TRX-01069,2025-05-15 15:15:00,CUST-0857,STORE-002,CH_OFF,Offline Store,Offline,PAY-01069,EMP-011
TRX-01070,2025-02-09 09:24:00,CUST-0022,STORE-002,CH_OFF,Offline Store,Offline,PAY-01070,EMP-036
TRX-01071,2024-09-15 17:04:00,CUST-0920,STORE-021,CH_OFF,Offline Store,Offline,PAY-01071,EMP-032
TRX-01072,2024-11-16 18:58:00,CUST-0203,STORE-007,CH_WEB,Online Web,Online,PAY-01072,
TRX-01073,2024-01-25 11:59:00,CUST-0294,STORE-010,CH_OFF,Offline Store,Offline,PAY-01073,EMP-012
TRX-01074,2024-06-14 12:36:00,CUST-0492,STORE-025,CH_OFF,Offline Store,Offline,PAY-01074,EMP-004
TRX-01075,2024-08-07 20:24:00,CUST-0981,STORE-024,CH_MKT,Marketplace,Online,PAY-01075,
TRX-01076,2024-06-04 12:50:00,CUST-0574,STORE-012,CH_WEB,Online Web,Online,PAY-01076,
TRX-01077,2024-03-21 12:17:00,CUST-0811,STORE-004,CH_OFF,Offline Store,Offline,PAY-01077,EMP-062
TRX-01078,2024-12-13 09:25:00,CUST-0602,STORE-018,CH_OFF,Offline Store,Offline,PAY-01078,EMP-079
TRX-01079,2025-04-03 09:06:00,CUST-0679,STORE-021,CH_WEB,Online Web,Online,PAY-01079,
TRX-01080,2024-06-03 14:20:00,CUST-0854,STORE-021,CH_MKT,Marketplace,Online,PAY-01080,
TRX-01081,2024-02-26 10:52:00,CUST-0076,STORE-014,CH_WEB,Online Web,Online,PAY-01081,
TRX-01082,2024-03-24 11:05:00,CUST-0002,STORE-002,CH_WEB,Online Web,Online,PAY-01082,
TRX-01083,2025-05-04 11:12:00,CUST-0224,STORE-003,CH_MKT,Marketplace,Online,PAY-01083,
TRX-01084,2025-01-06 14:46:00,CUST-0621,STORE-005,CH_MKT,Marketplace,Online,PAY-01084,
TRX-01085,2024-03-24 17:46:00,CUST-0842,STORE-010,CH_OFF,Offline Store,Offline,PAY-01085,EMP-016
TRX-01086,2025-03-22 18:15:00,CUST-0194,STORE-011,CH_WEB,Online Web,Online,PAY-01086,
TRX-01087,2024-06-01 19:51:00,CUST-0466,STORE-004,CH_OFF,Offline Store,Offline,PAY-01087,EMP-023
TRX-01088,2025-02-28 21:16:00,CUST-0701,STORE-017,CH_OFF,Offline Store,Offline,PAY-01088,EMP-036
TRX-01089,2024-08-15 12:02:00,CUST-0025,STORE-020,CH_OFF,Offline Store,Offline,PAY-01089,EMP-067
TRX-01090,2025-02-01 20:56:00,CUST-0494,STORE-017,CH_WEB,Online Web,Online,PAY-01090,
TRX-01091,2025-04-24 11:07:00,CUST-0908,STORE-024,CH_MKT,Marketplace,Online,PAY-01091,
TRX-01092,2024-07-19 18:53:00,CUST-0501,STORE-019,CH_WEB,Online Web,Online,PAY-01092,
TRX-01093,2024-08-09 15:59:00,CUST-0224,STORE-023,CH_OFF,Offline Store,Offline,PAY-01093,EMP-068
TRX-01094,2024-02-01 21:00:00,CUST-0371,STORE-013,CH_OFF,Offline Store,Offline,PAY-01094,EMP-032
TRX-01095,2025-04-22 12:58:00,CUST-0176,STORE-004,CH_OFF,Offline Store,Offline,PAY-01095,EMP-006
TRX-01096,2024-01-07 10:39:00,CUST-0024,STORE-018,CH_OFF,Offline Store,Offline,PAY-01096,EMP-038
TRX-01097,2025-03-16 21:56:00,CUST-0406,STORE-011,CH_OFF,Offline Store,Offline,PAY-01097,EMP-009
TRX-01098,2024-03-23 09:32:00,CUST-0311,STORE-023,CH_MKT,Marketplace,Online,PAY-01098,
TRX-01099,2024-11-25 09:09:00,CUST-0542,STORE-008,CH_OFF,Offline Store,Offline,PAY-01099,EMP-001
TRX-01100,2024-05-24 17:01:00,CUST-0115,STORE-014,CH_WEB,Online Web,Online,PAY-01100,
TRX-01101,2024-09-17 14:17:00,CUST-0066,STORE-001,CH_MKT,Marketplace,Online,PAY-01101,
TRX-01102,2024-04-12 14:46:00,CUST-0502,STORE-014,CH_OFF,Offline Store,Offline,PAY-01102,EMP-039
TRX-01103,2025-01-02 09:20:00,CUST-0670,STORE-020,CH_OFF,Offline Store,Offline,PAY-01103,EMP-053
TRX-01104,2024-02-19 14:32:00,CUST-0198,STORE-015,CH_WEB,Online Web,Online,PAY-01104,
TRX-01105,2024-02-17 21:06:00,CUST-0937,STORE-011,CH_OFF,Offline Store,Offline,PAY-01105,EMP-021
TRX-01106,2024-01-20 12:01:00,CUST-0987,STORE-012,CH_OFF,Offline Store,Offline,PAY-01106,EMP-069
TRX-01107,2024-12-02 20:49:00,CUST-0749,STORE-012,CH_OFF,Offline Store,Offline,PAY-01107,EMP-077
TRX-01108,2024-11-08 21:21:00,CUST-0995,STORE-005,CH_OFF,Offline Store,Offline,PAY-01108,EMP-057
TRX-01109,2024-04-21 14:42:00,CUST-0172,STORE-006,CH_WEB,Online Web,Online,PAY-01109,
TRX-01110,2024-07-19 13:29:00,CUST-0767,STORE-003,CH_MKT,Marketplace,Online,PAY-01110,
TRX-01111,2025-05-22 13:24:00,CUST-0759,STORE-004,CH_WEB,Online Web,Online,PAY-01111,
TRX-01112,2024-02-19 21:54:00,CUST-0217,STORE-017,CH_WEB,Online Web,Online,PAY-01112,
TRX-01113,2024-04-17 17:49:00,CUST-0795,STORE-008,CH_OFF,Offline Store,Offline,PAY-01113,EMP-074
TRX-01114,2024-10-31 21:17:00,CUST-0701,STORE-021,CH_OFF,Offline Store,Offline,PAY-01114,EMP-033
TRX-01115,2025-04-07 14:36:00,CUST-0401,STORE-001,CH_OFF,Offline Store,Offline,PAY-01115,EMP-034
TRX-01116,2025-04-18 21:38:00,CUST-0587,STORE-014,CH_WEB,Online Web,Online,PAY-01116,
TRX-01117,2025-05-03 17:19:00,CUST-0224,STORE-010,CH_OFF,Offline Store,Offline,PAY-01117,EMP-005
TRX-01118,2024-01-27 19:40:00,,STORE-017,CH_OFF,Offline Store,Offline,PAY-01118,EMP-069
TRX-01119,2024-12-07 19:49:00,,STORE-006,CH_OFF,Offline Store,Offline,PAY-01119,EMP-029
TRX-01120,2024-12-04 21:07:00,CUST-0462,STORE-005,CH_OFF,Offline Store,Offline,PAY-01120,EMP-034
TRX-01121,2024-02-04 18:15:00,CUST-0322,STORE-012,CH_OFF,Offline Store,Offline,PAY-01121,EMP-045
TRX-01122,2025-04-26 21:25:00,CUST-0164,STORE-004,CH_OFF,Offline Store,Offline,PAY-01122,EMP-071
TRX-01123,2025-03-24 20:25:00,CUST-0158,STORE-006,CH_OFF,Offline Store,Offline,PAY-01123,EMP-020
TRX-01124,2024-12-14 18:21:00,,STORE-014,CH_WEB,Online Web,Online,PAY-01124,
TRX-01125,2024-05-20 16:26:00,CUST-0197,STORE-019,CH_OFF,Offline Store,Offline,PAY-01125,EMP-077
TRX-01126,2025-01-21 20:42:00,CUST-0856,STORE-005,CH_OFF,Offline Store,Offline,PAY-01126,EMP-055
TRX-01127,2024-03-09 14:43:00,CUST-0040,STORE-002,CH_OFF,Offline Store,Offline,PAY-01127,EMP-027
TRX-01128,2024-03-16 17:41:00,CUST-0244,STORE-025,CH_OFF,Offline Store,Offline,PAY-01128,EMP-030
TRX-01129,2024-12-11 12:01:00,CUST-0164,STORE-006,CH_OFF,Offline Store,Offline,PAY-01129,EMP-054
TRX-01130,2024-07-05 16:49:00,,STORE-010,CH_WEB,Online Web,Online,PAY-01130,
TRX-01131,2024-01-27 10:10:00,CUST-0591,STORE-018,CH_WEB,Online Web,Online,PAY-01131,
TRX-01132,2024-10-04 16:26:00,,STORE-019,CH_WEB,Online Web,Online,PAY-01132,
TRX-01133,2024-12-16 11:23:00,CUST-0464,STORE-018,CH_MKT,Marketplace,Online,PAY-01133,
TRX-01134,2025-05-05 16:29:00,CUST-0055,STORE-014,CH_OFF,Offline Store,Offline,PAY-01134,EMP-012
TRX-01135,2024-03-03 21:38:00,CUST-0816,STORE-005,CH_OFF,Offline Store,Offline,PAY-01135,EMP-052
TRX-01136,2025-01-31 20:45:00,CUST-0528,STORE-001,CH_OFF,Offline Store,Offline,PAY-01136,EMP-026
TRX-01137,2024-03-06 11:29:00,CUST-0196,STORE-004,CH_WEB,Online Web,Online,PAY-01137,
TRX-01138,2025-03-26 09:59:00,CUST-0483,STORE-001,CH_OFF,Offline Store,Offline,PAY-01138,EMP-066
TRX-01139,2025-03-10 17:37:00,CUST-0454,STORE-020,CH_OFF,Offline Store,Offline,PAY-01139,EMP-049
TRX-01140,2024-02-22 19:30:00,,STORE-004,CH_MKT,Marketplace,Online,PAY-01140,
TRX-01141,2024-08-23 20:43:00,CUST-0034,STORE-003,CH_WEB,Online Web,Online,PAY-01141,
TRX-01142,2025-04-16 19:44:00,CUST-0881,STORE-011,CH_OFF,Offline Store,Offline,PAY-01142,EMP-030
TRX-01143,2024-06-18 09:18:00,CUST-0292,STORE-004,CH_WEB,Online Web,Online,PAY-01143,
TRX-01144,2025-03-30 21:27:00,CUST-0405,STORE-024,CH_WEB,Online Web,Online,PAY-01144,
TRX-01145,2024-11-23 14:31:00,CUST-0828,STORE-015,CH_WEB,Online Web,Online,PAY-01145,
TRX-01146,2024-02-05 17:03:00,CUST-0840,STORE-011,CH_OFF,Offline Store,Offline,PAY-01146,EMP-065
TRX-01147,2024-09-21 14:48:00,CUST-0149,STORE-015,CH_OFF,Offline Store,Offline,PAY-01147,EMP-076
TRX-01148,2024-03-13 17:16:00,CUST-0435,STORE-017,CH_WEB,Online Web,Online,PAY-01148,
TRX-01149,2024-07-22 19:17:00,CUST-0872,STORE-018,CH_WEB,Online Web,Online,PAY-01149,
TRX-01150,2024-05-17 09:21:00,CUST-0304,STORE-018,CH_WEB,Online Web,Online,PAY-01150,
TRX-01151,2024-09-18 18:46:00,CUST-0458,STORE-010,CH_OFF,Offline Store,Offline,PAY-01151,EMP-050
TRX-01152,2025-04-30 21:56:00,CUST-0269,STORE-014,CH_MKT,Marketplace,Online,PAY-01152,
TRX-01153,2024-07-04 15:28:00,CUST-0860,STORE-014,CH_WEB,Online Web,Online,PAY-01153,
TRX-01154,2024-10-28 10:15:00,CUST-0119,STORE-020,CH_MKT,Marketplace,Online,PAY-01154,
TRX-01155,2025-01-20 12:33:00,CUST-0114,STORE-005,CH_OFF,Offline Store,Offline,PAY-01155,EMP-036
TRX-01156,2025-02-15 11:45:00,CUST-0944,STORE-008,CH_OFF,Offline Store,Offline,PAY-01156,EMP-008
TRX-01157,2024-08-06 16:43:00,CUST-0907,STORE-021,CH_OFF,Offline Store,Offline,PAY-01157,EMP-063
TRX-01158,2024-03-05 21:51:00,CUST-0641,STORE-003,CH_OFF,Offline Store,Offline,PAY-01158,EMP-027
TRX-01159,2024-11-22 20:56:00,CUST-0638,STORE-017,CH_OFF,Offline Store,Offline,PAY-01159,EMP-043
TRX-01160,2024-06-29 14:08:00,,STORE-006,CH_WEB,Online Web,Online,PAY-01160,
TRX-01161,2025-05-28 11:44:00,CUST-0294,STORE-015,CH_OFF,Offline Store,Offline,PAY-01161,EMP-005
TRX-01162,2024-06-20 12:47:00,CUST-0018,STORE-007,CH_OFF,Offline Store,Offline,PAY-01162,EMP-056
TRX-01163,2024-01-30 20:15:00,CUST-0518,STORE-016,CH_WEB,Online Web,Online,PAY-01163,
TRX-01164,2024-09-29 19:40:00,CUST-0891,STORE-025,CH_WEB,Online Web,Online,PAY-01164,
TRX-01165,2024-02-07 09:16:00,CUST-0348,STORE-017,CH_OFF,Offline Store,Offline,PAY-01165,EMP-046
TRX-01166,2024-01-24 13:45:00,CUST-0261,STORE-002,CH_MKT,Marketplace,Online,PAY-01166,
TRX-01167,2024-10-27 10:06:00,CUST-0995,STORE-018,CH_WEB,Online Web,Online,PAY-01167,
TRX-01168,2024-12-17 15:38:00,,STORE-009,CH_OFF,Offline Store,Offline,PAY-01168,EMP-066
TRX-01169,2024-12-04 14:34:00,CUST-0707,STORE-015,CH_OFF,Offline Store,Offline,PAY-01169,EMP-004
TRX-01170,2024-10-12 11:26:00,CUST-0500,STORE-014,CH_WEB,Online Web,Online,PAY-01170,
TRX-01171,2024-09-07 18:32:00,,STORE-004,CH_MKT,Marketplace,Online,PAY-01171,
TRX-01172,2024-03-18 09:34:00,CUST-0970,STORE-004,CH_MKT,Marketplace,Online,PAY-01172,
TRX-01173,2025-04-16 10:20:00,CUST-0375,STORE-020,CH_OFF,Offline Store,Offline,PAY-01173,EMP-056
TRX-01174,2024-11-27 19:15:00,CUST-0397,STORE-005,CH_MKT,Marketplace,Online,PAY-01174,
TRX-01175,2024-12-19 11:44:00,CUST-0757,STORE-022,CH_OFF,Offline Store,Offline,PAY-01175,EMP-047
TRX-01176,2024-03-17 15:41:00,CUST-0895,STORE-003,CH_OFF,Offline Store,Offline,PAY-01176,EMP-079
TRX-01177,2025-01-29 21:39:00,CUST-0475,STORE-007,CH_OFF,Offline Store,Offline,PAY-01177,EMP-004
TRX-01178,2024-10-18 13:00:00,CUST-0178,STORE-019,CH_WEB,Online Web,Online,PAY-01178,
TRX-01179,2024-06-17 14:30:00,CUST-0597,STORE-019,CH_WEB,Online Web,Online,PAY-01179,
TRX-01180,2024-08-30 11:20:00,CUST-0009,STORE-003,CH_WEB,Online Web,Online,PAY-01180,
TRX-01181,2025-05-29 20:23:00,CUST-0207,STORE-007,CH_OFF,Offline Store,Offline,PAY-01181,EMP-077
TRX-01182,2024-03-29 20:45:00,CUST-0086,STORE-008,CH_WEB,Online Web,Online,PAY-01182,
TRX-01183,2024-03-12 18:24:00,CUST-0310,STORE-012,CH_OFF,Offline Store,Offline,PAY-01183,EMP-021
TRX-01184,2024-08-10 12:20:00,CUST-0576,STORE-024,CH_OFF,Offline Store,Offline,PAY-01184,EMP-027
TRX-01185,2024-03-11 16:05:00,,STORE-021,CH_MKT,Marketplace,Online,PAY-01185,
TRX-01186,2024-07-29 21:10:00,,STORE-008,CH_OFF,Offline Store,Offline,PAY-01186,EMP-035
TRX-01187,2025-04-15 11:14:00,,STORE-013,CH_OFF,Offline Store,Offline,PAY-01187,EMP-027
TRX-01188,2024-02-26 14:49:00,CUST-0774,STORE-015,CH_OFF,Offline Store,Offline,PAY-01188,EMP-004
TRX-01189,2024-09-08 20:08:00,CUST-0254,STORE-007,CH_OFF,Offline Store,Offline,PAY-01189,EMP-060
TRX-01190,2024-03-08 13:41:00,,STORE-014,CH_OFF,Offline Store,Offline,PAY-01190,EMP-026
TRX-01191,2024-07-16 18:56:00,CUST-0250,STORE-015,CH_OFF,Offline Store,Offline,PAY-01191,EMP-043
TRX-01192,2024-12-11 20:17:00,CUST-0892,STORE-004,CH_WEB,Online Web,Online,PAY-01192,
TRX-01193,2024-08-28 15:31:00,CUST-0931,STORE-007,CH_WEB,Online Web,Online,PAY-01193,
TRX-01194,2025-03-25 14:33:00,CUST-0432,STORE-009,CH_OFF,Offline Store,Offline,PAY-01194,EMP-067
TRX-01195,2024-12-19 11:36:00,CUST-0410,STORE-002,CH_OFF,Offline Store,Offline,PAY-01195,EMP-016
TRX-01196,2024-04-25 20:19:00,CUST-0720,STORE-013,CH_OFF,Offline Store,Offline,PAY-01196,EMP-009
TRX-01197,2024-06-19 15:47:00,CUST-0802,STORE-011,CH_OFF,Offline Store,Offline,PAY-01197,EMP-044
TRX-01198,2024-08-25 16:28:00,CUST-0274,STORE-001,CH_WEB,Online Web,Online,PAY-01198,
TRX-01199,2025-02-24 21:27:00,,STORE-008,CH_OFF,Offline Store,Offline,PAY-01199,EMP-001
TRX-01200,2025-03-31 20:55:00,CUST-0400,STORE-017,CH_WEB,Online Web,Online,PAY-01200,
TRX-01201,2024-01-31 21:45:00,CUST-0088,STORE-014,CH_OFF,Offline Store,Offline,PAY-01201,EMP-047
TRX-01202,2024-09-14 17:17:00,CUST-0764,STORE-016,CH_OFF,Offline Store,Offline,PAY-01202,EMP-060
TRX-01203,2024-05-07 13:51:00,CUST-0978,STORE-012,CH_OFF,Offline Store,Offline,PAY-01203,EMP-033
TRX-01204,2024-12-28 15:08:00,CUST-0173,STORE-017,CH_WEB,Online Web,Online,PAY-01204,
TRX-01205,2025-04-02 12:17:00,CUST-0594,STORE-022,CH_WEB,Online Web,Online,PAY-01205,
TRX-01206,2025-05-13 20:05:00,CUST-0700,STORE-002,CH_OFF,Offline Store,Offline,PAY-01206,EMP-007
TRX-01207,2024-12-11 16:25:00,CUST-0756,STORE-024,CH_OFF,Offline Store,Offline,PAY-01207,EMP-031
TRX-01208,2024-10-22 11:40:00,CUST-0653,STORE-008,CH_OFF,Offline Store,Offline,PAY-01208,EMP-041
TRX-01209,2025-05-18 18:35:00,CUST-0214,STORE-002,CH_MKT,Marketplace,Online,PAY-01209,
TRX-01210,2025-04-24 09:43:00,CUST-0810,STORE-020,CH_WEB,Online Web,Online,PAY-01210,
TRX-01211,2025-01-25 20:41:00,CUST-0106,STORE-019,CH_OFF,Offline Store,Offline,PAY-01211,EMP-065
TRX-01212,2024-12-10 20:11:00,CUST-0739,STORE-022,CH_MKT,Marketplace,Online,PAY-01212,
TRX-01213,2024-12-14 12:11:00,CUST-0098,STORE-006,CH_WEB,Online Web,Online,PAY-01213,
TRX-01214,2024-03-02 18:26:00,CUST-0422,STORE-024,CH_OFF,Offline Store,Offline,PAY-01214,EMP-003
TRX-01215,2025-01-04 16:04:00,CUST-0413,STORE-025,CH_WEB,Online Web,Online,PAY-01215,
TRX-01216,2024-09-08 16:33:00,CUST-0541,STORE-021,CH_OFF,Offline Store,Offline,PAY-01216,EMP-066
TRX-01217,2024-08-28 13:32:00,CUST-0159,STORE-022,CH_OFF,Offline Store,Offline,PAY-01217,EMP-056
TRX-01218,2024-10-02 21:21:00,CUST-0453,STORE-005,CH_WEB,Online Web,Online,PAY-01218,
TRX-01219,2024-12-24 09:54:00,CUST-0042,STORE-007,CH_OFF,Offline Store,Offline,PAY-01219,EMP-040
TRX-01220,2025-02-02 19:57:00,CUST-0176,STORE-012,CH_OFF,Offline Store,Offline,PAY-01220,EMP-057
TRX-01221,2024-08-20 14:05:00,CUST-0352,STORE-005,CH_WEB,Online Web,Online,PAY-01221,
TRX-01222,2025-01-01 12:25:00,CUST-0786,STORE-014,CH_WEB,Online Web,Online,PAY-01222,
TRX-01223,2024-05-23 21:53:00,CUST-0225,STORE-016,CH_OFF,Offline Store,Offline,PAY-01223,EMP-023
TRX-01224,2024-11-15 11:41:00,CUST-0959,STORE-002,CH_OFF,Offline Store,Offline,PAY-01224,EMP-027
TRX-01225,2024-03-25 11:23:00,CUST-0913,STORE-018,CH_WEB,Online Web,Online,PAY-01225,
TRX-01226,2025-01-29 17:01:00,CUST-0669,STORE-021,CH_MKT,Marketplace,Online,PAY-01226,
TRX-01227,2025-04-19 18:42:00,CUST-0297,STORE-001,CH_WEB,Online Web,Online,PAY-01227,
TRX-01228,2024-07-28 13:46:00,CUST-0539,STORE-018,CH_OFF,Offline Store,Offline,PAY-01228,EMP-028
TRX-01229,2025-01-16 09:15:00,CUST-0609,STORE-017,CH_OFF,Offline Store,Offline,PAY-01229,EMP-048
TRX-01230,2025-02-18 19:42:00,CUST-0413,STORE-021,CH_OFF,Offline Store,Offline,PAY-01230,EMP-059
TRX-01231,2025-01-01 20:39:00,CUST-0749,STORE-001,CH_OFF,Offline Store,Offline,PAY-01231,EMP-030
TRX-01232,2025-03-28 13:13:00,CUST-0425,STORE-008,CH_MKT,Marketplace,Online,PAY-01232,
TRX-01233,2025-03-21 21:42:00,CUST-0204,STORE-003,CH_OFF,Offline Store,Offline,PAY-01233,EMP-061
TRX-01234,2025-01-24 19:24:00,CUST-0761,STORE-006,CH_MKT,Marketplace,Online,PAY-01234,
TRX-01235,2025-04-07 13:36:00,CUST-0067,STORE-014,CH_MKT,Marketplace,Online,PAY-01235,
TRX-01236,2024-06-06 15:19:00,CUST-0774,STORE-015,CH_OFF,Offline Store,Offline,PAY-01236,EMP-072
TRX-01237,2025-05-22 10:58:00,CUST-0938,STORE-025,CH_OFF,Offline Store,Offline,PAY-01237,EMP-047
TRX-01238,2024-08-27 17:28:00,CUST-0904,STORE-002,CH_WEB,Online Web,Online,PAY-01238,
TRX-01239,2024-11-06 20:28:00,CUST-0608,STORE-017,CH_OFF,Offline Store,Offline,PAY-01239,EMP-070
TRX-01240,2025-02-08 11:47:00,CUST-0154,STORE-008,CH_OFF,Offline Store,Offline,PAY-01240,EMP-006
TRX-01241,2024-11-01 21:55:00,CUST-0258,STORE-017,CH_MKT,Marketplace,Online,PAY-01241,
TRX-01242,2024-02-16 12:21:00,CUST-0430,STORE-020,CH_OFF,Offline Store,Offline,PAY-01242,EMP-038
TRX-01243,2024-05-05 19:47:00,CUST-0437,STORE-003,CH_WEB,Online Web,Online,PAY-01243,
TRX-01244,2024-12-25 17:50:00,CUST-0515,STORE-023,CH_WEB,Online Web,Online,PAY-01244,
TRX-01245,2024-08-16 17:20:00,CUST-0001,STORE-025,CH_OFF,Offline Store,Offline,PAY-01245,EMP-004
TRX-01246,2024-10-28 21:22:00,CUST-0097,STORE-018,CH_OFF,Offline Store,Offline,PAY-01246,EMP-012
TRX-01247,2024-12-10 10:36:00,CUST-0833,STORE-024,CH_MKT,Marketplace,Online,PAY-01247,
TRX-01248,2024-05-31 18:54:00,CUST-0167,STORE-025,CH_OFF,Offline Store,Offline,PAY-01248,EMP-072
TRX-01249,2024-10-13 18:22:00,CUST-0139,STORE-002,CH_WEB,Online Web,Online,PAY-01249,
TRX-01250,2024-12-23 15:09:00,CUST-0262,STORE-018,CH_OFF,Offline Store,Offline,PAY-01250,EMP-001
TRX-01251,2024-03-01 15:37:00,CUST-0380,STORE-003,CH_WEB,Online Web,Online,PAY-01251,
TRX-01252,2024-05-14 19:45:00,CUST-0236,STORE-022,CH_WEB,Online Web,Online,PAY-01252,
TRX-01253,2024-06-03 12:07:00,CUST-0836,STORE-022,CH_OFF,Offline Store,Offline,PAY-01253,EMP-044
TRX-01254,2024-02-19 13:22:00,,STORE-006,CH_WEB,Online Web,Online,PAY-01254,
TRX-01255,2024-10-07 21:06:00,CUST-0912,STORE-018,CH_OFF,Offline Store,Offline,PAY-01255,EMP-002
TRX-01256,2024-08-29 13:27:00,CUST-0270,STORE-009,CH_OFF,Offline Store,Offline,PAY-01256,EMP-073
TRX-01257,2024-12-22 18:41:00,,STORE-009,CH_OFF,Offline Store,Offline,PAY-01257,EMP-019
TRX-01258,2024-07-14 19:48:00,CUST-0295,STORE-015,CH_OFF,Offline Store,Offline,PAY-01258,EMP-052
TRX-01259,2024-10-27 19:45:00,CUST-0532,STORE-011,CH_OFF,Offline Store,Offline,PAY-01259,EMP-075
TRX-01260,2024-07-13 13:38:00,CUST-0277,STORE-013,CH_OFF,Offline Store,Offline,PAY-01260,EMP-071
TRX-01261,2024-10-29 09:10:00,,STORE-012,CH_WEB,Online Web,Online,PAY-01261,
TRX-01262,2024-11-12 18:24:00,CUST-0464,STORE-006,CH_OFF,Offline Store,Offline,PAY-01262,EMP-014
TRX-01263,2024-07-11 20:07:00,CUST-0381,STORE-014,CH_WEB,Online Web,Online,PAY-01263,
TRX-01264,2024-05-06 09:38:00,CUST-0151,STORE-019,CH_OFF,Offline Store,Offline,PAY-01264,EMP-035
TRX-01265,2024-07-20 19:53:00,CUST-0897,STORE-016,CH_WEB,Online Web,Online,PAY-01265,
TRX-01266,2025-05-18 18:36:00,CUST-0923,STORE-024,CH_OFF,Offline Store,Offline,PAY-01266,EMP-067
TRX-01267,2024-06-15 15:22:00,CUST-0532,STORE-025,CH_MKT,Marketplace,Online,PAY-01267,
TRX-01268,2024-11-03 17:33:00,CUST-0148,STORE-007,CH_OFF,Offline Store,Offline,PAY-01268,EMP-064
TRX-01269,2024-12-05 09:15:00,CUST-0375,STORE-008,CH_OFF,Offline Store,Offline,PAY-01269,EMP-071
TRX-01270,2025-05-22 13:20:00,CUST-0848,STORE-017,CH_OFF,Offline Store,Offline,PAY-01270,EMP-058
TRX-01271,2025-02-03 17:23:00,CUST-0106,STORE-012,CH_WEB,Online Web,Online,PAY-01271,
TRX-01272,2024-05-04 09:51:00,CUST-0285,STORE-010,CH_OFF,Offline Store,Offline,PAY-01272,EMP-046
TRX-01273,2024-07-28 12:04:00,CUST-0628,STORE-016,CH_OFF,Offline Store,Offline,PAY-01273,EMP-013
TRX-01274,2024-02-16 20:13:00,CUST-0310,STORE-008,CH_OFF,Offline Store,Offline,PAY-01274,EMP-038
TRX-01275,2024-04-04 16:32:00,CUST-0971,STORE-023,CH_WEB,Online Web,Online,PAY-01275,
TRX-01276,2024-08-03 12:07:00,CUST-0191,STORE-008,CH_MKT,Marketplace,Online,PAY-01276,
TRX-01277,2024-11-13 16:30:00,CUST-0509,STORE-009,CH_OFF,Offline Store,Offline,PAY-01277,EMP-001
TRX-01278,2024-05-22 11:54:00,CUST-0873,STORE-005,CH_OFF,Offline Store,Offline,PAY-01278,EMP-016
TRX-01279,2024-05-16 15:16:00,CUST-0221,STORE-020,CH_WEB,Online Web,Online,PAY-01279,
TRX-01280,2025-02-14 19:25:00,,STORE-009,CH_MKT,Marketplace,Online,PAY-01280,
TRX-01281,2024-04-03 10:33:00,CUST-0881,STORE-014,CH_MKT,Marketplace,Online,PAY-01281,
TRX-01282,2024-01-20 13:35:00,CUST-0961,STORE-008,CH_WEB,Online Web,Online,PAY-01282,
TRX-01283,2025-01-16 18:59:00,CUST-0076,STORE-020,CH_WEB,Online Web,Online,PAY-01283,
TRX-01284,2024-06-30 16:25:00,CUST-0533,STORE-016,CH_OFF,Offline Store,Offline,PAY-01284,EMP-061
TRX-01285,2024-12-20 12:49:00,CUST-0569,STORE-001,CH_OFF,Offline Store,Offline,PAY-01285,EMP-071
TRX-01286,2024-03-17 10:14:00,CUST-0343,STORE-010,CH_OFF,Offline Store,Offline,PAY-01286,EMP-068
TRX-01287,2024-09-13 16:45:00,CUST-0320,STORE-021,CH_WEB,Online Web,Online,PAY-01287,
TRX-01288,2024-07-04 09:37:00,CUST-0122,STORE-002,CH_OFF,Offline Store,Offline,PAY-01288,EMP-024
TRX-01289,2025-04-25 10:42:00,CUST-0662,STORE-012,CH_WEB,Online Web,Online,PAY-01289,
TRX-01290,2024-07-29 19:51:00,CUST-0857,STORE-014,CH_WEB,Online Web,Online,PAY-01290,
TRX-01291,2024-03-05 09:59:00,CUST-0352,STORE-022,CH_OFF,Offline Store,Offline,PAY-01291,EMP-078
TRX-01292,2024-07-18 15:17:00,CUST-0509,STORE-002,CH_WEB,Online Web,Online,PAY-01292,
TRX-01293,2024-09-27 20:21:00,CUST-0672,STORE-024,CH_OFF,Offline Store,Offline,PAY-01293,EMP-050
TRX-01294,2025-03-29 13:55:00,CUST-0037,STORE-023,CH_OFF,Offline Store,Offline,PAY-01294,EMP-017
TRX-01295,2024-11-18 12:41:00,CUST-0341,STORE-001,CH_OFF,Offline Store,Offline,PAY-01295,EMP-031
TRX-01296,2024-07-22 20:34:00,CUST-0413,STORE-019,CH_OFF,Offline Store,Offline,PAY-01296,EMP-025
TRX-01297,2024-10-10 21:49:00,,STORE-008,CH_OFF,Offline Store,Offline,PAY-01297,EMP-059
TRX-01298,2024-11-17 10:02:00,CUST-0901,STORE-005,CH_WEB,Online Web,Online,PAY-01298,
TRX-01299,2025-03-13 13:44:00,CUST-0808,STORE-013,CH_OFF,Offline Store,Offline,PAY-01299,EMP-056
TRX-01300,2024-02-24 20:48:00,CUST-0838,STORE-003,CH_OFF,Offline Store,Offline,PAY-01300,EMP-007
TRX-01301,2025-04-25 12:33:00,CUST-0242,STORE-001,CH_OFF,Offline Store,Offline,PAY-01301,EMP-055
TRX-01302,2024-08-03 14:01:00,CUST-0934,STORE-012,CH_OFF,Offline Store,Offline,PAY-01302,EMP-024
TRX-01303,2024-05-02 11:38:00,CUST-0905,STORE-024,CH_OFF,Offline Store,Offline,PAY-01303,EMP-052
TRX-01304,2025-05-27 16:00:00,CUST-0711,STORE-017,CH_OFF,Offline Store,Offline,PAY-01304,EMP-002
TRX-01305,2025-05-22 09:29:00,CUST-0780,STORE-018,CH_OFF,Offline Store,Offline,PAY-01305,EMP-039
TRX-01306,2024-12-02 19:18:00,CUST-0008,STORE-010,CH_OFF,Offline Store,Offline,PAY-01306,EMP-034
TRX-01307,2024-09-19 12:47:00,CUST-0439,STORE-016,CH_WEB,Online Web,Online,PAY-01307,
TRX-01308,2024-07-23 11:40:00,,STORE-021,CH_OFF,Offline Store,Offline,PAY-01308,EMP-048
TRX-01309,2024-02-08 11:38:00,CUST-0675,STORE-020,CH_OFF,Offline Store,Offline,PAY-01309,EMP-052
TRX-01310,2024-01-04 12:01:00,CUST-0659,STORE-019,CH_OFF,Offline Store,Offline,PAY-01310,EMP-016
TRX-01311,2024-04-05 17:58:00,CUST-0023,STORE-010,CH_OFF,Offline Store,Offline,PAY-01311,EMP-017
TRX-01312,2024-05-07 21:44:00,,STORE-008,CH_OFF,Offline Store,Offline,PAY-01312,EMP-008
TRX-01313,2024-12-03 19:43:00,CUST-0539,STORE-004,CH_OFF,Offline Store,Offline,PAY-01313,EMP-048
TRX-01314,2025-04-23 19:26:00,CUST-0803,STORE-017,CH_OFF,Offline Store,Offline,PAY-01314,EMP-011
TRX-01315,2024-09-25 20:32:00,CUST-0106,STORE-022,CH_WEB,Online Web,Online,PAY-01315,
TRX-01316,2024-10-22 15:45:00,CUST-0244,STORE-011,CH_WEB,Online Web,Online,PAY-01316,
TRX-01317,2024-08-03 14:55:00,CUST-0524,STORE-003,CH_WEB,Online Web,Online,PAY-01317,
TRX-01318,2024-04-30 11:13:00,CUST-0152,STORE-010,CH_OFF,Offline Store,Offline,PAY-01318,EMP-076
TRX-01319,2024-11-13 18:44:00,CUST-0473,STORE-009,CH_OFF,Offline Store,Offline,PAY-01319,EMP-014
TRX-01320,2024-12-17 09:59:00,CUST-0462,STORE-014,CH_OFF,Offline Store,Offline,PAY-01320,EMP-058
TRX-01321,2024-03-05 13:52:00,CUST-0116,STORE-023,CH_OFF,Offline Store,Offline,PAY-01321,EMP-026
TRX-01322,2024-12-10 14:59:00,CUST-0192,STORE-004,CH_OFF,Offline Store,Offline,PAY-01322,EMP-055
TRX-01323,2024-11-04 21:47:00,CUST-0031,STORE-017,CH_WEB,Online Web,Online,PAY-01323,
TRX-01324,2025-04-12 18:14:00,CUST-0570,STORE-013,CH_OFF,Offline Store,Offline,PAY-01324,EMP-006
TRX-01325,2024-01-26 10:02:00,CUST-0810,STORE-025,CH_OFF,Offline Store,Offline,PAY-01325,EMP-071
TRX-01326,2024-02-03 18:45:00,CUST-0695,STORE-024,CH_OFF,Offline Store,Offline,PAY-01326,EMP-031
TRX-01327,2024-03-05 17:34:00,CUST-0541,STORE-010,CH_OFF,Offline Store,Offline,PAY-01327,EMP-037
TRX-01328,2024-04-04 11:18:00,CUST-0785,STORE-013,CH_OFF,Offline Store,Offline,PAY-01328,EMP-056
TRX-01329,2024-06-19 21:31:00,CUST-0445,STORE-014,CH_WEB,Online Web,Online,PAY-01329,
TRX-01330,2024-06-21 13:24:00,CUST-0680,STORE-003,CH_OFF,Offline Store,Offline,PAY-01330,EMP-040
TRX-01331,2024-06-05 19:24:00,CUST-0598,STORE-025,CH_OFF,Offline Store,Offline,PAY-01331,EMP-002
TRX-01332,2024-07-05 11:36:00,CUST-0150,STORE-008,CH_WEB,Online Web,Online,PAY-01332,
TRX-01333,2024-10-03 09:24:00,CUST-0066,STORE-007,CH_WEB,Online Web,Online,PAY-01333,
TRX-01334,2024-12-01 18:24:00,CUST-0936,STORE-011,CH_WEB,Online Web,Online,PAY-01334,
TRX-01335,2024-12-27 14:04:00,CUST-0135,STORE-013,CH_OFF,Offline Store,Offline,PAY-01335,EMP-062
TRX-01336,2024-09-14 21:16:00,CUST-0063,STORE-010,CH_OFF,Offline Store,Offline,PAY-01336,EMP-020
TRX-01337,2024-09-12 14:05:00,CUST-0095,STORE-019,CH_OFF,Offline Store,Offline,PAY-01337,EMP-068
TRX-01338,2024-03-30 19:16:00,CUST-0935,STORE-006,CH_OFF,Offline Store,Offline,PAY-01338,EMP-024
TRX-01339,2024-05-11 12:13:00,CUST-0002,STORE-013,CH_WEB,Online Web,Online,PAY-01339,
TRX-01340,2024-06-03 11:38:00,CUST-0274,STORE-012,CH_OFF,Offline Store,Offline,PAY-01340,EMP-059
TRX-01341,2024-04-25 21:18:00,CUST-0926,STORE-017,CH_OFF,Offline Store,Offline,PAY-01341,EMP-025
TRX-01342,2024-02-11 15:04:00,,STORE-025,CH_OFF,Offline Store,Offline,PAY-01342,EMP-020
TRX-01343,2024-10-15 12:51:00,CUST-0424,STORE-014,CH_OFF,Offline Store,Offline,PAY-01343,EMP-053
TRX-01344,2024-09-13 16:20:00,CUST-0154,STORE-014,CH_WEB,Online Web,Online,PAY-01344,
TRX-01345,2024-01-08 14:57:00,CUST-0863,STORE-022,CH_OFF,Offline Store,Offline,PAY-01345,EMP-056
TRX-01346,2025-01-27 16:55:00,CUST-0208,STORE-006,CH_OFF,Offline Store,Offline,PAY-01346,EMP-031
TRX-01347,2024-11-23 10:55:00,CUST-0339,STORE-016,CH_OFF,Offline Store,Offline,PAY-01347,EMP-008
TRX-01348,2024-01-26 11:46:00,,STORE-003,CH_WEB,Online Web,Online,PAY-01348,
TRX-01349,2024-08-31 09:20:00,CUST-0791,STORE-012,CH_OFF,Offline Store,Offline,PAY-01349,EMP-039
TRX-01350,2025-04-04 09:40:00,CUST-0099,STORE-015,CH_OFF,Offline Store,Offline,PAY-01350,EMP-002
TRX-01351,2025-04-26 10:28:00,CUST-0868,STORE-018,CH_MKT,Marketplace,Online,PAY-01351,
TRX-01352,2024-09-01 09:48:00,CUST-0059,STORE-022,CH_MKT,Marketplace,Online,PAY-01352,
TRX-01353,2024-08-04 15:18:00,CUST-0029,STORE-017,CH_OFF,Offline Store,Offline,PAY-01353,EMP-078
TRX-01354,2025-01-12 16:01:00,CUST-0873,STORE-013,CH_OFF,Offline Store,Offline,PAY-01354,EMP-048
TRX-01355,2024-07-05 16:07:00,CUST-0839,STORE-006,CH_OFF,Offline Store,Offline,PAY-01355,EMP-053
TRX-01356,2025-03-22 17:55:00,CUST-0758,STORE-004,CH_OFF,Offline Store,Offline,PAY-01356,EMP-004
TRX-01357,2025-02-19 19:10:00,CUST-0353,STORE-022,CH_OFF,Offline Store,Offline,PAY-01357,EMP-068
TRX-01358,2024-04-12 10:36:00,CUST-0664,STORE-021,CH_OFF,Offline Store,Offline,PAY-01358,EMP-077
TRX-01359,2024-12-28 10:13:00,CUST-0246,STORE-024,CH_OFF,Offline Store,Offline,PAY-01359,EMP-073
TRX-01360,2025-04-29 12:23:00,CUST-0565,STORE-005,CH_OFF,Offline Store,Offline,PAY-01360,EMP-015
TRX-01361,2024-12-07 19:35:00,CUST-0550,STORE-008,CH_MKT,Marketplace,Online,PAY-01361,
TRX-01362,2025-01-24 13:27:00,CUST-0127,STORE-005,CH_OFF,Offline Store,Offline,PAY-01362,EMP-049
TRX-01363,2024-08-09 09:20:00,CUST-0544,STORE-005,CH_OFF,Offline Store,Offline,PAY-01363,EMP-066
TRX-01364,2025-05-17 13:30:00,CUST-0117,STORE-006,CH_WEB,Online Web,Online,PAY-01364,
TRX-01365,2024-05-20 18:14:00,CUST-0661,STORE-015,CH_WEB,Online Web,Online,PAY-01365,
TRX-01366,2025-05-08 20:42:00,CUST-0495,STORE-025,CH_OFF,Offline Store,Offline,PAY-01366,EMP-073
TRX-01367,2024-09-10 17:59:00,CUST-0071,STORE-023,CH_OFF,Offline Store,Offline,PAY-01367,EMP-043
TRX-01368,2025-01-17 16:41:00,CUST-0428,STORE-006,CH_OFF,Offline Store,Offline,PAY-01368,EMP-079
TRX-01369,2024-11-28 09:25:00,CUST-0279,STORE-008,CH_OFF,Offline Store,Offline,PAY-01369,EMP-075
TRX-01370,2024-06-02 10:58:00,CUST-0110,STORE-017,CH_WEB,Online Web,Online,PAY-01370,
TRX-01371,2025-04-04 14:13:00,CUST-0816,STORE-017,CH_OFF,Offline Store,Offline,PAY-01371,EMP-010
TRX-01372,2025-02-25 13:53:00,CUST-0704,STORE-006,CH_WEB,Online Web,Online,PAY-01372,
TRX-01373,2024-12-15 20:16:00,CUST-0638,STORE-023,CH_WEB,Online Web,Online,PAY-01373,
TRX-01374,2024-03-04 21:39:00,CUST-0854,STORE-009,CH_OFF,Offline Store,Offline,PAY-01374,EMP-061
TRX-01375,2024-07-13 14:08:00,,STORE-021,CH_OFF,Offline Store,Offline,PAY-01375,EMP-011
TRX-01376,2024-12-09 13:07:00,CUST-0691,STORE-007,CH_OFF,Offline Store,Offline,PAY-01376,EMP-056
TRX-01377,2024-11-23 17:07:00,CUST-0628,STORE-004,CH_WEB,Online Web,Online,PAY-01377,
TRX-01378,2024-06-12 18:37:00,CUST-0277,STORE-017,CH_WEB,Online Web,Online,PAY-01378,
TRX-01379,2025-02-10 18:37:00,CUST-0124,STORE-010,CH_WEB,Online Web,Online,PAY-01379,
TRX-01380,2025-05-30 17:33:00,CUST-0373,STORE-020,CH_OFF,Offline Store,Offline,PAY-01380,EMP-039
TRX-01381,2024-04-14 15:19:00,CUST-0711,STORE-021,CH_MKT,Marketplace,Online,PAY-01381,
TRX-01382,2024-11-18 11:13:00,CUST-0413,STORE-018,CH_OFF,Offline Store,Offline,PAY-01382,EMP-022
TRX-01383,2024-06-10 09:08:00,CUST-0960,STORE-025,CH_MKT,Marketplace,Online,PAY-01383,
TRX-01384,2025-05-20 19:45:00,CUST-0437,STORE-023,CH_WEB,Online Web,Online,PAY-01384,
TRX-01385,2024-12-12 11:50:00,CUST-0705,STORE-002,CH_OFF,Offline Store,Offline,PAY-01385,EMP-003
TRX-01386,2025-04-18 21:08:00,CUST-0188,STORE-014,CH_OFF,Offline Store,Offline,PAY-01386,EMP-045
TRX-01387,2024-08-27 18:35:00,CUST-0190,STORE-008,CH_WEB,Online Web,Online,PAY-01387,
TRX-01388,2025-04-15 17:41:00,CUST-0022,STORE-016,CH_WEB,Online Web,Online,PAY-01388,
TRX-01389,2025-03-12 19:37:00,CUST-0691,STORE-003,CH_WEB,Online Web,Online,PAY-01389,
TRX-01390,2024-10-31 18:18:00,CUST-0625,STORE-020,CH_OFF,Offline Store,Offline,PAY-01390,EMP-052
TRX-01391,2024-01-12 21:20:00,CUST-0368,STORE-003,CH_OFF,Offline Store,Offline,PAY-01391,EMP-079
TRX-01392,2024-03-09 14:18:00,CUST-0424,STORE-007,CH_WEB,Online Web,Online,PAY-01392,
TRX-01393,2024-12-30 20:38:00,,STORE-011,CH_OFF,Offline Store,Offline,PAY-01393,EMP-004
TRX-01394,2025-04-22 09:45:00,CUST-0979,STORE-022,CH_WEB,Online Web,Online,PAY-01394,
TRX-01395,2024-08-23 14:55:00,CUST-0454,STORE-024,CH_WEB,Online Web,Online,PAY-01395,
TRX-01396,2024-11-09 18:53:00,CUST-0245,STORE-004,CH_OFF,Offline Store,Offline,PAY-01396,EMP-003
TRX-01397,2024-01-20 12:45:00,CUST-0561,STORE-012,CH_OFF,Offline Store,Offline,PAY-01397,EMP-012
TRX-01398,2025-04-26 17:28:00,CUST-0648,STORE-007,CH_OFF,Offline Store,Offline,PAY-01398,EMP-024
TRX-01399,2024-07-28 13:19:00,CUST-0045,STORE-014,CH_OFF,Offline Store,Offline,PAY-01399,EMP-047
TRX-01400,2024-05-04 12:21:00,CUST-0984,STORE-024,CH_OFF,Offline Store,Offline,PAY-01400,EMP-059
TRX-01401,2025-04-20 11:42:00,CUST-0387,STORE-025,CH_OFF,Offline Store,Offline,PAY-01401,EMP-010
TRX-01402,2025-03-24 14:55:00,,STORE-017,CH_OFF,Offline Store,Offline,PAY-01402,EMP-062
TRX-01403,2025-05-02 12:02:00,CUST-0120,STORE-019,CH_OFF,Offline Store,Offline,PAY-01403,EMP-033
TRX-01404,2024-02-01 16:37:00,CUST-0798,STORE-010,CH_OFF,Offline Store,Offline,PAY-01404,EMP-006
TRX-01405,2024-11-29 12:42:00,CUST-0144,STORE-002,CH_WEB,Online Web,Online,PAY-01405,
TRX-01406,2025-02-24 12:33:00,CUST-0431,STORE-015,CH_OFF,Offline Store,Offline,PAY-01406,EMP-002
TRX-01407,2024-10-12 11:03:00,CUST-0355,STORE-012,CH_OFF,Offline Store,Offline,PAY-01407,EMP-045
TRX-01408,2025-05-30 17:34:00,CUST-0602,STORE-006,CH_OFF,Offline Store,Offline,PAY-01408,EMP-018
TRX-01409,2024-06-26 13:25:00,CUST-0455,STORE-012,CH_MKT,Marketplace,Online,PAY-01409,
TRX-01410,2025-03-04 13:17:00,CUST-0444,STORE-005,CH_OFF,Offline Store,Offline,PAY-01410,EMP-038
TRX-01411,2025-04-22 21:00:00,CUST-0161,STORE-011,CH_OFF,Offline Store,Offline,PAY-01411,EMP-060
TRX-01412,2024-09-19 18:51:00,CUST-0062,STORE-025,CH_WEB,Online Web,Online,PAY-01412,
TRX-01413,2025-05-27 18:36:00,CUST-0414,STORE-019,CH_MKT,Marketplace,Online,PAY-01413,
TRX-01414,2025-03-12 21:18:00,CUST-0254,STORE-003,CH_OFF,Offline Store,Offline,PAY-01414,EMP-034
TRX-01415,2024-06-07 14:56:00,CUST-0700,STORE-016,CH_WEB,Online Web,Online,PAY-01415,
TRX-01416,2024-03-15 14:16:00,CUST-0069,STORE-004,CH_OFF,Offline Store,Offline,PAY-01416,EMP-076
TRX-01417,2024-11-12 13:10:00,CUST-0435,STORE-015,CH_MKT,Marketplace,Online,PAY-01417,
TRX-01418,2024-11-16 19:48:00,CUST-0733,STORE-020,CH_MKT,Marketplace,Online,PAY-01418,
TRX-01419,2024-06-06 15:33:00,CUST-0657,STORE-020,CH_OFF,Offline Store,Offline,PAY-01419,EMP-048
TRX-01420,2024-07-15 11:12:00,CUST-0380,STORE-019,CH_OFF,Offline Store,Offline,PAY-01420,EMP-030
TRX-01421,2024-03-31 18:43:00,CUST-0646,STORE-015,CH_MKT,Marketplace,Online,PAY-01421,
TRX-01422,2024-10-07 18:24:00,CUST-0602,STORE-008,CH_WEB,Online Web,Online,PAY-01422,
TRX-01423,2025-02-03 13:34:00,CUST-0984,STORE-024,CH_MKT,Marketplace,Online,PAY-01423,
TRX-01424,2025-01-23 09:37:00,CUST-0125,STORE-001,CH_WEB,Online Web,Online,PAY-01424,
TRX-01425,2024-08-15 11:53:00,CUST-0259,STORE-015,CH_MKT,Marketplace,Online,PAY-01425,
TRX-01426,2024-10-30 12:07:00,CUST-0793,STORE-002,CH_WEB,Online Web,Online,PAY-01426,
TRX-01427,2024-09-21 13:09:00,CUST-0587,STORE-012,CH_OFF,Offline Store,Offline,PAY-01427,EMP-020
TRX-01428,2024-12-28 20:39:00,CUST-0468,STORE-024,CH_WEB,Online Web,Online,PAY-01428,
TRX-01429,2024-04-19 17:14:00,CUST-0149,STORE-022,CH_OFF,Offline Store,Offline,PAY-01429,EMP-036
TRX-01430,2024-10-11 20:59:00,CUST-0680,STORE-012,CH_MKT,Marketplace,Online,PAY-01430,
TRX-01431,2024-05-19 20:55:00,CUST-0545,STORE-023,CH_OFF,Offline Store,Offline,PAY-01431,EMP-078
TRX-01432,2024-05-18 16:49:00,CUST-0431,STORE-016,CH_MKT,Marketplace,Online,PAY-01432,
TRX-01433,2024-05-16 20:28:00,CUST-0222,STORE-020,CH_OFF,Offline Store,Offline,PAY-01433,EMP-054
TRX-01434,2024-09-14 20:33:00,CUST-0899,STORE-019,CH_MKT,Marketplace,Online,PAY-01434,
TRX-01435,2024-01-05 17:36:00,CUST-0068,STORE-018,CH_OFF,Offline Store,Offline,PAY-01435,EMP-059
TRX-01436,2024-05-13 18:30:00,CUST-0911,STORE-009,CH_OFF,Offline Store,Offline,PAY-01436,EMP-011
TRX-01437,2025-02-25 17:45:00,,STORE-020,CH_OFF,Offline Store,Offline,PAY-01437,EMP-008
TRX-01438,2024-10-12 14:11:00,CUST-0659,STORE-023,CH_WEB,Online Web,Online,PAY-01438,
TRX-01439,2024-12-25 10:29:00,CUST-0809,STORE-020,CH_WEB,Online Web,Online,PAY-01439,
TRX-01440,2024-10-16 10:29:00,CUST-0174,STORE-024,CH_MKT,Marketplace,Online,PAY-01440,
TRX-01441,2024-12-12 09:37:00,CUST-0772,STORE-004,CH_OFF,Offline Store,Offline,PAY-01441,EMP-039
TRX-01442,2025-05-28 15:21:00,CUST-0934,STORE-004,CH_OFF,Offline Store,Offline,PAY-01442,EMP-037
TRX-01443,2024-05-29 10:31:00,CUST-0268,STORE-022,CH_MKT,Marketplace,Online,PAY-01443,
TRX-01444,2024-02-04 16:35:00,CUST-0574,STORE-022,CH_OFF,Offline Store,Offline,PAY-01444,EMP-054
TRX-01445,2024-03-29 09:25:00,CUST-0960,STORE-014,CH_OFF,Offline Store,Offline,PAY-01445,EMP-059
TRX-01446,2024-06-12 13:36:00,CUST-0864,STORE-004,CH_OFF,Offline Store,Offline,PAY-01446,EMP-056
TRX-01447,2025-05-09 19:37:00,CUST-0353,STORE-003,CH_OFF,Offline Store,Offline,PAY-01447,EMP-066
TRX-01448,2024-06-11 16:13:00,CUST-0795,STORE-016,CH_WEB,Online Web,Online,PAY-01448,
TRX-01449,2024-12-15 16:42:00,CUST-0590,STORE-012,CH_OFF,Offline Store,Offline,PAY-01449,EMP-076
TRX-01450,2024-01-01 14:58:00,CUST-0551,STORE-007,CH_OFF,Offline Store,Offline,PAY-01450,EMP-053
TRX-01451,2024-09-30 18:56:00,CUST-0880,STORE-015,CH_OFF,Offline Store,Offline,PAY-01451,EMP-057
TRX-01452,2024-02-22 21:17:00,CUST-0082,STORE-024,CH_OFF,Offline Store,Offline,PAY-01452,EMP-063
TRX-01453,2025-05-04 20:31:00,CUST-0853,STORE-001,CH_MKT,Marketplace,Online,PAY-01453,
TRX-01454,2025-01-05 12:40:00,,STORE-004,CH_OFF,Offline Store,Offline,PAY-01454,EMP-078
TRX-01455,2024-06-12 10:20:00,CUST-0025,STORE-001,CH_OFF,Offline Store,Offline,PAY-01455,EMP-060
TRX-01456,2024-09-29 10:46:00,CUST-0666,STORE-023,CH_OFF,Offline Store,Offline,PAY-01456,EMP-049
TRX-01457,2025-02-14 16:58:00,CUST-0684,STORE-015,CH_OFF,Offline Store,Offline,PAY-01457,EMP-052
TRX-01458,2024-11-14 14:56:00,CUST-0190,STORE-003,CH_OFF,Offline Store,Offline,PAY-01458,EMP-063
TRX-01459,2024-10-09 11:10:00,,STORE-003,CH_OFF,Offline Store,Offline,PAY-01459,EMP-071
TRX-01460,2024-10-09 09:03:00,CUST-0491,STORE-005,CH_OFF,Offline Store,Offline,PAY-01460,EMP-040
TRX-01461,2024-09-01 12:52:00,,STORE-003,CH_MKT,Marketplace,Online,PAY-01461,
TRX-01462,2024-11-27 14:33:00,CUST-0381,STORE-005,CH_OFF,Offline Store,Offline,PAY-01462,EMP-038
TRX-01463,2024-08-04 14:04:00,CUST-0981,STORE-019,CH_WEB,Online Web,Online,PAY-01463,
TRX-01464,2024-12-29 20:56:00,CUST-0448,STORE-022,CH_WEB,Online Web,Online,PAY-01464,
TRX-01465,2024-04-23 21:52:00,CUST-0443,STORE-005,CH_OFF,Offline Store,Offline,PAY-01465,EMP-034
TRX-01466,2025-05-11 18:29:00,CUST-0493,STORE-019,CH_WEB,Online Web,Online,PAY-01466,
TRX-01467,2024-05-10 09:12:00,CUST-0677,STORE-015,CH_OFF,Offline Store,Offline,PAY-01467,EMP-021
TRX-01468,2024-12-26 20:50:00,CUST-0847,STORE-010,CH_WEB,Online Web,Online,PAY-01468,
TRX-01469,2024-06-08 13:12:00,CUST-0393,STORE-005,CH_OFF,Offline Store,Offline,PAY-01469,EMP-042
TRX-01470,2024-03-08 19:17:00,CUST-0063,STORE-005,CH_WEB,Online Web,Online,PAY-01470,
TRX-01471,2025-04-21 09:08:00,CUST-0005,STORE-010,CH_WEB,Online Web,Online,PAY-01471,
TRX-01472,2024-12-29 14:16:00,CUST-0067,STORE-015,CH_OFF,Offline Store,Offline,PAY-01472,EMP-017
TRX-01473,2024-04-18 14:57:00,CUST-0595,STORE-007,CH_OFF,Offline Store,Offline,PAY-01473,EMP-074
TRX-01474,2024-02-21 15:10:00,CUST-0876,STORE-024,CH_WEB,Online Web,Online,PAY-01474,
TRX-01475,2024-05-14 18:55:00,CUST-0045,STORE-008,CH_OFF,Offline Store,Offline,PAY-01475,EMP-058
TRX-01476,2024-07-10 11:02:00,CUST-0724,STORE-013,CH_MKT,Marketplace,Online,PAY-01476,
TRX-01477,2025-03-04 18:05:00,CUST-0161,STORE-023,CH_WEB,Online Web,Online,PAY-01477,
TRX-01478,2025-04-01 17:20:00,CUST-0109,STORE-002,CH_WEB,Online Web,Online,PAY-01478,
TRX-01479,2025-03-10 19:30:00,CUST-0906,STORE-011,CH_OFF,Offline Store,Offline,PAY-01479,EMP-037
TRX-01480,2024-08-09 12:11:00,CUST-0840,STORE-013,CH_WEB,Online Web,Online,PAY-01480,
TRX-01481,2025-02-24 20:12:00,CUST-0477,STORE-011,CH_OFF,Offline Store,Offline,PAY-01481,EMP-064
TRX-01482,2025-01-02 20:52:00,CUST-0936,STORE-019,CH_WEB,Online Web,Online,PAY-01482,
TRX-01483,2025-02-08 20:17:00,CUST-0653,STORE-005,CH_OFF,Offline Store,Offline,PAY-01483,EMP-012
TRX-01484,2025-01-12 20:12:00,CUST-0134,STORE-008,CH_OFF,Offline Store,Offline,PAY-01484,EMP-063
TRX-01485,2025-05-13 11:11:00,CUST-0147,STORE-004,CH_OFF,Offline Store,Offline,PAY-01485,EMP-003
TRX-01486,2024-05-16 17:16:00,,STORE-014,CH_OFF,Offline Store,Offline,PAY-01486,EMP-076
TRX-01487,2025-03-24 17:09:00,CUST-0409,STORE-014,CH_OFF,Offline Store,Offline,PAY-01487,EMP-051
TRX-01488,2024-12-30 20:01:00,CUST-0344,STORE-019,CH_OFF,Offline Store,Offline,PAY-01488,EMP-024
TRX-01489,2024-05-26 14:28:00,CUST-0163,STORE-016,CH_WEB,Online Web,Online,PAY-01489,
TRX-01490,2024-10-03 16:11:00,CUST-0689,STORE-022,CH_MKT,Marketplace,Online,PAY-01490,
TRX-01491,2025-01-30 10:34:00,,STORE-013,CH_OFF,Offline Store,Offline,PAY-01491,EMP-066
TRX-01492,2024-10-05 13:38:00,CUST-0261,STORE-001,CH_MKT,Marketplace,Online,PAY-01492,
TRX-01493,2024-11-02 13:03:00,CUST-0999,STORE-018,CH_OFF,Offline Store,Offline,PAY-01493,EMP-030
TRX-01494,2025-05-20 18:50:00,CUST-0994,STORE-020,CH_OFF,Offline Store,Offline,PAY-01494,EMP-071
TRX-01495,2024-09-03 18:06:00,CUST-0222,STORE-003,CH_WEB,Online Web,Online,PAY-01495,
TRX-01496,2025-05-10 11:02:00,CUST-0188,STORE-020,CH_MKT,Marketplace,Online,PAY-01496,
TRX-01497,2024-01-15 09:44:00,,STORE-004,CH_WEB,Online Web,Online,PAY-01497,
TRX-01498,2024-09-01 13:13:00,CUST-0523,STORE-025,CH_WEB,Online Web,Online,PAY-01498,
TRX-01499,2025-04-08 09:08:00,CUST-0546,STORE-006,CH_MKT,Marketplace,Online,PAY-01499,
TRX-01500,2024-07-28 11:07:00,CUST-0698,STORE-001,CH_OFF,Offline Store,Offline,PAY-01500,EMP-004
TRX-01501,2025-04-06 15:10:00,CUST-0672,STORE-002,CH_OFF,Offline Store,Offline,PAY-01501,EMP-021
TRX-01502,2024-08-08 11:56:00,CUST-0696,STORE-001,CH_MKT,Marketplace,Online,PAY-01502,
TRX-01503,2025-02-25 20:08:00,CUST-0008,STORE-006,CH_WEB,Online Web,Online,PAY-01503,
TRX-01504,2024-11-02 10:30:00,CUST-0954,STORE-011,CH_OFF,Offline Store,Offline,PAY-01504,EMP-027
TRX-01505,2024-11-23 09:33:00,CUST-0328,STORE-006,CH_OFF,Offline Store,Offline,PAY-01505,EMP-071
TRX-01506,2024-08-20 09:41:00,CUST-0280,STORE-022,CH_OFF,Offline Store,Offline,PAY-01506,EMP-038
TRX-01507,2024-05-20 17:11:00,CUST-0121,STORE-023,CH_OFF,Offline Store,Offline,PAY-01507,EMP-071
TRX-01508,2025-02-14 14:04:00,,STORE-016,CH_OFF,Offline Store,Offline,PAY-01508,EMP-035
TRX-01509,2024-04-01 11:57:00,CUST-0813,STORE-009,CH_MKT,Marketplace,Online,PAY-01509,
TRX-01510,2024-04-12 21:54:00,CUST-0931,STORE-011,CH_MKT,Marketplace,Online,PAY-01510,
TRX-01511,2024-06-05 21:06:00,CUST-0314,STORE-011,CH_OFF,Offline Store,Offline,PAY-01511,EMP-010
TRX-01512,2025-03-26 16:42:00,CUST-0883,STORE-007,CH_MKT,Marketplace,Online,PAY-01512,
TRX-01513,2025-05-25 11:29:00,CUST-0635,STORE-020,CH_WEB,Online Web,Online,PAY-01513,
TRX-01514,2024-11-11 21:24:00,CUST-0293,STORE-009,CH_OFF,Offline Store,Offline,PAY-01514,EMP-018
TRX-01515,2024-06-08 16:15:00,CUST-0888,STORE-008,CH_OFF,Offline Store,Offline,PAY-01515,EMP-031
TRX-01516,2024-12-17 11:55:00,CUST-0411,STORE-006,CH_OFF,Offline Store,Offline,PAY-01516,EMP-068
TRX-01517,2024-10-24 11:05:00,,STORE-015,CH_OFF,Offline Store,Offline,PAY-01517,EMP-044
TRX-01518,2024-11-02 11:54:00,CUST-0308,STORE-013,CH_OFF,Offline Store,Offline,PAY-01518,EMP-031
TRX-01519,2024-09-14 19:24:00,CUST-0601,STORE-020,CH_OFF,Offline Store,Offline,PAY-01519,EMP-065
TRX-01520,2024-03-03 16:20:00,CUST-0268,STORE-012,CH_MKT,Marketplace,Online,PAY-01520,
TRX-01521,2024-07-20 10:01:00,CUST-0094,STORE-005,CH_OFF,Offline Store,Offline,PAY-01521,EMP-033
TRX-01522,2024-02-18 19:04:00,CUST-0648,STORE-014,CH_OFF,Offline Store,Offline,PAY-01522,EMP-002
TRX-01523,2024-11-12 18:06:00,CUST-0151,STORE-003,CH_WEB,Online Web,Online,PAY-01523,
TRX-01524,2024-01-10 10:06:00,CUST-0327,STORE-001,CH_OFF,Offline Store,Offline,PAY-01524,EMP-018
TRX-01525,2024-05-16 10:59:00,CUST-0568,STORE-013,CH_MKT,Marketplace,Online,PAY-01525,
TRX-01526,2024-09-24 11:02:00,CUST-0663,STORE-003,CH_OFF,Offline Store,Offline,PAY-01526,EMP-037
TRX-01527,2025-03-09 10:45:00,CUST-0593,STORE-012,CH_OFF,Offline Store,Offline,PAY-01527,EMP-022
TRX-01528,2024-08-06 21:57:00,CUST-0784,STORE-020,CH_WEB,Online Web,Online,PAY-01528,
TRX-01529,2024-08-01 15:28:00,CUST-0481,STORE-010,CH_WEB,Online Web,Online,PAY-01529,
TRX-01530,2024-12-15 21:27:00,CUST-0896,STORE-005,CH_MKT,Marketplace,Online,PAY-01530,
TRX-01531,2024-11-10 19:29:00,CUST-0403,STORE-001,CH_OFF,Offline Store,Offline,PAY-01531,EMP-063
TRX-01532,2024-01-24 21:08:00,CUST-0354,STORE-019,CH_MKT,Marketplace,Online,PAY-01532,
TRX-01533,2025-04-26 21:29:00,CUST-0968,STORE-019,CH_WEB,Online Web,Online,PAY-01533,
TRX-01534,2024-09-15 17:51:00,CUST-0745,STORE-012,CH_OFF,Offline Store,Offline,PAY-01534,EMP-020
TRX-01535,2025-05-18 21:20:00,CUST-0873,STORE-006,CH_OFF,Offline Store,Offline,PAY-01535,EMP-062
TRX-01536,2025-02-10 16:16:00,CUST-0599,STORE-019,CH_OFF,Offline Store,Offline,PAY-01536,EMP-079
TRX-01537,2024-09-25 21:05:00,CUST-0732,STORE-003,CH_OFF,Offline Store,Offline,PAY-01537,EMP-017
TRX-01538,2025-05-08 15:45:00,CUST-0165,STORE-020,CH_WEB,Online Web,Online,PAY-01538,
TRX-01539,2024-07-28 13:56:00,CUST-0071,STORE-017,CH_WEB,Online Web,Online,PAY-01539,
TRX-01540,2024-02-12 13:06:00,CUST-0628,STORE-003,CH_WEB,Online Web,Online,PAY-01540,
TRX-01541,2024-11-04 12:26:00,CUST-0886,STORE-014,CH_OFF,Offline Store,Offline,PAY-01541,EMP-007
TRX-01542,2025-03-01 16:46:00,CUST-0955,STORE-014,CH_OFF,Offline Store,Offline,PAY-01542,EMP-064
TRX-01543,2024-12-04 21:55:00,CUST-0207,STORE-012,CH_OFF,Offline Store,Offline,PAY-01543,EMP-015
TRX-01544,2024-05-18 12:44:00,CUST-0669,STORE-003,CH_WEB,Online Web,Online,PAY-01544,
TRX-01545,2024-05-21 21:50:00,CUST-0395,STORE-015,CH_OFF,Offline Store,Offline,PAY-01545,EMP-037
TRX-01546,2024-09-18 19:08:00,CUST-0900,STORE-019,CH_WEB,Online Web,Online,PAY-01546,
TRX-01547,2025-01-04 17:39:00,CUST-0474,STORE-025,CH_OFF,Offline Store,Offline,PAY-01547,EMP-015
TRX-01548,2024-11-03 18:22:00,CUST-0394,STORE-022,CH_MKT,Marketplace,Online,PAY-01548,
TRX-01549,2024-01-07 09:16:00,,STORE-012,CH_OFF,Offline Store,Offline,PAY-01549,EMP-022
TRX-01550,2024-03-11 17:37:00,CUST-0500,STORE-020,CH_MKT,Marketplace,Online,PAY-01550,
TRX-01551,2024-12-17 09:47:00,CUST-0516,STORE-023,CH_OFF,Offline Store,Offline,PAY-01551,EMP-004
TRX-01552,2025-03-09 09:43:00,CUST-0424,STORE-004,CH_OFF,Offline Store,Offline,PAY-01552,EMP-029
TRX-01553,2024-10-22 19:11:00,CUST-0729,STORE-022,CH_OFF,Offline Store,Offline,PAY-01553,EMP-026
TRX-01554,2025-01-02 20:29:00,CUST-0333,STORE-012,CH_OFF,Offline Store,Offline,PAY-01554,EMP-054
TRX-01555,2024-01-15 14:36:00,CUST-0322,STORE-004,CH_OFF,Offline Store,Offline,PAY-01555,EMP-053
TRX-01556,2025-01-15 10:32:00,CUST-0405,STORE-020,CH_OFF,Offline Store,Offline,PAY-01556,EMP-052
TRX-01557,2025-02-01 18:31:00,CUST-0539,STORE-016,CH_OFF,Offline Store,Offline,PAY-01557,EMP-074
TRX-01558,2024-07-06 11:48:00,CUST-0577,STORE-024,CH_OFF,Offline Store,Offline,PAY-01558,EMP-011
TRX-01559,2024-07-27 10:48:00,CUST-0585,STORE-017,CH_OFF,Offline Store,Offline,PAY-01559,EMP-055
TRX-01560,2024-01-13 15:12:00,CUST-0482,STORE-007,CH_OFF,Offline Store,Offline,PAY-01560,EMP-046
TRX-01561,2024-02-06 12:54:00,CUST-0481,STORE-007,CH_MKT,Marketplace,Online,PAY-01561,
TRX-01562,2024-11-28 11:43:00,CUST-0806,STORE-011,CH_OFF,Offline Store,Offline,PAY-01562,EMP-053
TRX-01563,2025-03-15 19:45:00,CUST-0338,STORE-017,CH_OFF,Offline Store,Offline,PAY-01563,EMP-053
TRX-01564,2025-03-10 15:25:00,CUST-0667,STORE-024,CH_WEB,Online Web,Online,PAY-01564,
TRX-01565,2024-10-11 09:53:00,CUST-0370,STORE-007,CH_WEB,Online Web,Online,PAY-01565,
TRX-01566,2024-12-03 15:28:00,CUST-0597,STORE-021,CH_MKT,Marketplace,Online,PAY-01566,
TRX-01567,2024-05-08 20:54:00,CUST-0338,STORE-005,CH_WEB,Online Web,Online,PAY-01567,
TRX-01568,2025-05-29 11:58:00,,STORE-023,CH_OFF,Offline Store,Offline,PAY-01568,EMP-010
TRX-01569,2025-03-27 15:53:00,CUST-0521,STORE-006,CH_MKT,Marketplace,Online,PAY-01569,
TRX-01570,2024-10-30 12:42:00,CUST-0834,STORE-009,CH_OFF,Offline Store,Offline,PAY-01570,EMP-041
TRX-01571,2024-12-14 09:49:00,CUST-0903,STORE-002,CH_OFF,Offline Store,Offline,PAY-01571,EMP-075
TRX-01572,2025-01-27 21:00:00,CUST-0594,STORE-025,CH_WEB,Online Web,Online,PAY-01572,
TRX-01573,2024-02-12 16:08:00,,STORE-005,CH_OFF,Offline Store,Offline,PAY-01573,EMP-004
TRX-01574,2025-03-29 11:01:00,CUST-0455,STORE-008,CH_MKT,Marketplace,Online,PAY-01574,
TRX-01575,2024-01-03 14:25:00,CUST-0334,STORE-016,CH_WEB,Online Web,Online,PAY-01575,
TRX-01576,2024-01-06 18:47:00,CUST-0278,STORE-014,CH_WEB,Online Web,Online,PAY-01576,
TRX-01577,2024-05-19 18:51:00,CUST-0860,STORE-014,CH_MKT,Marketplace,Online,PAY-01577,
TRX-01578,2024-02-22 13:00:00,CUST-0799,STORE-010,CH_OFF,Offline Store,Offline,PAY-01578,EMP-050
TRX-01579,2024-02-26 09:28:00,CUST-0519,STORE-011,CH_MKT,Marketplace,Online,PAY-01579,
TRX-01580,2024-02-03 17:38:00,CUST-0216,STORE-004,CH_OFF,Offline Store,Offline,PAY-01580,EMP-074
TRX-01581,2024-09-16 19:50:00,CUST-0368,STORE-021,CH_MKT,Marketplace,Online,PAY-01581,
TRX-01582,2024-01-15 18:18:00,CUST-0592,STORE-010,CH_OFF,Offline Store,Offline,PAY-01582,EMP-009
TRX-01583,2025-04-24 15:54:00,CUST-0648,STORE-013,CH_WEB,Online Web,Online,PAY-01583,
TRX-01584,2025-04-26 17:13:00,CUST-0294,STORE-010,CH_WEB,Online Web,Online,PAY-01584,
TRX-01585,2024-07-03 15:48:00,CUST-0523,STORE-006,CH_WEB,Online Web,Online,PAY-01585,
TRX-01586,2025-04-08 16:04:00,CUST-0722,STORE-022,CH_OFF,Offline Store,Offline,PAY-01586,EMP-072
TRX-01587,2024-07-09 12:43:00,CUST-0215,STORE-014,CH_OFF,Offline Store,Offline,PAY-01587,EMP-002
TRX-01588,2025-04-21 10:12:00,CUST-0289,STORE-019,CH_OFF,Offline Store,Offline,PAY-01588,EMP-054
TRX-01589,2024-10-31 19:51:00,CUST-0531,STORE-018,CH_MKT,Marketplace,Online,PAY-01589,
TRX-01590,2024-04-25 17:23:00,CUST-0781,STORE-004,CH_MKT,Marketplace,Online,PAY-01590,
TRX-01591,2024-03-02 19:26:00,CUST-0867,STORE-018,CH_WEB,Online Web,Online,PAY-01591,
TRX-01592,2025-03-20 14:44:00,,STORE-025,CH_OFF,Offline Store,Offline,PAY-01592,EMP-063
TRX-01593,2024-06-03 12:19:00,CUST-0907,STORE-012,CH_MKT,Marketplace,Online,PAY-01593,
TRX-01594,2024-05-16 15:12:00,CUST-0008,STORE-021,CH_WEB,Online Web,Online,PAY-01594,
TRX-01595,2025-02-03 21:10:00,CUST-0705,STORE-017,CH_WEB,Online Web,Online,PAY-01595,
TRX-01596,2025-03-30 21:55:00,CUST-0424,STORE-017,CH_OFF,Offline Store,Offline,PAY-01596,EMP-013
TRX-01597,2024-08-16 11:32:00,CUST-0001,STORE-025,CH_MKT,Marketplace,Online,PAY-01597,
TRX-01598,2024-09-01 10:16:00,CUST-0053,STORE-008,CH_MKT,Marketplace,Online,PAY-01598,
TRX-01599,2025-04-02 18:52:00,CUST-0975,STORE-013,CH_OFF,Offline Store,Offline,PAY-01599,EMP-047
TRX-01600,2025-03-03 11:54:00,CUST-0929,STORE-018,CH_OFF,Offline Store,Offline,PAY-01600,EMP-041
TRX-01601,2024-06-23 14:34:00,CUST-0534,STORE-020,CH_OFF,Offline Store,Offline,PAY-01601,EMP-038
TRX-01602,2024-06-10 20:25:00,CUST-0156,STORE-017,CH_OFF,Offline Store,Offline,PAY-01602,EMP-002
TRX-01603,2024-03-23 19:05:00,CUST-0246,STORE-009,CH_OFF,Offline Store,Offline,PAY-01603,EMP-029
TRX-01604,2024-11-21 13:04:00,CUST-0003,STORE-018,CH_OFF,Offline Store,Offline,PAY-01604,EMP-043
TRX-01605,2024-11-15 17:27:00,,STORE-013,CH_WEB,Online Web,Online,PAY-01605,
TRX-01606,2024-12-09 12:32:00,CUST-0640,STORE-004,CH_OFF,Offline Store,Offline,PAY-01606,EMP-049
TRX-01607,2024-10-07 11:57:00,CUST-0538,STORE-019,CH_MKT,Marketplace,Online,PAY-01607,
TRX-01608,2024-01-16 19:29:00,CUST-0632,STORE-017,CH_WEB,Online Web,Online,PAY-01608,
TRX-01609,2024-09-15 17:21:00,CUST-0228,STORE-022,CH_OFF,Offline Store,Offline,PAY-01609,EMP-026
TRX-01610,2024-07-01 11:00:00,CUST-0185,STORE-017,CH_OFF,Offline Store,Offline,PAY-01610,EMP-071
TRX-01611,2025-03-27 15:35:00,,STORE-006,CH_OFF,Offline Store,Offline,PAY-01611,EMP-054
TRX-01612,2024-10-29 12:03:00,CUST-0988,STORE-023,CH_OFF,Offline Store,Offline,PAY-01612,EMP-022
TRX-01613,2024-10-15 13:03:00,CUST-0954,STORE-022,CH_OFF,Offline Store,Offline,PAY-01613,EMP-030
TRX-01614,2024-01-27 17:26:00,CUST-0841,STORE-004,CH_OFF,Offline Store,Offline,PAY-01614,EMP-037
TRX-01615,2025-05-22 19:06:00,CUST-0029,STORE-011,CH_MKT,Marketplace,Online,PAY-01615,
TRX-01616,2024-10-22 13:30:00,CUST-0238,STORE-019,CH_OFF,Offline Store,Offline,PAY-01616,EMP-014
TRX-01617,2025-02-09 14:43:00,CUST-0773,STORE-007,CH_MKT,Marketplace,Online,PAY-01617,
TRX-01618,2025-04-26 13:06:00,CUST-0572,STORE-004,CH_WEB,Online Web,Online,PAY-01618,
TRX-01619,2024-01-05 13:13:00,CUST-0793,STORE-012,CH_WEB,Online Web,Online,PAY-01619,
TRX-01620,2025-03-16 15:35:00,CUST-0573,STORE-002,CH_OFF,Offline Store,Offline,PAY-01620,EMP-028
TRX-01621,2024-10-01 11:39:00,CUST-0970,STORE-017,CH_OFF,Offline Store,Offline,PAY-01621,EMP-030
TRX-01622,2025-04-24 12:18:00,CUST-0031,STORE-003,CH_OFF,Offline Store,Offline,PAY-01622,EMP-011
TRX-01623,2024-02-07 13:48:00,CUST-0631,STORE-002,CH_MKT,Marketplace,Online,PAY-01623,
TRX-01624,2024-08-26 18:24:00,CUST-0952,STORE-002,CH_MKT,Marketplace,Online,PAY-01624,
TRX-01625,2024-01-21 13:51:00,CUST-0691,STORE-016,CH_MKT,Marketplace,Online,PAY-01625,
TRX-01626,2025-03-10 18:37:00,CUST-0328,STORE-017,CH_WEB,Online Web,Online,PAY-01626,
TRX-01627,2024-04-23 11:24:00,CUST-0489,STORE-023,CH_OFF,Offline Store,Offline,PAY-01627,EMP-021
TRX-01628,2024-06-17 13:36:00,CUST-0597,STORE-003,CH_OFF,Offline Store,Offline,PAY-01628,EMP-080
TRX-01629,2024-11-24 14:36:00,CUST-0506,STORE-001,CH_OFF,Offline Store,Offline,PAY-01629,EMP-064
TRX-01630,2025-03-31 14:26:00,,STORE-008,CH_OFF,Offline Store,Offline,PAY-01630,EMP-016
TRX-01631,2025-02-24 17:47:00,CUST-0751,STORE-018,CH_OFF,Offline Store,Offline,PAY-01631,EMP-065
TRX-01632,2025-01-18 10:51:00,CUST-0942,STORE-020,CH_OFF,Offline Store,Offline,PAY-01632,EMP-062
TRX-01633,2024-09-06 19:30:00,CUST-0933,STORE-002,CH_WEB,Online Web,Online,PAY-01633,
TRX-01634,2024-07-18 20:25:00,,STORE-021,CH_OFF,Offline Store,Offline,PAY-01634,EMP-014
TRX-01635,2024-04-11 15:43:00,CUST-0507,STORE-015,CH_OFF,Offline Store,Offline,PAY-01635,EMP-046
TRX-01636,2025-04-24 10:28:00,CUST-0760,STORE-011,CH_MKT,Marketplace,Online,PAY-01636,
TRX-01637,2024-08-03 17:35:00,CUST-0499,STORE-024,CH_WEB,Online Web,Online,PAY-01637,
TRX-01638,2025-02-09 19:14:00,CUST-0327,STORE-017,CH_MKT,Marketplace,Online,PAY-01638,
TRX-01639,2024-02-15 19:13:00,CUST-0022,STORE-013,CH_OFF,Offline Store,Offline,PAY-01639,EMP-014
TRX-01640,2024-05-18 11:50:00,CUST-0057,STORE-023,CH_OFF,Offline Store,Offline,PAY-01640,EMP-056
TRX-01641,2025-02-25 18:17:00,CUST-0230,STORE-023,CH_WEB,Online Web,Online,PAY-01641,
TRX-01642,2024-03-10 12:33:00,,STORE-011,CH_OFF,Offline Store,Offline,PAY-01642,EMP-058
TRX-01643,2024-12-06 14:08:00,CUST-0323,STORE-004,CH_OFF,Offline Store,Offline,PAY-01643,EMP-004
TRX-01644,2025-02-12 17:31:00,CUST-0274,STORE-010,CH_OFF,Offline Store,Offline,PAY-01644,EMP-012
TRX-01645,2024-06-26 14:35:00,CUST-0155,STORE-013,CH_OFF,Offline Store,Offline,PAY-01645,EMP-032
TRX-01646,2025-04-02 20:23:00,,STORE-019,CH_MKT,Marketplace,Online,PAY-01646,
TRX-01647,2024-09-14 21:55:00,CUST-0662,STORE-001,CH_WEB,Online Web,Online,PAY-01647,
TRX-01648,2025-03-17 21:21:00,CUST-0832,STORE-005,CH_MKT,Marketplace,Online,PAY-01648,
TRX-01649,2024-01-03 10:17:00,CUST-0111,STORE-006,CH_OFF,Offline Store,Offline,PAY-01649,EMP-075
TRX-01650,2024-05-02 21:08:00,CUST-0528,STORE-004,CH_OFF,Offline Store,Offline,PAY-01650,EMP-063
TRX-01651,2024-05-03 13:01:00,CUST-0290,STORE-023,CH_OFF,Offline Store,Offline,PAY-01651,EMP-004
TRX-01652,2025-03-18 21:51:00,CUST-0039,STORE-021,CH_OFF,Offline Store,Offline,PAY-01652,EMP-024
TRX-01653,2024-05-27 17:07:00,CUST-0702,STORE-024,CH_WEB,Online Web,Online,PAY-01653,
TRX-01654,2024-11-24 18:04:00,CUST-0399,STORE-001,CH_MKT,Marketplace,Online,PAY-01654,
TRX-01655,2024-04-08 12:01:00,CUST-0589,STORE-020,CH_MKT,Marketplace,Online,PAY-01655,
TRX-01656,2025-01-29 11:56:00,CUST-0955,STORE-019,CH_OFF,Offline Store,Offline,PAY-01656,EMP-042
TRX-01657,2025-05-15 15:16:00,CUST-0191,STORE-014,CH_MKT,Marketplace,Online,PAY-01657,
TRX-01658,2024-11-24 17:25:00,CUST-0764,STORE-001,CH_OFF,Offline Store,Offline,PAY-01658,EMP-042
TRX-01659,2024-05-07 18:11:00,,STORE-020,CH_OFF,Offline Store,Offline,PAY-01659,EMP-050
TRX-01660,2025-02-28 17:15:00,CUST-0179,STORE-016,CH_OFF,Offline Store,Offline,PAY-01660,EMP-044
TRX-01661,2024-02-03 11:57:00,CUST-0951,STORE-005,CH_WEB,Online Web,Online,PAY-01661,
TRX-01662,2025-04-10 12:49:00,CUST-0219,STORE-009,CH_OFF,Offline Store,Offline,PAY-01662,EMP-013
TRX-01663,2024-02-21 15:27:00,CUST-0983,STORE-024,CH_MKT,Marketplace,Online,PAY-01663,
TRX-01664,2025-04-24 17:11:00,CUST-0812,STORE-003,CH_OFF,Offline Store,Offline,PAY-01664,EMP-070
TRX-01665,2024-05-12 11:16:00,CUST-0907,STORE-025,CH_OFF,Offline Store,Offline,PAY-01665,EMP-064
TRX-01666,2024-12-18 11:05:00,CUST-0948,STORE-010,CH_OFF,Offline Store,Offline,PAY-01666,EMP-068
TRX-01667,2024-10-31 11:51:00,CUST-0777,STORE-024,CH_OFF,Offline Store,Offline,PAY-01667,EMP-037
TRX-01668,2025-05-01 09:56:00,CUST-0719,STORE-024,CH_OFF,Offline Store,Offline,PAY-01668,EMP-032
TRX-01669,2024-10-23 15:47:00,CUST-0661,STORE-015,CH_OFF,Offline Store,Offline,PAY-01669,EMP-068
TRX-01670,2024-10-24 21:40:00,CUST-0805,STORE-019,CH_OFF,Offline Store,Offline,PAY-01670,EMP-018
TRX-01671,2025-03-08 11:25:00,CUST-0518,STORE-019,CH_OFF,Offline Store,Offline,PAY-01671,EMP-049
TRX-01672,2024-05-06 09:50:00,,STORE-024,CH_OFF,Offline Store,Offline,PAY-01672,EMP-033
TRX-01673,2024-11-27 18:21:00,CUST-0888,STORE-019,CH_OFF,Offline Store,Offline,PAY-01673,EMP-006
TRX-01674,2024-12-27 17:44:00,CUST-0188,STORE-009,CH_WEB,Online Web,Online,PAY-01674,
TRX-01675,2025-03-09 14:45:00,CUST-0635,STORE-010,CH_MKT,Marketplace,Online,PAY-01675,
TRX-01676,2024-08-28 14:14:00,CUST-0475,STORE-012,CH_OFF,Offline Store,Offline,PAY-01676,EMP-058
TRX-01677,2025-03-24 18:05:00,CUST-0482,STORE-016,CH_OFF,Offline Store,Offline,PAY-01677,EMP-010
TRX-01678,2025-02-06 20:26:00,CUST-0510,STORE-022,CH_MKT,Marketplace,Online,PAY-01678,
TRX-01679,2025-03-09 17:42:00,CUST-0802,STORE-024,CH_OFF,Offline Store,Offline,PAY-01679,EMP-007
TRX-01680,2025-04-01 20:47:00,CUST-0502,STORE-007,CH_OFF,Offline Store,Offline,PAY-01680,EMP-041
TRX-01681,2024-10-01 20:26:00,CUST-0989,STORE-003,CH_WEB,Online Web,Online,PAY-01681,
TRX-01682,2024-08-30 10:49:00,CUST-0181,STORE-015,CH_WEB,Online Web,Online,PAY-01682,
TRX-01683,2024-01-17 09:41:00,CUST-0400,STORE-005,CH_OFF,Offline Store,Offline,PAY-01683,EMP-016
TRX-01684,2025-05-28 10:05:00,CUST-0670,STORE-012,CH_MKT,Marketplace,Online,PAY-01684,
TRX-01685,2024-06-16 21:51:00,CUST-0595,STORE-024,CH_OFF,Offline Store,Offline,PAY-01685,EMP-070
TRX-01686,2025-01-28 18:48:00,CUST-0099,STORE-011,CH_MKT,Marketplace,Online,PAY-01686,
TRX-01687,2024-05-11 15:32:00,CUST-0483,STORE-009,CH_OFF,Offline Store,Offline,PAY-01687,EMP-054
TRX-01688,2024-03-26 20:08:00,CUST-0070,STORE-017,CH_OFF,Offline Store,Offline,PAY-01688,EMP-035
TRX-01689,2025-01-08 14:35:00,CUST-0159,STORE-008,CH_OFF,Offline Store,Offline,PAY-01689,EMP-048
TRX-01690,2024-06-30 18:59:00,CUST-0242,STORE-012,CH_WEB,Online Web,Online,PAY-01690,
TRX-01691,2024-11-13 20:31:00,CUST-0284,STORE-022,CH_OFF,Offline Store,Offline,PAY-01691,EMP-047
TRX-01692,2024-02-20 17:34:00,,STORE-018,CH_MKT,Marketplace,Online,PAY-01692,
TRX-01693,2024-11-23 17:00:00,CUST-0576,STORE-021,CH_WEB,Online Web,Online,PAY-01693,
TRX-01694,2025-03-13 15:12:00,CUST-0805,STORE-021,CH_OFF,Offline Store,Offline,PAY-01694,EMP-038
TRX-01695,2025-05-06 18:57:00,CUST-0160,STORE-023,CH_OFF,Offline Store,Offline,PAY-01695,EMP-056
TRX-01696,2024-01-09 14:58:00,CUST-0259,STORE-016,CH_OFF,Offline Store,Offline,PAY-01696,EMP-017
TRX-01697,2024-11-20 18:07:00,CUST-0096,STORE-015,CH_OFF,Offline Store,Offline,PAY-01697,EMP-039
TRX-01698,2024-12-20 19:55:00,CUST-0120,STORE-008,CH_WEB,Online Web,Online,PAY-01698,
TRX-01699,2024-03-07 15:15:00,CUST-0328,STORE-006,CH_MKT,Marketplace,Online,PAY-01699,
TRX-01700,2025-03-31 14:24:00,CUST-0075,STORE-020,CH_OFF,Offline Store,Offline,PAY-01700,EMP-011
TRX-01701,2024-11-27 18:00:00,CUST-0360,STORE-024,CH_MKT,Marketplace,Online,PAY-01701,
TRX-01702,2024-08-17 13:19:00,CUST-0298,STORE-014,CH_OFF,Offline Store,Offline,PAY-01702,EMP-017
TRX-01703,2024-01-21 18:25:00,CUST-0161,STORE-017,CH_OFF,Offline Store,Offline,PAY-01703,EMP-024
TRX-01704,2025-05-02 12:29:00,CUST-0436,STORE-008,CH_WEB,Online Web,Online,PAY-01704,
TRX-01705,2025-02-25 09:36:00,CUST-0584,STORE-016,CH_WEB,Online Web,Online,PAY-01705,
TRX-01706,2025-03-30 20:08:00,CUST-0161,STORE-020,CH_WEB,Online Web,Online,PAY-01706,
TRX-01707,2024-08-31 09:21:00,CUST-0687,STORE-003,CH_OFF,Offline Store,Offline,PAY-01707,EMP-045
TRX-01708,2024-11-19 17:05:00,CUST-0605,STORE-018,CH_OFF,Offline Store,Offline,PAY-01708,EMP-059
TRX-01709,2025-05-03 11:27:00,CUST-0892,STORE-020,CH_OFF,Offline Store,Offline,PAY-01709,EMP-048
TRX-01710,2025-03-01 16:11:00,,STORE-005,CH_OFF,Offline Store,Offline,PAY-01710,EMP-069
TRX-01711,2024-12-07 12:28:00,CUST-0834,STORE-018,CH_OFF,Offline Store,Offline,PAY-01711,EMP-020
TRX-01712,2025-03-12 20:12:00,CUST-0849,STORE-017,CH_MKT,Marketplace,Online,PAY-01712,
TRX-01713,2025-03-09 16:10:00,CUST-0405,STORE-014,CH_MKT,Marketplace,Online,PAY-01713,
TRX-01714,2024-11-30 13:06:00,CUST-0327,STORE-024,CH_WEB,Online Web,Online,PAY-01714,
TRX-01715,2025-05-29 17:04:00,,STORE-018,CH_WEB,Online Web,Online,PAY-01715,
TRX-01716,2024-10-20 10:23:00,,STORE-015,CH_OFF,Offline Store,Offline,PAY-01716,EMP-039
TRX-01717,2025-03-23 10:14:00,CUST-0018,STORE-023,CH_WEB,Online Web,Online,PAY-01717,
TRX-01718,2024-05-13 19:30:00,,STORE-019,CH_OFF,Offline Store,Offline,PAY-01718,EMP-080
TRX-01719,2024-08-18 21:41:00,CUST-0576,STORE-007,CH_MKT,Marketplace,Online,PAY-01719,
TRX-01720,2024-08-29 14:04:00,CUST-0792,STORE-010,CH_WEB,Online Web,Online,PAY-01720,
TRX-01721,2024-08-04 18:58:00,CUST-0562,STORE-001,CH_OFF,Offline Store,Offline,PAY-01721,EMP-035
TRX-01722,2025-01-20 10:47:00,CUST-0579,STORE-019,CH_WEB,Online Web,Online,PAY-01722,
TRX-01723,2024-04-15 12:57:00,,STORE-021,CH_MKT,Marketplace,Online,PAY-01723,
TRX-01724,2025-01-29 11:23:00,CUST-0115,STORE-005,CH_MKT,Marketplace,Online,PAY-01724,
TRX-01725,2025-05-15 13:23:00,,STORE-002,CH_MKT,Marketplace,Online,PAY-01725,
TRX-01726,2024-10-11 11:24:00,CUST-0847,STORE-003,CH_OFF,Offline Store,Offline,PAY-01726,EMP-034
TRX-01727,2025-05-27 20:40:00,CUST-0925,STORE-014,CH_WEB,Online Web,Online,PAY-01727,
TRX-01728,2024-09-17 18:32:00,CUST-0439,STORE-005,CH_OFF,Offline Store,Offline,PAY-01728,EMP-003
TRX-01729,2025-05-12 13:42:00,CUST-0319,STORE-014,CH_WEB,Online Web,Online,PAY-01729,
TRX-01730,2024-03-29 17:12:00,CUST-0968,STORE-014,CH_OFF,Offline Store,Offline,PAY-01730,EMP-020
TRX-01731,2025-05-07 14:00:00,CUST-0925,STORE-018,CH_WEB,Online Web,Online,PAY-01731,
TRX-01732,2024-07-29 13:02:00,CUST-0189,STORE-022,CH_OFF,Offline Store,Offline,PAY-01732,EMP-080
TRX-01733,2024-05-08 16:28:00,CUST-0440,STORE-015,CH_MKT,Marketplace,Online,PAY-01733,
TRX-01734,2025-04-02 19:45:00,CUST-0302,STORE-019,CH_OFF,Offline Store,Offline,PAY-01734,EMP-020
TRX-01735,2024-01-05 19:21:00,CUST-0665,STORE-014,CH_OFF,Offline Store,Offline,PAY-01735,EMP-057
TRX-01736,2024-02-12 12:35:00,CUST-0227,STORE-007,CH_OFF,Offline Store,Offline,PAY-01736,EMP-026
TRX-01737,2025-02-16 13:34:00,CUST-0162,STORE-008,CH_OFF,Offline Store,Offline,PAY-01737,EMP-055
TRX-01738,2025-01-09 12:04:00,CUST-0283,STORE-025,CH_WEB,Online Web,Online,PAY-01738,
TRX-01739,2025-03-06 11:15:00,CUST-0362,STORE-002,CH_OFF,Offline Store,Offline,PAY-01739,EMP-038
TRX-01740,2024-05-14 11:59:00,CUST-0345,STORE-004,CH_WEB,Online Web,Online,PAY-01740,
TRX-01741,2024-11-26 16:54:00,CUST-0596,STORE-016,CH_OFF,Offline Store,Offline,PAY-01741,EMP-003
TRX-01742,2025-03-04 14:03:00,CUST-0220,STORE-014,CH_OFF,Offline Store,Offline,PAY-01742,EMP-071
TRX-01743,2024-08-19 16:12:00,,STORE-022,CH_OFF,Offline Store,Offline,PAY-01743,EMP-059
TRX-01744,2024-02-23 14:54:00,CUST-0681,STORE-013,CH_OFF,Offline Store,Offline,PAY-01744,EMP-023
TRX-01745,2025-04-04 18:33:00,CUST-0864,STORE-017,CH_MKT,Marketplace,Online,PAY-01745,
TRX-01746,2024-12-01 13:02:00,CUST-0607,STORE-022,CH_MKT,Marketplace,Online,PAY-01746,
TRX-01747,2024-02-23 09:30:00,CUST-0852,STORE-019,CH_OFF,Offline Store,Offline,PAY-01747,EMP-023
TRX-01748,2024-10-13 14:34:00,CUST-0505,STORE-012,CH_WEB,Online Web,Online,PAY-01748,
TRX-01749,2024-04-28 16:50:00,CUST-0646,STORE-003,CH_WEB,Online Web,Online,PAY-01749,
TRX-01750,2024-04-28 09:05:00,CUST-0032,STORE-003,CH_OFF,Offline Store,Offline,PAY-01750,EMP-080
TRX-01751,2025-02-01 20:17:00,CUST-0396,STORE-013,CH_OFF,Offline Store,Offline,PAY-01751,EMP-030
TRX-01752,2024-10-29 14:29:00,CUST-0257,STORE-002,CH_OFF,Offline Store,Offline,PAY-01752,EMP-043
TRX-01753,2024-08-26 19:22:00,CUST-0428,STORE-008,CH_WEB,Online Web,Online,PAY-01753,
TRX-01754,2025-01-20 16:06:00,,STORE-014,CH_WEB,Online Web,Online,PAY-01754,
TRX-01755,2024-02-14 14:30:00,CUST-0346,STORE-007,CH_WEB,Online Web,Online,PAY-01755,
TRX-01756,2024-12-22 11:25:00,CUST-0324,STORE-017,CH_WEB,Online Web,Online,PAY-01756,
TRX-01757,2024-04-11 16:06:00,CUST-0981,STORE-004,CH_MKT,Marketplace,Online,PAY-01757,
TRX-01758,2024-11-08 15:28:00,CUST-0938,STORE-022,CH_MKT,Marketplace,Online,PAY-01758,
TRX-01759,2024-12-26 16:47:00,CUST-0197,STORE-009,CH_WEB,Online Web,Online,PAY-01759,
TRX-01760,2025-01-31 10:13:00,CUST-0038,STORE-004,CH_OFF,Offline Store,Offline,PAY-01760,EMP-014
TRX-01761,2025-01-24 14:53:00,CUST-0013,STORE-001,CH_OFF,Offline Store,Offline,PAY-01761,EMP-009
TRX-01762,2024-06-01 13:04:00,CUST-0891,STORE-009,CH_OFF,Offline Store,Offline,PAY-01762,EMP-027
TRX-01763,2024-10-25 19:25:00,CUST-0148,STORE-009,CH_OFF,Offline Store,Offline,PAY-01763,EMP-068
TRX-01764,2024-03-22 15:58:00,CUST-0410,STORE-002,CH_WEB,Online Web,Online,PAY-01764,
TRX-01765,2025-03-08 15:20:00,CUST-0866,STORE-025,CH_MKT,Marketplace,Online,PAY-01765,
TRX-01766,2024-02-04 21:20:00,CUST-0295,STORE-004,CH_OFF,Offline Store,Offline,PAY-01766,EMP-013
TRX-01767,2024-01-13 16:34:00,CUST-0701,STORE-002,CH_WEB,Online Web,Online,PAY-01767,
TRX-01768,2024-11-26 19:54:00,CUST-0655,STORE-010,CH_WEB,Online Web,Online,PAY-01768,
TRX-01769,2025-05-04 09:06:00,CUST-0515,STORE-025,CH_OFF,Offline Store,Offline,PAY-01769,EMP-047
TRX-01770,2024-08-07 16:01:00,CUST-0766,STORE-004,CH_MKT,Marketplace,Online,PAY-01770,
TRX-01771,2024-12-28 09:38:00,CUST-0944,STORE-019,CH_OFF,Offline Store,Offline,PAY-01771,EMP-020
TRX-01772,2024-06-25 13:04:00,CUST-0651,STORE-004,CH_OFF,Offline Store,Offline,PAY-01772,EMP-012
TRX-01773,2025-05-14 17:41:00,CUST-0627,STORE-001,CH_OFF,Offline Store,Offline,PAY-01773,EMP-066
TRX-01774,2024-06-13 12:15:00,CUST-0190,STORE-011,CH_OFF,Offline Store,Offline,PAY-01774,EMP-050
TRX-01775,2025-04-16 20:07:00,CUST-0268,STORE-003,CH_OFF,Offline Store,Offline,PAY-01775,EMP-025
TRX-01776,2024-04-13 19:57:00,CUST-0155,STORE-001,CH_OFF,Offline Store,Offline,PAY-01776,EMP-078
TRX-01777,2024-12-16 09:55:00,CUST-0581,STORE-005,CH_OFF,Offline Store,Offline,PAY-01777,EMP-043
TRX-01778,2024-08-17 15:18:00,CUST-0187,STORE-016,CH_OFF,Offline Store,Offline,PAY-01778,EMP-027
TRX-01779,2024-09-02 14:06:00,CUST-0910,STORE-021,CH_OFF,Offline Store,Offline,PAY-01779,EMP-010
TRX-01780,2024-10-12 17:53:00,CUST-0296,STORE-023,CH_OFF,Offline Store,Offline,PAY-01780,EMP-014
TRX-01781,2024-09-12 17:48:00,CUST-0721,STORE-016,CH_OFF,Offline Store,Offline,PAY-01781,EMP-008
TRX-01782,2024-06-22 10:14:00,CUST-0115,STORE-014,CH_OFF,Offline Store,Offline,PAY-01782,EMP-071
TRX-01783,2025-01-16 10:39:00,CUST-0948,STORE-015,CH_OFF,Offline Store,Offline,PAY-01783,EMP-070
TRX-01784,2024-08-24 17:07:00,CUST-0813,STORE-007,CH_MKT,Marketplace,Online,PAY-01784,
TRX-01785,2024-01-16 09:20:00,CUST-0941,STORE-012,CH_MKT,Marketplace,Online,PAY-01785,
TRX-01786,2024-07-02 18:41:00,CUST-0530,STORE-011,CH_OFF,Offline Store,Offline,PAY-01786,EMP-008
TRX-01787,2025-01-15 15:49:00,CUST-0329,STORE-008,CH_OFF,Offline Store,Offline,PAY-01787,EMP-028
TRX-01788,2024-03-11 20:27:00,CUST-0107,STORE-019,CH_OFF,Offline Store,Offline,PAY-01788,EMP-043
TRX-01789,2024-03-20 16:00:00,CUST-0221,STORE-016,CH_OFF,Offline Store,Offline,PAY-01789,EMP-074
TRX-01790,2025-02-04 11:53:00,CUST-0998,STORE-023,CH_WEB,Online Web,Online,PAY-01790,
TRX-01791,2024-05-17 18:42:00,CUST-0344,STORE-023,CH_MKT,Marketplace,Online,PAY-01791,
TRX-01792,2024-01-24 12:20:00,CUST-0719,STORE-011,CH_WEB,Online Web,Online,PAY-01792,
TRX-01793,2024-09-26 13:20:00,CUST-0975,STORE-023,CH_OFF,Offline Store,Offline,PAY-01793,EMP-058
TRX-01794,2025-01-13 20:42:00,CUST-0496,STORE-009,CH_MKT,Marketplace,Online,PAY-01794,
TRX-01795,2024-09-05 09:59:00,CUST-0074,STORE-008,CH_WEB,Online Web,Online,PAY-01795,
TRX-01796,2024-09-20 09:03:00,,STORE-010,CH_OFF,Offline Store,Offline,PAY-01796,EMP-005
TRX-01797,2024-10-29 20:34:00,CUST-0360,STORE-006,CH_WEB,Online Web,Online,PAY-01797,
TRX-01798,2024-03-26 12:33:00,,STORE-016,CH_OFF,Offline Store,Offline,PAY-01798,EMP-078
TRX-01799,2025-01-16 09:35:00,CUST-0377,STORE-019,CH_WEB,Online Web,Online,PAY-01799,
TRX-01800,2025-03-19 19:17:00,CUST-0824,STORE-016,CH_OFF,Offline Store,Offline,PAY-01800,EMP-050
TRX-01801,2025-01-19 10:26:00,CUST-0943,STORE-010,CH_OFF,Offline Store,Offline,PAY-01801,EMP-036
TRX-01802,2024-08-21 11:32:00,CUST-0069,STORE-003,CH_OFF,Offline Store,Offline,PAY-01802,EMP-031
TRX-01803,2024-09-29 13:33:00,CUST-0590,STORE-010,CH_OFF,Offline Store,Offline,PAY-01803,EMP-003
TRX-01804,2025-05-30 16:35:00,,STORE-016,CH_WEB,Online Web,Online,PAY-01804,
TRX-01805,2024-10-07 11:22:00,CUST-0103,STORE-018,CH_OFF,Offline Store,Offline,PAY-01805,EMP-059
TRX-01806,2025-02-13 21:03:00,CUST-0084,STORE-019,CH_OFF,Offline Store,Offline,PAY-01806,EMP-016
TRX-01807,2024-01-16 17:50:00,CUST-0771,STORE-015,CH_OFF,Offline Store,Offline,PAY-01807,EMP-041
TRX-01808,2024-11-06 13:50:00,CUST-0990,STORE-016,CH_OFF,Offline Store,Offline,PAY-01808,EMP-015
TRX-01809,2025-01-03 14:18:00,CUST-0289,STORE-002,CH_WEB,Online Web,Online,PAY-01809,
TRX-01810,2024-09-30 20:35:00,CUST-0345,STORE-024,CH_MKT,Marketplace,Online,PAY-01810,
TRX-01811,2024-07-07 09:45:00,CUST-0342,STORE-001,CH_WEB,Online Web,Online,PAY-01811,
TRX-01812,2024-10-06 11:47:00,CUST-0437,STORE-013,CH_OFF,Offline Store,Offline,PAY-01812,EMP-003
TRX-01813,2024-06-25 19:57:00,CUST-0986,STORE-010,CH_OFF,Offline Store,Offline,PAY-01813,EMP-026
TRX-01814,2024-10-11 16:06:00,CUST-0295,STORE-019,CH_OFF,Offline Store,Offline,PAY-01814,EMP-009
TRX-01815,2024-04-11 15:38:00,,STORE-014,CH_OFF,Offline Store,Offline,PAY-01815,EMP-079
TRX-01816,2024-11-11 20:37:00,,STORE-007,CH_OFF,Offline Store,Offline,PAY-01816,EMP-062
TRX-01817,2025-01-23 19:36:00,CUST-0930,STORE-020,CH_OFF,Offline Store,Offline,PAY-01817,EMP-079
TRX-01818,2024-04-19 17:09:00,CUST-0614,STORE-004,CH_OFF,Offline Store,Offline,PAY-01818,EMP-034
TRX-01819,2025-01-29 15:43:00,CUST-0594,STORE-009,CH_MKT,Marketplace,Online,PAY-01819,
TRX-01820,2024-10-20 11:33:00,CUST-0395,STORE-008,CH_OFF,Offline Store,Offline,PAY-01820,EMP-061
TRX-01821,2024-03-22 16:36:00,CUST-0077,STORE-013,CH_WEB,Online Web,Online,PAY-01821,
TRX-01822,2024-11-08 19:49:00,CUST-0252,STORE-023,CH_OFF,Offline Store,Offline,PAY-01822,EMP-060
TRX-01823,2024-10-01 18:05:00,CUST-0876,STORE-017,CH_MKT,Marketplace,Online,PAY-01823,
TRX-01824,2025-01-25 14:11:00,CUST-0289,STORE-004,CH_OFF,Offline Store,Offline,PAY-01824,EMP-041
TRX-01825,2024-10-13 12:50:00,CUST-0468,STORE-002,CH_OFF,Offline Store,Offline,PAY-01825,EMP-024
TRX-01826,2024-03-05 19:05:00,,STORE-004,CH_OFF,Offline Store,Offline,PAY-01826,EMP-042
TRX-01827,2025-04-17 13:36:00,CUST-0927,STORE-015,CH_MKT,Marketplace,Online,PAY-01827,
TRX-01828,2024-08-06 12:53:00,CUST-0831,STORE-021,CH_OFF,Offline Store,Offline,PAY-01828,EMP-006
TRX-01829,2024-06-10 11:46:00,CUST-0268,STORE-001,CH_WEB,Online Web,Online,PAY-01829,
TRX-01830,2024-02-12 13:53:00,CUST-0066,STORE-018,CH_OFF,Offline Store,Offline,PAY-01830,EMP-004
TRX-01831,2024-07-14 21:56:00,CUST-0281,STORE-025,CH_OFF,Offline Store,Offline,PAY-01831,EMP-064
TRX-01832,2024-09-24 21:03:00,CUST-0898,STORE-009,CH_OFF,Offline Store,Offline,PAY-01832,EMP-065
TRX-01833,2024-04-28 13:35:00,CUST-0808,STORE-004,CH_OFF,Offline Store,Offline,PAY-01833,EMP-049
TRX-01834,2024-02-13 17:10:00,CUST-0756,STORE-018,CH_MKT,Marketplace,Online,PAY-01834,
TRX-01835,2025-02-18 16:50:00,CUST-0543,STORE-018,CH_WEB,Online Web,Online,PAY-01835,
TRX-01836,2024-06-30 15:32:00,CUST-0633,STORE-015,CH_MKT,Marketplace,Online,PAY-01836,
TRX-01837,2024-01-06 16:24:00,CUST-0081,STORE-015,CH_OFF,Offline Store,Offline,PAY-01837,EMP-002
TRX-01838,2025-04-23 15:26:00,CUST-0700,STORE-002,CH_OFF,Offline Store,Offline,PAY-01838,EMP-041
TRX-01839,2024-04-23 20:47:00,CUST-0007,STORE-001,CH_OFF,Offline Store,Offline,PAY-01839,EMP-058
TRX-01840,2024-04-04 18:46:00,CUST-0848,STORE-006,CH_OFF,Offline Store,Offline,PAY-01840,EMP-071
TRX-01841,2024-08-15 12:27:00,CUST-0475,STORE-009,CH_WEB,Online Web,Online,PAY-01841,
TRX-01842,2025-02-04 18:47:00,CUST-0882,STORE-018,CH_WEB,Online Web,Online,PAY-01842,
TRX-01843,2024-01-15 17:34:00,,STORE-012,CH_OFF,Offline Store,Offline,PAY-01843,EMP-063
TRX-01844,2024-12-26 18:06:00,CUST-0401,STORE-015,CH_MKT,Marketplace,Online,PAY-01844,
TRX-01845,2025-01-03 12:55:00,CUST-0500,STORE-007,CH_OFF,Offline Store,Offline,PAY-01845,EMP-019
TRX-01846,2025-04-19 12:52:00,CUST-0666,STORE-018,CH_OFF,Offline Store,Offline,PAY-01846,EMP-064
TRX-01847,2024-09-03 20:48:00,CUST-0578,STORE-008,CH_MKT,Marketplace,Online,PAY-01847,
TRX-01848,2025-01-28 13:36:00,CUST-0700,STORE-008,CH_MKT,Marketplace,Online,PAY-01848,
TRX-01849,2024-02-29 13:30:00,,STORE-016,CH_WEB,Online Web,Online,PAY-01849,
TRX-01850,2024-05-01 18:34:00,CUST-0336,STORE-016,CH_MKT,Marketplace,Online,PAY-01850,
TRX-01851,2024-06-17 17:20:00,CUST-0456,STORE-006,CH_OFF,Offline Store,Offline,PAY-01851,EMP-045
TRX-01852,2024-12-03 11:16:00,CUST-0095,STORE-015,CH_OFF,Offline Store,Offline,PAY-01852,EMP-071
TRX-01853,2024-09-30 10:32:00,,STORE-024,CH_MKT,Marketplace,Online,PAY-01853,
TRX-01854,2025-01-17 10:21:00,CUST-0619,STORE-007,CH_MKT,Marketplace,Online,PAY-01854,
TRX-01855,2024-08-19 17:29:00,CUST-0208,STORE-002,CH_OFF,Offline Store,Offline,PAY-01855,EMP-073
TRX-01856,2024-07-29 18:54:00,CUST-0089,STORE-005,CH_OFF,Offline Store,Offline,PAY-01856,EMP-041
TRX-01857,2024-07-18 10:42:00,CUST-0757,STORE-011,CH_OFF,Offline Store,Offline,PAY-01857,EMP-077
TRX-01858,2025-05-05 15:49:00,CUST-0690,STORE-025,CH_OFF,Offline Store,Offline,PAY-01858,EMP-006
TRX-01859,2024-09-02 10:42:00,CUST-0005,STORE-025,CH_OFF,Offline Store,Offline,PAY-01859,EMP-019
TRX-01860,2025-01-23 15:32:00,CUST-0042,STORE-016,CH_MKT,Marketplace,Online,PAY-01860,
TRX-01861,2025-05-12 12:33:00,,STORE-018,CH_MKT,Marketplace,Online,PAY-01861,
TRX-01862,2025-04-22 14:06:00,CUST-0945,STORE-013,CH_OFF,Offline Store,Offline,PAY-01862,EMP-018
TRX-01863,2025-02-17 16:33:00,CUST-0703,STORE-006,CH_WEB,Online Web,Online,PAY-01863,
TRX-01864,2024-03-05 11:31:00,CUST-0320,STORE-024,CH_MKT,Marketplace,Online,PAY-01864,
TRX-01865,2025-04-12 18:28:00,,STORE-004,CH_WEB,Online Web,Online,PAY-01865,
TRX-01866,2024-09-21 13:58:00,CUST-0467,STORE-018,CH_MKT,Marketplace,Online,PAY-01866,
TRX-01867,2025-04-13 20:40:00,CUST-0062,STORE-006,CH_OFF,Offline Store,Offline,PAY-01867,EMP-013
TRX-01868,2025-05-02 19:43:00,CUST-0656,STORE-001,CH_MKT,Marketplace,Online,PAY-01868,
TRX-01869,2024-09-03 16:06:00,CUST-0753,STORE-017,CH_WEB,Online Web,Online,PAY-01869,
TRX-01870,2025-03-26 12:45:00,,STORE-006,CH_OFF,Offline Store,Offline,PAY-01870,EMP-016
TRX-01871,2024-06-11 16:14:00,CUST-0040,STORE-012,CH_MKT,Marketplace,Online,PAY-01871,
TRX-01872,2024-04-27 14:28:00,CUST-0417,STORE-013,CH_MKT,Marketplace,Online,PAY-01872,
TRX-01873,2024-11-19 14:42:00,CUST-0154,STORE-009,CH_WEB,Online Web,Online,PAY-01873,
TRX-01874,2025-03-06 16:39:00,CUST-0444,STORE-022,CH_MKT,Marketplace,Online,PAY-01874,
TRX-01875,2024-08-11 12:39:00,CUST-0208,STORE-018,CH_OFF,Offline Store,Offline,PAY-01875,EMP-078
TRX-01876,2024-03-29 09:14:00,CUST-0382,STORE-016,CH_MKT,Marketplace,Online,PAY-01876,
TRX-01877,2024-05-29 16:14:00,CUST-0005,STORE-021,CH_OFF,Offline Store,Offline,PAY-01877,EMP-052
TRX-01878,2024-02-07 18:51:00,CUST-0292,STORE-020,CH_WEB,Online Web,Online,PAY-01878,
TRX-01879,2024-09-11 09:03:00,CUST-0907,STORE-017,CH_MKT,Marketplace,Online,PAY-01879,
TRX-01880,2025-04-13 19:59:00,CUST-0058,STORE-016,CH_OFF,Offline Store,Offline,PAY-01880,EMP-026
TRX-01881,2025-04-03 09:40:00,CUST-0684,STORE-013,CH_OFF,Offline Store,Offline,PAY-01881,EMP-009
TRX-01882,2024-11-09 21:42:00,CUST-0144,STORE-014,CH_OFF,Offline Store,Offline,PAY-01882,EMP-046
TRX-01883,2024-01-16 11:32:00,CUST-0587,STORE-012,CH_MKT,Marketplace,Online,PAY-01883,
TRX-01884,2025-05-20 14:36:00,CUST-0192,STORE-002,CH_OFF,Offline Store,Offline,PAY-01884,EMP-034
TRX-01885,2024-09-09 19:08:00,CUST-0507,STORE-015,CH_OFF,Offline Store,Offline,PAY-01885,EMP-036
TRX-01886,2024-10-16 20:03:00,CUST-0878,STORE-016,CH_WEB,Online Web,Online,PAY-01886,
TRX-01887,2024-01-11 15:28:00,CUST-0812,STORE-022,CH_OFF,Offline Store,Offline,PAY-01887,EMP-010
TRX-01888,2024-09-10 10:24:00,CUST-0135,STORE-004,CH_OFF,Offline Store,Offline,PAY-01888,EMP-017
TRX-01889,2024-03-14 09:21:00,CUST-0481,STORE-019,CH_OFF,Offline Store,Offline,PAY-01889,EMP-074
TRX-01890,2024-08-16 13:13:00,CUST-0282,STORE-002,CH_WEB,Online Web,Online,PAY-01890,
TRX-01891,2025-04-05 17:47:00,CUST-0939,STORE-009,CH_OFF,Offline Store,Offline,PAY-01891,EMP-042
TRX-01892,2024-04-06 19:32:00,,STORE-009,CH_WEB,Online Web,Online,PAY-01892,
TRX-01893,2024-01-29 16:01:00,CUST-0970,STORE-021,CH_OFF,Offline Store,Offline,PAY-01893,EMP-003
TRX-01894,2024-12-08 16:09:00,,STORE-025,CH_OFF,Offline Store,Offline,PAY-01894,EMP-064
TRX-01895,2024-12-02 11:44:00,CUST-0196,STORE-020,CH_OFF,Offline Store,Offline,PAY-01895,EMP-076
TRX-01896,2025-01-06 16:45:00,CUST-0158,STORE-017,CH_WEB,Online Web,Online,PAY-01896,
TRX-01897,2024-11-17 11:30:00,CUST-0458,STORE-018,CH_OFF,Offline Store,Offline,PAY-01897,EMP-064
TRX-01898,2025-01-27 10:39:00,CUST-0768,STORE-004,CH_OFF,Offline Store,Offline,PAY-01898,EMP-060
TRX-01899,2024-12-31 17:42:00,CUST-0890,STORE-015,CH_WEB,Online Web,Online,PAY-01899,
TRX-01900,2025-03-07 12:06:00,CUST-0003,STORE-011,CH_MKT,Marketplace,Online,PAY-01900,
TRX-01901,2024-07-02 15:58:00,CUST-0626,STORE-016,CH_WEB,Online Web,Online,PAY-01901,
TRX-01902,2025-04-01 18:12:00,CUST-0318,STORE-021,CH_OFF,Offline Store,Offline,PAY-01902,EMP-039
TRX-01903,2025-01-28 11:40:00,CUST-0208,STORE-018,CH_MKT,Marketplace,Online,PAY-01903,
TRX-01904,2024-08-22 19:40:00,CUST-0340,STORE-001,CH_OFF,Offline Store,Offline,PAY-01904,EMP-057
TRX-01905,2024-07-15 10:41:00,CUST-0464,STORE-005,CH_WEB,Online Web,Online,PAY-01905,
TRX-01906,2024-12-06 09:45:00,CUST-0279,STORE-001,CH_MKT,Marketplace,Online,PAY-01906,
TRX-01907,2025-04-13 12:46:00,CUST-0659,STORE-016,CH_OFF,Offline Store,Offline,PAY-01907,EMP-062
TRX-01908,2024-07-09 10:19:00,CUST-0652,STORE-001,CH_WEB,Online Web,Online,PAY-01908,
TRX-01909,2024-03-12 19:57:00,CUST-0153,STORE-019,CH_WEB,Online Web,Online,PAY-01909,
TRX-01910,2024-05-04 15:38:00,,STORE-014,CH_OFF,Offline Store,Offline,PAY-01910,EMP-059
TRX-01911,2025-03-17 19:12:00,CUST-0590,STORE-010,CH_OFF,Offline Store,Offline,PAY-01911,EMP-053
TRX-01912,2024-08-12 09:32:00,CUST-0502,STORE-018,CH_OFF,Offline Store,Offline,PAY-01912,EMP-067
TRX-01913,2025-02-05 17:43:00,CUST-0182,STORE-015,CH_WEB,Online Web,Online,PAY-01913,
TRX-01914,2024-01-17 10:51:00,CUST-0873,STORE-025,CH_MKT,Marketplace,Online,PAY-01914,
TRX-01915,2024-07-05 13:48:00,CUST-0316,STORE-020,CH_OFF,Offline Store,Offline,PAY-01915,EMP-016
TRX-01916,2024-08-29 16:34:00,CUST-0229,STORE-004,CH_OFF,Offline Store,Offline,PAY-01916,EMP-079
TRX-01917,2025-03-26 18:03:00,CUST-0752,STORE-010,CH_OFF,Offline Store,Offline,PAY-01917,EMP-037
TRX-01918,2024-04-05 20:40:00,CUST-0638,STORE-022,CH_OFF,Offline Store,Offline,PAY-01918,EMP-021
TRX-01919,2024-03-15 13:19:00,CUST-0440,STORE-021,CH_WEB,Online Web,Online,PAY-01919,
TRX-01920,2025-04-25 09:35:00,CUST-0351,STORE-024,CH_MKT,Marketplace,Online,PAY-01920,
TRX-01921,2024-06-29 13:00:00,,STORE-002,CH_WEB,Online Web,Online,PAY-01921,
TRX-01922,2025-03-21 11:49:00,CUST-0318,STORE-020,CH_OFF,Offline Store,Offline,PAY-01922,EMP-039
TRX-01923,2024-03-25 09:08:00,CUST-0830,STORE-013,CH_OFF,Offline Store,Offline,PAY-01923,EMP-030
TRX-01924,2024-11-09 19:10:00,CUST-0177,STORE-008,CH_OFF,Offline Store,Offline,PAY-01924,EMP-079
TRX-01925,2024-10-10 21:06:00,CUST-0380,STORE-004,CH_OFF,Offline Store,Offline,PAY-01925,EMP-027
TRX-01926,2024-06-19 14:09:00,CUST-0735,STORE-008,CH_OFF,Offline Store,Offline,PAY-01926,EMP-019
TRX-01927,2025-03-23 11:35:00,,STORE-007,CH_OFF,Offline Store,Offline,PAY-01927,EMP-029
TRX-01928,2024-10-26 09:30:00,CUST-0555,STORE-006,CH_OFF,Offline Store,Offline,PAY-01928,EMP-067
TRX-01929,2024-06-10 19:40:00,CUST-0519,STORE-015,CH_WEB,Online Web,Online,PAY-01929,
TRX-01930,2025-01-17 09:04:00,CUST-0203,STORE-005,CH_MKT,Marketplace,Online,PAY-01930,
TRX-01931,2025-03-07 12:47:00,CUST-0243,STORE-015,CH_WEB,Online Web,Online,PAY-01931,
TRX-01932,2024-08-16 19:55:00,CUST-0821,STORE-011,CH_WEB,Online Web,Online,PAY-01932,
TRX-01933,2024-12-01 15:09:00,CUST-0157,STORE-001,CH_OFF,Offline Store,Offline,PAY-01933,EMP-070
TRX-01934,2025-01-20 09:58:00,CUST-0584,STORE-019,CH_OFF,Offline Store,Offline,PAY-01934,EMP-026
TRX-01935,2025-01-21 09:19:00,CUST-0497,STORE-017,CH_OFF,Offline Store,Offline,PAY-01935,EMP-048
TRX-01936,2024-11-19 19:02:00,CUST-0393,STORE-020,CH_MKT,Marketplace,Online,PAY-01936,
TRX-01937,2025-01-27 21:01:00,CUST-0094,STORE-001,CH_MKT,Marketplace,Online,PAY-01937,
TRX-01938,2024-10-20 13:50:00,CUST-0215,STORE-016,CH_MKT,Marketplace,Online,PAY-01938,
TRX-01939,2024-08-17 21:04:00,CUST-0078,STORE-022,CH_MKT,Marketplace,Online,PAY-01939,
TRX-01940,2024-05-04 17:48:00,CUST-0068,STORE-017,CH_OFF,Offline Store,Offline,PAY-01940,EMP-061
TRX-01941,2024-11-12 15:00:00,CUST-0135,STORE-022,CH_WEB,Online Web,Online,PAY-01941,
TRX-01942,2024-11-18 17:34:00,CUST-0894,STORE-003,CH_OFF,Offline Store,Offline,PAY-01942,EMP-069
TRX-01943,2024-04-01 17:56:00,CUST-0010,STORE-019,CH_MKT,Marketplace,Online,PAY-01943,
TRX-01944,2024-06-22 11:12:00,CUST-0019,STORE-003,CH_OFF,Offline Store,Offline,PAY-01944,EMP-028
TRX-01945,2025-01-31 10:55:00,CUST-0836,STORE-013,CH_OFF,Offline Store,Offline,PAY-01945,EMP-005
TRX-01946,2024-12-25 12:15:00,CUST-0372,STORE-001,CH_WEB,Online Web,Online,PAY-01946,
TRX-01947,2024-10-05 15:07:00,CUST-0037,STORE-012,CH_WEB,Online Web,Online,PAY-01947,
TRX-01948,2024-01-01 16:19:00,CUST-0863,STORE-007,CH_OFF,Offline Store,Offline,PAY-01948,EMP-044
TRX-01949,2024-07-24 12:38:00,CUST-0328,STORE-017,CH_OFF,Offline Store,Offline,PAY-01949,EMP-003
TRX-01950,2025-01-06 09:53:00,CUST-0231,STORE-019,CH_OFF,Offline Store,Offline,PAY-01950,EMP-033
TRX-01951,2025-05-29 10:48:00,CUST-0613,STORE-001,CH_OFF,Offline Store,Offline,PAY-01951,EMP-018
TRX-01952,2024-04-24 16:49:00,CUST-0468,STORE-011,CH_WEB,Online Web,Online,PAY-01952,
TRX-01953,2024-04-06 15:41:00,CUST-0149,STORE-022,CH_OFF,Offline Store,Offline,PAY-01953,EMP-066
TRX-01954,2024-06-17 09:09:00,CUST-0264,STORE-018,CH_WEB,Online Web,Online,PAY-01954,
TRX-01955,2025-03-24 13:21:00,CUST-0885,STORE-010,CH_OFF,Offline Store,Offline,PAY-01955,EMP-047
TRX-01956,2025-04-26 12:20:00,CUST-0940,STORE-009,CH_OFF,Offline Store,Offline,PAY-01956,EMP-018
TRX-01957,2025-03-16 19:19:00,CUST-0155,STORE-007,CH_OFF,Offline Store,Offline,PAY-01957,EMP-054
TRX-01958,2024-07-26 19:42:00,CUST-0261,STORE-024,CH_OFF,Offline Store,Offline,PAY-01958,EMP-012
TRX-01959,2024-04-08 15:15:00,CUST-0460,STORE-020,CH_WEB,Online Web,Online,PAY-01959,
TRX-01960,2025-02-19 18:40:00,CUST-0027,STORE-025,CH_OFF,Offline Store,Offline,PAY-01960,EMP-070
TRX-01961,2025-01-26 13:24:00,CUST-0419,STORE-016,CH_WEB,Online Web,Online,PAY-01961,
TRX-01962,2024-03-20 19:55:00,CUST-0966,STORE-010,CH_WEB,Online Web,Online,PAY-01962,
TRX-01963,2024-05-02 09:09:00,CUST-0644,STORE-011,CH_OFF,Offline Store,Offline,PAY-01963,EMP-014
TRX-01964,2024-05-05 18:50:00,CUST-0037,STORE-025,CH_OFF,Offline Store,Offline,PAY-01964,EMP-045
TRX-01965,2025-03-19 16:14:00,CUST-0752,STORE-022,CH_OFF,Offline Store,Offline,PAY-01965,EMP-070
TRX-01966,2024-03-07 18:55:00,CUST-0753,STORE-001,CH_OFF,Offline Store,Offline,PAY-01966,EMP-043
TRX-01967,2024-11-09 14:59:00,CUST-0026,STORE-014,CH_OFF,Offline Store,Offline,PAY-01967,EMP-076
TRX-01968,2024-11-18 18:58:00,CUST-0168,STORE-019,CH_OFF,Offline Store,Offline,PAY-01968,EMP-049
TRX-01969,2024-02-13 12:43:00,CUST-0631,STORE-003,CH_OFF,Offline Store,Offline,PAY-01969,EMP-074
TRX-01970,2025-04-04 15:33:00,CUST-0237,STORE-005,CH_OFF,Offline Store,Offline,PAY-01970,EMP-074
TRX-01971,2024-01-08 11:43:00,CUST-0887,STORE-008,CH_OFF,Offline Store,Offline,PAY-01971,EMP-055
TRX-01972,2024-12-18 19:30:00,CUST-0825,STORE-014,CH_OFF,Offline Store,Offline,PAY-01972,EMP-072
TRX-01973,2024-07-28 13:29:00,CUST-0908,STORE-025,CH_OFF,Offline Store,Offline,PAY-01973,EMP-030
TRX-01974,2024-04-10 21:25:00,CUST-0335,STORE-019,CH_OFF,Offline Store,Offline,PAY-01974,EMP-023
TRX-01975,2024-02-16 10:19:00,CUST-0375,STORE-016,CH_OFF,Offline Store,Offline,PAY-01975,EMP-065
TRX-01976,2024-02-08 21:42:00,CUST-0292,STORE-013,CH_OFF,Offline Store,Offline,PAY-01976,EMP-024
TRX-01977,2025-03-20 12:05:00,CUST-0200,STORE-023,CH_OFF,Offline Store,Offline,PAY-01977,EMP-012
TRX-01978,2024-08-23 13:36:00,CUST-0083,STORE-013,CH_OFF,Offline Store,Offline,PAY-01978,EMP-037
TRX-01979,2025-05-01 19:08:00,CUST-0166,STORE-021,CH_MKT,Marketplace,Online,PAY-01979,
TRX-01980,2024-02-04 11:05:00,CUST-0499,STORE-003,CH_OFF,Offline Store,Offline,PAY-01980,EMP-053
TRX-01981,2025-05-19 13:38:00,CUST-0484,STORE-006,CH_OFF,Offline Store,Offline,PAY-01981,EMP-053
TRX-01982,2024-12-02 19:36:00,CUST-0775,STORE-002,CH_OFF,Offline Store,Offline,PAY-01982,EMP-072
TRX-01983,2024-06-27 09:28:00,CUST-0308,STORE-017,CH_MKT,Marketplace,Online,PAY-01983,
TRX-01984,2025-02-02 16:35:00,,STORE-022,CH_MKT,Marketplace,Online,PAY-01984,
TRX-01985,2025-03-24 10:56:00,CUST-0039,STORE-018,CH_OFF,Offline Store,Offline,PAY-01985,EMP-026
TRX-01986,2024-08-14 21:51:00,CUST-0463,STORE-015,CH_OFF,Offline Store,Offline,PAY-01986,EMP-053
TRX-01987,2024-02-20 15:23:00,CUST-0299,STORE-003,CH_OFF,Offline Store,Offline,PAY-01987,EMP-053
TRX-01988,2024-03-28 17:17:00,CUST-0351,STORE-016,CH_OFF,Offline Store,Offline,PAY-01988,EMP-058
TRX-01989,2024-07-15 16:18:00,CUST-0898,STORE-019,CH_OFF,Offline Store,Offline,PAY-01989,EMP-022
TRX-01990,2024-12-25 15:31:00,CUST-0160,STORE-004,CH_OFF,Offline Store,Offline,PAY-01990,EMP-062
TRX-01991,2025-02-24 12:48:00,CUST-0299,STORE-001,CH_OFF,Offline Store,Offline,PAY-01991,EMP-029
TRX-01992,2025-01-19 14:20:00,CUST-0016,STORE-017,CH_OFF,Offline Store,Offline,PAY-01992,EMP-053
TRX-01993,2024-11-07 09:10:00,CUST-0814,STORE-012,CH_OFF,Offline Store,Offline,PAY-01993,EMP-076
TRX-01994,2024-06-01 17:04:00,CUST-0702,STORE-022,CH_OFF,Offline Store,Offline,PAY-01994,EMP-064
TRX-01995,2025-02-18 09:49:00,,STORE-014,CH_OFF,Offline Store,Offline,PAY-01995,EMP-049
TRX-01996,2025-01-18 15:38:00,CUST-0605,STORE-003,CH_OFF,Offline Store,Offline,PAY-01996,EMP-066
TRX-01997,2024-12-02 16:21:00,CUST-0371,STORE-009,CH_MKT,Marketplace,Online,PAY-01997,
TRX-01998,2024-11-13 18:45:00,CUST-0446,STORE-019,CH_WEB,Online Web,Online,PAY-01998,
TRX-01999,2024-02-07 13:06:00,CUST-0021,STORE-007,CH_OFF,Offline Store,Offline,PAY-01999,EMP-054
TRX-02000,2024-01-23 18:41:00,CUST-0302,STORE-007,CH_OFF,Offline Store,Offline,PAY-02000,EMP-009
