detail_id,transaction_id,product_id,promotion_id,quantity,unit_price,discount_amount
DTL-000001,TRX-00001,PROD-0066,PROMO-016,1,5499000,274950.0
DTL-000002,TRX-00001,PROD-0036,PROMO-012,1,3999000,399900.0
DTL-000003,TRX-00001,PROD-0098,PROMO-NONE,1,1695000,0.0
DTL-000004,TRX-00002,PROD-0093,PROMO-NONE,1,699000,0.0
DTL-000005,TRX-00002,PROD-0042,PROMO-003,1,3499000,279920.0
DTL-000006,TRX-00002,PROD-0099,PROMO-NONE,1,3079000,0.0
DTL-000007,TRX-00003,PROD-0013,PROMO-NONE,2,6499000,0.0
DTL-000008,TRX-00003,PROD-0032,PROMO-NONE,1,28499000,0.0
DTL-000009,TRX-00004,PROD-0041,PROMO-008,1,6499000,324950.0
DTL-000010,TRX-00004,PROD-0037,PROMO-018,1,2999000,449850.0
DTL-000011,TRX-00004,PROD-0045,PROMO-NONE,2,3999000,0.0
DTL-000012,TRX-00005,PROD-0044,PROMO-005,2,4499000,719840.0
DTL-000013,TRX-00005,PROD-0077,PROMO-013,2,1999000,399800.0
DTL-000014,TRX-00006,PROD-0072,PROMO-NONE,1,6999000,0.0
DTL-000015,TRX-00006,PROD-0019,PROMO-005,2,14999000,2399840.0
DTL-000016,TRX-00006,PROD-0040,PROMO-NONE,2,15999000,0.0
DTL-000017,TRX-00007,PROD-0092,PROMO-NONE,1,649000,0.0
DTL-000018,TRX-00008,PROD-0001,PROMO-NONE,1,20499000,0.0
DTL-000019,TRX-00008,PROD-0022,PROMO-010,1,499000,24950.0
DTL-000020,TRX-00009,PROD-0057,PROMO-NONE,2,5999000,0.0
DTL-000021,TRX-00009,PROD-0098,PROMO-004,2,1695000,406800.0
DTL-000022,TRX-00009,PROD-0002,PROMO-NONE,1,23499000,0.0
DTL-000023,TRX-00009,PROD-0036,PROMO-018,1,3999000,599850.0
DTL-000024,TRX-00010,PROD-0062,PROMO-NONE,1,5999000,0.0
DTL-000025,TRX-00010,PROD-0036,PROMO-NONE,1,3999000,0.0
DTL-000026,TRX-00011,PROD-0044,PROMO-NONE,3,4499000,0.0
DTL-000027,TRX-00011,PROD-0048,PROMO-016,1,16999000,849950.0
DTL-000028,TRX-00012,PROD-0032,PROMO-NONE,1,28499000,0.0
DTL-000029,TRX-00012,PROD-0021,PROMO-003,2,2499000,399840.0
DTL-000030,TRX-00013,PROD-0056,PROMO-NONE,1,5799000,0.0
DTL-000031,TRX-00013,PROD-0048,PROMO-NONE,1,16999000,0.0
DTL-000032,TRX-00014,PROD-0070,PROMO-NONE,2,6499000,0.0
DTL-000033,TRX-00014,PROD-0017,PROMO-NONE,2,22999000,0.0
DTL-000034,TRX-00015,PROD-0067,PROMO-010,1,3999000,199950.0
DTL-000035,TRX-00016,PROD-0008,PROMO-002,2,10999000,1759840.0
DTL-000036,TRX-00016,PROD-0098,PROMO-NONE,1,1695000,0.0
DTL-000037,TRX-00016,PROD-0099,PROMO-NONE,1,3079000,0.0
DTL-000038,TRX-00017,PROD-0053,PROMO-NONE,1,5099000,0.0
DTL-000039,TRX-00017,PROD-0054,PROMO-NONE,1,4499000,0.0
DTL-000040,TRX-00017,PROD-0051,PROMO-004,1,6499000,779880.0
DTL-000041,TRX-00017,PROD-0014,PROMO-009,1,9499000,284970.0
DTL-000042,TRX-00018,PROD-0036,PROMO-011,1,3999000,319920.0
DTL-000043,TRX-00018,PROD-0005,PROMO-NONE,1,13999000,0.0
DTL-000044,TRX-00019,PROD-0040,PROMO-004,1,15999000,1919880.0
DTL-000045,TRX-00019,PROD-0062,PROMO-NONE,1,5999000,0.0
DTL-000046,TRX-00020,PROD-0098,PROMO-NONE,1,1695000,0.0
DTL-000047,TRX-00020,PROD-0090,PROMO-004,2,699000,167760.0
DTL-000048,TRX-00020,PROD-0008,PROMO-NONE,1,10999000,0.0
DTL-000049,TRX-00021,PROD-0081,PROMO-NONE,1,7999000,0.0
DTL-000050,TRX-00021,PROD-0008,PROMO-017,1,10999000,1319880.0
DTL-000051,TRX-00021,PROD-0006,PROMO-005,3,12499000,2999760.0
DTL-000052,TRX-00022,PROD-0020,PROMO-NONE,1,3999000,0.0
DTL-000053,TRX-00022,PROD-0024,PROMO-NONE,2,399000,0.0
DTL-000054,TRX-00023,PROD-0092,PROMO-011,1,649000,51920.0
DTL-000055,TRX-00023,PROD-0084,PROMO-NONE,1,1399000,0.0
DTL-000056,TRX-00023,PROD-0020,PROMO-003,1,3999000,319920.0
DTL-000057,TRX-00024,PROD-0089,PROMO-NONE,1,779000,0.0
DTL-000058,TRX-00024,PROD-0004,PROMO-NONE,1,16999000,0.0
DTL-000059,TRX-00025,PROD-0073,PROMO-NONE,1,4299000,0.0
DTL-000060,TRX-00025,PROD-0093,PROMO-NONE,1,699000,0.0
DTL-000061,TRX-00026,PROD-0013,PROMO-NONE,1,6499000,0.0
DTL-000062,TRX-00026,PROD-0006,PROMO-NONE,1,12499000,0.0
DTL-000063,TRX-00026,PROD-0032,PROMO-NONE,1,28499000,0.0
DTL-000064,TRX-00026,PROD-0010,PROMO-NONE,1,12599000,0.0
DTL-000065,TRX-00027,PROD-0054,PROMO-NONE,1,4499000,0.0
DTL-000066,TRX-00028,PROD-0099,PROMO-NONE,1,3079000,0.0
DTL-000067,TRX-00028,PROD-0032,PROMO-NONE,2,28499000,0.0
DTL-000068,TRX-00029,PROD-0029,PROMO-NONE,1,17499000,0.0
DTL-000069,TRX-00029,PROD-0059,PROMO-NONE,1,2299000,0.0
DTL-000070,TRX-00030,PROD-0046,PROMO-NONE,1,2999000,0.0
DTL-000071,TRX-00030,PROD-0079,PROMO-018,1,18999000,2849850.0
DTL-000072,TRX-00031,PROD-0077,PROMO-NONE,1,1999000,0.0
DTL-000073,TRX-00031,PROD-0075,PROMO-NONE,1,4699000,0.0
DTL-000074,TRX-00031,PROD-0052,PROMO-009,1,2099000,62970.0
DTL-000075,TRX-00031,PROD-0061,PROMO-012,1,5599000,559900.0
DTL-000076,TRX-00032,PROD-0054,PROMO-NONE,1,4499000,0.0
DTL-000077,TRX-00032,PROD-0051,PROMO-NONE,1,6499000,0.0
DTL-000078,TRX-00033,PROD-0014,PROMO-NONE,1,9499000,0.0
DTL-000079,TRX-00033,PROD-0015,PROMO-NONE,3,13599000,0.0
DTL-000080,TRX-00033,PROD-0100,PROMO-NONE,1,1799000,0.0
DTL-000081,TRX-00034,PROD-0073,PROMO-NONE,1,4299000,0.0
DTL-000082,TRX-00034,PROD-0038,PROMO-NONE,2,1599000,0.0
DTL-000083,TRX-00034,PROD-0019,PROMO-NONE,1,14999000,0.0
DTL-000084,TRX-00035,PROD-0027,PROMO-018,1,16499000,2474850.0
DTL-000085,TRX-00035,PROD-0092,PROMO-019,1,649000,32450.0
DTL-000086,TRX-00036,PROD-0023,PROMO-NONE,1,499000,0.0
DTL-000087,TRX-00036,PROD-0066,PROMO-001,3,5499000,494910.0
DTL-000088,TRX-00036,PROD-0044,PROMO-NONE,1,4499000,0.0
DTL-000089,TRX-00036,PROD-0037,PROMO-NONE,1,2999000,0.0
DTL-000090,TRX-00037,PROD-0008,PROMO-012,2,10999000,2199800.0
DTL-000091,TRX-00038,PROD-0052,PROMO-NONE,1,2099000,0.0
DTL-000092,TRX-00038,PROD-0081,PROMO-007,1,7999000,799900.0
DTL-000093,TRX-00038,PROD-0044,PROMO-003,2,4499000,719840.0
DTL-000094,TRX-00039,PROD-0018,PROMO-NONE,2,7999000,0.0
DTL-000095,TRX-00039,PROD-0073,PROMO-NONE,1,4299000,0.0
DTL-000096,TRX-00039,PROD-0047,PROMO-009,1,12499000,374970.0
DTL-000097,TRX-00040,PROD-0003,PROMO-NONE,1,18499000,0.0
DTL-000098,TRX-00040,PROD-0056,PROMO-009,1,5799000,173970.0
DTL-000099,TRX-00040,PROD-0079,PROMO-007,2,18999000,3799800.0
DTL-000100,TRX-00041,PROD-0065,PROMO-NONE,1,6299000,0.0
DTL-000101,TRX-00041,PROD-0044,PROMO-NONE,1,4499000,0.0
DTL-000102,TRX-00042,PROD-0033,PROMO-004,1,15999000,1919880.0
DTL-000103,TRX-00042,PROD-0040,PROMO-NONE,1,15999000,0.0
DTL-000104,TRX-00042,PROD-0053,PROMO-NONE,2,5099000,0.0
DTL-000105,TRX-00042,PROD-0073,PROMO-NONE,1,4299000,0.0
DTL-000106,TRX-00043,PROD-0095,PROMO-017,1,399000,47880.0
DTL-000107,TRX-00044,PROD-0084,PROMO-NONE,1,1399000,0.0
DTL-000108,TRX-00044,PROD-0014,PROMO-NONE,1,9499000,0.0
DTL-000109,TRX-00044,PROD-0024,PROMO-019,1,399000,19950.0
DTL-000110,TRX-00045,PROD-0008,PROMO-NONE,1,10999000,0.0
DTL-000111,TRX-00045,PROD-0055,PROMO-NONE,1,3299000,0.0
DTL-000112,TRX-00046,PROD-0079,PROMO-NONE,1,18999000,0.0
DTL-000113,TRX-00046,PROD-0086,PROMO-014,2,1199000,71940.0
DTL-000114,TRX-00047,PROD-0017,PROMO-NONE,1,22999000,0.0
DTL-000115,TRX-00047,PROD-0051,PROMO-017,3,6499000,2339640.0
DTL-000116,TRX-00047,PROD-0015,PROMO-017,1,13599000,1631880.0
DTL-000117,TRX-00048,PROD-0094,PROMO-NONE,1,2999000,0.0
DTL-000118,TRX-00048,PROD-0048,PROMO-014,1,16999000,509970.0
DTL-000119,TRX-00049,PROD-0006,PROMO-019,1,12499000,624950.0
DTL-000120,TRX-00049,PROD-0055,PROMO-NONE,1,3299000,0.0
DTL-000121,TRX-00049,PROD-0024,PROMO-012,1,399000,39900.0
DTL-000122,TRX-00050,PROD-0005,PROMO-009,1,13999000,419970.0
DTL-000123,TRX-00050,PROD-0080,PROMO-011,1,10999000,879920.0
DTL-000124,TRX-00050,PROD-0053,PROMO-009,2,5099000,305940.0
DTL-000125,TRX-00051,PROD-0058,PROMO-008,2,4999000,499900.0
DTL-000126,TRX-00051,PROD-0097,PROMO-NONE,1,1565000,0.0
DTL-000127,TRX-00051,PROD-0034,PROMO-NONE,1,5999000,0.0
DTL-000128,TRX-00052,PROD-0046,PROMO-NONE,1,2999000,0.0
DTL-000129,TRX-00053,PROD-0048,PROMO-020,1,16999000,849950.0
DTL-000130,TRX-00053,PROD-0057,PROMO-NONE,1,5999000,0.0
DTL-000131,TRX-00053,PROD-0046,PROMO-015,1,2999000,239920.0
DTL-000132,TRX-00053,PROD-0009,PROMO-NONE,1,12999000,0.0
DTL-000133,TRX-00054,PROD-0095,PROMO-NONE,1,399000,0.0
DTL-000134,TRX-00054,PROD-0012,PROMO-NONE,1,11499000,0.0
DTL-000135,TRX-00055,PROD-0021,PROMO-NONE,1,2499000,0.0
DTL-000136,TRX-00056,PROD-0015,PROMO-NONE,1,13599000,0.0
DTL-000137,TRX-00056,PROD-0013,PROMO-013,1,6499000,649900.0
DTL-000138,TRX-00056,PROD-0096,PROMO-NONE,3,1599000,0.0
DTL-000139,TRX-00057,PROD-0007,PROMO-NONE,1,9999000,0.0
DTL-000140,TRX-00057,PROD-0066,PROMO-NONE,2,5499000,0.0
DTL-000141,TRX-00057,PROD-0047,PROMO-NONE,1,12499000,0.0
DTL-000142,TRX-00058,PROD-0085,PROMO-NONE,1,399000,0.0
DTL-000143,TRX-00058,PROD-0053,PROMO-NONE,1,5099000,0.0
DTL-000144,TRX-00058,PROD-0047,PROMO-NONE,1,12499000,0.0
DTL-000145,TRX-00059,PROD-0096,PROMO-014,1,1599000,47970.0
DTL-000146,TRX-00059,PROD-0001,PROMO-018,1,20499000,3074850.0
DTL-000147,TRX-00059,PROD-0005,PROMO-NONE,2,13999000,0.0
DTL-000148,TRX-00059,PROD-0038,PROMO-NONE,1,1599000,0.0
DTL-000149,TRX-00060,PROD-0002,PROMO-007,1,23499000,2349900.0
DTL-000150,TRX-00060,PROD-0097,PROMO-005,1,1565000,125200.0
DTL-000151,TRX-00061,PROD-0074,PROMO-NONE,1,5999000,0.0
DTL-000152,TRX-00061,PROD-0089,PROMO-001,2,779000,46740.0
DTL-000153,TRX-00061,PROD-0059,PROMO-NONE,1,2299000,0.0
DTL-000154,TRX-00062,PROD-0093,PROMO-NONE,2,699000,0.0
DTL-000155,TRX-00062,PROD-0051,PROMO-NONE,1,6499000,0.0
DTL-000156,TRX-00062,PROD-0092,PROMO-002,1,649000,51920.0
DTL-000157,TRX-00063,PROD-0049,PROMO-020,1,6999000,349950.0
DTL-000158,TRX-00063,PROD-0027,PROMO-NONE,1,16499000,0.0
DTL-000159,TRX-00064,PROD-0062,PROMO-016,1,5999000,299950.0
DTL-000160,TRX-00065,PROD-0045,PROMO-NONE,2,3999000,0.0
DTL-000161,TRX-00065,PROD-0071,PROMO-NONE,1,4999000,0.0
DTL-000162,TRX-00066,PROD-0053,PROMO-NONE,1,5099000,0.0
DTL-000163,TRX-00066,PROD-0071,PROMO-NONE,1,4999000,0.0
DTL-000164,TRX-00066,PROD-0088,PROMO-NONE,1,2799000,0.0
DTL-000165,TRX-00066,PROD-0037,PROMO-012,2,2999000,599800.0
DTL-000166,TRX-00067,PROD-0048,PROMO-NONE,3,16999000,0.0
DTL-000167,TRX-00067,PROD-0010,PROMO-019,1,12599000,629950.0
DTL-000168,TRX-00067,PROD-0041,PROMO-015,2,6499000,1039840.0
DTL-000169,TRX-00067,PROD-0045,PROMO-NONE,1,3999000,0.0
DTL-000170,TRX-00068,PROD-0013,PROMO-NONE,1,6499000,0.0
DTL-000171,TRX-00069,PROD-0003,PROMO-NONE,1,18499000,0.0
DTL-000172,TRX-00069,PROD-0092,PROMO-NONE,1,649000,0.0
DTL-000173,TRX-00069,PROD-0052,PROMO-NONE,1,2099000,0.0
DTL-000174,TRX-00070,PROD-0034,PROMO-004,1,5999000,719880.0
DTL-000175,TRX-00070,PROD-0092,PROMO-NONE,1,649000,0.0
DTL-000176,TRX-00070,PROD-0022,PROMO-NONE,1,499000,0.0
DTL-000177,TRX-00071,PROD-0055,PROMO-NONE,1,3299000,0.0
DTL-000178,TRX-00072,PROD-0071,PROMO-NONE,1,4999000,0.0
DTL-000179,TRX-00072,PROD-0072,PROMO-NONE,1,6999000,0.0
DTL-000180,TRX-00072,PROD-0081,PROMO-014,1,7999000,239970.0
DTL-000181,TRX-00073,PROD-0041,PROMO-NONE,2,6499000,0.0
DTL-000182,TRX-00074,PROD-0002,PROMO-017,1,23499000,2819880.0
DTL-000183,TRX-00075,PROD-0052,PROMO-NONE,1,2099000,0.0
DTL-000184,TRX-00075,PROD-0066,PROMO-NONE,3,5499000,0.0
DTL-000185,TRX-00075,PROD-0008,PROMO-012,1,10999000,1099900.0
DTL-000186,TRX-00076,PROD-0077,PROMO-019,1,1999000,99950.0
DTL-000187,TRX-00077,PROD-0057,PROMO-NONE,1,5999000,0.0
DTL-000188,TRX-00077,PROD-0091,PROMO-NONE,1,699000,0.0
DTL-000189,TRX-00077,PROD-0007,PROMO-NONE,1,9999000,0.0
DTL-000190,TRX-00078,PROD-0056,PROMO-003,1,5799000,463920.0
DTL-000191,TRX-00078,PROD-0086,PROMO-NONE,1,1199000,0.0
DTL-000192,TRX-00079,PROD-0080,PROMO-NONE,3,10999000,0.0
DTL-000193,TRX-00079,PROD-0083,PROMO-014,2,7499000,449940.0
DTL-000194,TRX-00079,PROD-0089,PROMO-015,1,779000,62320.0
DTL-000195,TRX-00079,PROD-0021,PROMO-003,1,2499000,199920.0
DTL-000196,TRX-00080,PROD-0040,PROMO-NONE,1,15999000,0.0
DTL-000197,TRX-00080,PROD-0099,PROMO-NONE,2,3079000,0.0
DTL-000198,TRX-00081,PROD-0074,PROMO-NONE,1,5999000,0.0
DTL-000199,TRX-00081,PROD-0092,PROMO-NONE,1,649000,0.0
DTL-000200,TRX-00082,PROD-0077,PROMO-NONE,1,1999000,0.0
DTL-000201,TRX-00083,PROD-0054,PROMO-020,1,4499000,224950.0
DTL-000202,TRX-00083,PROD-0034,PROMO-NONE,2,5999000,0.0
DTL-000203,TRX-00084,PROD-0017,PROMO-013,2,22999000,4599800.0
DTL-000204,TRX-00085,PROD-0009,PROMO-NONE,1,12999000,0.0
DTL-000205,TRX-00085,PROD-0079,PROMO-NONE,1,18999000,0.0
DTL-000206,TRX-00086,PROD-0019,PROMO-009,2,14999000,899940.0
DTL-000207,TRX-00086,PROD-0050,PROMO-NONE,1,8499000,0.0
DTL-000208,TRX-00087,PROD-0066,PROMO-NONE,2,5499000,0.0
DTL-000209,TRX-00087,PROD-0001,PROMO-003,3,20499000,4919760.0
DTL-000210,TRX-00088,PROD-0057,PROMO-NONE,1,5999000,0.0
DTL-000211,TRX-00088,PROD-0062,PROMO-NONE,2,5999000,0.0
DTL-000212,TRX-00088,PROD-0018,PROMO-010,2,7999000,799900.0
DTL-000213,TRX-00089,PROD-0041,PROMO-NONE,1,6499000,0.0
DTL-000214,TRX-00089,PROD-0012,PROMO-NONE,1,11499000,0.0
DTL-000215,TRX-00089,PROD-0071,PROMO-NONE,2,4999000,0.0
DTL-000216,TRX-00090,PROD-0074,PROMO-016,1,5999000,299950.0
DTL-000217,TRX-00090,PROD-0053,PROMO-NONE,1,5099000,0.0
DTL-000218,TRX-00091,PROD-0098,PROMO-NONE,1,1695000,0.0
DTL-000219,TRX-00091,PROD-0072,PROMO-NONE,1,6999000,0.0
DTL-000220,TRX-00091,PROD-0061,PROMO-NONE,1,5599000,0.0
DTL-000221,TRX-00091,PROD-0001,PROMO-NONE,1,20499000,0.0
DTL-000222,TRX-00092,PROD-0005,PROMO-NONE,1,13999000,0.0
DTL-000223,TRX-00092,PROD-0064,PROMO-NONE,3,7499000,0.0
DTL-000224,TRX-00093,PROD-0028,PROMO-NONE,1,20999000,0.0
DTL-000225,TRX-00093,PROD-0076,PROMO-NONE,1,2999000,0.0
DTL-000226,TRX-00093,PROD-0032,PROMO-NONE,1,28499000,0.0
DTL-000227,TRX-00094,PROD-0035,PROMO-NONE,1,4999000,0.0
DTL-000228,TRX-00094,PROD-0007,PROMO-016,1,9999000,499950.0
DTL-000229,TRX-00095,PROD-0097,PROMO-002,1,1565000,125200.0
DTL-000230,TRX-00095,PROD-0026,PROMO-NONE,1,19499000,0.0
DTL-000231,TRX-00096,PROD-0025,PROMO-NONE,1,24499000,0.0
DTL-000232,TRX-00097,PROD-0036,PROMO-NONE,2,3999000,0.0
DTL-000233,TRX-00098,PROD-0037,PROMO-011,3,2999000,719760.0
DTL-000234,TRX-00098,PROD-0073,PROMO-016,1,4299000,214950.0
DTL-000235,TRX-00098,PROD-0097,PROMO-009,1,1565000,46950.0
DTL-000236,TRX-00098,PROD-0069,PROMO-NONE,1,1599000,0.0
DTL-000237,TRX-00099,PROD-0023,PROMO-NONE,1,499000,0.0
DTL-000238,TRX-00099,PROD-0040,PROMO-NONE,2,15999000,0.0
DTL-000239,TRX-00100,PROD-0009,PROMO-016,1,12999000,649950.0
DTL-000240,TRX-00100,PROD-0070,PROMO-006,1,6499000,194970.0
DTL-000241,TRX-00100,PROD-0020,PROMO-NONE,1,3999000,0.0
DTL-000242,TRX-00100,PROD-0083,PROMO-NONE,2,7499000,0.0
DTL-000243,TRX-00101,PROD-0002,PROMO-NONE,3,23499000,0.0
DTL-000244,TRX-00101,PROD-0062,PROMO-001,2,5999000,359940.0
DTL-000245,TRX-00102,PROD-0032,PROMO-NONE,1,28499000,0.0
DTL-000246,TRX-00102,PROD-0092,PROMO-014,1,649000,19470.0
DTL-000247,TRX-00102,PROD-0049,PROMO-020,1,6999000,349950.0
DTL-000248,TRX-00103,PROD-0023,PROMO-NONE,1,499000,0.0
DTL-000249,TRX-00103,PROD-0071,PROMO-NONE,1,4999000,0.0
DTL-000250,TRX-00104,PROD-0070,PROMO-NONE,1,6499000,0.0
DTL-000251,TRX-00105,PROD-0066,PROMO-010,1,5499000,274950.0
DTL-000252,TRX-00106,PROD-0013,PROMO-NONE,2,6499000,0.0
DTL-000253,TRX-00106,PROD-0008,PROMO-005,2,10999000,1759840.0
DTL-000254,TRX-00106,PROD-0087,PROMO-NONE,3,1199000,0.0
DTL-000255,TRX-00106,PROD-0098,PROMO-NONE,1,1695000,0.0
DTL-000256,TRX-00107,PROD-0058,PROMO-NONE,2,4999000,0.0
DTL-000257,TRX-00107,PROD-0055,PROMO-NONE,1,3299000,0.0
DTL-000258,TRX-00108,PROD-0011,PROMO-NONE,1,15999000,0.0
DTL-000259,TRX-00108,PROD-0020,PROMO-020,1,3999000,199950.0
DTL-000260,TRX-00108,PROD-0029,PROMO-015,1,17499000,1399920.0
DTL-000261,TRX-00109,PROD-0052,PROMO-003,2,2099000,335840.0
DTL-000262,TRX-00109,PROD-0003,PROMO-NONE,1,18499000,0.0
DTL-000263,TRX-00110,PROD-0056,PROMO-013,1,5799000,579900.0
DTL-000264,TRX-00111,PROD-0050,PROMO-NONE,1,8499000,0.0
DTL-000265,TRX-00111,PROD-0039,PROMO-NONE,1,13999000,0.0
DTL-000266,TRX-00111,PROD-0045,PROMO-NONE,2,3999000,0.0
DTL-000267,TRX-00112,PROD-0024,PROMO-NONE,1,399000,0.0
DTL-000268,TRX-00112,PROD-0094,PROMO-NONE,2,2999000,0.0
DTL-000269,TRX-00112,PROD-0059,PROMO-017,1,2299000,275880.0
DTL-000270,TRX-00113,PROD-0092,PROMO-012,1,649000,64900.0
DTL-000271,TRX-00114,PROD-0045,PROMO-NONE,2,3999000,0.0
DTL-000272,TRX-00115,PROD-0087,PROMO-NONE,1,1199000,0.0
DTL-000273,TRX-00115,PROD-0008,PROMO-020,1,10999000,549950.0
DTL-000274,TRX-00116,PROD-0006,PROMO-NONE,1,12499000,0.0
DTL-000275,TRX-00117,PROD-0028,PROMO-NONE,3,20999000,0.0
DTL-000276,TRX-00117,PROD-0059,PROMO-NONE,1,2299000,0.0
DTL-000277,TRX-00117,PROD-0027,PROMO-NONE,1,16499000,0.0
DTL-000278,TRX-00118,PROD-0032,PROMO-NONE,1,28499000,0.0
DTL-000279,TRX-00118,PROD-0066,PROMO-NONE,1,5499000,0.0
DTL-000280,TRX-00118,PROD-0045,PROMO-NONE,2,3999000,0.0
DTL-000281,TRX-00119,PROD-0018,PROMO-NONE,1,7999000,0.0
DTL-000282,TRX-00120,PROD-0003,PROMO-015,2,18499000,2959840.0
DTL-000283,TRX-00120,PROD-0039,PROMO-NONE,1,13999000,0.0
DTL-000284,TRX-00121,PROD-0030,PROMO-NONE,1,13499000,0.0
DTL-000285,TRX-00121,PROD-0044,PROMO-006,1,4499000,134970.0
DTL-000286,TRX-00122,PROD-0031,PROMO-NONE,1,20999000,0.0
DTL-000287,TRX-00123,PROD-0067,PROMO-001,2,3999000,239940.0
DTL-000288,TRX-00123,PROD-0006,PROMO-NONE,1,12499000,0.0
DTL-000289,TRX-00123,PROD-0078,PROMO-NONE,1,21999000,0.0
DTL-000290,TRX-00124,PROD-0043,PROMO-002,1,8999000,719920.0
DTL-000291,TRX-00124,PROD-0071,PROMO-004,2,4999000,1199760.0
DTL-000292,TRX-00124,PROD-0095,PROMO-NONE,1,399000,0.0
DTL-000293,TRX-00124,PROD-0035,PROMO-006,2,4999000,299940.0
DTL-000294,TRX-00125,PROD-0097,PROMO-NONE,1,1565000,0.0
DTL-000295,TRX-00125,PROD-0070,PROMO-010,2,6499000,649900.0
DTL-000296,TRX-00125,PROD-0071,PROMO-007,2,4999000,999800.0
DTL-000297,TRX-00125,PROD-0067,PROMO-013,1,3999000,399900.0
DTL-000298,TRX-00126,PROD-0083,PROMO-NONE,1,7499000,0.0
DTL-000299,TRX-00127,PROD-0096,PROMO-NONE,1,1599000,0.0
DTL-000300,TRX-00127,PROD-0002,PROMO-NONE,1,23499000,0.0
DTL-000301,TRX-00127,PROD-0053,PROMO-009,1,5099000,152970.0
DTL-000302,TRX-00127,PROD-0085,PROMO-NONE,1,399000,0.0
DTL-000303,TRX-00128,PROD-0002,PROMO-007,1,23499000,2349900.0
DTL-000304,TRX-00128,PROD-0012,PROMO-NONE,1,11499000,0.0
DTL-000305,TRX-00129,PROD-0040,PROMO-003,2,15999000,2559840.0
DTL-000306,TRX-00129,PROD-0091,PROMO-002,1,699000,55920.0
DTL-000307,TRX-00129,PROD-0083,PROMO-NONE,1,7499000,0.0
DTL-000308,TRX-00130,PROD-0032,PROMO-009,1,28499000,854970.0
DTL-000309,TRX-00130,PROD-0092,PROMO-NONE,1,649000,0.0
DTL-000310,TRX-00130,PROD-0077,PROMO-NONE,2,1999000,0.0
DTL-000311,TRX-00131,PROD-0021,PROMO-020,3,2499000,374850.0
DTL-000312,TRX-00131,PROD-0066,PROMO-013,2,5499000,1099800.0
DTL-000313,TRX-00131,PROD-0084,PROMO-013,1,1399000,139900.0
DTL-000314,TRX-00132,PROD-0067,PROMO-NONE,1,3999000,0.0
DTL-000315,TRX-00132,PROD-0068,PROMO-NONE,1,3499000,0.0
DTL-000316,TRX-00133,PROD-0088,PROMO-NONE,1,2799000,0.0
DTL-000317,TRX-00133,PROD-0012,PROMO-NONE,2,11499000,0.0
DTL-000318,TRX-00134,PROD-0035,PROMO-NONE,1,4999000,0.0
DTL-000319,TRX-00134,PROD-0026,PROMO-NONE,2,19499000,0.0
DTL-000320,TRX-00135,PROD-0037,PROMO-NONE,1,2999000,0.0
DTL-000321,TRX-00135,PROD-0090,PROMO-NONE,1,699000,0.0
DTL-000322,TRX-00135,PROD-0095,PROMO-005,2,399000,63840.0
DTL-000323,TRX-00135,PROD-0029,PROMO-015,1,17499000,1399920.0
DTL-000324,TRX-00136,PROD-0099,PROMO-NONE,1,3079000,0.0
DTL-000325,TRX-00137,PROD-0023,PROMO-015,1,499000,39920.0
DTL-000326,TRX-00137,PROD-0077,PROMO-005,1,1999000,159920.0
DTL-000327,TRX-00138,PROD-0055,PROMO-NONE,1,3299000,0.0
DTL-000328,TRX-00138,PROD-0036,PROMO-011,1,3999000,319920.0
DTL-000329,TRX-00138,PROD-0026,PROMO-010,1,19499000,974950.0
DTL-000330,TRX-00139,PROD-0024,PROMO-020,1,399000,19950.0
DTL-000331,TRX-00139,PROD-0083,PROMO-NONE,1,7499000,0.0
DTL-000332,TRX-00139,PROD-0069,PROMO-NONE,1,1599000,0.0
DTL-000333,TRX-00140,PROD-0013,PROMO-NONE,1,6499000,0.0
DTL-000334,TRX-00140,PROD-0031,PROMO-NONE,2,20999000,0.0
DTL-000335,TRX-00140,PROD-0006,PROMO-012,1,12499000,1249900.0
DTL-000336,TRX-00141,PROD-0014,PROMO-NONE,2,9499000,0.0
DTL-000337,TRX-00142,PROD-0073,PROMO-001,1,4299000,128970.0
DTL-000338,TRX-00142,PROD-0092,PROMO-016,1,649000,32450.0
DTL-000339,TRX-00142,PROD-0082,PROMO-NONE,1,7499000,0.0
DTL-000340,TRX-00142,PROD-0038,PROMO-NONE,1,1599000,0.0
DTL-000341,TRX-00143,PROD-0093,PROMO-NONE,1,699000,0.0
DTL-000342,TRX-00143,PROD-0085,PROMO-NONE,1,399000,0.0
DTL-000343,TRX-00143,PROD-0003,PROMO-NONE,1,18499000,0.0
DTL-000344,TRX-00144,PROD-0052,PROMO-012,1,2099000,209900.0
DTL-000345,TRX-00144,PROD-0035,PROMO-NONE,1,4999000,0.0
DTL-000346,TRX-00144,PROD-0066,PROMO-NONE,1,5499000,0.0
DTL-000347,TRX-00144,PROD-0074,PROMO-NONE,1,5999000,0.0
DTL-000348,TRX-00145,PROD-0073,PROMO-016,1,4299000,214950.0
DTL-000349,TRX-00145,PROD-0042,PROMO-NONE,1,3499000,0.0
DTL-000350,TRX-00146,PROD-0028,PROMO-NONE,1,20999000,0.0
DTL-000351,TRX-00147,PROD-0086,PROMO-NONE,1,1199000,0.0
DTL-000352,TRX-00147,PROD-0026,PROMO-NONE,1,19499000,0.0
DTL-000353,TRX-00147,PROD-0012,PROMO-NONE,1,11499000,0.0
DTL-000354,TRX-00148,PROD-0004,PROMO-NONE,1,16999000,0.0
DTL-000355,TRX-00148,PROD-0091,PROMO-006,1,699000,20970.0
DTL-000356,TRX-00148,PROD-0012,PROMO-018,1,11499000,1724850.0
DTL-000357,TRX-00149,PROD-0073,PROMO-NONE,1,4299000,0.0
DTL-000358,TRX-00149,PROD-0057,PROMO-NONE,1,5999000,0.0
DTL-000359,TRX-00150,PROD-0100,PROMO-NONE,1,1799000,0.0
DTL-000360,TRX-00150,PROD-0027,PROMO-NONE,1,16499000,0.0
DTL-000361,TRX-00151,PROD-0092,PROMO-NONE,1,649000,0.0
DTL-000362,TRX-00151,PROD-0093,PROMO-NONE,1,699000,0.0
DTL-000363,TRX-00151,PROD-0027,PROMO-008,1,16499000,824950.0
DTL-000364,TRX-00152,PROD-0013,PROMO-015,1,6499000,519920.0
DTL-000365,TRX-00152,PROD-0035,PROMO-NONE,1,4999000,0.0
DTL-000366,TRX-00153,PROD-0075,PROMO-NONE,1,4699000,0.0
DTL-000367,TRX-00153,PROD-0077,PROMO-NONE,1,1999000,0.0
DTL-000368,TRX-00153,PROD-0056,PROMO-NONE,1,5799000,0.0
DTL-000369,TRX-00153,PROD-0047,PROMO-NONE,1,12499000,0.0
DTL-000370,TRX-00154,PROD-0068,PROMO-NONE,2,3499000,0.0
DTL-000371,TRX-00155,PROD-0091,PROMO-NONE,1,699000,0.0
DTL-000372,TRX-00155,PROD-0031,PROMO-NONE,1,20999000,0.0
DTL-000373,TRX-00156,PROD-0028,PROMO-001,1,20999000,629970.0
DTL-000374,TRX-00156,PROD-0039,PROMO-NONE,1,13999000,0.0
DTL-000375,TRX-00156,PROD-0017,PROMO-NONE,2,22999000,0.0
DTL-000376,TRX-00157,PROD-0021,PROMO-NONE,2,2499000,0.0
DTL-000377,TRX-00157,PROD-0017,PROMO-NONE,1,22999000,0.0
DTL-000378,TRX-00157,PROD-0018,PROMO-NONE,1,7999000,0.0
DTL-000379,TRX-00157,PROD-0026,PROMO-011,1,19499000,1559920.0
DTL-000380,TRX-00158,PROD-0094,PROMO-NONE,1,2999000,0.0
DTL-000381,TRX-00158,PROD-0032,PROMO-015,1,28499000,2279920.0
DTL-000382,TRX-00159,PROD-0042,PROMO-NONE,1,3499000,0.0
DTL-000383,TRX-00159,PROD-0055,PROMO-NONE,1,3299000,0.0
DTL-000384,TRX-00159,PROD-0058,PROMO-010,3,4999000,749850.0
DTL-000385,TRX-00160,PROD-0081,PROMO-NONE,1,7999000,0.0
DTL-000386,TRX-00160,PROD-0100,PROMO-NONE,1,1799000,0.0
DTL-000387,TRX-00160,PROD-0067,PROMO-NONE,1,3999000,0.0
DTL-000388,TRX-00161,PROD-0073,PROMO-NONE,1,4299000,0.0
DTL-000389,TRX-00161,PROD-0054,PROMO-NONE,1,4499000,0.0
DTL-000390,TRX-00161,PROD-0005,PROMO-NONE,1,13999000,0.0
DTL-000391,TRX-00162,PROD-0100,PROMO-020,1,1799000,89950.0
DTL-000392,TRX-00162,PROD-0065,PROMO-NONE,1,6299000,0.0
DTL-000393,TRX-00163,PROD-0079,PROMO-012,1,18999000,1899900.0
DTL-000394,TRX-00163,PROD-0008,PROMO-019,1,10999000,549950.0
DTL-000395,TRX-00163,PROD-0065,PROMO-NONE,1,6299000,0.0
DTL-000396,TRX-00164,PROD-0044,PROMO-NONE,1,4499000,0.0
DTL-000397,TRX-00164,PROD-0004,PROMO-NONE,1,16999000,0.0
DTL-000398,TRX-00165,PROD-0082,PROMO-NONE,1,7499000,0.0
DTL-000399,TRX-00165,PROD-0085,PROMO-NONE,1,399000,0.0
DTL-000400,TRX-00166,PROD-0036,PROMO-NONE,1,3999000,0.0
DTL-000401,TRX-00166,PROD-0008,PROMO-NONE,1,10999000,0.0
DTL-000402,TRX-00167,PROD-0022,PROMO-NONE,1,499000,0.0
DTL-000403,TRX-00167,PROD-0099,PROMO-005,2,3079000,492640.0
DTL-000404,TRX-00168,PROD-0039,PROMO-012,1,13999000,1399900.0
DTL-000405,TRX-00168,PROD-0077,PROMO-010,1,1999000,99950.0
DTL-000406,TRX-00168,PROD-0048,PROMO-NONE,2,16999000,0.0
DTL-000407,TRX-00169,PROD-0077,PROMO-NONE,2,1999000,0.0
DTL-000408,TRX-00169,PROD-0005,PROMO-NONE,1,13999000,0.0
DTL-000409,TRX-00170,PROD-0048,PROMO-NONE,1,16999000,0.0
DTL-000410,TRX-00170,PROD-0064,PROMO-004,1,7499000,899880.0
DTL-000411,TRX-00171,PROD-0012,PROMO-NONE,1,11499000,0.0
DTL-000412,TRX-00171,PROD-0060,PROMO-006,1,4999000,149970.0
DTL-000413,TRX-00172,PROD-0013,PROMO-NONE,1,6499000,0.0
DTL-000414,TRX-00172,PROD-0005,PROMO-015,1,13999000,1119920.0
DTL-000415,TRX-00173,PROD-0035,PROMO-016,1,4999000,249950.0
DTL-000416,TRX-00173,PROD-0077,PROMO-NONE,1,1999000,0.0
DTL-000417,TRX-00173,PROD-0040,PROMO-NONE,1,15999000,0.0
DTL-000418,TRX-00173,PROD-0016,PROMO-020,1,14999000,749950.0
DTL-000419,TRX-00174,PROD-0048,PROMO-NONE,1,16999000,0.0
DTL-000420,TRX-00174,PROD-0044,PROMO-NONE,1,4499000,0.0
DTL-000421,TRX-00174,PROD-0074,PROMO-004,2,5999000,1439760.0
DTL-000422,TRX-00175,PROD-0070,PROMO-002,1,6499000,519920.0
DTL-000423,TRX-00176,PROD-0060,PROMO-015,1,4999000,399920.0
DTL-000424,TRX-00176,PROD-0034,PROMO-NONE,1,5999000,0.0
DTL-000425,TRX-00176,PROD-0048,PROMO-NONE,2,16999000,0.0
DTL-000426,TRX-00177,PROD-0095,PROMO-NONE,1,399000,0.0
DTL-000427,TRX-00177,PROD-0057,PROMO-NONE,2,5999000,0.0
DTL-000428,TRX-00178,PROD-0022,PROMO-NONE,1,499000,0.0
DTL-000429,TRX-00178,PROD-0074,PROMO-NONE,1,5999000,0.0
DTL-000430,TRX-00178,PROD-0063,PROMO-009,2,6999000,419940.0
DTL-000431,TRX-00179,PROD-0089,PROMO-NONE,1,779000,0.0
DTL-000432,TRX-00179,PROD-0100,PROMO-NONE,1,1799000,0.0
DTL-000433,TRX-00179,PROD-0043,PROMO-NONE,2,8999000,0.0
DTL-000434,TRX-00180,PROD-0011,PROMO-008,1,15999000,799950.0
DTL-000435,TRX-00180,PROD-0017,PROMO-NONE,2,22999000,0.0
DTL-000436,TRX-00180,PROD-0015,PROMO-NONE,3,13599000,0.0
DTL-000437,TRX-00181,PROD-0055,PROMO-NONE,1,3299000,0.0
DTL-000438,TRX-00181,PROD-0077,PROMO-002,2,1999000,319840.0
DTL-000439,TRX-00182,PROD-0088,PROMO-NONE,1,2799000,0.0
DTL-000440,TRX-00183,PROD-0014,PROMO-NONE,1,9499000,0.0
DTL-000441,TRX-00183,PROD-0059,PROMO-019,2,2299000,229900.0
DTL-000442,TRX-00184,PROD-0051,PROMO-NONE,1,6499000,0.0
DTL-000443,TRX-00184,PROD-0019,PROMO-NONE,2,14999000,0.0
DTL-000444,TRX-00185,PROD-0066,PROMO-NONE,1,5499000,0.0
DTL-000445,TRX-00185,PROD-0006,PROMO-NONE,1,12499000,0.0
DTL-000446,TRX-00186,PROD-0010,PROMO-NONE,1,12599000,0.0
DTL-000447,TRX-00186,PROD-0005,PROMO-002,1,13999000,1119920.0
DTL-000448,TRX-00187,PROD-0095,PROMO-NONE,1,399000,0.0
DTL-000449,TRX-00187,PROD-0056,PROMO-018,1,5799000,869850.0
DTL-000450,TRX-00187,PROD-0088,PROMO-NONE,1,2799000,0.0
DTL-000451,TRX-00188,PROD-0005,PROMO-008,1,13999000,699950.0
DTL-000452,TRX-00189,PROD-0033,PROMO-NONE,1,15999000,0.0
DTL-000453,TRX-00190,PROD-0035,PROMO-016,1,4999000,249950.0
DTL-000454,TRX-00190,PROD-0030,PROMO-NONE,1,13499000,0.0
DTL-000455,TRX-00190,PROD-0054,PROMO-NONE,1,4499000,0.0
DTL-000456,TRX-00190,PROD-0053,PROMO-NONE,2,5099000,0.0
DTL-000457,TRX-00191,PROD-0067,PROMO-005,1,3999000,319920.0
DTL-000458,TRX-00191,PROD-0035,PROMO-NONE,1,4999000,0.0
DTL-000459,TRX-00191,PROD-0096,PROMO-NONE,1,1599000,0.0
DTL-000460,TRX-00192,PROD-0012,PROMO-001,1,11499000,344970.0
DTL-000461,TRX-00192,PROD-0061,PROMO-NONE,1,5599000,0.0
DTL-000462,TRX-00193,PROD-0006,PROMO-012,1,12499000,1249900.0
DTL-000463,TRX-00194,PROD-0040,PROMO-NONE,2,15999000,0.0
DTL-000464,TRX-00194,PROD-0077,PROMO-NONE,1,1999000,0.0
DTL-000465,TRX-00195,PROD-0043,PROMO-NONE,3,8999000,0.0
DTL-000466,TRX-00195,PROD-0037,PROMO-NONE,1,2999000,0.0
DTL-000467,TRX-00196,PROD-0037,PROMO-NONE,2,2999000,0.0
DTL-000468,TRX-00196,PROD-0032,PROMO-007,1,28499000,2849900.0
DTL-000469,TRX-00197,PROD-0009,PROMO-020,1,12999000,649950.0
DTL-000470,TRX-00198,PROD-0088,PROMO-NONE,1,2799000,0.0
DTL-000471,TRX-00198,PROD-0048,PROMO-NONE,2,16999000,0.0
DTL-000472,TRX-00198,PROD-0090,PROMO-016,1,699000,34950.0
DTL-000473,TRX-00199,PROD-0037,PROMO-NONE,1,2999000,0.0
DTL-000474,TRX-00199,PROD-0060,PROMO-NONE,1,4999000,0.0
DTL-000475,TRX-00200,PROD-0038,PROMO-NONE,1,1599000,0.0
DTL-000476,TRX-00200,PROD-0036,PROMO-NONE,1,3999000,0.0
DTL-000477,TRX-00200,PROD-0065,PROMO-NONE,1,6299000,0.0
DTL-000478,TRX-00201,PROD-0100,PROMO-018,3,1799000,809550.0
DTL-000479,TRX-00202,PROD-0064,PROMO-NONE,1,7499000,0.0
DTL-000480,TRX-00202,PROD-0100,PROMO-NONE,3,1799000,0.0
DTL-000481,TRX-00202,PROD-0017,PROMO-014,1,22999000,689970.0
DTL-000482,TRX-00203,PROD-0077,PROMO-018,1,1999000,299850.0
DTL-000483,TRX-00203,PROD-0009,PROMO-019,1,12999000,649950.0
DTL-000484,TRX-00204,PROD-0047,PROMO-NONE,1,12499000,0.0
DTL-000485,TRX-00205,PROD-0070,PROMO-NONE,1,6499000,0.0
DTL-000486,TRX-00205,PROD-0099,PROMO-002,1,3079000,246320.0
DTL-000487,TRX-00205,PROD-0014,PROMO-NONE,1,9499000,0.0
DTL-000488,TRX-00206,PROD-0090,PROMO-NONE,1,699000,0.0
DTL-000489,TRX-00206,PROD-0072,PROMO-NONE,1,6999000,0.0
DTL-000490,TRX-00207,PROD-0075,PROMO-NONE,1,4699000,0.0
DTL-000491,TRX-00207,PROD-0084,PROMO-NONE,1,1399000,0.0
DTL-000492,TRX-00208,PROD-0072,PROMO-NONE,1,6999000,0.0
DTL-000493,TRX-00208,PROD-0049,PROMO-NONE,2,6999000,0.0
DTL-000494,TRX-00209,PROD-0095,PROMO-NONE,1,399000,0.0
DTL-000495,TRX-00209,PROD-0089,PROMO-NONE,1,779000,0.0
DTL-000496,TRX-00209,PROD-0082,PROMO-NONE,1,7499000,0.0
DTL-000497,TRX-00210,PROD-0097,PROMO-NONE,1,1565000,0.0
DTL-000498,TRX-00210,PROD-0008,PROMO-015,1,10999000,879920.0
DTL-000499,TRX-00210,PROD-0004,PROMO-NONE,2,16999000,0.0
DTL-000500,TRX-00211,PROD-0040,PROMO-018,1,15999000,2399850.0
DTL-000501,TRX-00211,PROD-0092,PROMO-014,2,649000,38940.0
DTL-000502,TRX-00212,PROD-0062,PROMO-NONE,1,5999000,0.0
DTL-000503,TRX-00213,PROD-0068,PROMO-005,2,3499000,559840.0
DTL-000504,TRX-00214,PROD-0051,PROMO-NONE,3,6499000,0.0
DTL-000505,TRX-00214,PROD-0056,PROMO-005,2,5799000,927840.0
DTL-000506,TRX-00215,PROD-0090,PROMO-NONE,2,699000,0.0
DTL-000507,TRX-00215,PROD-0003,PROMO-NONE,1,18499000,0.0
DTL-000508,TRX-00215,PROD-0068,PROMO-NONE,1,3499000,0.0
DTL-000509,TRX-00216,PROD-0090,PROMO-NONE,2,699000,0.0
DTL-000510,TRX-00216,PROD-0021,PROMO-NONE,1,2499000,0.0
DTL-000511,TRX-00217,PROD-0028,PROMO-013,3,20999000,6299700.0
DTL-000512,TRX-00217,PROD-0034,PROMO-NONE,2,5999000,0.0
DTL-000513,TRX-00218,PROD-0063,PROMO-008,2,6999000,699900.0
DTL-000514,TRX-00218,PROD-0029,PROMO-007,1,17499000,1749900.0
DTL-000515,TRX-00218,PROD-0032,PROMO-NONE,3,28499000,0.0
DTL-000516,TRX-00219,PROD-0011,PROMO-NONE,3,15999000,0.0
DTL-000517,TRX-00220,PROD-0081,PROMO-NONE,1,7999000,0.0
DTL-000518,TRX-00220,PROD-0035,PROMO-017,1,4999000,599880.0
DTL-000519,TRX-00220,PROD-0048,PROMO-013,1,16999000,1699900.0
DTL-000520,TRX-00221,PROD-0010,PROMO-NONE,1,12599000,0.0
DTL-000521,TRX-00221,PROD-0059,PROMO-NONE,1,2299000,0.0
DTL-000522,TRX-00222,PROD-0078,PROMO-NONE,1,21999000,0.0
DTL-000523,TRX-00222,PROD-0057,PROMO-NONE,2,5999000,0.0
DTL-000524,TRX-00222,PROD-0039,PROMO-NONE,1,13999000,0.0
DTL-000525,TRX-00222,PROD-0031,PROMO-NONE,1,20999000,0.0
DTL-000526,TRX-00223,PROD-0035,PROMO-NONE,1,4999000,0.0
DTL-000527,TRX-00223,PROD-0020,PROMO-NONE,2,3999000,0.0
DTL-000528,TRX-00224,PROD-0080,PROMO-012,1,10999000,1099900.0
DTL-000529,TRX-00224,PROD-0082,PROMO-NONE,2,7499000,0.0
DTL-000530,TRX-00224,PROD-0071,PROMO-NONE,2,4999000,0.0
DTL-000531,TRX-00224,PROD-0047,PROMO-019,1,12499000,624950.0
DTL-000532,TRX-00225,PROD-0045,PROMO-NONE,1,3999000,0.0
DTL-000533,TRX-00225,PROD-0074,PROMO-006,2,5999000,359940.0
DTL-000534,TRX-00225,PROD-0044,PROMO-NONE,1,4499000,0.0
DTL-000535,TRX-00226,PROD-0097,PROMO-015,1,1565000,125200.0
DTL-000536,TRX-00226,PROD-0094,PROMO-NONE,1,2999000,0.0
DTL-000537,TRX-00227,PROD-0057,PROMO-004,1,5999000,719880.0
DTL-000538,TRX-00228,PROD-0040,PROMO-002,3,15999000,3839760.0
DTL-000539,TRX-00228,PROD-0037,PROMO-NONE,2,2999000,0.0
DTL-000540,TRX-00229,PROD-0075,PROMO-009,1,4699000,140970.0
DTL-000541,TRX-00229,PROD-0068,PROMO-NONE,2,3499000,0.0
DTL-000542,TRX-00230,PROD-0080,PROMO-NONE,1,10999000,0.0
DTL-000543,TRX-00230,PROD-0030,PROMO-001,1,13499000,404970.0
DTL-000544,TRX-00230,PROD-0046,PROMO-018,1,2999000,449850.0
DTL-000545,TRX-00231,PROD-0040,PROMO-020,1,15999000,799950.0
DTL-000546,TRX-00231,PROD-0086,PROMO-NONE,2,1199000,0.0
DTL-000547,TRX-00231,PROD-0013,PROMO-NONE,1,6499000,0.0
DTL-000548,TRX-00231,PROD-0028,PROMO-NONE,1,20999000,0.0
DTL-000549,TRX-00232,PROD-0051,PROMO-012,1,6499000,649900.0
DTL-000550,TRX-00232,PROD-0070,PROMO-NONE,1,6499000,0.0
DTL-000551,TRX-00233,PROD-0010,PROMO-NONE,1,12599000,0.0
DTL-000552,TRX-00233,PROD-0075,PROMO-008,1,4699000,234950.0
DTL-000553,TRX-00234,PROD-0054,PROMO-NONE,1,4499000,0.0
DTL-000554,TRX-00234,PROD-0083,PROMO-NONE,1,7499000,0.0
DTL-000555,TRX-00234,PROD-0034,PROMO-NONE,1,5999000,0.0
DTL-000556,TRX-00235,PROD-0039,PROMO-NONE,1,13999000,0.0
DTL-000557,TRX-00235,PROD-0031,PROMO-NONE,1,20999000,0.0
DTL-000558,TRX-00236,PROD-0040,PROMO-NONE,1,15999000,0.0
DTL-000559,TRX-00237,PROD-0083,PROMO-NONE,1,7499000,0.0
DTL-000560,TRX-00237,PROD-0095,PROMO-NONE,1,399000,0.0
DTL-000561,TRX-00238,PROD-0090,PROMO-015,1,699000,55920.0
DTL-000562,TRX-00238,PROD-0057,PROMO-NONE,1,5999000,0.0
DTL-000563,TRX-00239,PROD-0080,PROMO-003,1,10999000,879920.0
DTL-000564,TRX-00239,PROD-0062,PROMO-007,1,5999000,599900.0
DTL-000565,TRX-00239,PROD-0015,PROMO-NONE,1,13599000,0.0
DTL-000566,TRX-00240,PROD-0067,PROMO-NONE,1,3999000,0.0
DTL-000567,TRX-00240,PROD-0043,PROMO-003,1,8999000,719920.0
DTL-000568,TRX-00240,PROD-0059,PROMO-NONE,1,2299000,0.0
DTL-000569,TRX-00241,PROD-0061,PROMO-NONE,1,5599000,0.0
DTL-000570,TRX-00242,PROD-0072,PROMO-013,1,6999000,699900.0
DTL-000571,TRX-00242,PROD-0055,PROMO-013,2,3299000,659800.0
DTL-000572,TRX-00242,PROD-0057,PROMO-NONE,1,5999000,0.0
DTL-000573,TRX-00243,PROD-0008,PROMO-008,1,10999000,549950.0
DTL-000574,TRX-00243,PROD-0072,PROMO-NONE,1,6999000,0.0
DTL-000575,TRX-00244,PROD-0071,PROMO-NONE,1,4999000,0.0
DTL-000576,TRX-00245,PROD-0054,PROMO-NONE,1,4499000,0.0
DTL-000577,TRX-00245,PROD-0053,PROMO-NONE,1,5099000,0.0
DTL-000578,TRX-00246,PROD-0053,PROMO-009,2,5099000,305940.0
DTL-000579,TRX-00246,PROD-0009,PROMO-NONE,1,12999000,0.0
DTL-000580,TRX-00246,PROD-0061,PROMO-003,1,5599000,447920.0
DTL-000581,TRX-00247,PROD-0055,PROMO-005,1,3299000,263920.0
DTL-000582,TRX-00247,PROD-0061,PROMO-NONE,1,5599000,0.0
DTL-000583,TRX-00248,PROD-0032,PROMO-NONE,1,28499000,0.0
DTL-000584,TRX-00248,PROD-0030,PROMO-NONE,2,13499000,0.0
DTL-000585,TRX-00248,PROD-0056,PROMO-NONE,2,5799000,0.0
DTL-000586,TRX-00249,PROD-0001,PROMO-NONE,1,20499000,0.0
DTL-000587,TRX-00249,PROD-0044,PROMO-NONE,2,4499000,0.0
DTL-000588,TRX-00250,PROD-0049,PROMO-015,2,6999000,1119840.0
DTL-000589,TRX-00250,PROD-0076,PROMO-NONE,1,2999000,0.0
DTL-000590,TRX-00250,PROD-0080,PROMO-NONE,1,10999000,0.0
DTL-000591,TRX-00251,PROD-0099,PROMO-NONE,1,3079000,0.0
DTL-000592,TRX-00251,PROD-0033,PROMO-017,1,15999000,1919880.0
DTL-000593,TRX-00252,PROD-0055,PROMO-NONE,1,3299000,0.0
DTL-000594,TRX-00252,PROD-0075,PROMO-010,1,4699000,234950.0
DTL-000595,TRX-00253,PROD-0021,PROMO-NONE,1,2499000,0.0
DTL-000596,TRX-00254,PROD-0035,PROMO-004,3,4999000,1799640.0
DTL-000597,TRX-00254,PROD-0027,PROMO-003,3,16499000,3959760.0
DTL-000598,TRX-00254,PROD-0079,PROMO-NONE,2,18999000,0.0
DTL-000599,TRX-00255,PROD-0079,PROMO-009,1,18999000,569970.0
DTL-000600,TRX-00255,PROD-0096,PROMO-NONE,1,1599000,0.0
DTL-000601,TRX-00256,PROD-0006,PROMO-NONE,1,12499000,0.0
DTL-000602,TRX-00256,PROD-0010,PROMO-NONE,1,12599000,0.0
DTL-000603,TRX-00256,PROD-0008,PROMO-NONE,1,10999000,0.0
DTL-000604,TRX-00256,PROD-0017,PROMO-004,1,22999000,2759880.0
DTL-000605,TRX-00257,PROD-0096,PROMO-NONE,1,1599000,0.0
DTL-000606,TRX-00257,PROD-0095,PROMO-013,1,399000,39900.0
DTL-000607,TRX-00257,PROD-0033,PROMO-NONE,1,15999000,0.0
DTL-000608,TRX-00258,PROD-0011,PROMO-NONE,1,15999000,0.0
DTL-000609,TRX-00258,PROD-0083,PROMO-NONE,1,7499000,0.0
DTL-000610,TRX-00258,PROD-0054,PROMO-020,1,4499000,224950.0
DTL-000611,TRX-00258,PROD-0025,PROMO-NONE,1,24499000,0.0
DTL-000612,TRX-00259,PROD-0063,PROMO-002,1,6999000,559920.0
DTL-000613,TRX-00259,PROD-0091,PROMO-NONE,1,699000,0.0
DTL-000614,TRX-00259,PROD-0074,PROMO-NONE,1,5999000,0.0
DTL-000615,TRX-00260,PROD-0010,PROMO-NONE,2,12599000,0.0
DTL-000616,TRX-00260,PROD-0036,PROMO-NONE,1,3999000,0.0
DTL-000617,TRX-00261,PROD-0059,PROMO-012,2,2299000,459800.0
DTL-000618,TRX-00261,PROD-0094,PROMO-NONE,2,2999000,0.0
DTL-000619,TRX-00262,PROD-0047,PROMO-NONE,1,12499000,0.0
DTL-000620,TRX-00262,PROD-0044,PROMO-NONE,1,4499000,0.0
DTL-000621,TRX-00262,PROD-0032,PROMO-NONE,1,28499000,0.0
DTL-000622,TRX-00262,PROD-0024,PROMO-NONE,1,399000,0.0
DTL-000623,TRX-00263,PROD-0093,PROMO-NONE,1,699000,0.0
DTL-000624,TRX-00264,PROD-0006,PROMO-NONE,2,12499000,0.0
DTL-000625,TRX-00264,PROD-0025,PROMO-NONE,1,24499000,0.0
DTL-000626,TRX-00265,PROD-0074,PROMO-NONE,1,5999000,0.0
DTL-000627,TRX-00265,PROD-0061,PROMO-NONE,1,5599000,0.0
DTL-000628,TRX-00266,PROD-0054,PROMO-NONE,1,4499000,0.0
DTL-000629,TRX-00266,PROD-0043,PROMO-NONE,2,8999000,0.0
DTL-000630,TRX-00266,PROD-0068,PROMO-NONE,1,3499000,0.0
DTL-000631,TRX-00266,PROD-0049,PROMO-003,3,6999000,1679760.0
DTL-000632,TRX-00267,PROD-0016,PROMO-NONE,2,14999000,0.0
DTL-000633,TRX-00267,PROD-0007,PROMO-NONE,3,9999000,0.0
DTL-000634,TRX-00268,PROD-0100,PROMO-NONE,2,1799000,0.0
DTL-000635,TRX-00269,PROD-0034,PROMO-NONE,1,5999000,0.0
DTL-000636,TRX-00269,PROD-0065,PROMO-019,1,6299000,314950.0
DTL-000637,TRX-00269,PROD-0021,PROMO-014,1,2499000,74970.0
DTL-000638,TRX-00270,PROD-0053,PROMO-NONE,1,5099000,0.0
DTL-000639,TRX-00270,PROD-0048,PROMO-NONE,1,16999000,0.0
DTL-000640,TRX-00271,PROD-0057,PROMO-NONE,2,5999000,0.0
DTL-000641,TRX-00271,PROD-0038,PROMO-006,2,1599000,95940.0
DTL-000642,TRX-00271,PROD-0070,PROMO-NONE,1,6499000,0.0
DTL-000643,TRX-00272,PROD-0057,PROMO-NONE,2,5999000,0.0
DTL-000644,TRX-00272,PROD-0084,PROMO-NONE,2,1399000,0.0
DTL-000645,TRX-00272,PROD-0025,PROMO-NONE,1,24499000,0.0
DTL-000646,TRX-00273,PROD-0059,PROMO-017,1,2299000,275880.0
DTL-000647,TRX-00273,PROD-0006,PROMO-NONE,1,12499000,0.0
DTL-000648,TRX-00274,PROD-0077,PROMO-NONE,1,1999000,0.0
DTL-000649,TRX-00274,PROD-0078,PROMO-001,1,21999000,659970.0
DTL-000650,TRX-00274,PROD-0056,PROMO-NONE,1,5799000,0.0
DTL-000651,TRX-00275,PROD-0064,PROMO-NONE,1,7499000,0.0
DTL-000652,TRX-00275,PROD-0092,PROMO-NONE,1,649000,0.0
DTL-000653,TRX-00276,PROD-0074,PROMO-NONE,1,5999000,0.0
DTL-000654,TRX-00276,PROD-0071,PROMO-003,1,4999000,399920.0
DTL-000655,TRX-00276,PROD-0069,PROMO-NONE,1,1599000,0.0
DTL-000656,TRX-00277,PROD-0081,PROMO-NONE,1,7999000,0.0
DTL-000657,TRX-00277,PROD-0087,PROMO-NONE,1,1199000,0.0
DTL-000658,TRX-00278,PROD-0055,PROMO-NONE,1,3299000,0.0
DTL-000659,TRX-00278,PROD-0042,PROMO-007,1,3499000,349900.0
DTL-000660,TRX-00279,PROD-0017,PROMO-NONE,3,22999000,0.0
DTL-000661,TRX-00280,PROD-0078,PROMO-NONE,1,21999000,0.0
DTL-000662,TRX-00280,PROD-0047,PROMO-017,1,12499000,1499880.0
DTL-000663,TRX-00281,PROD-0005,PROMO-NONE,2,13999000,0.0
DTL-000664,TRX-00281,PROD-0066,PROMO-010,2,5499000,549900.0
DTL-000665,TRX-00281,PROD-0044,PROMO-NONE,3,4499000,0.0
DTL-000666,TRX-00282,PROD-0060,PROMO-NONE,2,4999000,0.0
DTL-000667,TRX-00282,PROD-0049,PROMO-NONE,1,6999000,0.0
DTL-000668,TRX-00282,PROD-0062,PROMO-NONE,1,5999000,0.0
DTL-000669,TRX-00283,PROD-0075,PROMO-NONE,1,4699000,0.0
DTL-000670,TRX-00284,PROD-0083,PROMO-NONE,1,7499000,0.0
DTL-000671,TRX-00285,PROD-0047,PROMO-NONE,1,12499000,0.0
DTL-000672,TRX-00286,PROD-0046,PROMO-NONE,1,2999000,0.0
DTL-000673,TRX-00286,PROD-0050,PROMO-NONE,1,8499000,0.0
DTL-000674,TRX-00286,PROD-0052,PROMO-NONE,1,2099000,0.0
DTL-000675,TRX-00287,PROD-0055,PROMO-NONE,1,3299000,0.0
DTL-000676,TRX-00287,PROD-0080,PROMO-006,1,10999000,329970.0
DTL-000677,TRX-00287,PROD-0081,PROMO-NONE,1,7999000,0.0
DTL-000678,TRX-00288,PROD-0062,PROMO-005,1,5999000,479920.0
DTL-000679,TRX-00288,PROD-0065,PROMO-005,1,6299000,503920.0
DTL-000680,TRX-00289,PROD-0091,PROMO-NONE,1,699000,0.0
DTL-000681,TRX-00290,PROD-0011,PROMO-001,1,15999000,479970.0
DTL-000682,TRX-00290,PROD-0031,PROMO-008,1,20999000,1049950.0
DTL-000683,TRX-00291,PROD-0097,PROMO-002,1,1565000,125200.0
DTL-000684,TRX-00291,PROD-0033,PROMO-NONE,2,15999000,0.0
DTL-000685,TRX-00291,PROD-0039,PROMO-NONE,1,13999000,0.0
DTL-000686,TRX-00291,PROD-0084,PROMO-016,1,1399000,69950.0
DTL-000687,TRX-00292,PROD-0068,PROMO-NONE,2,3499000,0.0
DTL-000688,TRX-00292,PROD-0039,PROMO-NONE,2,13999000,0.0
DTL-000689,TRX-00292,PROD-0059,PROMO-NONE,1,2299000,0.0
DTL-000690,TRX-00292,PROD-0033,PROMO-007,1,15999000,1599900.0
DTL-000691,TRX-00293,PROD-0047,PROMO-NONE,2,12499000,0.0
DTL-000692,TRX-00293,PROD-0009,PROMO-NONE,2,12999000,0.0
DTL-000693,TRX-00293,PROD-0095,PROMO-NONE,2,399000,0.0
DTL-000694,TRX-00294,PROD-0052,PROMO-NONE,1,2099000,0.0
DTL-000695,TRX-00294,PROD-0017,PROMO-NONE,2,22999000,0.0
DTL-000696,TRX-00295,PROD-0059,PROMO-NONE,1,2299000,0.0
DTL-000697,TRX-00295,PROD-0086,PROMO-NONE,1,1199000,0.0
DTL-000698,TRX-00295,PROD-0041,PROMO-NONE,3,6499000,0.0
DTL-000699,TRX-00296,PROD-0047,PROMO-001,1,12499000,374970.0
DTL-000700,TRX-00296,PROD-0015,PROMO-NONE,2,13599000,0.0
DTL-000701,TRX-00296,PROD-0053,PROMO-NONE,3,5099000,0.0
DTL-000702,TRX-00297,PROD-0038,PROMO-NONE,1,1599000,0.0
DTL-000703,TRX-00297,PROD-0002,PROMO-011,1,23499000,1879920.0
DTL-000704,TRX-00298,PROD-0004,PROMO-NONE,1,16999000,0.0
DTL-000705,TRX-00298,PROD-0049,PROMO-NONE,1,6999000,0.0
DTL-000706,TRX-00299,PROD-0049,PROMO-NONE,1,6999000,0.0
DTL-000707,TRX-00299,PROD-0039,PROMO-NONE,2,13999000,0.0
DTL-000708,TRX-00300,PROD-0069,PROMO-NONE,1,1599000,0.0
DTL-000709,TRX-00301,PROD-0071,PROMO-NONE,1,4999000,0.0
DTL-000710,TRX-00301,PROD-0017,PROMO-NONE,1,22999000,0.0
DTL-000711,TRX-00302,PROD-0100,PROMO-019,1,1799000,89950.0
DTL-000712,TRX-00302,PROD-0029,PROMO-NONE,1,17499000,0.0
DTL-000713,TRX-00303,PROD-0052,PROMO-NONE,2,2099000,0.0
DTL-000714,TRX-00303,PROD-0097,PROMO-002,1,1565000,125200.0
DTL-000715,TRX-00304,PROD-0090,PROMO-NONE,1,699000,0.0
DTL-000716,TRX-00305,PROD-0070,PROMO-020,1,6499000,324950.0
DTL-000717,TRX-00305,PROD-0004,PROMO-012,1,16999000,1699900.0
DTL-000718,TRX-00306,PROD-0097,PROMO-NONE,1,1565000,0.0
DTL-000719,TRX-00307,PROD-0030,PROMO-001,1,13499000,404970.0
DTL-000720,TRX-00307,PROD-0006,PROMO-NONE,1,12499000,0.0
DTL-000721,TRX-00308,PROD-0018,PROMO-NONE,2,7999000,0.0
DTL-000722,TRX-00308,PROD-0056,PROMO-NONE,2,5799000,0.0
DTL-000723,TRX-00308,PROD-0024,PROMO-NONE,1,399000,0.0
DTL-000724,TRX-00309,PROD-0055,PROMO-NONE,1,3299000,0.0
DTL-000725,TRX-00310,PROD-0035,PROMO-NONE,1,4999000,0.0
DTL-000726,TRX-00310,PROD-0025,PROMO-NONE,1,24499000,0.0
DTL-000727,TRX-00311,PROD-0069,PROMO-NONE,1,1599000,0.0
DTL-000728,TRX-00311,PROD-0032,PROMO-NONE,1,28499000,0.0
DTL-000729,TRX-00312,PROD-0038,PROMO-NONE,2,1599000,0.0
DTL-000730,TRX-00312,PROD-0070,PROMO-NONE,1,6499000,0.0
DTL-000731,TRX-00312,PROD-0015,PROMO-NONE,1,13599000,0.0
DTL-000732,TRX-00313,PROD-0016,PROMO-NONE,1,14999000,0.0
DTL-000733,TRX-00314,PROD-0039,PROMO-010,1,13999000,699950.0
DTL-000734,TRX-00314,PROD-0060,PROMO-006,1,4999000,149970.0
DTL-000735,TRX-00314,PROD-0008,PROMO-NONE,1,10999000,0.0
DTL-000736,TRX-00315,PROD-0032,PROMO-NONE,1,28499000,0.0
DTL-000737,TRX-00315,PROD-0087,PROMO-NONE,1,1199000,0.0
DTL-000738,TRX-00316,PROD-0091,PROMO-NONE,1,699000,0.0
DTL-000739,TRX-00316,PROD-0082,PROMO-NONE,1,7499000,0.0
DTL-000740,TRX-00316,PROD-0094,PROMO-NONE,1,2999000,0.0
DTL-000741,TRX-00316,PROD-0038,PROMO-NONE,1,1599000,0.0
DTL-000742,TRX-00317,PROD-0066,PROMO-NONE,1,5499000,0.0
DTL-000743,TRX-00318,PROD-0027,PROMO-NONE,1,16499000,0.0
DTL-000744,TRX-00319,PROD-0012,PROMO-NONE,1,11499000,0.0
DTL-000745,TRX-00319,PROD-0085,PROMO-NONE,2,399000,0.0
DTL-000746,TRX-00320,PROD-0056,PROMO-014,1,5799000,173970.0
DTL-000747,TRX-00321,PROD-0047,PROMO-NONE,3,12499000,0.0
DTL-000748,TRX-00321,PROD-0014,PROMO-018,1,9499000,1424850.0
DTL-000749,TRX-00321,PROD-0016,PROMO-NONE,3,14999000,0.0
DTL-000750,TRX-00322,PROD-0021,PROMO-005,1,2499000,199920.0
DTL-000751,TRX-00322,PROD-0022,PROMO-NONE,1,499000,0.0
DTL-000752,TRX-00322,PROD-0004,PROMO-NONE,3,16999000,0.0
DTL-000753,TRX-00323,PROD-0059,PROMO-012,1,2299000,229900.0
DTL-000754,TRX-00323,PROD-0054,PROMO-NONE,1,4499000,0.0
DTL-000755,TRX-00323,PROD-0082,PROMO-008,1,7499000,374950.0
DTL-000756,TRX-00324,PROD-0017,PROMO-001,1,22999000,689970.0
DTL-000757,TRX-00325,PROD-0095,PROMO-NONE,2,399000,0.0
DTL-000758,TRX-00325,PROD-0025,PROMO-003,1,24499000,1959920.0
DTL-000759,TRX-00326,PROD-0026,PROMO-NONE,2,19499000,0.0
DTL-000760,TRX-00326,PROD-0082,PROMO-NONE,1,7499000,0.0
DTL-000761,TRX-00327,PROD-0064,PROMO-NONE,1,7499000,0.0
DTL-000762,TRX-00327,PROD-0023,PROMO-NONE,1,499000,0.0
DTL-000763,TRX-00328,PROD-0010,PROMO-NONE,1,12599000,0.0
DTL-000764,TRX-00328,PROD-0029,PROMO-018,1,17499000,2624850.0
DTL-000765,TRX-00329,PROD-0007,PROMO-008,1,9999000,499950.0
DTL-000766,TRX-00329,PROD-0051,PROMO-NONE,1,6499000,0.0
DTL-000767,TRX-00330,PROD-0059,PROMO-004,1,2299000,275880.0
DTL-000768,TRX-00331,PROD-0019,PROMO-012,1,14999000,1499900.0
DTL-000769,TRX-00331,PROD-0087,PROMO-005,1,1199000,95920.0
DTL-000770,TRX-00331,PROD-0089,PROMO-NONE,1,779000,0.0
DTL-000771,TRX-00332,PROD-0004,PROMO-NONE,1,16999000,0.0
DTL-000772,TRX-00332,PROD-0091,PROMO-NONE,1,699000,0.0
DTL-000773,TRX-00333,PROD-0053,PROMO-NONE,2,5099000,0.0
DTL-000774,TRX-00334,PROD-0016,PROMO-NONE,1,14999000,0.0
DTL-000775,TRX-00335,PROD-0016,PROMO-018,1,14999000,2249850.0
DTL-000776,TRX-00335,PROD-0026,PROMO-003,1,19499000,1559920.0
DTL-000777,TRX-00335,PROD-0075,PROMO-NONE,1,4699000,0.0
DTL-000778,TRX-00336,PROD-0005,PROMO-NONE,2,13999000,0.0
DTL-000779,TRX-00336,PROD-0026,PROMO-NONE,1,19499000,0.0
DTL-000780,TRX-00337,PROD-0020,PROMO-NONE,1,3999000,0.0
DTL-000781,TRX-00337,PROD-0004,PROMO-NONE,1,16999000,0.0
DTL-000782,TRX-00337,PROD-0015,PROMO-004,1,13599000,1631880.0
DTL-000783,TRX-00338,PROD-0075,PROMO-001,2,4699000,281940.0
DTL-000784,TRX-00338,PROD-0094,PROMO-NONE,1,2999000,0.0
DTL-000785,TRX-00339,PROD-0082,PROMO-NONE,1,7499000,0.0
DTL-000786,TRX-00339,PROD-0004,PROMO-NONE,1,16999000,0.0
DTL-000787,TRX-00340,PROD-0021,PROMO-NONE,1,2499000,0.0
DTL-000788,TRX-00341,PROD-0042,PROMO-NONE,1,3499000,0.0
DTL-000789,TRX-00341,PROD-0009,PROMO-003,1,12999000,1039920.0
DTL-000790,TRX-00341,PROD-0091,PROMO-NONE,2,699000,0.0
DTL-000791,TRX-00342,PROD-0053,PROMO-001,1,5099000,152970.0
DTL-000792,TRX-00343,PROD-0068,PROMO-NONE,1,3499000,0.0
DTL-000793,TRX-00344,PROD-0018,PROMO-006,1,7999000,239970.0
DTL-000794,TRX-00345,PROD-0055,PROMO-015,1,3299000,263920.0
DTL-000795,TRX-00345,PROD-0084,PROMO-008,1,1399000,69950.0
DTL-000796,TRX-00346,PROD-0020,PROMO-NONE,1,3999000,0.0
DTL-000797,TRX-00346,PROD-0018,PROMO-NONE,1,7999000,0.0
DTL-000798,TRX-00347,PROD-0031,PROMO-NONE,1,20999000,0.0
DTL-000799,TRX-00347,PROD-0043,PROMO-NONE,1,8999000,0.0
DTL-000800,TRX-00348,PROD-0098,PROMO-NONE,1,1695000,0.0
DTL-000801,TRX-00348,PROD-0083,PROMO-NONE,1,7499000,0.0
DTL-000802,TRX-00349,PROD-0090,PROMO-NONE,1,699000,0.0
DTL-000803,TRX-00349,PROD-0011,PROMO-NONE,1,15999000,0.0
DTL-000804,TRX-00350,PROD-0040,PROMO-NONE,1,15999000,0.0
DTL-000805,TRX-00350,PROD-0072,PROMO-NONE,1,6999000,0.0
DTL-000806,TRX-00350,PROD-0085,PROMO-NONE,3,399000,0.0
DTL-000807,TRX-00351,PROD-0083,PROMO-017,1,7499000,899880.0
DTL-000808,TRX-00351,PROD-0013,PROMO-NONE,2,6499000,0.0
DTL-000809,TRX-00351,PROD-0065,PROMO-NONE,1,6299000,0.0
DTL-000810,TRX-00352,PROD-0098,PROMO-NONE,3,1695000,0.0
DTL-000811,TRX-00352,PROD-0090,PROMO-NONE,1,699000,0.0
DTL-000812,TRX-00353,PROD-0083,PROMO-NONE,1,7499000,0.0
DTL-000813,TRX-00353,PROD-0062,PROMO-NONE,2,5999000,0.0
DTL-000814,TRX-00353,PROD-0018,PROMO-NONE,1,7999000,0.0
DTL-000815,TRX-00353,PROD-0017,PROMO-005,1,22999000,1839920.0
DTL-000816,TRX-00354,PROD-0014,PROMO-NONE,1,9499000,0.0
DTL-000817,TRX-00354,PROD-0002,PROMO-NONE,1,23499000,0.0
DTL-000818,TRX-00355,PROD-0099,PROMO-NONE,1,3079000,0.0
DTL-000819,TRX-00355,PROD-0082,PROMO-NONE,1,7499000,0.0
DTL-000820,TRX-00355,PROD-0097,PROMO-NONE,2,1565000,0.0
DTL-000821,TRX-00355,PROD-0066,PROMO-018,1,5499000,824850.0
DTL-000822,TRX-00356,PROD-0034,PROMO-015,1,5999000,479920.0
DTL-000823,TRX-00357,PROD-0022,PROMO-NONE,1,499000,0.0
DTL-000824,TRX-00357,PROD-0086,PROMO-NONE,1,1199000,0.0
DTL-000825,TRX-00357,PROD-0034,PROMO-NONE,2,5999000,0.0
DTL-000826,TRX-00358,PROD-0044,PROMO-NONE,1,4499000,0.0
DTL-000827,TRX-00358,PROD-0062,PROMO-012,1,5999000,599900.0
DTL-000828,TRX-00359,PROD-0033,PROMO-NONE,3,15999000,0.0
DTL-000829,TRX-00359,PROD-0067,PROMO-NONE,1,3999000,0.0
DTL-000830,TRX-00360,PROD-0046,PROMO-002,1,2999000,239920.0
DTL-000831,TRX-00360,PROD-0095,PROMO-003,1,399000,31920.0
DTL-000832,TRX-00361,PROD-0051,PROMO-007,1,6499000,649900.0
DTL-000833,TRX-00361,PROD-0100,PROMO-017,1,1799000,215880.0
DTL-000834,TRX-00361,PROD-0047,PROMO-NONE,1,12499000,0.0
DTL-000835,TRX-00362,PROD-0009,PROMO-NONE,1,12999000,0.0
DTL-000836,TRX-00363,PROD-0063,PROMO-NONE,1,6999000,0.0
DTL-000837,TRX-00363,PROD-0046,PROMO-NONE,1,2999000,0.0
DTL-000838,TRX-00363,PROD-0045,PROMO-NONE,1,3999000,0.0
DTL-000839,TRX-00364,PROD-0055,PROMO-NONE,2,3299000,0.0
DTL-000840,TRX-00364,PROD-0036,PROMO-NONE,1,3999000,0.0
DTL-000841,TRX-00365,PROD-0030,PROMO-002,1,13499000,1079920.0
DTL-000842,TRX-00365,PROD-0078,PROMO-NONE,1,21999000,0.0
DTL-000843,TRX-00366,PROD-0072,PROMO-NONE,1,6999000,0.0
DTL-000844,TRX-00366,PROD-0009,PROMO-NONE,1,12999000,0.0
DTL-000845,TRX-00366,PROD-0032,PROMO-001,1,28499000,854970.0
DTL-000846,TRX-00366,PROD-0003,PROMO-NONE,1,18499000,0.0
DTL-000847,TRX-00367,PROD-0043,PROMO-NONE,1,8999000,0.0
DTL-000848,TRX-00367,PROD-0094,PROMO-NONE,1,2999000,0.0
DTL-000849,TRX-00368,PROD-0068,PROMO-017,1,3499000,419880.0
DTL-000850,TRX-00368,PROD-0067,PROMO-NONE,1,3999000,0.0
DTL-000851,TRX-00368,PROD-0059,PROMO-013,1,2299000,229900.0
DTL-000852,TRX-00368,PROD-0050,PROMO-009,1,8499000,254970.0
DTL-000853,TRX-00369,PROD-0026,PROMO-NONE,1,19499000,0.0
DTL-000854,TRX-00369,PROD-0042,PROMO-NONE,1,3499000,0.0
DTL-000855,TRX-00369,PROD-0099,PROMO-NONE,1,3079000,0.0
DTL-000856,TRX-00370,PROD-0071,PROMO-020,1,4999000,249950.0
DTL-000857,TRX-00370,PROD-0076,PROMO-NONE,1,2999000,0.0
DTL-000858,TRX-00371,PROD-0067,PROMO-NONE,1,3999000,0.0
DTL-000859,TRX-00371,PROD-0097,PROMO-010,1,1565000,78250.0
DTL-000860,TRX-00372,PROD-0091,PROMO-NONE,1,699000,0.0
DTL-000861,TRX-00372,PROD-0087,PROMO-NONE,1,1199000,0.0
DTL-000862,TRX-00373,PROD-0076,PROMO-NONE,1,2999000,0.0
DTL-000863,TRX-00373,PROD-0064,PROMO-NONE,1,7499000,0.0
DTL-000864,TRX-00373,PROD-0019,PROMO-NONE,2,14999000,0.0
DTL-000865,TRX-00373,PROD-0010,PROMO-013,1,12599000,1259900.0
DTL-000866,TRX-00374,PROD-0018,PROMO-NONE,1,7999000,0.0
DTL-000867,TRX-00374,PROD-0076,PROMO-NONE,1,2999000,0.0
DTL-000868,TRX-00375,PROD-0066,PROMO-NONE,1,5499000,0.0
DTL-000869,TRX-00375,PROD-0075,PROMO-NONE,1,4699000,0.0
DTL-000870,TRX-00375,PROD-0008,PROMO-013,3,10999000,3299700.0
DTL-000871,TRX-00376,PROD-0030,PROMO-NONE,1,13499000,0.0
DTL-000872,TRX-00377,PROD-0019,PROMO-009,1,14999000,449970.0
DTL-000873,TRX-00377,PROD-0008,PROMO-NONE,1,10999000,0.0
DTL-000874,TRX-00377,PROD-0014,PROMO-006,1,9499000,284970.0
DTL-000875,TRX-00377,PROD-0094,PROMO-NONE,2,2999000,0.0
DTL-000876,TRX-00378,PROD-0059,PROMO-NONE,3,2299000,0.0
DTL-000877,TRX-00378,PROD-0007,PROMO-NONE,1,9999000,0.0
DTL-000878,TRX-00378,PROD-0036,PROMO-NONE,1,3999000,0.0
DTL-000879,TRX-00379,PROD-0006,PROMO-020,1,12499000,624950.0
DTL-000880,TRX-00379,PROD-0036,PROMO-NONE,1,3999000,0.0
DTL-000881,TRX-00379,PROD-0064,PROMO-NONE,1,7499000,0.0
DTL-000882,TRX-00380,PROD-0064,PROMO-017,1,7499000,899880.0
DTL-000883,TRX-00380,PROD-0002,PROMO-NONE,1,23499000,0.0
DTL-000884,TRX-00380,PROD-0055,PROMO-019,1,3299000,164950.0
DTL-000885,TRX-00380,PROD-0045,PROMO-NONE,1,3999000,0.0
DTL-000886,TRX-00381,PROD-0046,PROMO-NONE,1,2999000,0.0
DTL-000887,TRX-00381,PROD-0069,PROMO-NONE,1,1599000,0.0
DTL-000888,TRX-00381,PROD-0031,PROMO-NONE,1,20999000,0.0
DTL-000889,TRX-00381,PROD-0022,PROMO-NONE,2,499000,0.0
DTL-000890,TRX-00382,PROD-0037,PROMO-019,1,2999000,149950.0
DTL-000891,TRX-00382,PROD-0051,PROMO-NONE,1,6499000,0.0
DTL-000892,TRX-00383,PROD-0069,PROMO-020,1,1599000,79950.0
DTL-000893,TRX-00383,PROD-0045,PROMO-NONE,1,3999000,0.0
DTL-000894,TRX-00384,PROD-0059,PROMO-003,1,2299000,183920.0
DTL-000895,TRX-00384,PROD-0082,PROMO-NONE,1,7499000,0.0
DTL-000896,TRX-00385,PROD-0076,PROMO-NONE,2,2999000,0.0
DTL-000897,TRX-00385,PROD-0008,PROMO-017,1,10999000,1319880.0
DTL-000898,TRX-00385,PROD-0001,PROMO-011,1,20499000,1639920.0
DTL-000899,TRX-00386,PROD-0024,PROMO-NONE,1,399000,0.0
DTL-000900,TRX-00386,PROD-0003,PROMO-017,2,18499000,4439760.0
DTL-000901,TRX-00386,PROD-0087,PROMO-009,1,1199000,35970.0
DTL-000902,TRX-00387,PROD-0097,PROMO-011,1,1565000,125200.0
DTL-000903,TRX-00387,PROD-0010,PROMO-010,2,12599000,1259900.0
DTL-000904,TRX-00388,PROD-0021,PROMO-002,1,2499000,199920.0
DTL-000905,TRX-00388,PROD-0035,PROMO-NONE,1,4999000,0.0
DTL-000906,TRX-00388,PROD-0049,PROMO-002,2,6999000,1119840.0
DTL-000907,TRX-00388,PROD-0093,PROMO-NONE,1,699000,0.0
DTL-000908,TRX-00389,PROD-0042,PROMO-NONE,1,3499000,0.0
DTL-000909,TRX-00389,PROD-0077,PROMO-NONE,1,1999000,0.0
DTL-000910,TRX-00389,PROD-0073,PROMO-NONE,1,4299000,0.0
DTL-000911,TRX-00390,PROD-0064,PROMO-NONE,1,7499000,0.0
DTL-000912,TRX-00390,PROD-0043,PROMO-016,1,8999000,449950.0
DTL-000913,TRX-00391,PROD-0029,PROMO-NONE,2,17499000,0.0
DTL-000914,TRX-00392,PROD-0054,PROMO-NONE,1,4499000,0.0
DTL-000915,TRX-00392,PROD-0084,PROMO-NONE,2,1399000,0.0
DTL-000916,TRX-00393,PROD-0089,PROMO-NONE,1,779000,0.0
DTL-000917,TRX-00393,PROD-0055,PROMO-NONE,1,3299000,0.0
DTL-000918,TRX-00394,PROD-0083,PROMO-NONE,1,7499000,0.0
DTL-000919,TRX-00395,PROD-0022,PROMO-017,1,499000,59880.0
DTL-000920,TRX-00395,PROD-0062,PROMO-015,1,5999000,479920.0
DTL-000921,TRX-00395,PROD-0001,PROMO-013,2,20499000,4099800.0
DTL-000922,TRX-00396,PROD-0021,PROMO-NONE,1,2499000,0.0
DTL-000923,TRX-00396,PROD-0011,PROMO-NONE,2,15999000,0.0
DTL-000924,TRX-00396,PROD-0041,PROMO-NONE,1,6499000,0.0
DTL-000925,TRX-00396,PROD-0082,PROMO-004,1,7499000,899880.0
DTL-000926,TRX-00397,PROD-0092,PROMO-NONE,2,649000,0.0
DTL-000927,TRX-00397,PROD-0054,PROMO-NONE,1,4499000,0.0
DTL-000928,TRX-00398,PROD-0068,PROMO-NONE,1,3499000,0.0
DTL-000929,TRX-00398,PROD-0097,PROMO-NONE,2,1565000,0.0
DTL-000930,TRX-00399,PROD-0043,PROMO-NONE,1,8999000,0.0
DTL-000931,TRX-00399,PROD-0087,PROMO-014,1,1199000,35970.0
DTL-000932,TRX-00400,PROD-0033,PROMO-NONE,1,15999000,0.0
DTL-000933,TRX-00401,PROD-0007,PROMO-NONE,1,9999000,0.0
DTL-000934,TRX-00401,PROD-0089,PROMO-NONE,1,779000,0.0
DTL-000935,TRX-00401,PROD-0037,PROMO-008,1,2999000,149950.0
DTL-000936,TRX-00402,PROD-0028,PROMO-002,2,20999000,3359840.0
DTL-000937,TRX-00402,PROD-0020,PROMO-004,1,3999000,479880.0
DTL-000938,TRX-00403,PROD-0067,PROMO-NONE,1,3999000,0.0
DTL-000939,TRX-00403,PROD-0004,PROMO-NONE,1,16999000,0.0
DTL-000940,TRX-00404,PROD-0022,PROMO-NONE,3,499000,0.0
DTL-000941,TRX-00404,PROD-0012,PROMO-NONE,2,11499000,0.0
DTL-000942,TRX-00405,PROD-0019,PROMO-001,1,14999000,449970.0
DTL-000943,TRX-00405,PROD-0057,PROMO-NONE,1,5999000,0.0
DTL-000944,TRX-00406,PROD-0090,PROMO-NONE,2,699000,0.0
DTL-000945,TRX-00406,PROD-0070,PROMO-010,1,6499000,324950.0
DTL-000946,TRX-00407,PROD-0058,PROMO-NONE,1,4999000,0.0
DTL-000947,TRX-00407,PROD-0078,PROMO-009,1,21999000,659970.0
DTL-000948,TRX-00407,PROD-0093,PROMO-NONE,1,699000,0.0
DTL-000949,TRX-00408,PROD-0059,PROMO-NONE,1,2299000,0.0
DTL-000950,TRX-00408,PROD-0015,PROMO-NONE,1,13599000,0.0
DTL-000951,TRX-00408,PROD-0025,PROMO-NONE,2,24499000,0.0
DTL-000952,TRX-00409,PROD-0093,PROMO-NONE,1,699000,0.0
DTL-000953,TRX-00410,PROD-0023,PROMO-NONE,3,499000,0.0
DTL-000954,TRX-00410,PROD-0014,PROMO-NONE,1,9499000,0.0
DTL-000955,TRX-00411,PROD-0065,PROMO-NONE,1,6299000,0.0
DTL-000956,TRX-00411,PROD-0006,PROMO-019,3,12499000,1874850.0
DTL-000957,TRX-00411,PROD-0051,PROMO-NONE,1,6499000,0.0
DTL-000958,TRX-00411,PROD-0050,PROMO-NONE,1,8499000,0.0
DTL-000959,TRX-00412,PROD-0074,PROMO-NONE,1,5999000,0.0
DTL-000960,TRX-00412,PROD-0060,PROMO-NONE,2,4999000,0.0
DTL-000961,TRX-00413,PROD-0016,PROMO-NONE,1,14999000,0.0
DTL-000962,TRX-00413,PROD-0007,PROMO-015,1,9999000,799920.0
DTL-000963,TRX-00413,PROD-0098,PROMO-NONE,1,1695000,0.0
DTL-000964,TRX-00414,PROD-0078,PROMO-015,1,21999000,1759920.0
DTL-000965,TRX-00414,PROD-0001,PROMO-NONE,1,20499000,0.0
DTL-000966,TRX-00415,PROD-0090,PROMO-NONE,1,699000,0.0
DTL-000967,TRX-00416,PROD-0001,PROMO-NONE,1,20499000,0.0
DTL-000968,TRX-00416,PROD-0014,PROMO-017,1,9499000,1139880.0
DTL-000969,TRX-00416,PROD-0038,PROMO-NONE,1,1599000,0.0
DTL-000970,TRX-00416,PROD-0013,PROMO-NONE,1,6499000,0.0
DTL-000971,TRX-00417,PROD-0063,PROMO-NONE,1,6999000,0.0
DTL-000972,TRX-00417,PROD-0066,PROMO-NONE,1,5499000,0.0
DTL-000973,TRX-00417,PROD-0005,PROMO-017,1,13999000,1679880.0
DTL-000974,TRX-00418,PROD-0066,PROMO-NONE,1,5499000,0.0
DTL-000975,TRX-00418,PROD-0082,PROMO-NONE,3,7499000,0.0
DTL-000976,TRX-00418,PROD-0100,PROMO-NONE,1,1799000,0.0
DTL-000977,TRX-00419,PROD-0070,PROMO-NONE,1,6499000,0.0
DTL-000978,TRX-00419,PROD-0083,PROMO-NONE,1,7499000,0.0
DTL-000979,TRX-00420,PROD-0060,PROMO-014,1,4999000,149970.0
DTL-000980,TRX-00420,PROD-0016,PROMO-NONE,1,14999000,0.0
DTL-000981,TRX-00420,PROD-0006,PROMO-017,2,12499000,2999760.0
DTL-000982,TRX-00420,PROD-0008,PROMO-005,1,10999000,879920.0
DTL-000983,TRX-00421,PROD-0045,PROMO-013,1,3999000,399900.0
DTL-000984,TRX-00421,PROD-0043,PROMO-NONE,1,8999000,0.0
DTL-000985,TRX-00422,PROD-0018,PROMO-010,1,7999000,399950.0
DTL-000986,TRX-00422,PROD-0077,PROMO-NONE,2,1999000,0.0
DTL-000987,TRX-00423,PROD-0077,PROMO-NONE,1,1999000,0.0
DTL-000988,TRX-00423,PROD-0036,PROMO-NONE,2,3999000,0.0
DTL-000989,TRX-00423,PROD-0013,PROMO-015,3,6499000,1559760.0
DTL-000990,TRX-00424,PROD-0043,PROMO-008,1,8999000,449950.0
DTL-000991,TRX-00424,PROD-0050,PROMO-006,1,8499000,254970.0
DTL-000992,TRX-00424,PROD-0067,PROMO-NONE,1,3999000,0.0
DTL-000993,TRX-00425,PROD-0059,PROMO-006,1,2299000,68970.0
DTL-000994,TRX-00425,PROD-0049,PROMO-004,3,6999000,2519640.0
DTL-000995,TRX-00425,PROD-0043,PROMO-014,1,8999000,269970.0
DTL-000996,TRX-00426,PROD-0049,PROMO-001,1,6999000,209970.0
DTL-000997,TRX-00426,PROD-0028,PROMO-NONE,1,20999000,0.0
DTL-000998,TRX-00426,PROD-0076,PROMO-NONE,1,2999000,0.0
DTL-000999,TRX-00427,PROD-0030,PROMO-NONE,1,13499000,0.0
DTL-001000,TRX-00427,PROD-0080,PROMO-NONE,1,10999000,0.0
DTL-001001,TRX-00427,PROD-0070,PROMO-NONE,1,6499000,0.0
DTL-001002,TRX-00428,PROD-0096,PROMO-017,2,1599000,383760.0
DTL-001003,TRX-00428,PROD-0069,PROMO-012,2,1599000,319800.0
DTL-001004,TRX-00429,PROD-0012,PROMO-NONE,2,11499000,0.0
DTL-001005,TRX-00429,PROD-0007,PROMO-NONE,1,9999000,0.0
DTL-001006,TRX-00430,PROD-0058,PROMO-NONE,1,4999000,0.0
DTL-001007,TRX-00430,PROD-0066,PROMO-001,2,5499000,329940.0
DTL-001008,TRX-00431,PROD-0032,PROMO-NONE,1,28499000,0.0
DTL-001009,TRX-00431,PROD-0092,PROMO-004,1,649000,77880.0
DTL-001010,TRX-00432,PROD-0016,PROMO-004,1,14999000,1799880.0
DTL-001011,TRX-00432,PROD-0069,PROMO-NONE,1,1599000,0.0
DTL-001012,TRX-00432,PROD-0072,PROMO-NONE,1,6999000,0.0
DTL-001013,TRX-00432,PROD-0005,PROMO-NONE,1,13999000,0.0
DTL-001014,TRX-00433,PROD-0084,PROMO-006,1,1399000,41970.0
DTL-001015,TRX-00433,PROD-0073,PROMO-NONE,1,4299000,0.0
DTL-001016,TRX-00433,PROD-0066,PROMO-NONE,2,5499000,0.0
DTL-001017,TRX-00434,PROD-0013,PROMO-001,1,6499000,194970.0
DTL-001018,TRX-00434,PROD-0089,PROMO-002,2,779000,124640.0
DTL-001019,TRX-00435,PROD-0049,PROMO-NONE,1,6999000,0.0
DTL-001020,TRX-00435,PROD-0058,PROMO-NONE,2,4999000,0.0
DTL-001021,TRX-00435,PROD-0075,PROMO-NONE,1,4699000,0.0
DTL-001022,TRX-00435,PROD-0035,PROMO-NONE,3,4999000,0.0
DTL-001023,TRX-00436,PROD-0069,PROMO-NONE,1,1599000,0.0
DTL-001024,TRX-00436,PROD-0032,PROMO-NONE,1,28499000,0.0
DTL-001025,TRX-00437,PROD-0086,PROMO-NONE,2,1199000,0.0
DTL-001026,TRX-00437,PROD-0056,PROMO-NONE,2,5799000,0.0
DTL-001027,TRX-00438,PROD-0024,PROMO-008,2,399000,39900.0
DTL-001028,TRX-00439,PROD-0083,PROMO-NONE,3,7499000,0.0
DTL-001029,TRX-00440,PROD-0037,PROMO-NONE,1,2999000,0.0
DTL-001030,TRX-00440,PROD-0086,PROMO-NONE,1,1199000,0.0
DTL-001031,TRX-00440,PROD-0075,PROMO-NONE,1,4699000,0.0
DTL-001032,TRX-00441,PROD-0026,PROMO-005,2,19499000,3119840.0
DTL-001033,TRX-00441,PROD-0058,PROMO-NONE,1,4999000,0.0
DTL-001034,TRX-00442,PROD-0071,PROMO-NONE,1,4999000,0.0
DTL-001035,TRX-00443,PROD-0025,PROMO-013,1,24499000,2449900.0
DTL-001036,TRX-00443,PROD-0087,PROMO-006,1,1199000,35970.0
DTL-001037,TRX-00444,PROD-0070,PROMO-011,1,6499000,519920.0
DTL-001038,TRX-00444,PROD-0065,PROMO-NONE,1,6299000,0.0
DTL-001039,TRX-00444,PROD-0020,PROMO-004,3,3999000,1439640.0
DTL-001040,TRX-00445,PROD-0044,PROMO-NONE,1,4499000,0.0
DTL-001041,TRX-00445,PROD-0065,PROMO-006,1,6299000,188970.0
DTL-001042,TRX-00446,PROD-0045,PROMO-NONE,1,3999000,0.0
DTL-001043,TRX-00446,PROD-0088,PROMO-020,2,2799000,279900.0
DTL-001044,TRX-00447,PROD-0013,PROMO-007,1,6499000,649900.0
DTL-001045,TRX-00447,PROD-0004,PROMO-014,1,16999000,509970.0
DTL-001046,TRX-00447,PROD-0082,PROMO-NONE,1,7499000,0.0
DTL-001047,TRX-00448,PROD-0066,PROMO-011,1,5499000,439920.0
DTL-001048,TRX-00448,PROD-0023,PROMO-NONE,3,499000,0.0
DTL-001049,TRX-00449,PROD-0094,PROMO-NONE,2,2999000,0.0
DTL-001050,TRX-00449,PROD-0064,PROMO-NONE,1,7499000,0.0
DTL-001051,TRX-00449,PROD-0052,PROMO-020,1,2099000,104950.0
DTL-001052,TRX-00450,PROD-0090,PROMO-NONE,1,699000,0.0
DTL-001053,TRX-00450,PROD-0027,PROMO-NONE,1,16499000,0.0
DTL-001054,TRX-00450,PROD-0082,PROMO-NONE,1,7499000,0.0
DTL-001055,TRX-00450,PROD-0068,PROMO-006,1,3499000,104970.0
DTL-001056,TRX-00451,PROD-0081,PROMO-NONE,1,7999000,0.0
DTL-001057,TRX-00451,PROD-0002,PROMO-020,1,23499000,1174950.0
DTL-001058,TRX-00451,PROD-0028,PROMO-011,2,20999000,3359840.0
DTL-001059,TRX-00451,PROD-0041,PROMO-NONE,1,6499000,0.0
DTL-001060,TRX-00452,PROD-0071,PROMO-NONE,1,4999000,0.0
DTL-001061,TRX-00452,PROD-0060,PROMO-015,1,4999000,399920.0
DTL-001062,TRX-00452,PROD-0058,PROMO-NONE,1,4999000,0.0
DTL-001063,TRX-00452,PROD-0029,PROMO-NONE,1,17499000,0.0
DTL-001064,TRX-00453,PROD-0070,PROMO-009,1,6499000,194970.0
DTL-001065,TRX-00453,PROD-0069,PROMO-015,1,1599000,127920.0
DTL-001066,TRX-00453,PROD-0067,PROMO-NONE,1,3999000,0.0
DTL-001067,TRX-00454,PROD-0033,PROMO-002,3,15999000,3839760.0
DTL-001068,TRX-00454,PROD-0014,PROMO-NONE,1,9499000,0.0
DTL-001069,TRX-00455,PROD-0044,PROMO-015,1,4499000,359920.0
DTL-001070,TRX-00455,PROD-0001,PROMO-NONE,2,20499000,0.0
DTL-001071,TRX-00456,PROD-0037,PROMO-006,1,2999000,89970.0
DTL-001072,TRX-00456,PROD-0045,PROMO-NONE,1,3999000,0.0
DTL-001073,TRX-00456,PROD-0017,PROMO-NONE,1,22999000,0.0
DTL-001074,TRX-00457,PROD-0075,PROMO-014,3,4699000,422910.0
DTL-001075,TRX-00458,PROD-0019,PROMO-NONE,1,14999000,0.0
DTL-001076,TRX-00458,PROD-0074,PROMO-NONE,2,5999000,0.0
DTL-001077,TRX-00458,PROD-0064,PROMO-NONE,1,7499000,0.0
DTL-001078,TRX-00459,PROD-0063,PROMO-005,1,6999000,559920.0
DTL-001079,TRX-00459,PROD-0012,PROMO-NONE,1,11499000,0.0
DTL-001080,TRX-00459,PROD-0084,PROMO-NONE,1,1399000,0.0
DTL-001081,TRX-00460,PROD-0067,PROMO-017,1,3999000,479880.0
DTL-001082,TRX-00460,PROD-0040,PROMO-NONE,1,15999000,0.0
DTL-001083,TRX-00461,PROD-0074,PROMO-NONE,1,5999000,0.0
DTL-001084,TRX-00461,PROD-0097,PROMO-NONE,1,1565000,0.0
DTL-001085,TRX-00461,PROD-0065,PROMO-NONE,1,6299000,0.0
DTL-001086,TRX-00462,PROD-0007,PROMO-NONE,1,9999000,0.0
DTL-001087,TRX-00462,PROD-0018,PROMO-011,1,7999000,639920.0
DTL-001088,TRX-00462,PROD-0015,PROMO-NONE,1,13599000,0.0
DTL-001089,TRX-00463,PROD-0054,PROMO-NONE,1,4499000,0.0
DTL-001090,TRX-00463,PROD-0063,PROMO-NONE,2,6999000,0.0
DTL-001091,TRX-00463,PROD-0096,PROMO-NONE,1,1599000,0.0
DTL-001092,TRX-00463,PROD-0095,PROMO-013,1,399000,39900.0
DTL-001093,TRX-00464,PROD-0004,PROMO-NONE,1,16999000,0.0
DTL-001094,TRX-00464,PROD-0041,PROMO-NONE,2,6499000,0.0
DTL-001095,TRX-00464,PROD-0052,PROMO-008,1,2099000,104950.0
DTL-001096,TRX-00465,PROD-0004,PROMO-013,1,16999000,1699900.0
DTL-001097,TRX-00466,PROD-0004,PROMO-005,1,16999000,1359920.0
DTL-001098,TRX-00466,PROD-0013,PROMO-NONE,1,6499000,0.0
DTL-001099,TRX-00466,PROD-0048,PROMO-016,1,16999000,849950.0
DTL-001100,TRX-00466,PROD-0087,PROMO-013,1,1199000,119900.0
DTL-001101,TRX-00467,PROD-0080,PROMO-NONE,1,10999000,0.0
DTL-001102,TRX-00467,PROD-0054,PROMO-NONE,1,4499000,0.0
DTL-001103,TRX-00468,PROD-0077,PROMO-NONE,2,1999000,0.0
DTL-001104,TRX-00468,PROD-0027,PROMO-NONE,1,16499000,0.0
DTL-001105,TRX-00468,PROD-0060,PROMO-NONE,1,4999000,0.0
DTL-001106,TRX-00468,PROD-0072,PROMO-NONE,1,6999000,0.0
DTL-001107,TRX-00469,PROD-0041,PROMO-010,1,6499000,324950.0
DTL-001108,TRX-00469,PROD-0023,PROMO-002,1,499000,39920.0
DTL-001109,TRX-00469,PROD-0010,PROMO-NONE,1,12599000,0.0
DTL-001110,TRX-00470,PROD-0030,PROMO-NONE,1,13499000,0.0
DTL-001111,TRX-00471,PROD-0066,PROMO-020,2,5499000,549900.0
DTL-001112,TRX-00471,PROD-0023,PROMO-NONE,1,499000,0.0
DTL-001113,TRX-00471,PROD-0085,PROMO-NONE,1,399000,0.0
DTL-001114,TRX-00472,PROD-0086,PROMO-010,3,1199000,179850.0
DTL-001115,TRX-00472,PROD-0009,PROMO-011,1,12999000,1039920.0
DTL-001116,TRX-00473,PROD-0041,PROMO-006,2,6499000,389940.0
DTL-001117,TRX-00473,PROD-0071,PROMO-NONE,1,4999000,0.0
DTL-001118,TRX-00473,PROD-0004,PROMO-004,1,16999000,2039880.0
DTL-001119,TRX-00474,PROD-0045,PROMO-NONE,1,3999000,0.0
DTL-001120,TRX-00474,PROD-0087,PROMO-013,1,1199000,119900.0
DTL-001121,TRX-00475,PROD-0061,PROMO-011,1,5599000,447920.0
DTL-001122,TRX-00475,PROD-0078,PROMO-005,1,21999000,1759920.0
DTL-001123,TRX-00476,PROD-0079,PROMO-017,2,18999000,4559760.0
DTL-001124,TRX-00476,PROD-0012,PROMO-018,1,11499000,1724850.0
DTL-001125,TRX-00476,PROD-0077,PROMO-NONE,2,1999000,0.0
DTL-001126,TRX-00477,PROD-0094,PROMO-NONE,2,2999000,0.0
DTL-001127,TRX-00478,PROD-0084,PROMO-NONE,2,1399000,0.0
DTL-001128,TRX-00478,PROD-0008,PROMO-NONE,2,10999000,0.0
DTL-001129,TRX-00479,PROD-0028,PROMO-019,1,20999000,1049950.0
DTL-001130,TRX-00479,PROD-0092,PROMO-NONE,1,649000,0.0
DTL-001131,TRX-00480,PROD-0022,PROMO-NONE,1,499000,0.0
DTL-001132,TRX-00481,PROD-0010,PROMO-NONE,1,12599000,0.0
DTL-001133,TRX-00481,PROD-0090,PROMO-NONE,3,699000,0.0
DTL-001134,TRX-00482,PROD-0081,PROMO-NONE,2,7999000,0.0
DTL-001135,TRX-00482,PROD-0019,PROMO-NONE,1,14999000,0.0
DTL-001136,TRX-00483,PROD-0090,PROMO-015,1,699000,55920.0
DTL-001137,TRX-00484,PROD-0040,PROMO-NONE,1,15999000,0.0
DTL-001138,TRX-00485,PROD-0053,PROMO-014,3,5099000,458910.0
DTL-001139,TRX-00485,PROD-0086,PROMO-NONE,2,1199000,0.0
DTL-001140,TRX-00485,PROD-0058,PROMO-NONE,1,4999000,0.0
DTL-001141,TRX-00486,PROD-0058,PROMO-NONE,1,4999000,0.0
DTL-001142,TRX-00486,PROD-0059,PROMO-NONE,1,2299000,0.0
DTL-001143,TRX-00486,PROD-0005,PROMO-NONE,1,13999000,0.0
DTL-001144,TRX-00487,PROD-0028,PROMO-NONE,2,20999000,0.0
DTL-001145,TRX-00487,PROD-0023,PROMO-011,2,499000,79840.0
DTL-001146,TRX-00488,PROD-0095,PROMO-NONE,1,399000,0.0
DTL-001147,TRX-00489,PROD-0050,PROMO-NONE,1,8499000,0.0
DTL-001148,TRX-00489,PROD-0018,PROMO-NONE,2,7999000,0.0
DTL-001149,TRX-00490,PROD-0062,PROMO-NONE,1,5999000,0.0
DTL-001150,TRX-00490,PROD-0067,PROMO-003,1,3999000,319920.0
DTL-001151,TRX-00491,PROD-0080,PROMO-NONE,1,10999000,0.0
DTL-001152,TRX-00492,PROD-0075,PROMO-NONE,3,4699000,0.0
DTL-001153,TRX-00492,PROD-0028,PROMO-NONE,1,20999000,0.0
DTL-001154,TRX-00493,PROD-0092,PROMO-NONE,1,649000,0.0
DTL-001155,TRX-00494,PROD-0021,PROMO-003,1,2499000,199920.0
DTL-001156,TRX-00494,PROD-0091,PROMO-NONE,1,699000,0.0
DTL-001157,TRX-00495,PROD-0080,PROMO-008,1,10999000,549950.0
DTL-001158,TRX-00495,PROD-0035,PROMO-NONE,1,4999000,0.0
DTL-001159,TRX-00496,PROD-0011,PROMO-NONE,1,15999000,0.0
DTL-001160,TRX-00496,PROD-0083,PROMO-NONE,1,7499000,0.0
DTL-001161,TRX-00496,PROD-0030,PROMO-NONE,1,13499000,0.0
DTL-001162,TRX-00497,PROD-0065,PROMO-NONE,1,6299000,0.0
DTL-001163,TRX-00497,PROD-0092,PROMO-NONE,1,649000,0.0
DTL-001164,TRX-00497,PROD-0100,PROMO-NONE,1,1799000,0.0
DTL-001165,TRX-00498,PROD-0027,PROMO-NONE,1,16499000,0.0
DTL-001166,TRX-00498,PROD-0092,PROMO-NONE,2,649000,0.0
DTL-001167,TRX-00498,PROD-0020,PROMO-NONE,1,3999000,0.0
DTL-001168,TRX-00499,PROD-0074,PROMO-016,3,5999000,899850.0
DTL-001169,TRX-00500,PROD-0019,PROMO-NONE,2,14999000,0.0
DTL-001170,TRX-00500,PROD-0034,PROMO-014,1,5999000,179970.0
DTL-001171,TRX-00500,PROD-0035,PROMO-NONE,1,4999000,0.0
DTL-001172,TRX-00500,PROD-0011,PROMO-NONE,1,15999000,0.0
DTL-001173,TRX-00501,PROD-0045,PROMO-NONE,2,3999000,0.0
DTL-001174,TRX-00502,PROD-0009,PROMO-NONE,1,12999000,0.0
DTL-001175,TRX-00502,PROD-0018,PROMO-NONE,1,7999000,0.0
DTL-001176,TRX-00502,PROD-0035,PROMO-NONE,1,4999000,0.0
DTL-001177,TRX-00503,PROD-0053,PROMO-NONE,1,5099000,0.0
DTL-001178,TRX-00504,PROD-0027,PROMO-NONE,1,16499000,0.0
DTL-001179,TRX-00504,PROD-0055,PROMO-NONE,3,3299000,0.0
DTL-001180,TRX-00505,PROD-0100,PROMO-NONE,1,1799000,0.0
DTL-001181,TRX-00505,PROD-0084,PROMO-NONE,1,1399000,0.0
DTL-001182,TRX-00506,PROD-0038,PROMO-NONE,1,1599000,0.0
DTL-001183,TRX-00506,PROD-0005,PROMO-015,1,13999000,1119920.0
DTL-001184,TRX-00506,PROD-0063,PROMO-NONE,1,6999000,0.0
DTL-001185,TRX-00507,PROD-0028,PROMO-NONE,1,20999000,0.0
DTL-001186,TRX-00507,PROD-0096,PROMO-NONE,1,1599000,0.0
DTL-001187,TRX-00508,PROD-0065,PROMO-NONE,1,6299000,0.0
DTL-001188,TRX-00509,PROD-0051,PROMO-020,2,6499000,649900.0
DTL-001189,TRX-00509,PROD-0005,PROMO-NONE,1,13999000,0.0
DTL-001190,TRX-00510,PROD-0023,PROMO-NONE,1,499000,0.0
DTL-001191,TRX-00510,PROD-0003,PROMO-NONE,1,18499000,0.0
DTL-001192,TRX-00511,PROD-0062,PROMO-NONE,1,5999000,0.0
DTL-001193,TRX-00511,PROD-0071,PROMO-NONE,1,4999000,0.0
DTL-001194,TRX-00511,PROD-0013,PROMO-NONE,1,6499000,0.0
DTL-001195,TRX-00511,PROD-0089,PROMO-NONE,1,779000,0.0
DTL-001196,TRX-00512,PROD-0054,PROMO-NONE,1,4499000,0.0
DTL-001197,TRX-00513,PROD-0053,PROMO-NONE,1,5099000,0.0
DTL-001198,TRX-00513,PROD-0097,PROMO-NONE,2,1565000,0.0
DTL-001199,TRX-00514,PROD-0022,PROMO-NONE,1,499000,0.0
DTL-001200,TRX-00514,PROD-0081,PROMO-006,1,7999000,239970.0
DTL-001201,TRX-00515,PROD-0020,PROMO-010,1,3999000,199950.0
DTL-001202,TRX-00515,PROD-0089,PROMO-NONE,3,779000,0.0
DTL-001203,TRX-00516,PROD-0056,PROMO-NONE,1,5799000,0.0
DTL-001204,TRX-00516,PROD-0050,PROMO-NONE,1,8499000,0.0
DTL-001205,TRX-00516,PROD-0032,PROMO-005,1,28499000,2279920.0
DTL-001206,TRX-00516,PROD-0030,PROMO-007,1,13499000,1349900.0
DTL-001207,TRX-00517,PROD-0083,PROMO-NONE,2,7499000,0.0
DTL-001208,TRX-00517,PROD-0084,PROMO-NONE,1,1399000,0.0
DTL-001209,TRX-00518,PROD-0090,PROMO-019,1,699000,34950.0
DTL-001210,TRX-00518,PROD-0036,PROMO-NONE,1,3999000,0.0
DTL-001211,TRX-00519,PROD-0023,PROMO-NONE,3,499000,0.0
DTL-001212,TRX-00519,PROD-0046,PROMO-020,1,2999000,149950.0
DTL-001213,TRX-00519,PROD-0024,PROMO-011,1,399000,31920.0
DTL-001214,TRX-00520,PROD-0049,PROMO-NONE,1,6999000,0.0
DTL-001215,TRX-00521,PROD-0077,PROMO-NONE,1,1999000,0.0
DTL-001216,TRX-00521,PROD-0092,PROMO-NONE,1,649000,0.0
DTL-001217,TRX-00522,PROD-0093,PROMO-NONE,2,699000,0.0
DTL-001218,TRX-00522,PROD-0036,PROMO-018,1,3999000,599850.0
DTL-001219,TRX-00523,PROD-0067,PROMO-NONE,1,3999000,0.0
DTL-001220,TRX-00524,PROD-0010,PROMO-NONE,1,12599000,0.0
DTL-001221,TRX-00524,PROD-0086,PROMO-NONE,1,1199000,0.0
DTL-001222,TRX-00525,PROD-0088,PROMO-NONE,1,2799000,0.0
DTL-001223,TRX-00525,PROD-0063,PROMO-007,1,6999000,699900.0
DTL-001224,TRX-00526,PROD-0036,PROMO-NONE,1,3999000,0.0
DTL-001225,TRX-00526,PROD-0044,PROMO-NONE,1,4499000,0.0
DTL-001226,TRX-00526,PROD-0042,PROMO-NONE,1,3499000,0.0
DTL-001227,TRX-00526,PROD-0080,PROMO-NONE,2,10999000,0.0
DTL-001228,TRX-00527,PROD-0042,PROMO-001,1,3499000,104970.0
DTL-001229,TRX-00527,PROD-0005,PROMO-NONE,1,13999000,0.0
DTL-001230,TRX-00527,PROD-0048,PROMO-NONE,1,16999000,0.0
DTL-001231,TRX-00528,PROD-0049,PROMO-020,1,6999000,349950.0
DTL-001232,TRX-00528,PROD-0032,PROMO-016,1,28499000,1424950.0
DTL-001233,TRX-00529,PROD-0037,PROMO-NONE,1,2999000,0.0
DTL-001234,TRX-00529,PROD-0100,PROMO-NONE,1,1799000,0.0
DTL-001235,TRX-00529,PROD-0060,PROMO-NONE,1,4999000,0.0
DTL-001236,TRX-00530,PROD-0082,PROMO-019,1,7499000,374950.0
DTL-001237,TRX-00530,PROD-0070,PROMO-NONE,2,6499000,0.0
DTL-001238,TRX-00530,PROD-0005,PROMO-010,1,13999000,699950.0
DTL-001239,TRX-00531,PROD-0051,PROMO-NONE,1,6499000,0.0
DTL-001240,TRX-00531,PROD-0062,PROMO-005,3,5999000,1439760.0
DTL-001241,TRX-00532,PROD-0095,PROMO-NONE,3,399000,0.0
DTL-001242,TRX-00532,PROD-0014,PROMO-010,1,9499000,474950.0
DTL-001243,TRX-00533,PROD-0075,PROMO-NONE,2,4699000,0.0
DTL-001244,TRX-00533,PROD-0032,PROMO-011,1,28499000,2279920.0
DTL-001245,TRX-00534,PROD-0062,PROMO-012,1,5999000,599900.0
DTL-001246,TRX-00534,PROD-0063,PROMO-NONE,1,6999000,0.0
DTL-001247,TRX-00534,PROD-0056,PROMO-018,1,5799000,869850.0
DTL-001248,TRX-00535,PROD-0084,PROMO-016,1,1399000,69950.0
DTL-001249,TRX-00535,PROD-0088,PROMO-NONE,1,2799000,0.0
DTL-001250,TRX-00536,PROD-0083,PROMO-NONE,2,7499000,0.0
DTL-001251,TRX-00536,PROD-0070,PROMO-NONE,2,6499000,0.0
DTL-001252,TRX-00537,PROD-0063,PROMO-019,1,6999000,349950.0
DTL-001253,TRX-00537,PROD-0077,PROMO-010,1,1999000,99950.0
DTL-001254,TRX-00538,PROD-0065,PROMO-NONE,1,6299000,0.0
DTL-001255,TRX-00538,PROD-0042,PROMO-NONE,1,3499000,0.0
DTL-001256,TRX-00538,PROD-0022,PROMO-NONE,1,499000,0.0
DTL-001257,TRX-00539,PROD-0055,PROMO-NONE,1,3299000,0.0
DTL-001258,TRX-00540,PROD-0035,PROMO-003,1,4999000,399920.0
DTL-001259,TRX-00541,PROD-0085,PROMO-NONE,1,399000,0.0
DTL-001260,TRX-00541,PROD-0041,PROMO-017,1,6499000,779880.0
DTL-001261,TRX-00542,PROD-0085,PROMO-NONE,1,399000,0.0
DTL-001262,TRX-00542,PROD-0018,PROMO-NONE,1,7999000,0.0
DTL-001263,TRX-00543,PROD-0098,PROMO-NONE,2,1695000,0.0
DTL-001264,TRX-00543,PROD-0081,PROMO-NONE,1,7999000,0.0
DTL-001265,TRX-00543,PROD-0012,PROMO-NONE,2,11499000,0.0
DTL-001266,TRX-00544,PROD-0012,PROMO-015,2,11499000,1839840.0
DTL-001267,TRX-00544,PROD-0096,PROMO-006,1,1599000,47970.0
DTL-001268,TRX-00545,PROD-0073,PROMO-006,2,4299000,257940.0
DTL-001269,TRX-00545,PROD-0011,PROMO-NONE,1,15999000,0.0
DTL-001270,TRX-00545,PROD-0086,PROMO-NONE,2,1199000,0.0
DTL-001271,TRX-00546,PROD-0018,PROMO-NONE,2,7999000,0.0
DTL-001272,TRX-00546,PROD-0100,PROMO-NONE,1,1799000,0.0
DTL-001273,TRX-00547,PROD-0087,PROMO-NONE,3,1199000,0.0
DTL-001274,TRX-00547,PROD-0042,PROMO-NONE,1,3499000,0.0
DTL-001275,TRX-00548,PROD-0075,PROMO-NONE,1,4699000,0.0
DTL-001276,TRX-00549,PROD-0040,PROMO-020,1,15999000,799950.0
DTL-001277,TRX-00550,PROD-0080,PROMO-NONE,2,10999000,0.0
DTL-001278,TRX-00550,PROD-0037,PROMO-002,1,2999000,239920.0
DTL-001279,TRX-00550,PROD-0054,PROMO-NONE,3,4499000,0.0
DTL-001280,TRX-00551,PROD-0021,PROMO-NONE,1,2499000,0.0
DTL-001281,TRX-00552,PROD-0045,PROMO-013,1,3999000,399900.0
DTL-001282,TRX-00553,PROD-0094,PROMO-018,1,2999000,449850.0
DTL-001283,TRX-00554,PROD-0025,PROMO-NONE,1,24499000,0.0
DTL-001284,TRX-00555,PROD-0089,PROMO-NONE,1,779000,0.0
DTL-001285,TRX-00555,PROD-0008,PROMO-NONE,1,10999000,0.0
DTL-001286,TRX-00555,PROD-0010,PROMO-NONE,2,12599000,0.0
DTL-001287,TRX-00556,PROD-0068,PROMO-NONE,1,3499000,0.0
DTL-001288,TRX-00556,PROD-0097,PROMO-011,2,1565000,250400.0
DTL-001289,TRX-00556,PROD-0094,PROMO-NONE,1,2999000,0.0
DTL-001290,TRX-00557,PROD-0062,PROMO-NONE,1,5999000,0.0
DTL-001291,TRX-00557,PROD-0089,PROMO-NONE,1,779000,0.0
DTL-001292,TRX-00557,PROD-0024,PROMO-NONE,2,399000,0.0
DTL-001293,TRX-00558,PROD-0063,PROMO-NONE,1,6999000,0.0
DTL-001294,TRX-00558,PROD-0061,PROMO-004,1,5599000,671880.0
DTL-001295,TRX-00559,PROD-0040,PROMO-NONE,1,15999000,0.0
DTL-001296,TRX-00559,PROD-0021,PROMO-NONE,1,2499000,0.0
DTL-001297,TRX-00560,PROD-0006,PROMO-NONE,1,12499000,0.0
DTL-001298,TRX-00560,PROD-0026,PROMO-NONE,3,19499000,0.0
DTL-001299,TRX-00561,PROD-0073,PROMO-NONE,1,4299000,0.0
DTL-001300,TRX-00561,PROD-0060,PROMO-NONE,3,4999000,0.0
DTL-001301,TRX-00562,PROD-0024,PROMO-NONE,1,399000,0.0
DTL-001302,TRX-00562,PROD-0028,PROMO-NONE,2,20999000,0.0
DTL-001303,TRX-00562,PROD-0080,PROMO-NONE,1,10999000,0.0
DTL-001304,TRX-00563,PROD-0003,PROMO-018,1,18499000,2774850.0
DTL-001305,TRX-00563,PROD-0017,PROMO-NONE,3,22999000,0.0
DTL-001306,TRX-00563,PROD-0042,PROMO-NONE,1,3499000,0.0
DTL-001307,TRX-00563,PROD-0034,PROMO-NONE,1,5999000,0.0
DTL-001308,TRX-00564,PROD-0043,PROMO-NONE,1,8999000,0.0
DTL-001309,TRX-00565,PROD-0016,PROMO-003,3,14999000,3599760.0
DTL-001310,TRX-00565,PROD-0075,PROMO-018,1,4699000,704850.0
DTL-001311,TRX-00565,PROD-0032,PROMO-NONE,3,28499000,0.0
DTL-001312,TRX-00566,PROD-0031,PROMO-NONE,1,20999000,0.0
DTL-001313,TRX-00566,PROD-0100,PROMO-NONE,1,1799000,0.0
DTL-001314,TRX-00566,PROD-0010,PROMO-NONE,1,12599000,0.0
DTL-001315,TRX-00567,PROD-0046,PROMO-NONE,2,2999000,0.0
DTL-001316,TRX-00568,PROD-0083,PROMO-019,2,7499000,749900.0
DTL-001317,TRX-00568,PROD-0027,PROMO-NONE,1,16499000,0.0
DTL-001318,TRX-00568,PROD-0092,PROMO-NONE,1,649000,0.0
DTL-001319,TRX-00568,PROD-0028,PROMO-NONE,1,20999000,0.0
DTL-001320,TRX-00569,PROD-0054,PROMO-018,1,4499000,674850.0
DTL-001321,TRX-00569,PROD-0055,PROMO-018,1,3299000,494850.0
DTL-001322,TRX-00570,PROD-0099,PROMO-017,1,3079000,369480.0
DTL-001323,TRX-00570,PROD-0096,PROMO-NONE,2,1599000,0.0
DTL-001324,TRX-00570,PROD-0100,PROMO-007,1,1799000,179900.0
DTL-001325,TRX-00570,PROD-0031,PROMO-NONE,1,20999000,0.0
DTL-001326,TRX-00571,PROD-0097,PROMO-007,1,1565000,156500.0
DTL-001327,TRX-00571,PROD-0029,PROMO-NONE,2,17499000,0.0
DTL-001328,TRX-00572,PROD-0078,PROMO-NONE,1,21999000,0.0
DTL-001329,TRX-00573,PROD-0021,PROMO-NONE,1,2499000,0.0
DTL-001330,TRX-00573,PROD-0059,PROMO-NONE,1,2299000,0.0
DTL-001331,TRX-00574,PROD-0006,PROMO-005,1,12499000,999920.0
DTL-001332,TRX-00574,PROD-0054,PROMO-NONE,1,4499000,0.0
DTL-001333,TRX-00575,PROD-0039,PROMO-NONE,1,13999000,0.0
DTL-001334,TRX-00576,PROD-0088,PROMO-NONE,1,2799000,0.0
DTL-001335,TRX-00576,PROD-0085,PROMO-002,3,399000,95760.0
DTL-001336,TRX-00576,PROD-0069,PROMO-015,1,1599000,127920.0
DTL-001337,TRX-00576,PROD-0064,PROMO-NONE,1,7499000,0.0
DTL-001338,TRX-00577,PROD-0046,PROMO-010,1,2999000,149950.0
DTL-001339,TRX-00577,PROD-0097,PROMO-NONE,1,1565000,0.0
DTL-001340,TRX-00578,PROD-0051,PROMO-004,1,6499000,779880.0
DTL-001341,TRX-00578,PROD-0069,PROMO-019,1,1599000,79950.0
DTL-001342,TRX-00578,PROD-0006,PROMO-NONE,2,12499000,0.0
DTL-001343,TRX-00578,PROD-0019,PROMO-NONE,1,14999000,0.0
DTL-001344,TRX-00579,PROD-0014,PROMO-NONE,1,9499000,0.0
DTL-001345,TRX-00579,PROD-0023,PROMO-018,2,499000,149700.0
DTL-001346,TRX-00580,PROD-0054,PROMO-003,1,4499000,359920.0
DTL-001347,TRX-00580,PROD-0076,PROMO-020,1,2999000,149950.0
DTL-001348,TRX-00580,PROD-0074,PROMO-011,1,5999000,479920.0
DTL-001349,TRX-00580,PROD-0051,PROMO-005,1,6499000,519920.0
DTL-001350,TRX-00581,PROD-0036,PROMO-004,1,3999000,479880.0
DTL-001351,TRX-00581,PROD-0061,PROMO-013,1,5599000,559900.0
DTL-001352,TRX-00582,PROD-0089,PROMO-NONE,2,779000,0.0
DTL-001353,TRX-00582,PROD-0057,PROMO-NONE,3,5999000,0.0
DTL-001354,TRX-00583,PROD-0092,PROMO-005,1,649000,51920.0
DTL-001355,TRX-00583,PROD-0057,PROMO-012,1,5999000,599900.0
DTL-001356,TRX-00584,PROD-0027,PROMO-006,1,16499000,494970.0
DTL-001357,TRX-00584,PROD-0046,PROMO-NONE,1,2999000,0.0
DTL-001358,TRX-00585,PROD-0011,PROMO-NONE,1,15999000,0.0
DTL-001359,TRX-00585,PROD-0085,PROMO-NONE,1,399000,0.0
DTL-001360,TRX-00586,PROD-0099,PROMO-NONE,3,3079000,0.0
DTL-001361,TRX-00586,PROD-0098,PROMO-NONE,1,1695000,0.0
DTL-001362,TRX-00586,PROD-0038,PROMO-NONE,1,1599000,0.0
DTL-001363,TRX-00587,PROD-0086,PROMO-005,1,1199000,95920.0
DTL-001364,TRX-00587,PROD-0074,PROMO-NONE,1,5999000,0.0
DTL-001365,TRX-00588,PROD-0051,PROMO-016,1,6499000,324950.0
DTL-001366,TRX-00589,PROD-0031,PROMO-NONE,1,20999000,0.0
DTL-001367,TRX-00589,PROD-0088,PROMO-NONE,1,2799000,0.0
DTL-001368,TRX-00590,PROD-0073,PROMO-NONE,1,4299000,0.0
DTL-001369,TRX-00590,PROD-0049,PROMO-NONE,2,6999000,0.0
DTL-001370,TRX-00590,PROD-0059,PROMO-NONE,1,2299000,0.0
DTL-001371,TRX-00591,PROD-0029,PROMO-NONE,1,17499000,0.0
DTL-001372,TRX-00592,PROD-0036,PROMO-011,1,3999000,319920.0
DTL-001373,TRX-00593,PROD-0073,PROMO-006,1,4299000,128970.0
DTL-001374,TRX-00593,PROD-0087,PROMO-NONE,1,1199000,0.0
DTL-001375,TRX-00594,PROD-0006,PROMO-NONE,2,12499000,0.0
DTL-001376,TRX-00595,PROD-0076,PROMO-007,2,2999000,599800.0
DTL-001377,TRX-00595,PROD-0074,PROMO-002,1,5999000,479920.0
DTL-001378,TRX-00595,PROD-0077,PROMO-NONE,1,1999000,0.0
DTL-001379,TRX-00596,PROD-0057,PROMO-NONE,1,5999000,0.0
DTL-001380,TRX-00596,PROD-0060,PROMO-NONE,1,4999000,0.0
DTL-001381,TRX-00596,PROD-0066,PROMO-015,2,5499000,879840.0
DTL-001382,TRX-00596,PROD-0046,PROMO-NONE,1,2999000,0.0
DTL-001383,TRX-00597,PROD-0012,PROMO-002,2,11499000,1839840.0
DTL-001384,TRX-00597,PROD-0021,PROMO-NONE,2,2499000,0.0
DTL-001385,TRX-00597,PROD-0087,PROMO-007,1,1199000,119900.0
DTL-001386,TRX-00598,PROD-0091,PROMO-012,1,699000,69900.0
DTL-001387,TRX-00598,PROD-0085,PROMO-009,1,399000,11970.0
DTL-001388,TRX-00598,PROD-0055,PROMO-NONE,1,3299000,0.0
DTL-001389,TRX-00599,PROD-0065,PROMO-NONE,1,6299000,0.0
DTL-001390,TRX-00600,PROD-0079,PROMO-007,1,18999000,1899900.0
DTL-001391,TRX-00600,PROD-0068,PROMO-NONE,1,3499000,0.0
DTL-001392,TRX-00600,PROD-0100,PROMO-002,2,1799000,287840.0
DTL-001393,TRX-00601,PROD-0026,PROMO-NONE,1,19499000,0.0
DTL-001394,TRX-00601,PROD-0052,PROMO-NONE,3,2099000,0.0
DTL-001395,TRX-00602,PROD-0013,PROMO-002,1,6499000,519920.0
DTL-001396,TRX-00602,PROD-0094,PROMO-NONE,2,2999000,0.0
DTL-001397,TRX-00602,PROD-0064,PROMO-017,2,7499000,1799760.0
DTL-001398,TRX-00603,PROD-0039,PROMO-NONE,1,13999000,0.0
DTL-001399,TRX-00603,PROD-0099,PROMO-NONE,2,3079000,0.0
DTL-001400,TRX-00603,PROD-0059,PROMO-NONE,2,2299000,0.0
DTL-001401,TRX-00604,PROD-0085,PROMO-NONE,2,399000,0.0
DTL-001402,TRX-00604,PROD-0014,PROMO-NONE,1,9499000,0.0
DTL-001403,TRX-00604,PROD-0022,PROMO-NONE,1,499000,0.0
DTL-001404,TRX-00605,PROD-0024,PROMO-NONE,1,399000,0.0
DTL-001405,TRX-00605,PROD-0021,PROMO-NONE,2,2499000,0.0
DTL-001406,TRX-00606,PROD-0034,PROMO-NONE,1,5999000,0.0
DTL-001407,TRX-00606,PROD-0083,PROMO-NONE,2,7499000,0.0
DTL-001408,TRX-00606,PROD-0071,PROMO-005,1,4999000,399920.0
DTL-001409,TRX-00607,PROD-0046,PROMO-009,1,2999000,89970.0
DTL-001410,TRX-00607,PROD-0082,PROMO-NONE,1,7499000,0.0
DTL-001411,TRX-00607,PROD-0072,PROMO-017,1,6999000,839880.0
DTL-001412,TRX-00608,PROD-0035,PROMO-NONE,1,4999000,0.0
DTL-001413,TRX-00609,PROD-0082,PROMO-NONE,2,7499000,0.0
DTL-001414,TRX-00609,PROD-0092,PROMO-NONE,2,649000,0.0
DTL-001415,TRX-00610,PROD-0060,PROMO-013,1,4999000,499900.0
DTL-001416,TRX-00610,PROD-0048,PROMO-008,2,16999000,1699900.0
DTL-001417,TRX-00610,PROD-0010,PROMO-003,1,12599000,1007920.0
DTL-001418,TRX-00610,PROD-0012,PROMO-NONE,2,11499000,0.0
DTL-001419,TRX-00611,PROD-0076,PROMO-011,1,2999000,239920.0
DTL-001420,TRX-00611,PROD-0094,PROMO-NONE,1,2999000,0.0
DTL-001421,TRX-00612,PROD-0014,PROMO-NONE,1,9499000,0.0
DTL-001422,TRX-00612,PROD-0060,PROMO-020,2,4999000,499900.0
DTL-001423,TRX-00613,PROD-0070,PROMO-NONE,2,6499000,0.0
DTL-001424,TRX-00613,PROD-0046,PROMO-NONE,1,2999000,0.0
DTL-001425,TRX-00614,PROD-0033,PROMO-NONE,1,15999000,0.0
DTL-001426,TRX-00614,PROD-0034,PROMO-NONE,1,5999000,0.0
DTL-001427,TRX-00615,PROD-0004,PROMO-NONE,2,16999000,0.0
DTL-001428,TRX-00616,PROD-0035,PROMO-006,1,4999000,149970.0
DTL-001429,TRX-00617,PROD-0014,PROMO-NONE,1,9499000,0.0
DTL-001430,TRX-00617,PROD-0038,PROMO-010,1,1599000,79950.0
DTL-001431,TRX-00617,PROD-0089,PROMO-NONE,2,779000,0.0
DTL-001432,TRX-00617,PROD-0048,PROMO-NONE,1,16999000,0.0
DTL-001433,TRX-00618,PROD-0004,PROMO-013,1,16999000,1699900.0
DTL-001434,TRX-00618,PROD-0051,PROMO-NONE,1,6499000,0.0
DTL-001435,TRX-00619,PROD-0008,PROMO-NONE,1,10999000,0.0
DTL-001436,TRX-00619,PROD-0063,PROMO-019,1,6999000,349950.0
DTL-001437,TRX-00619,PROD-0043,PROMO-NONE,1,8999000,0.0
DTL-001438,TRX-00620,PROD-0050,PROMO-NONE,1,8499000,0.0
DTL-001439,TRX-00620,PROD-0043,PROMO-NONE,1,8999000,0.0
DTL-001440,TRX-00621,PROD-0006,PROMO-015,1,12499000,999920.0
DTL-001441,TRX-00622,PROD-0068,PROMO-004,1,3499000,419880.0
DTL-001442,TRX-00622,PROD-0086,PROMO-NONE,1,1199000,0.0
DTL-001443,TRX-00622,PROD-0025,PROMO-NONE,1,24499000,0.0
DTL-001444,TRX-00623,PROD-0056,PROMO-010,1,5799000,289950.0
DTL-001445,TRX-00623,PROD-0039,PROMO-008,1,13999000,699950.0
DTL-001446,TRX-00623,PROD-0015,PROMO-NONE,1,13599000,0.0
DTL-001447,TRX-00624,PROD-0084,PROMO-NONE,1,1399000,0.0
DTL-001448,TRX-00624,PROD-0099,PROMO-NONE,1,3079000,0.0
DTL-001449,TRX-00624,PROD-0064,PROMO-002,2,7499000,1199840.0
DTL-001450,TRX-00625,PROD-0084,PROMO-017,3,1399000,503640.0
DTL-001451,TRX-00626,PROD-0070,PROMO-019,1,6499000,324950.0
DTL-001452,TRX-00626,PROD-0046,PROMO-014,2,2999000,179940.0
DTL-001453,TRX-00627,PROD-0023,PROMO-010,1,499000,24950.0
DTL-001454,TRX-00627,PROD-0041,PROMO-NONE,1,6499000,0.0
DTL-001455,TRX-00628,PROD-0081,PROMO-NONE,1,7999000,0.0
DTL-001456,TRX-00628,PROD-0077,PROMO-NONE,2,1999000,0.0
DTL-001457,TRX-00629,PROD-0082,PROMO-NONE,2,7499000,0.0
DTL-001458,TRX-00630,PROD-0052,PROMO-008,1,2099000,104950.0
DTL-001459,TRX-00631,PROD-0072,PROMO-010,1,6999000,349950.0
DTL-001460,TRX-00632,PROD-0083,PROMO-002,1,7499000,599920.0
DTL-001461,TRX-00633,PROD-0087,PROMO-001,1,1199000,35970.0
DTL-001462,TRX-00633,PROD-0038,PROMO-016,1,1599000,79950.0
DTL-001463,TRX-00633,PROD-0039,PROMO-NONE,1,13999000,0.0
DTL-001464,TRX-00633,PROD-0044,PROMO-NONE,1,4499000,0.0
DTL-001465,TRX-00634,PROD-0043,PROMO-NONE,1,8999000,0.0
DTL-001466,TRX-00634,PROD-0047,PROMO-014,1,12499000,374970.0
DTL-001467,TRX-00635,PROD-0006,PROMO-NONE,1,12499000,0.0
DTL-001468,TRX-00635,PROD-0070,PROMO-NONE,1,6499000,0.0
DTL-001469,TRX-00635,PROD-0029,PROMO-002,1,17499000,1399920.0
DTL-001470,TRX-00635,PROD-0072,PROMO-006,3,6999000,629910.0
DTL-001471,TRX-00636,PROD-0091,PROMO-NONE,2,699000,0.0
DTL-001472,TRX-00636,PROD-0019,PROMO-NONE,1,14999000,0.0
DTL-001473,TRX-00637,PROD-0087,PROMO-010,1,1199000,59950.0
DTL-001474,TRX-00637,PROD-0026,PROMO-NONE,1,19499000,0.0
DTL-001475,TRX-00637,PROD-0018,PROMO-015,1,7999000,639920.0
DTL-001476,TRX-00637,PROD-0084,PROMO-NONE,1,1399000,0.0
DTL-001477,TRX-00638,PROD-0095,PROMO-011,1,399000,31920.0
DTL-001478,TRX-00638,PROD-0072,PROMO-006,1,6999000,209970.0
DTL-001479,TRX-00639,PROD-0032,PROMO-017,2,28499000,6839760.0
DTL-001480,TRX-00639,PROD-0007,PROMO-014,1,9999000,299970.0
DTL-001481,TRX-00639,PROD-0050,PROMO-NONE,1,8499000,0.0
DTL-001482,TRX-00640,PROD-0055,PROMO-NONE,1,3299000,0.0
DTL-001483,TRX-00640,PROD-0034,PROMO-NONE,1,5999000,0.0
DTL-001484,TRX-00640,PROD-0032,PROMO-018,1,28499000,4274850.0
DTL-001485,TRX-00641,PROD-0066,PROMO-NONE,2,5499000,0.0
DTL-001486,TRX-00642,PROD-0095,PROMO-NONE,1,399000,0.0
DTL-001487,TRX-00643,PROD-0020,PROMO-NONE,2,3999000,0.0
DTL-001488,TRX-00643,PROD-0063,PROMO-NONE,1,6999000,0.0
DTL-001489,TRX-00644,PROD-0007,PROMO-NONE,1,9999000,0.0
DTL-001490,TRX-00645,PROD-0061,PROMO-NONE,1,5599000,0.0
DTL-001491,TRX-00645,PROD-0084,PROMO-008,1,1399000,69950.0
DTL-001492,TRX-00645,PROD-0045,PROMO-NONE,2,3999000,0.0
DTL-001493,TRX-00646,PROD-0089,PROMO-013,1,779000,77900.0
DTL-001494,TRX-00646,PROD-0085,PROMO-NONE,2,399000,0.0
DTL-001495,TRX-00647,PROD-0086,PROMO-NONE,1,1199000,0.0
DTL-001496,TRX-00647,PROD-0040,PROMO-NONE,1,15999000,0.0
DTL-001497,TRX-00647,PROD-0033,PROMO-005,1,15999000,1279920.0
DTL-001498,TRX-00648,PROD-0068,PROMO-NONE,2,3499000,0.0
DTL-001499,TRX-00648,PROD-0043,PROMO-003,1,8999000,719920.0
DTL-001500,TRX-00649,PROD-0055,PROMO-002,1,3299000,263920.0
DTL-001501,TRX-00649,PROD-0091,PROMO-NONE,1,699000,0.0
DTL-001502,TRX-00650,PROD-0029,PROMO-006,1,17499000,524970.0
DTL-001503,TRX-00651,PROD-0035,PROMO-018,1,4999000,749850.0
DTL-001504,TRX-00652,PROD-0094,PROMO-009,1,2999000,89970.0
DTL-001505,TRX-00652,PROD-0095,PROMO-NONE,1,399000,0.0
DTL-001506,TRX-00652,PROD-0080,PROMO-NONE,3,10999000,0.0
DTL-001507,TRX-00653,PROD-0015,PROMO-NONE,1,13599000,0.0
DTL-001508,TRX-00653,PROD-0097,PROMO-007,1,1565000,156500.0
DTL-001509,TRX-00653,PROD-0077,PROMO-NONE,2,1999000,0.0
DTL-001510,TRX-00653,PROD-0019,PROMO-NONE,2,14999000,0.0
DTL-001511,TRX-00654,PROD-0048,PROMO-NONE,1,16999000,0.0
DTL-001512,TRX-00654,PROD-0056,PROMO-NONE,1,5799000,0.0
DTL-001513,TRX-00654,PROD-0009,PROMO-NONE,1,12999000,0.0
DTL-001514,TRX-00654,PROD-0038,PROMO-012,2,1599000,319800.0
DTL-001515,TRX-00655,PROD-0013,PROMO-NONE,1,6499000,0.0
DTL-001516,TRX-00655,PROD-0008,PROMO-NONE,2,10999000,0.0
DTL-001517,TRX-00655,PROD-0047,PROMO-014,1,12499000,374970.0
DTL-001518,TRX-00655,PROD-0019,PROMO-016,2,14999000,1499900.0
DTL-001519,TRX-00656,PROD-0059,PROMO-NONE,1,2299000,0.0
DTL-001520,TRX-00657,PROD-0052,PROMO-NONE,1,2099000,0.0
DTL-001521,TRX-00657,PROD-0045,PROMO-002,1,3999000,319920.0
DTL-001522,TRX-00657,PROD-0076,PROMO-018,1,2999000,449850.0
DTL-001523,TRX-00657,PROD-0038,PROMO-NONE,1,1599000,0.0
DTL-001524,TRX-00658,PROD-0024,PROMO-001,1,399000,11970.0
DTL-001525,TRX-00659,PROD-0014,PROMO-016,1,9499000,474950.0
DTL-001526,TRX-00659,PROD-0025,PROMO-NONE,1,24499000,0.0
DTL-001527,TRX-00659,PROD-0087,PROMO-NONE,2,1199000,0.0
DTL-001528,TRX-00660,PROD-0073,PROMO-017,1,4299000,515880.0
DTL-001529,TRX-00660,PROD-0082,PROMO-NONE,2,7499000,0.0
DTL-001530,TRX-00660,PROD-0074,PROMO-NONE,1,5999000,0.0
DTL-001531,TRX-00660,PROD-0043,PROMO-012,1,8999000,899900.0
DTL-001532,TRX-00661,PROD-0048,PROMO-NONE,1,16999000,0.0
DTL-001533,TRX-00661,PROD-0023,PROMO-NONE,1,499000,0.0
DTL-001534,TRX-00661,PROD-0074,PROMO-017,1,5999000,719880.0
DTL-001535,TRX-00661,PROD-0067,PROMO-NONE,2,3999000,0.0
DTL-001536,TRX-00662,PROD-0064,PROMO-NONE,1,7499000,0.0
DTL-001537,TRX-00662,PROD-0015,PROMO-NONE,1,13599000,0.0
DTL-001538,TRX-00663,PROD-0001,PROMO-NONE,3,20499000,0.0
DTL-001539,TRX-00663,PROD-0039,PROMO-018,1,13999000,2099850.0
DTL-001540,TRX-00663,PROD-0004,PROMO-NONE,1,16999000,0.0
DTL-001541,TRX-00664,PROD-0033,PROMO-013,1,15999000,1599900.0
DTL-001542,TRX-00664,PROD-0037,PROMO-NONE,1,2999000,0.0
DTL-001543,TRX-00664,PROD-0080,PROMO-NONE,2,10999000,0.0
DTL-001544,TRX-00664,PROD-0078,PROMO-011,1,21999000,1759920.0
DTL-001545,TRX-00665,PROD-0050,PROMO-NONE,1,8499000,0.0
DTL-001546,TRX-00665,PROD-0098,PROMO-NONE,1,1695000,0.0
DTL-001547,TRX-00666,PROD-0087,PROMO-NONE,1,1199000,0.0
DTL-001548,TRX-00666,PROD-0068,PROMO-019,2,3499000,349900.0
DTL-001549,TRX-00667,PROD-0012,PROMO-020,1,11499000,574950.0
DTL-001550,TRX-00668,PROD-0022,PROMO-009,2,499000,29940.0
DTL-001551,TRX-00668,PROD-0091,PROMO-018,1,699000,104850.0
DTL-001552,TRX-00668,PROD-0062,PROMO-020,1,5999000,299950.0
DTL-001553,TRX-00668,PROD-0021,PROMO-NONE,2,2499000,0.0
DTL-001554,TRX-00669,PROD-0079,PROMO-NONE,1,18999000,0.0
DTL-001555,TRX-00670,PROD-0063,PROMO-NONE,1,6999000,0.0
DTL-001556,TRX-00670,PROD-0030,PROMO-NONE,1,13499000,0.0
DTL-001557,TRX-00670,PROD-0001,PROMO-NONE,1,20499000,0.0
DTL-001558,TRX-00671,PROD-0037,PROMO-NONE,1,2999000,0.0
DTL-001559,TRX-00671,PROD-0006,PROMO-019,1,12499000,624950.0
DTL-001560,TRX-00671,PROD-0095,PROMO-016,1,399000,19950.0
DTL-001561,TRX-00671,PROD-0031,PROMO-015,1,20999000,1679920.0
DTL-001562,TRX-00672,PROD-0023,PROMO-002,1,499000,39920.0
DTL-001563,TRX-00672,PROD-0014,PROMO-NONE,1,9499000,0.0
DTL-001564,TRX-00673,PROD-0046,PROMO-NONE,1,2999000,0.0
DTL-001565,TRX-00673,PROD-0035,PROMO-NONE,1,4999000,0.0
DTL-001566,TRX-00673,PROD-0034,PROMO-010,1,5999000,299950.0
DTL-001567,TRX-00673,PROD-0087,PROMO-NONE,2,1199000,0.0
DTL-001568,TRX-00674,PROD-0040,PROMO-014,3,15999000,1439910.0
DTL-001569,TRX-00674,PROD-0034,PROMO-NONE,1,5999000,0.0
DTL-001570,TRX-00674,PROD-0049,PROMO-NONE,1,6999000,0.0
DTL-001571,TRX-00675,PROD-0008,PROMO-NONE,1,10999000,0.0
DTL-001572,TRX-00675,PROD-0078,PROMO-NONE,2,21999000,0.0
DTL-001573,TRX-00676,PROD-0050,PROMO-019,1,8499000,424950.0
DTL-001574,TRX-00676,PROD-0024,PROMO-NONE,2,399000,0.0
DTL-001575,TRX-00677,PROD-0037,PROMO-NONE,1,2999000,0.0
DTL-001576,TRX-00677,PROD-0048,PROMO-NONE,1,16999000,0.0
DTL-001577,TRX-00678,PROD-0024,PROMO-009,1,399000,11970.0
DTL-001578,TRX-00678,PROD-0047,PROMO-NONE,1,12499000,0.0
DTL-001579,TRX-00678,PROD-0083,PROMO-017,3,7499000,2699640.0
DTL-001580,TRX-00678,PROD-0053,PROMO-017,1,5099000,611880.0
DTL-001581,TRX-00679,PROD-0004,PROMO-NONE,1,16999000,0.0
DTL-001582,TRX-00679,PROD-0064,PROMO-NONE,1,7499000,0.0
DTL-001583,TRX-00679,PROD-0065,PROMO-NONE,1,6299000,0.0
DTL-001584,TRX-00679,PROD-0046,PROMO-012,1,2999000,299900.0
DTL-001585,TRX-00680,PROD-0021,PROMO-001,1,2499000,74970.0
DTL-001586,TRX-00680,PROD-0098,PROMO-NONE,2,1695000,0.0
DTL-001587,TRX-00680,PROD-0056,PROMO-NONE,1,5799000,0.0
DTL-001588,TRX-00681,PROD-0090,PROMO-003,1,699000,55920.0
DTL-001589,TRX-00681,PROD-0069,PROMO-NONE,1,1599000,0.0
DTL-001590,TRX-00682,PROD-0090,PROMO-008,1,699000,34950.0
DTL-001591,TRX-00682,PROD-0093,PROMO-NONE,1,699000,0.0
DTL-001592,TRX-00682,PROD-0030,PROMO-NONE,1,13499000,0.0
DTL-001593,TRX-00683,PROD-0096,PROMO-NONE,1,1599000,0.0
DTL-001594,TRX-00684,PROD-0018,PROMO-NONE,1,7999000,0.0
DTL-001595,TRX-00684,PROD-0055,PROMO-002,2,3299000,527840.0
DTL-001596,TRX-00684,PROD-0056,PROMO-NONE,1,5799000,0.0
DTL-001597,TRX-00685,PROD-0098,PROMO-NONE,1,1695000,0.0
DTL-001598,TRX-00686,PROD-0055,PROMO-012,2,3299000,659800.0
DTL-001599,TRX-00686,PROD-0015,PROMO-001,1,13599000,407970.0
DTL-001600,TRX-00687,PROD-0010,PROMO-017,1,12599000,1511880.0
DTL-001601,TRX-00687,PROD-0077,PROMO-006,1,1999000,59970.0
DTL-001602,TRX-00687,PROD-0013,PROMO-NONE,1,6499000,0.0
DTL-001603,TRX-00688,PROD-0091,PROMO-NONE,1,699000,0.0
DTL-001604,TRX-00688,PROD-0081,PROMO-NONE,1,7999000,0.0
DTL-001605,TRX-00689,PROD-0030,PROMO-NONE,2,13499000,0.0
DTL-001606,TRX-00689,PROD-0085,PROMO-NONE,2,399000,0.0
DTL-001607,TRX-00690,PROD-0002,PROMO-002,2,23499000,3759840.0
DTL-001608,TRX-00690,PROD-0081,PROMO-017,1,7999000,959880.0
DTL-001609,TRX-00691,PROD-0083,PROMO-011,1,7499000,599920.0
DTL-001610,TRX-00691,PROD-0018,PROMO-NONE,1,7999000,0.0
DTL-001611,TRX-00692,PROD-0091,PROMO-020,1,699000,34950.0
DTL-001612,TRX-00692,PROD-0043,PROMO-NONE,1,8999000,0.0
DTL-001613,TRX-00693,PROD-0013,PROMO-NONE,1,6499000,0.0
DTL-001614,TRX-00693,PROD-0086,PROMO-015,1,1199000,95920.0
DTL-001615,TRX-00693,PROD-0065,PROMO-001,2,6299000,377940.0
DTL-001616,TRX-00694,PROD-0008,PROMO-012,1,10999000,1099900.0
DTL-001617,TRX-00694,PROD-0048,PROMO-NONE,3,16999000,0.0
DTL-001618,TRX-00695,PROD-0045,PROMO-NONE,1,3999000,0.0
DTL-001619,TRX-00695,PROD-0093,PROMO-NONE,1,699000,0.0
DTL-001620,TRX-00696,PROD-0032,PROMO-NONE,2,28499000,0.0
DTL-001621,TRX-00696,PROD-0030,PROMO-NONE,1,13499000,0.0
DTL-001622,TRX-00697,PROD-0036,PROMO-NONE,1,3999000,0.0
DTL-001623,TRX-00697,PROD-0030,PROMO-020,1,13499000,674950.0
DTL-001624,TRX-00697,PROD-0013,PROMO-NONE,1,6499000,0.0
DTL-001625,TRX-00698,PROD-0037,PROMO-005,1,2999000,239920.0
DTL-001626,TRX-00698,PROD-0078,PROMO-NONE,2,21999000,0.0
DTL-001627,TRX-00699,PROD-0086,PROMO-005,1,1199000,95920.0
DTL-001628,TRX-00699,PROD-0076,PROMO-NONE,1,2999000,0.0
DTL-001629,TRX-00700,PROD-0010,PROMO-NONE,1,12599000,0.0
DTL-001630,TRX-00700,PROD-0069,PROMO-006,1,1599000,47970.0
DTL-001631,TRX-00701,PROD-0086,PROMO-NONE,2,1199000,0.0
DTL-001632,TRX-00701,PROD-0081,PROMO-NONE,1,7999000,0.0
DTL-001633,TRX-00701,PROD-0034,PROMO-NONE,2,5999000,0.0
DTL-001634,TRX-00701,PROD-0048,PROMO-NONE,1,16999000,0.0
DTL-001635,TRX-00702,PROD-0100,PROMO-NONE,1,1799000,0.0
DTL-001636,TRX-00702,PROD-0007,PROMO-NONE,1,9999000,0.0
DTL-001637,TRX-00702,PROD-0019,PROMO-NONE,2,14999000,0.0
DTL-001638,TRX-00703,PROD-0003,PROMO-NONE,1,18499000,0.0
DTL-001639,TRX-00703,PROD-0083,PROMO-NONE,1,7499000,0.0
DTL-001640,TRX-00703,PROD-0100,PROMO-NONE,1,1799000,0.0
DTL-001641,TRX-00703,PROD-0063,PROMO-NONE,1,6999000,0.0
DTL-001642,TRX-00704,PROD-0050,PROMO-020,1,8499000,424950.0
DTL-001643,TRX-00705,PROD-0047,PROMO-012,2,12499000,2499800.0
DTL-001644,TRX-00705,PROD-0074,PROMO-NONE,1,5999000,0.0
DTL-001645,TRX-00705,PROD-0066,PROMO-NONE,3,5499000,0.0
DTL-001646,TRX-00706,PROD-0064,PROMO-NONE,1,7499000,0.0
DTL-001647,TRX-00706,PROD-0011,PROMO-NONE,1,15999000,0.0
DTL-001648,TRX-00707,PROD-0041,PROMO-NONE,1,6499000,0.0
DTL-001649,TRX-00707,PROD-0042,PROMO-010,1,3499000,174950.0
DTL-001650,TRX-00707,PROD-0089,PROMO-006,1,779000,23370.0
DTL-001651,TRX-00707,PROD-0020,PROMO-NONE,1,3999000,0.0
DTL-001652,TRX-00708,PROD-0094,PROMO-NONE,1,2999000,0.0
DTL-001653,TRX-00709,PROD-0035,PROMO-NONE,1,4999000,0.0
DTL-001654,TRX-00709,PROD-0075,PROMO-NONE,1,4699000,0.0
DTL-001655,TRX-00709,PROD-0053,PROMO-NONE,1,5099000,0.0
DTL-001656,TRX-00710,PROD-0069,PROMO-NONE,1,1599000,0.0
DTL-001657,TRX-00710,PROD-0029,PROMO-NONE,1,17499000,0.0
DTL-001658,TRX-00711,PROD-0060,PROMO-006,1,4999000,149970.0
DTL-001659,TRX-00711,PROD-0004,PROMO-020,1,16999000,849950.0
DTL-001660,TRX-00712,PROD-0022,PROMO-NONE,1,499000,0.0
DTL-001661,TRX-00712,PROD-0056,PROMO-NONE,1,5799000,0.0
DTL-001662,TRX-00712,PROD-0047,PROMO-NONE,1,12499000,0.0
DTL-001663,TRX-00713,PROD-0048,PROMO-NONE,1,16999000,0.0
DTL-001664,TRX-00713,PROD-0004,PROMO-010,1,16999000,849950.0
DTL-001665,TRX-00714,PROD-0023,PROMO-NONE,1,499000,0.0
DTL-001666,TRX-00714,PROD-0040,PROMO-NONE,2,15999000,0.0
DTL-001667,TRX-00714,PROD-0073,PROMO-015,3,4299000,1031760.0
DTL-001668,TRX-00714,PROD-0090,PROMO-001,1,699000,20970.0
DTL-001669,TRX-00715,PROD-0010,PROMO-NONE,1,12599000,0.0
DTL-001670,TRX-00716,PROD-0026,PROMO-NONE,1,19499000,0.0
DTL-001671,TRX-00716,PROD-0094,PROMO-NONE,1,2999000,0.0
DTL-001672,TRX-00716,PROD-0046,PROMO-NONE,2,2999000,0.0
DTL-001673,TRX-00716,PROD-0084,PROMO-NONE,1,1399000,0.0
DTL-001674,TRX-00717,PROD-0086,PROMO-NONE,1,1199000,0.0
DTL-001675,TRX-00717,PROD-0052,PROMO-NONE,1,2099000,0.0
DTL-001676,TRX-00718,PROD-0084,PROMO-013,1,1399000,139900.0
DTL-001677,TRX-00719,PROD-0057,PROMO-NONE,1,5999000,0.0
DTL-001678,TRX-00720,PROD-0022,PROMO-008,1,499000,24950.0
DTL-001679,TRX-00720,PROD-0012,PROMO-NONE,1,11499000,0.0
DTL-001680,TRX-00721,PROD-0057,PROMO-NONE,2,5999000,0.0
DTL-001681,TRX-00721,PROD-0047,PROMO-NONE,3,12499000,0.0
DTL-001682,TRX-00721,PROD-0040,PROMO-NONE,1,15999000,0.0
DTL-001683,TRX-00722,PROD-0072,PROMO-NONE,1,6999000,0.0
DTL-001684,TRX-00722,PROD-0007,PROMO-NONE,1,9999000,0.0
DTL-001685,TRX-00723,PROD-0049,PROMO-NONE,1,6999000,0.0
DTL-001686,TRX-00723,PROD-0081,PROMO-019,1,7999000,399950.0
DTL-001687,TRX-00724,PROD-0049,PROMO-NONE,3,6999000,0.0
DTL-001688,TRX-00724,PROD-0043,PROMO-NONE,1,8999000,0.0
DTL-001689,TRX-00724,PROD-0090,PROMO-NONE,1,699000,0.0
DTL-001690,TRX-00725,PROD-0087,PROMO-NONE,1,1199000,0.0
DTL-001691,TRX-00725,PROD-0056,PROMO-NONE,1,5799000,0.0
DTL-001692,TRX-00725,PROD-0026,PROMO-002,2,19499000,3119840.0
DTL-001693,TRX-00726,PROD-0049,PROMO-NONE,1,6999000,0.0
DTL-001694,TRX-00726,PROD-0051,PROMO-013,1,6499000,649900.0
DTL-001695,TRX-00726,PROD-0016,PROMO-014,2,14999000,899940.0
DTL-001696,TRX-00727,PROD-0010,PROMO-013,1,12599000,1259900.0
DTL-001697,TRX-00727,PROD-0071,PROMO-017,1,4999000,599880.0
DTL-001698,TRX-00728,PROD-0003,PROMO-NONE,1,18499000,0.0
DTL-001699,TRX-00728,PROD-0022,PROMO-NONE,1,499000,0.0
DTL-001700,TRX-00729,PROD-0095,PROMO-NONE,1,399000,0.0
DTL-001701,TRX-00730,PROD-0006,PROMO-NONE,1,12499000,0.0
DTL-001702,TRX-00730,PROD-0046,PROMO-NONE,2,2999000,0.0
DTL-001703,TRX-00731,PROD-0070,PROMO-017,1,6499000,779880.0
DTL-001704,TRX-00732,PROD-0044,PROMO-NONE,1,4499000,0.0
DTL-001705,TRX-00732,PROD-0073,PROMO-NONE,2,4299000,0.0
DTL-001706,TRX-00732,PROD-0001,PROMO-NONE,1,20499000,0.0
DTL-001707,TRX-00733,PROD-0044,PROMO-016,1,4499000,224950.0
DTL-001708,TRX-00733,PROD-0011,PROMO-NONE,1,15999000,0.0
DTL-001709,TRX-00734,PROD-0010,PROMO-NONE,1,12599000,0.0
DTL-001710,TRX-00734,PROD-0019,PROMO-NONE,2,14999000,0.0
DTL-001711,TRX-00735,PROD-0089,PROMO-NONE,2,779000,0.0
DTL-001712,TRX-00735,PROD-0067,PROMO-010,1,3999000,199950.0
DTL-001713,TRX-00735,PROD-0023,PROMO-NONE,1,499000,0.0
DTL-001714,TRX-00736,PROD-0054,PROMO-009,2,4499000,269940.0
DTL-001715,TRX-00736,PROD-0038,PROMO-NONE,1,1599000,0.0
DTL-001716,TRX-00737,PROD-0061,PROMO-NONE,2,5599000,0.0
DTL-001717,TRX-00737,PROD-0042,PROMO-NONE,1,3499000,0.0
DTL-001718,TRX-00737,PROD-0008,PROMO-012,1,10999000,1099900.0
DTL-001719,TRX-00737,PROD-0095,PROMO-NONE,2,399000,0.0
DTL-001720,TRX-00738,PROD-0061,PROMO-NONE,2,5599000,0.0
DTL-001721,TRX-00738,PROD-0007,PROMO-NONE,1,9999000,0.0
DTL-001722,TRX-00739,PROD-0042,PROMO-006,2,3499000,209940.0
DTL-001723,TRX-00739,PROD-0095,PROMO-NONE,2,399000,0.0
DTL-001724,TRX-00739,PROD-0011,PROMO-NONE,1,15999000,0.0
DTL-001725,TRX-00739,PROD-0025,PROMO-003,1,24499000,1959920.0
DTL-001726,TRX-00740,PROD-0084,PROMO-NONE,1,1399000,0.0
DTL-001727,TRX-00740,PROD-0065,PROMO-NONE,1,6299000,0.0
DTL-001728,TRX-00741,PROD-0083,PROMO-NONE,2,7499000,0.0
DTL-001729,TRX-00741,PROD-0033,PROMO-NONE,1,15999000,0.0
DTL-001730,TRX-00742,PROD-0038,PROMO-003,1,1599000,127920.0
DTL-001731,TRX-00742,PROD-0042,PROMO-NONE,1,3499000,0.0
DTL-001732,TRX-00742,PROD-0003,PROMO-002,1,18499000,1479920.0
DTL-001733,TRX-00743,PROD-0071,PROMO-NONE,1,4999000,0.0
DTL-001734,TRX-00744,PROD-0069,PROMO-018,1,1599000,239850.0
DTL-001735,TRX-00744,PROD-0017,PROMO-NONE,1,22999000,0.0
DTL-001736,TRX-00744,PROD-0092,PROMO-NONE,1,649000,0.0
DTL-001737,TRX-00745,PROD-0044,PROMO-NONE,2,4499000,0.0
DTL-001738,TRX-00745,PROD-0088,PROMO-NONE,2,2799000,0.0
DTL-001739,TRX-00745,PROD-0073,PROMO-020,2,4299000,429900.0
DTL-001740,TRX-00746,PROD-0081,PROMO-004,1,7999000,959880.0
DTL-001741,TRX-00746,PROD-0002,PROMO-NONE,3,23499000,0.0
DTL-001742,TRX-00746,PROD-0020,PROMO-001,2,3999000,239940.0
DTL-001743,TRX-00746,PROD-0084,PROMO-NONE,1,1399000,0.0
DTL-001744,TRX-00747,PROD-0058,PROMO-NONE,1,4999000,0.0
DTL-001745,TRX-00747,PROD-0016,PROMO-014,1,14999000,449970.0
DTL-001746,TRX-00748,PROD-0002,PROMO-NONE,1,23499000,0.0
DTL-001747,TRX-00748,PROD-0053,PROMO-NONE,2,5099000,0.0
DTL-001748,TRX-00749,PROD-0002,PROMO-NONE,1,23499000,0.0
DTL-001749,TRX-00749,PROD-0072,PROMO-NONE,1,6999000,0.0
DTL-001750,TRX-00750,PROD-0017,PROMO-017,1,22999000,2759880.0
DTL-001751,TRX-00750,PROD-0026,PROMO-NONE,1,19499000,0.0
DTL-001752,TRX-00750,PROD-0037,PROMO-002,1,2999000,239920.0
DTL-001753,TRX-00751,PROD-0018,PROMO-007,1,7999000,799900.0
DTL-001754,TRX-00751,PROD-0063,PROMO-011,3,6999000,1679760.0
DTL-001755,TRX-00751,PROD-0034,PROMO-NONE,1,5999000,0.0
DTL-001756,TRX-00751,PROD-0046,PROMO-NONE,1,2999000,0.0
DTL-001757,TRX-00752,PROD-0033,PROMO-004,2,15999000,3839760.0
DTL-001758,TRX-00752,PROD-0001,PROMO-NONE,2,20499000,0.0
DTL-001759,TRX-00753,PROD-0084,PROMO-017,1,1399000,167880.0
DTL-001760,TRX-00753,PROD-0047,PROMO-009,1,12499000,374970.0
DTL-001761,TRX-00753,PROD-0041,PROMO-002,1,6499000,519920.0
DTL-001762,TRX-00754,PROD-0002,PROMO-019,1,23499000,1174950.0
DTL-001763,TRX-00754,PROD-0036,PROMO-NONE,1,3999000,0.0
DTL-001764,TRX-00754,PROD-0032,PROMO-010,1,28499000,1424950.0
DTL-001765,TRX-00755,PROD-0060,PROMO-008,2,4999000,499900.0
DTL-001766,TRX-00756,PROD-0060,PROMO-NONE,1,4999000,0.0
DTL-001767,TRX-00756,PROD-0092,PROMO-NONE,1,649000,0.0
DTL-001768,TRX-00756,PROD-0099,PROMO-003,1,3079000,246320.0
DTL-001769,TRX-00756,PROD-0053,PROMO-NONE,1,5099000,0.0
DTL-001770,TRX-00757,PROD-0046,PROMO-NONE,1,2999000,0.0
DTL-001771,TRX-00758,PROD-0064,PROMO-NONE,1,7499000,0.0
DTL-001772,TRX-00758,PROD-0099,PROMO-NONE,1,3079000,0.0
DTL-001773,TRX-00758,PROD-0063,PROMO-019,1,6999000,349950.0
DTL-001774,TRX-00758,PROD-0024,PROMO-NONE,1,399000,0.0
DTL-001775,TRX-00759,PROD-0029,PROMO-006,3,17499000,1574910.0
DTL-001776,TRX-00760,PROD-0092,PROMO-014,1,649000,19470.0
DTL-001777,TRX-00760,PROD-0039,PROMO-008,1,13999000,699950.0
DTL-001778,TRX-00761,PROD-0015,PROMO-NONE,1,13599000,0.0
DTL-001779,TRX-00761,PROD-0002,PROMO-018,2,23499000,7049700.0
DTL-001780,TRX-00761,PROD-0052,PROMO-NONE,1,2099000,0.0
DTL-001781,TRX-00762,PROD-0038,PROMO-012,2,1599000,319800.0
DTL-001782,TRX-00762,PROD-0059,PROMO-NONE,3,2299000,0.0
DTL-001783,TRX-00762,PROD-0030,PROMO-NONE,1,13499000,0.0
DTL-001784,TRX-00763,PROD-0002,PROMO-014,1,23499000,704970.0
DTL-001785,TRX-00763,PROD-0056,PROMO-NONE,1,5799000,0.0
DTL-001786,TRX-00763,PROD-0066,PROMO-NONE,2,5499000,0.0
DTL-001787,TRX-00764,PROD-0057,PROMO-012,1,5999000,599900.0
DTL-001788,TRX-00764,PROD-0027,PROMO-NONE,1,16499000,0.0
DTL-001789,TRX-00764,PROD-0085,PROMO-002,1,399000,31920.0
DTL-001790,TRX-00764,PROD-0073,PROMO-NONE,1,4299000,0.0
DTL-001791,TRX-00765,PROD-0021,PROMO-NONE,1,2499000,0.0
DTL-001792,TRX-00765,PROD-0076,PROMO-003,1,2999000,239920.0
DTL-001793,TRX-00766,PROD-0003,PROMO-NONE,2,18499000,0.0
DTL-001794,TRX-00766,PROD-0061,PROMO-016,1,5599000,279950.0
DTL-001795,TRX-00767,PROD-0094,PROMO-NONE,1,2999000,0.0
DTL-001796,TRX-00767,PROD-0083,PROMO-019,2,7499000,749900.0
DTL-001797,TRX-00768,PROD-0074,PROMO-009,1,5999000,179970.0
DTL-001798,TRX-00768,PROD-0036,PROMO-009,1,3999000,119970.0
DTL-001799,TRX-00769,PROD-0099,PROMO-NONE,1,3079000,0.0
DTL-001800,TRX-00769,PROD-0010,PROMO-NONE,1,12599000,0.0
DTL-001801,TRX-00770,PROD-0098,PROMO-NONE,1,1695000,0.0
DTL-001802,TRX-00770,PROD-0077,PROMO-NONE,1,1999000,0.0
DTL-001803,TRX-00771,PROD-0088,PROMO-003,1,2799000,223920.0
DTL-001804,TRX-00771,PROD-0073,PROMO-011,3,4299000,1031760.0
DTL-001805,TRX-00772,PROD-0040,PROMO-015,1,15999000,1279920.0
DTL-001806,TRX-00773,PROD-0042,PROMO-NONE,1,3499000,0.0
DTL-001807,TRX-00774,PROD-0085,PROMO-009,1,399000,11970.0
DTL-001808,TRX-00774,PROD-0009,PROMO-NONE,1,12999000,0.0
DTL-001809,TRX-00774,PROD-0023,PROMO-NONE,1,499000,0.0
DTL-001810,TRX-00774,PROD-0049,PROMO-005,1,6999000,559920.0
DTL-001811,TRX-00775,PROD-0090,PROMO-NONE,2,699000,0.0
DTL-001812,TRX-00775,PROD-0058,PROMO-006,1,4999000,149970.0
DTL-001813,TRX-00775,PROD-0048,PROMO-NONE,1,16999000,0.0
DTL-001814,TRX-00776,PROD-0074,PROMO-018,3,5999000,2699550.0
DTL-001815,TRX-00776,PROD-0052,PROMO-NONE,1,2099000,0.0
DTL-001816,TRX-00776,PROD-0029,PROMO-015,1,17499000,1399920.0
DTL-001817,TRX-00777,PROD-0042,PROMO-NONE,2,3499000,0.0
DTL-001818,TRX-00777,PROD-0084,PROMO-014,3,1399000,125910.0
DTL-001819,TRX-00778,PROD-0086,PROMO-NONE,1,1199000,0.0
DTL-001820,TRX-00778,PROD-0032,PROMO-019,2,28499000,2849900.0
DTL-001821,TRX-00778,PROD-0095,PROMO-NONE,1,399000,0.0
DTL-001822,TRX-00778,PROD-0060,PROMO-NONE,2,4999000,0.0
DTL-001823,TRX-00779,PROD-0067,PROMO-NONE,1,3999000,0.0
DTL-001824,TRX-00779,PROD-0065,PROMO-NONE,2,6299000,0.0
DTL-001825,TRX-00780,PROD-0081,PROMO-NONE,1,7999000,0.0
DTL-001826,TRX-00780,PROD-0051,PROMO-NONE,1,6499000,0.0
DTL-001827,TRX-00781,PROD-0063,PROMO-NONE,1,6999000,0.0
DTL-001828,TRX-00782,PROD-0013,PROMO-NONE,1,6499000,0.0
DTL-001829,TRX-00782,PROD-0076,PROMO-011,1,2999000,239920.0
DTL-001830,TRX-00782,PROD-0067,PROMO-NONE,1,3999000,0.0
DTL-001831,TRX-00783,PROD-0033,PROMO-NONE,1,15999000,0.0
DTL-001832,TRX-00783,PROD-0052,PROMO-NONE,1,2099000,0.0
DTL-001833,TRX-00783,PROD-0073,PROMO-NONE,1,4299000,0.0
DTL-001834,TRX-00783,PROD-0095,PROMO-012,1,399000,39900.0
DTL-001835,TRX-00784,PROD-0003,PROMO-016,2,18499000,1849900.0
DTL-001836,TRX-00784,PROD-0083,PROMO-NONE,1,7499000,0.0
DTL-001837,TRX-00784,PROD-0081,PROMO-020,2,7999000,799900.0
DTL-001838,TRX-00785,PROD-0081,PROMO-NONE,1,7999000,0.0
DTL-001839,TRX-00786,PROD-0006,PROMO-NONE,1,12499000,0.0
DTL-001840,TRX-00787,PROD-0055,PROMO-003,2,3299000,527840.0
DTL-001841,TRX-00787,PROD-0079,PROMO-NONE,1,18999000,0.0
DTL-001842,TRX-00788,PROD-0083,PROMO-NONE,2,7499000,0.0
DTL-001843,TRX-00788,PROD-0044,PROMO-NONE,1,4499000,0.0
DTL-001844,TRX-00788,PROD-0099,PROMO-NONE,1,3079000,0.0
DTL-001845,TRX-00788,PROD-0070,PROMO-014,1,6499000,194970.0
DTL-001846,TRX-00789,PROD-0092,PROMO-NONE,1,649000,0.0
DTL-001847,TRX-00789,PROD-0066,PROMO-NONE,1,5499000,0.0
DTL-001848,TRX-00790,PROD-0041,PROMO-NONE,1,6499000,0.0
DTL-001849,TRX-00790,PROD-0045,PROMO-NONE,1,3999000,0.0
DTL-001850,TRX-00791,PROD-0062,PROMO-NONE,1,5999000,0.0
DTL-001851,TRX-00791,PROD-0030,PROMO-NONE,1,13499000,0.0
DTL-001852,TRX-00791,PROD-0099,PROMO-NONE,1,3079000,0.0
DTL-001853,TRX-00792,PROD-0057,PROMO-008,1,5999000,299950.0
DTL-001854,TRX-00792,PROD-0075,PROMO-NONE,1,4699000,0.0
DTL-001855,TRX-00793,PROD-0014,PROMO-001,1,9499000,284970.0
DTL-001856,TRX-00793,PROD-0044,PROMO-NONE,1,4499000,0.0
DTL-001857,TRX-00793,PROD-0098,PROMO-NONE,1,1695000,0.0
DTL-001858,TRX-00794,PROD-0082,PROMO-NONE,1,7499000,0.0
DTL-001859,TRX-00794,PROD-0088,PROMO-NONE,1,2799000,0.0
DTL-001860,TRX-00794,PROD-0060,PROMO-NONE,1,4999000,0.0
DTL-001861,TRX-00795,PROD-0049,PROMO-NONE,2,6999000,0.0
DTL-001862,TRX-00795,PROD-0089,PROMO-004,1,779000,93480.0
DTL-001863,TRX-00796,PROD-0080,PROMO-NONE,1,10999000,0.0
DTL-001864,TRX-00796,PROD-0064,PROMO-010,1,7499000,374950.0
DTL-001865,TRX-00796,PROD-0062,PROMO-018,1,5999000,899850.0
DTL-001866,TRX-00797,PROD-0088,PROMO-NONE,1,2799000,0.0
DTL-001867,TRX-00797,PROD-0097,PROMO-019,1,1565000,78250.0
DTL-001868,TRX-00798,PROD-0036,PROMO-NONE,1,3999000,0.0
DTL-001869,TRX-00798,PROD-0027,PROMO-NONE,1,16499000,0.0
DTL-001870,TRX-00799,PROD-0081,PROMO-014,1,7999000,239970.0
DTL-001871,TRX-00800,PROD-0055,PROMO-004,1,3299000,395880.0
DTL-001872,TRX-00800,PROD-0016,PROMO-NONE,2,14999000,0.0
DTL-001873,TRX-00801,PROD-0021,PROMO-NONE,1,2499000,0.0
DTL-001874,TRX-00802,PROD-0043,PROMO-NONE,1,8999000,0.0
DTL-001875,TRX-00803,PROD-0095,PROMO-NONE,1,399000,0.0
DTL-001876,TRX-00804,PROD-0035,PROMO-012,1,4999000,499900.0
DTL-001877,TRX-00804,PROD-0045,PROMO-NONE,1,3999000,0.0
DTL-001878,TRX-00804,PROD-0072,PROMO-NONE,2,6999000,0.0
DTL-001879,TRX-00805,PROD-0097,PROMO-019,1,1565000,78250.0
DTL-001880,TRX-00805,PROD-0005,PROMO-002,1,13999000,1119920.0
DTL-001881,TRX-00805,PROD-0060,PROMO-NONE,1,4999000,0.0
DTL-001882,TRX-00806,PROD-0075,PROMO-002,2,4699000,751840.0
DTL-001883,TRX-00807,PROD-0055,PROMO-NONE,1,3299000,0.0
DTL-001884,TRX-00808,PROD-0059,PROMO-NONE,1,2299000,0.0
DTL-001885,TRX-00809,PROD-0057,PROMO-NONE,2,5999000,0.0
DTL-001886,TRX-00810,PROD-0053,PROMO-NONE,2,5099000,0.0
DTL-001887,TRX-00810,PROD-0061,PROMO-013,1,5599000,559900.0
DTL-001888,TRX-00810,PROD-0032,PROMO-NONE,1,28499000,0.0
DTL-001889,TRX-00810,PROD-0090,PROMO-NONE,1,699000,0.0
DTL-001890,TRX-00811,PROD-0097,PROMO-NONE,1,1565000,0.0
DTL-001891,TRX-00811,PROD-0087,PROMO-016,1,1199000,59950.0
DTL-001892,TRX-00812,PROD-0047,PROMO-NONE,1,12499000,0.0
DTL-001893,TRX-00812,PROD-0025,PROMO-NONE,2,24499000,0.0
DTL-001894,TRX-00813,PROD-0020,PROMO-012,1,3999000,399900.0
DTL-001895,TRX-00813,PROD-0045,PROMO-NONE,1,3999000,0.0
DTL-001896,TRX-00813,PROD-0004,PROMO-NONE,1,16999000,0.0
DTL-001897,TRX-00813,PROD-0013,PROMO-NONE,1,6499000,0.0
DTL-001898,TRX-00814,PROD-0058,PROMO-NONE,1,4999000,0.0
DTL-001899,TRX-00815,PROD-0058,PROMO-NONE,1,4999000,0.0
DTL-001900,TRX-00815,PROD-0023,PROMO-010,1,499000,24950.0
DTL-001901,TRX-00815,PROD-0028,PROMO-NONE,1,20999000,0.0
DTL-001902,TRX-00816,PROD-0088,PROMO-NONE,1,2799000,0.0
DTL-001903,TRX-00816,PROD-0042,PROMO-NONE,1,3499000,0.0
DTL-001904,TRX-00817,PROD-0014,PROMO-NONE,1,9499000,0.0
DTL-001905,TRX-00818,PROD-0096,PROMO-001,1,1599000,47970.0
DTL-001906,TRX-00819,PROD-0041,PROMO-016,1,6499000,324950.0
DTL-001907,TRX-00820,PROD-0091,PROMO-012,1,699000,69900.0
DTL-001908,TRX-00820,PROD-0006,PROMO-NONE,2,12499000,0.0
DTL-001909,TRX-00820,PROD-0074,PROMO-006,2,5999000,359940.0
DTL-001910,TRX-00821,PROD-0055,PROMO-008,1,3299000,164950.0
DTL-001911,TRX-00821,PROD-0057,PROMO-013,1,5999000,599900.0
DTL-001912,TRX-00821,PROD-0068,PROMO-NONE,2,3499000,0.0
DTL-001913,TRX-00822,PROD-0073,PROMO-NONE,2,4299000,0.0
DTL-001914,TRX-00822,PROD-0020,PROMO-NONE,1,3999000,0.0
DTL-001915,TRX-00822,PROD-0046,PROMO-NONE,3,2999000,0.0
DTL-001916,TRX-00823,PROD-0056,PROMO-NONE,1,5799000,0.0
DTL-001917,TRX-00823,PROD-0088,PROMO-NONE,1,2799000,0.0
DTL-001918,TRX-00824,PROD-0072,PROMO-006,1,6999000,209970.0
DTL-001919,TRX-00824,PROD-0015,PROMO-020,2,13599000,1359900.0
DTL-001920,TRX-00825,PROD-0081,PROMO-NONE,2,7999000,0.0
DTL-001921,TRX-00825,PROD-0037,PROMO-003,1,2999000,239920.0
DTL-001922,TRX-00825,PROD-0052,PROMO-NONE,1,2099000,0.0
DTL-001923,TRX-00826,PROD-0073,PROMO-NONE,1,4299000,0.0
DTL-001924,TRX-00826,PROD-0095,PROMO-011,1,399000,31920.0
DTL-001925,TRX-00826,PROD-0070,PROMO-NONE,1,6499000,0.0
DTL-001926,TRX-00827,PROD-0014,PROMO-001,1,9499000,284970.0
DTL-001927,TRX-00827,PROD-0090,PROMO-NONE,1,699000,0.0
DTL-001928,TRX-00828,PROD-0006,PROMO-NONE,1,12499000,0.0
DTL-001929,TRX-00828,PROD-0024,PROMO-007,1,399000,39900.0
DTL-001930,TRX-00829,PROD-0041,PROMO-008,1,6499000,324950.0
DTL-001931,TRX-00829,PROD-0001,PROMO-NONE,2,20499000,0.0
DTL-001932,TRX-00830,PROD-0007,PROMO-NONE,1,9999000,0.0
DTL-001933,TRX-00831,PROD-0092,PROMO-NONE,1,649000,0.0
DTL-001934,TRX-00831,PROD-0054,PROMO-NONE,1,4499000,0.0
DTL-001935,TRX-00832,PROD-0089,PROMO-NONE,1,779000,0.0
DTL-001936,TRX-00832,PROD-0040,PROMO-NONE,2,15999000,0.0
DTL-001937,TRX-00832,PROD-0045,PROMO-015,1,3999000,319920.0
DTL-001938,TRX-00832,PROD-0066,PROMO-NONE,2,5499000,0.0
DTL-001939,TRX-00833,PROD-0097,PROMO-019,1,1565000,78250.0
DTL-001940,TRX-00833,PROD-0035,PROMO-NONE,1,4999000,0.0
DTL-001941,TRX-00833,PROD-0090,PROMO-004,1,699000,83880.0
DTL-001942,TRX-00834,PROD-0015,PROMO-NONE,2,13599000,0.0
DTL-001943,TRX-00834,PROD-0061,PROMO-NONE,1,5599000,0.0
DTL-001944,TRX-00834,PROD-0088,PROMO-NONE,1,2799000,0.0
DTL-001945,TRX-00835,PROD-0004,PROMO-NONE,1,16999000,0.0
DTL-001946,TRX-00835,PROD-0024,PROMO-NONE,1,399000,0.0
DTL-001947,TRX-00836,PROD-0001,PROMO-012,1,20499000,2049900.0
DTL-001948,TRX-00836,PROD-0016,PROMO-NONE,1,14999000,0.0
DTL-001949,TRX-00836,PROD-0097,PROMO-NONE,2,1565000,0.0
DTL-001950,TRX-00836,PROD-0010,PROMO-002,3,12599000,3023760.0
DTL-001951,TRX-00837,PROD-0078,PROMO-015,1,21999000,1759920.0
DTL-001952,TRX-00837,PROD-0033,PROMO-NONE,2,15999000,0.0
DTL-001953,TRX-00837,PROD-0076,PROMO-NONE,1,2999000,0.0
DTL-001954,TRX-00838,PROD-0053,PROMO-008,1,5099000,254950.0
DTL-001955,TRX-00838,PROD-0064,PROMO-NONE,2,7499000,0.0
DTL-001956,TRX-00839,PROD-0006,PROMO-NONE,1,12499000,0.0
DTL-001957,TRX-00839,PROD-0066,PROMO-NONE,1,5499000,0.0
DTL-001958,TRX-00839,PROD-0019,PROMO-NONE,1,14999000,0.0
DTL-001959,TRX-00840,PROD-0065,PROMO-013,1,6299000,629900.0
DTL-001960,TRX-00841,PROD-0047,PROMO-001,1,12499000,374970.0
DTL-001961,TRX-00841,PROD-0039,PROMO-NONE,2,13999000,0.0
DTL-001962,TRX-00841,PROD-0041,PROMO-NONE,1,6499000,0.0
DTL-001963,TRX-00841,PROD-0083,PROMO-NONE,1,7499000,0.0
DTL-001964,TRX-00842,PROD-0065,PROMO-NONE,2,6299000,0.0
DTL-001965,TRX-00842,PROD-0088,PROMO-NONE,1,2799000,0.0
DTL-001966,TRX-00843,PROD-0013,PROMO-NONE,2,6499000,0.0
DTL-001967,TRX-00843,PROD-0035,PROMO-001,1,4999000,149970.0
DTL-001968,TRX-00844,PROD-0010,PROMO-020,3,12599000,1889850.0
DTL-001969,TRX-00844,PROD-0041,PROMO-008,3,6499000,974850.0
DTL-001970,TRX-00844,PROD-0084,PROMO-NONE,1,1399000,0.0
DTL-001971,TRX-00844,PROD-0090,PROMO-NONE,2,699000,0.0
DTL-001972,TRX-00845,PROD-0088,PROMO-NONE,1,2799000,0.0
DTL-001973,TRX-00845,PROD-0067,PROMO-NONE,1,3999000,0.0
DTL-001974,TRX-00846,PROD-0081,PROMO-NONE,1,7999000,0.0
DTL-001975,TRX-00846,PROD-0064,PROMO-NONE,1,7499000,0.0
DTL-001976,TRX-00847,PROD-0091,PROMO-NONE,1,699000,0.0
DTL-001977,TRX-00848,PROD-0031,PROMO-NONE,1,20999000,0.0
DTL-001978,TRX-00849,PROD-0011,PROMO-NONE,1,15999000,0.0
DTL-001979,TRX-00849,PROD-0053,PROMO-NONE,2,5099000,0.0
DTL-001980,TRX-00849,PROD-0030,PROMO-NONE,1,13499000,0.0
DTL-001981,TRX-00849,PROD-0013,PROMO-017,1,6499000,779880.0
DTL-001982,TRX-00850,PROD-0034,PROMO-NONE,1,5999000,0.0
DTL-001983,TRX-00850,PROD-0025,PROMO-NONE,1,24499000,0.0
DTL-001984,TRX-00851,PROD-0091,PROMO-NONE,1,699000,0.0
DTL-001985,TRX-00851,PROD-0085,PROMO-NONE,1,399000,0.0
DTL-001986,TRX-00852,PROD-0026,PROMO-NONE,1,19499000,0.0
DTL-001987,TRX-00852,PROD-0068,PROMO-017,1,3499000,419880.0
DTL-001988,TRX-00853,PROD-0002,PROMO-NONE,1,23499000,0.0
DTL-001989,TRX-00853,PROD-0005,PROMO-NONE,2,13999000,0.0
DTL-001990,TRX-00853,PROD-0001,PROMO-NONE,1,20499000,0.0
DTL-001991,TRX-00853,PROD-0080,PROMO-004,1,10999000,1319880.0
DTL-001992,TRX-00854,PROD-0006,PROMO-NONE,3,12499000,0.0
DTL-001993,TRX-00854,PROD-0053,PROMO-NONE,1,5099000,0.0
DTL-001994,TRX-00854,PROD-0064,PROMO-019,1,7499000,374950.0
DTL-001995,TRX-00855,PROD-0075,PROMO-004,1,4699000,563880.0
DTL-001996,TRX-00855,PROD-0006,PROMO-003,1,12499000,999920.0
DTL-001997,TRX-00855,PROD-0017,PROMO-020,1,22999000,1149950.0
DTL-001998,TRX-00855,PROD-0026,PROMO-NONE,1,19499000,0.0
DTL-001999,TRX-00856,PROD-0044,PROMO-NONE,1,4499000,0.0
DTL-002000,TRX-00857,PROD-0077,PROMO-012,1,1999000,199900.0
DTL-002001,TRX-00857,PROD-0040,PROMO-NONE,1,15999000,0.0
DTL-002002,TRX-00857,PROD-0003,PROMO-NONE,1,18499000,0.0
DTL-002003,TRX-00857,PROD-0041,PROMO-020,1,6499000,324950.0
DTL-002004,TRX-00858,PROD-0066,PROMO-NONE,1,5499000,0.0
DTL-002005,TRX-00858,PROD-0067,PROMO-NONE,1,3999000,0.0
DTL-002006,TRX-00859,PROD-0019,PROMO-NONE,1,14999000,0.0
DTL-002007,TRX-00859,PROD-0025,PROMO-NONE,1,24499000,0.0
DTL-002008,TRX-00860,PROD-0003,PROMO-NONE,2,18499000,0.0
DTL-002009,TRX-00860,PROD-0088,PROMO-NONE,1,2799000,0.0
DTL-002010,TRX-00860,PROD-0093,PROMO-NONE,1,699000,0.0
DTL-002011,TRX-00860,PROD-0081,PROMO-NONE,1,7999000,0.0
DTL-002012,TRX-00861,PROD-0054,PROMO-005,2,4499000,719840.0
DTL-002013,TRX-00862,PROD-0039,PROMO-NONE,1,13999000,0.0
DTL-002014,TRX-00862,PROD-0021,PROMO-NONE,1,2499000,0.0
DTL-002015,TRX-00862,PROD-0035,PROMO-001,1,4999000,149970.0
DTL-002016,TRX-00863,PROD-0039,PROMO-NONE,1,13999000,0.0
DTL-002017,TRX-00863,PROD-0024,PROMO-NONE,1,399000,0.0
DTL-002018,TRX-00863,PROD-0016,PROMO-NONE,2,14999000,0.0
DTL-002019,TRX-00864,PROD-0027,PROMO-001,3,16499000,1484910.0
DTL-002020,TRX-00865,PROD-0092,PROMO-014,2,649000,38940.0
DTL-002021,TRX-00865,PROD-0007,PROMO-NONE,1,9999000,0.0
DTL-002022,TRX-00866,PROD-0067,PROMO-NONE,1,3999000,0.0
DTL-002023,TRX-00867,PROD-0085,PROMO-001,1,399000,11970.0
DTL-002024,TRX-00867,PROD-0074,PROMO-NONE,1,5999000,0.0
DTL-002025,TRX-00867,PROD-0017,PROMO-NONE,1,22999000,0.0
DTL-002026,TRX-00867,PROD-0049,PROMO-NONE,1,6999000,0.0
DTL-002027,TRX-00868,PROD-0040,PROMO-NONE,1,15999000,0.0
DTL-002028,TRX-00868,PROD-0018,PROMO-NONE,1,7999000,0.0
DTL-002029,TRX-00868,PROD-0055,PROMO-NONE,1,3299000,0.0
DTL-002030,TRX-00869,PROD-0007,PROMO-010,1,9999000,499950.0
DTL-002031,TRX-00870,PROD-0058,PROMO-NONE,1,4999000,0.0
DTL-002032,TRX-00870,PROD-0019,PROMO-NONE,1,14999000,0.0
DTL-002033,TRX-00870,PROD-0084,PROMO-018,1,1399000,209850.0
DTL-002034,TRX-00871,PROD-0063,PROMO-NONE,1,6999000,0.0
DTL-002035,TRX-00871,PROD-0033,PROMO-010,1,15999000,799950.0
DTL-002036,TRX-00872,PROD-0045,PROMO-007,1,3999000,399900.0
DTL-002037,TRX-00872,PROD-0067,PROMO-NONE,2,3999000,0.0
DTL-002038,TRX-00872,PROD-0042,PROMO-NONE,1,3499000,0.0
DTL-002039,TRX-00872,PROD-0066,PROMO-NONE,1,5499000,0.0
DTL-002040,TRX-00873,PROD-0007,PROMO-NONE,1,9999000,0.0
DTL-002041,TRX-00873,PROD-0099,PROMO-004,1,3079000,369480.0
DTL-002042,TRX-00873,PROD-0069,PROMO-NONE,1,1599000,0.0
DTL-002043,TRX-00873,PROD-0058,PROMO-NONE,1,4999000,0.0
DTL-002044,TRX-00874,PROD-0080,PROMO-019,1,10999000,549950.0
DTL-002045,TRX-00874,PROD-0028,PROMO-NONE,1,20999000,0.0
DTL-002046,TRX-00874,PROD-0033,PROMO-020,1,15999000,799950.0
DTL-002047,TRX-00874,PROD-0020,PROMO-NONE,2,3999000,0.0
DTL-002048,TRX-00875,PROD-0003,PROMO-NONE,2,18499000,0.0
DTL-002049,TRX-00875,PROD-0019,PROMO-NONE,2,14999000,0.0
DTL-002050,TRX-00875,PROD-0014,PROMO-003,1,9499000,759920.0
DTL-002051,TRX-00876,PROD-0006,PROMO-NONE,1,12499000,0.0
DTL-002052,TRX-00877,PROD-0016,PROMO-NONE,1,14999000,0.0
DTL-002053,TRX-00878,PROD-0016,PROMO-004,2,14999000,3599760.0
DTL-002054,TRX-00878,PROD-0015,PROMO-NONE,1,13599000,0.0
DTL-002055,TRX-00879,PROD-0069,PROMO-NONE,1,1599000,0.0
DTL-002056,TRX-00880,PROD-0093,PROMO-NONE,1,699000,0.0
DTL-002057,TRX-00880,PROD-0024,PROMO-NONE,1,399000,0.0
DTL-002058,TRX-00881,PROD-0041,PROMO-NONE,1,6499000,0.0
DTL-002059,TRX-00881,PROD-0043,PROMO-004,1,8999000,1079880.0
DTL-002060,TRX-00882,PROD-0024,PROMO-020,1,399000,19950.0
DTL-002061,TRX-00882,PROD-0023,PROMO-NONE,1,499000,0.0
DTL-002062,TRX-00882,PROD-0035,PROMO-NONE,1,4999000,0.0
DTL-002063,TRX-00882,PROD-0091,PROMO-NONE,1,699000,0.0
DTL-002064,TRX-00883,PROD-0024,PROMO-NONE,1,399000,0.0
DTL-002065,TRX-00883,PROD-0012,PROMO-003,1,11499000,919920.0
DTL-002066,TRX-00883,PROD-0071,PROMO-NONE,2,4999000,0.0
DTL-002067,TRX-00884,PROD-0100,PROMO-011,1,1799000,143920.0
DTL-002068,TRX-00884,PROD-0042,PROMO-018,1,3499000,524850.0
DTL-002069,TRX-00885,PROD-0100,PROMO-013,1,1799000,179900.0
DTL-002070,TRX-00885,PROD-0020,PROMO-014,1,3999000,119970.0
DTL-002071,TRX-00886,PROD-0092,PROMO-NONE,2,649000,0.0
DTL-002072,TRX-00886,PROD-0050,PROMO-NONE,1,8499000,0.0
DTL-002073,TRX-00886,PROD-0026,PROMO-NONE,1,19499000,0.0
DTL-002074,TRX-00887,PROD-0066,PROMO-NONE,1,5499000,0.0
DTL-002075,TRX-00887,PROD-0048,PROMO-013,2,16999000,3399800.0
DTL-002076,TRX-00887,PROD-0020,PROMO-009,1,3999000,119970.0
DTL-002077,TRX-00888,PROD-0038,PROMO-NONE,1,1599000,0.0
DTL-002078,TRX-00889,PROD-0014,PROMO-NONE,1,9499000,0.0
DTL-002079,TRX-00889,PROD-0094,PROMO-NONE,1,2999000,0.0
DTL-002080,TRX-00890,PROD-0030,PROMO-002,1,13499000,1079920.0
DTL-002081,TRX-00890,PROD-0013,PROMO-NONE,1,6499000,0.0
DTL-002082,TRX-00890,PROD-0034,PROMO-NONE,1,5999000,0.0
DTL-002083,TRX-00890,PROD-0008,PROMO-NONE,1,10999000,0.0
DTL-002084,TRX-00891,PROD-0040,PROMO-NONE,1,15999000,0.0
DTL-002085,TRX-00891,PROD-0002,PROMO-017,1,23499000,2819880.0
DTL-002086,TRX-00891,PROD-0066,PROMO-005,1,5499000,439920.0
DTL-002087,TRX-00891,PROD-0023,PROMO-006,1,499000,14970.0
DTL-002088,TRX-00892,PROD-0031,PROMO-NONE,1,20999000,0.0
DTL-002089,TRX-00892,PROD-0013,PROMO-NONE,1,6499000,0.0
DTL-002090,TRX-00892,PROD-0045,PROMO-NONE,2,3999000,0.0
DTL-002091,TRX-00893,PROD-0040,PROMO-NONE,2,15999000,0.0
DTL-002092,TRX-00894,PROD-0087,PROMO-NONE,1,1199000,0.0
DTL-002093,TRX-00894,PROD-0088,PROMO-014,2,2799000,167940.0
DTL-002094,TRX-00895,PROD-0082,PROMO-NONE,1,7499000,0.0
DTL-002095,TRX-00895,PROD-0020,PROMO-006,1,3999000,119970.0
DTL-002096,TRX-00896,PROD-0009,PROMO-NONE,1,12999000,0.0
DTL-002097,TRX-00897,PROD-0052,PROMO-019,2,2099000,209900.0
DTL-002098,TRX-00897,PROD-0049,PROMO-018,2,6999000,2099700.0
DTL-002099,TRX-00897,PROD-0037,PROMO-NONE,1,2999000,0.0
DTL-002100,TRX-00897,PROD-0046,PROMO-NONE,1,2999000,0.0
DTL-002101,TRX-00898,PROD-0042,PROMO-NONE,3,3499000,0.0
DTL-002102,TRX-00898,PROD-0043,PROMO-NONE,1,8999000,0.0
DTL-002103,TRX-00898,PROD-0068,PROMO-NONE,1,3499000,0.0
DTL-002104,TRX-00899,PROD-0023,PROMO-NONE,1,499000,0.0
DTL-002105,TRX-00899,PROD-0028,PROMO-002,1,20999000,1679920.0
DTL-002106,TRX-00900,PROD-0080,PROMO-NONE,1,10999000,0.0
DTL-002107,TRX-00900,PROD-0038,PROMO-NONE,1,1599000,0.0
DTL-002108,TRX-00900,PROD-0054,PROMO-NONE,1,4499000,0.0
DTL-002109,TRX-00900,PROD-0074,PROMO-006,1,5999000,179970.0
DTL-002110,TRX-00901,PROD-0017,PROMO-NONE,1,22999000,0.0
DTL-002111,TRX-00901,PROD-0096,PROMO-019,1,1599000,79950.0
DTL-002112,TRX-00901,PROD-0075,PROMO-NONE,1,4699000,0.0
DTL-002113,TRX-00901,PROD-0062,PROMO-018,1,5999000,899850.0
DTL-002114,TRX-00902,PROD-0071,PROMO-NONE,1,4999000,0.0
DTL-002115,TRX-00902,PROD-0095,PROMO-NONE,1,399000,0.0
DTL-002116,TRX-00902,PROD-0080,PROMO-012,1,10999000,1099900.0
DTL-002117,TRX-00903,PROD-0072,PROMO-NONE,1,6999000,0.0
DTL-002118,TRX-00904,PROD-0015,PROMO-NONE,2,13599000,0.0
DTL-002119,TRX-00904,PROD-0060,PROMO-007,2,4999000,999800.0
DTL-002120,TRX-00904,PROD-0081,PROMO-010,1,7999000,399950.0
DTL-002121,TRX-00905,PROD-0087,PROMO-NONE,1,1199000,0.0
DTL-002122,TRX-00906,PROD-0040,PROMO-010,1,15999000,799950.0
DTL-002123,TRX-00906,PROD-0022,PROMO-019,1,499000,24950.0
DTL-002124,TRX-00906,PROD-0075,PROMO-009,2,4699000,281940.0
DTL-002125,TRX-00907,PROD-0010,PROMO-002,1,12599000,1007920.0
DTL-002126,TRX-00907,PROD-0100,PROMO-NONE,1,1799000,0.0
DTL-002127,TRX-00907,PROD-0084,PROMO-NONE,1,1399000,0.0
DTL-002128,TRX-00908,PROD-0032,PROMO-NONE,1,28499000,0.0
DTL-002129,TRX-00908,PROD-0044,PROMO-NONE,1,4499000,0.0
DTL-002130,TRX-00909,PROD-0081,PROMO-NONE,2,7999000,0.0
DTL-002131,TRX-00909,PROD-0058,PROMO-NONE,1,4999000,0.0
DTL-002132,TRX-00910,PROD-0053,PROMO-006,1,5099000,152970.0
DTL-002133,TRX-00910,PROD-0005,PROMO-009,1,13999000,419970.0
DTL-002134,TRX-00911,PROD-0065,PROMO-001,2,6299000,377940.0
DTL-002135,TRX-00911,PROD-0080,PROMO-NONE,1,10999000,0.0
DTL-002136,TRX-00912,PROD-0035,PROMO-NONE,1,4999000,0.0
DTL-002137,TRX-00913,PROD-0013,PROMO-NONE,1,6499000,0.0
DTL-002138,TRX-00913,PROD-0046,PROMO-NONE,2,2999000,0.0
DTL-002139,TRX-00913,PROD-0065,PROMO-006,3,6299000,566910.0
DTL-002140,TRX-00914,PROD-0034,PROMO-NONE,1,5999000,0.0
DTL-002141,TRX-00915,PROD-0073,PROMO-NONE,1,4299000,0.0
DTL-002142,TRX-00915,PROD-0002,PROMO-NONE,1,23499000,0.0
DTL-002143,TRX-00916,PROD-0005,PROMO-NONE,1,13999000,0.0
DTL-002144,TRX-00916,PROD-0019,PROMO-NONE,1,14999000,0.0
DTL-002145,TRX-00917,PROD-0006,PROMO-NONE,1,12499000,0.0
DTL-002146,TRX-00918,PROD-0057,PROMO-NONE,3,5999000,0.0
DTL-002147,TRX-00918,PROD-0072,PROMO-NONE,2,6999000,0.0
DTL-002148,TRX-00919,PROD-0040,PROMO-004,1,15999000,1919880.0
DTL-002149,TRX-00919,PROD-0030,PROMO-NONE,2,13499000,0.0
DTL-002150,TRX-00919,PROD-0090,PROMO-017,1,699000,83880.0
DTL-002151,TRX-00920,PROD-0080,PROMO-010,1,10999000,549950.0
DTL-002152,TRX-00920,PROD-0096,PROMO-NONE,2,1599000,0.0
DTL-002153,TRX-00921,PROD-0014,PROMO-007,1,9499000,949900.0
DTL-002154,TRX-00921,PROD-0042,PROMO-NONE,1,3499000,0.0
DTL-002155,TRX-00921,PROD-0005,PROMO-012,1,13999000,1399900.0
DTL-002156,TRX-00922,PROD-0073,PROMO-019,1,4299000,214950.0
DTL-002157,TRX-00922,PROD-0050,PROMO-009,1,8499000,254970.0
DTL-002158,TRX-00923,PROD-0019,PROMO-006,1,14999000,449970.0
DTL-002159,TRX-00923,PROD-0023,PROMO-009,1,499000,14970.0
DTL-002160,TRX-00923,PROD-0014,PROMO-019,1,9499000,474950.0
DTL-002161,TRX-00923,PROD-0098,PROMO-NONE,1,1695000,0.0
DTL-002162,TRX-00924,PROD-0009,PROMO-NONE,2,12999000,0.0
DTL-002163,TRX-00925,PROD-0028,PROMO-NONE,2,20999000,0.0
DTL-002164,TRX-00926,PROD-0099,PROMO-007,1,3079000,307900.0
DTL-002165,TRX-00926,PROD-0015,PROMO-NONE,2,13599000,0.0
DTL-002166,TRX-00926,PROD-0063,PROMO-011,1,6999000,559920.0
DTL-002167,TRX-00926,PROD-0074,PROMO-NONE,2,5999000,0.0
DTL-002168,TRX-00927,PROD-0032,PROMO-015,2,28499000,4559840.0
DTL-002169,TRX-00927,PROD-0044,PROMO-NONE,1,4499000,0.0
DTL-002170,TRX-00928,PROD-0023,PROMO-001,1,499000,14970.0
DTL-002171,TRX-00929,PROD-0099,PROMO-010,1,3079000,153950.0
DTL-002172,TRX-00929,PROD-0082,PROMO-NONE,1,7499000,0.0
DTL-002173,TRX-00929,PROD-0029,PROMO-NONE,1,17499000,0.0
DTL-002174,TRX-00930,PROD-0040,PROMO-NONE,3,15999000,0.0
DTL-002175,TRX-00930,PROD-0046,PROMO-NONE,2,2999000,0.0
DTL-002176,TRX-00930,PROD-0060,PROMO-007,1,4999000,499900.0
DTL-002177,TRX-00931,PROD-0066,PROMO-002,1,5499000,439920.0
DTL-002178,TRX-00931,PROD-0025,PROMO-010,1,24499000,1224950.0
DTL-002179,TRX-00932,PROD-0036,PROMO-020,1,3999000,199950.0
DTL-002180,TRX-00932,PROD-0026,PROMO-NONE,1,19499000,0.0
DTL-002181,TRX-00933,PROD-0027,PROMO-011,1,16499000,1319920.0
DTL-002182,TRX-00933,PROD-0006,PROMO-NONE,1,12499000,0.0
DTL-002183,TRX-00934,PROD-0016,PROMO-013,1,14999000,1499900.0
DTL-002184,TRX-00935,PROD-0097,PROMO-002,1,1565000,125200.0
DTL-002185,TRX-00936,PROD-0058,PROMO-014,1,4999000,149970.0
DTL-002186,TRX-00936,PROD-0034,PROMO-004,1,5999000,719880.0
DTL-002187,TRX-00937,PROD-0060,PROMO-NONE,1,4999000,0.0
DTL-002188,TRX-00937,PROD-0052,PROMO-NONE,3,2099000,0.0
DTL-002189,TRX-00937,PROD-0082,PROMO-NONE,1,7499000,0.0
DTL-002190,TRX-00938,PROD-0091,PROMO-NONE,1,699000,0.0
DTL-002191,TRX-00938,PROD-0020,PROMO-013,1,3999000,399900.0
DTL-002192,TRX-00939,PROD-0015,PROMO-NONE,1,13599000,0.0
DTL-002193,TRX-00939,PROD-0086,PROMO-NONE,2,1199000,0.0
DTL-002194,TRX-00940,PROD-0057,PROMO-017,1,5999000,719880.0
DTL-002195,TRX-00940,PROD-0035,PROMO-NONE,1,4999000,0.0
DTL-002196,TRX-00941,PROD-0025,PROMO-019,1,24499000,1224950.0
DTL-002197,TRX-00941,PROD-0045,PROMO-005,3,3999000,959760.0
DTL-002198,TRX-00941,PROD-0030,PROMO-NONE,1,13499000,0.0
DTL-002199,TRX-00942,PROD-0086,PROMO-002,1,1199000,95920.0
DTL-002200,TRX-00942,PROD-0098,PROMO-012,3,1695000,508500.0
DTL-002201,TRX-00943,PROD-0036,PROMO-NONE,1,3999000,0.0
DTL-002202,TRX-00943,PROD-0057,PROMO-NONE,1,5999000,0.0
DTL-002203,TRX-00944,PROD-0071,PROMO-NONE,1,4999000,0.0
DTL-002204,TRX-00944,PROD-0054,PROMO-NONE,1,4499000,0.0
DTL-002205,TRX-00945,PROD-0066,PROMO-002,1,5499000,439920.0
DTL-002206,TRX-00945,PROD-0022,PROMO-NONE,2,499000,0.0
DTL-002207,TRX-00946,PROD-0017,PROMO-NONE,2,22999000,0.0
DTL-002208,TRX-00947,PROD-0004,PROMO-002,2,16999000,2719840.0
DTL-002209,TRX-00947,PROD-0022,PROMO-NONE,1,499000,0.0
DTL-002210,TRX-00948,PROD-0024,PROMO-NONE,2,399000,0.0
DTL-002211,TRX-00948,PROD-0049,PROMO-NONE,1,6999000,0.0
DTL-002212,TRX-00949,PROD-0067,PROMO-NONE,3,3999000,0.0
DTL-002213,TRX-00950,PROD-0058,PROMO-001,1,4999000,149970.0
DTL-002214,TRX-00950,PROD-0047,PROMO-NONE,1,12499000,0.0
DTL-002215,TRX-00950,PROD-0017,PROMO-NONE,2,22999000,0.0
DTL-002216,TRX-00951,PROD-0043,PROMO-015,1,8999000,719920.0
DTL-002217,TRX-00952,PROD-0015,PROMO-012,1,13599000,1359900.0
DTL-002218,TRX-00952,PROD-0010,PROMO-001,3,12599000,1133910.0
DTL-002219,TRX-00952,PROD-0056,PROMO-NONE,1,5799000,0.0
DTL-002220,TRX-00953,PROD-0075,PROMO-NONE,3,4699000,0.0
DTL-002221,TRX-00953,PROD-0056,PROMO-006,1,5799000,173970.0
DTL-002222,TRX-00954,PROD-0082,PROMO-NONE,1,7499000,0.0
DTL-002223,TRX-00954,PROD-0084,PROMO-NONE,1,1399000,0.0
DTL-002224,TRX-00954,PROD-0100,PROMO-NONE,1,1799000,0.0
DTL-002225,TRX-00954,PROD-0004,PROMO-NONE,2,16999000,0.0
DTL-002226,TRX-00955,PROD-0038,PROMO-005,1,1599000,127920.0
DTL-002227,TRX-00955,PROD-0001,PROMO-NONE,3,20499000,0.0
DTL-002228,TRX-00955,PROD-0017,PROMO-NONE,1,22999000,0.0
DTL-002229,TRX-00956,PROD-0038,PROMO-NONE,1,1599000,0.0
DTL-002230,TRX-00956,PROD-0025,PROMO-NONE,1,24499000,0.0
DTL-002231,TRX-00957,PROD-0060,PROMO-NONE,1,4999000,0.0
DTL-002232,TRX-00957,PROD-0035,PROMO-004,2,4999000,1199760.0
DTL-002233,TRX-00958,PROD-0019,PROMO-011,1,14999000,1199920.0
DTL-002234,TRX-00958,PROD-0098,PROMO-NONE,1,1695000,0.0
DTL-002235,TRX-00958,PROD-0062,PROMO-NONE,1,5999000,0.0
DTL-002236,TRX-00959,PROD-0054,PROMO-NONE,1,4499000,0.0
DTL-002237,TRX-00959,PROD-0083,PROMO-NONE,1,7499000,0.0
DTL-002238,TRX-00960,PROD-0076,PROMO-NONE,1,2999000,0.0
DTL-002239,TRX-00960,PROD-0012,PROMO-NONE,2,11499000,0.0
DTL-002240,TRX-00960,PROD-0051,PROMO-NONE,1,6499000,0.0
DTL-002241,TRX-00961,PROD-0094,PROMO-NONE,1,2999000,0.0
DTL-002242,TRX-00961,PROD-0019,PROMO-NONE,1,14999000,0.0
DTL-002243,TRX-00962,PROD-0035,PROMO-NONE,1,4999000,0.0
DTL-002244,TRX-00962,PROD-0050,PROMO-NONE,1,8499000,0.0
DTL-002245,TRX-00963,PROD-0008,PROMO-NONE,1,10999000,0.0
DTL-002246,TRX-00964,PROD-0097,PROMO-020,1,1565000,78250.0
DTL-002247,TRX-00965,PROD-0081,PROMO-007,2,7999000,1599800.0
DTL-002248,TRX-00965,PROD-0076,PROMO-016,1,2999000,149950.0
DTL-002249,TRX-00966,PROD-0057,PROMO-013,2,5999000,1199800.0
DTL-002250,TRX-00966,PROD-0023,PROMO-012,1,499000,49900.0
DTL-002251,TRX-00967,PROD-0090,PROMO-016,1,699000,34950.0
DTL-002252,TRX-00967,PROD-0014,PROMO-NONE,2,9499000,0.0
DTL-002253,TRX-00968,PROD-0039,PROMO-NONE,2,13999000,0.0
DTL-002254,TRX-00968,PROD-0044,PROMO-007,2,4499000,899800.0
DTL-002255,TRX-00968,PROD-0038,PROMO-NONE,2,1599000,0.0
DTL-002256,TRX-00968,PROD-0005,PROMO-NONE,1,13999000,0.0
DTL-002257,TRX-00969,PROD-0075,PROMO-NONE,1,4699000,0.0
DTL-002258,TRX-00969,PROD-0094,PROMO-NONE,1,2999000,0.0
DTL-002259,TRX-00969,PROD-0084,PROMO-NONE,2,1399000,0.0
DTL-002260,TRX-00970,PROD-0068,PROMO-NONE,1,3499000,0.0
DTL-002261,TRX-00970,PROD-0060,PROMO-009,1,4999000,149970.0
DTL-002262,TRX-00971,PROD-0093,PROMO-NONE,1,699000,0.0
DTL-002263,TRX-00971,PROD-0012,PROMO-NONE,1,11499000,0.0
DTL-002264,TRX-00971,PROD-0021,PROMO-NONE,1,2499000,0.0
DTL-002265,TRX-00972,PROD-0026,PROMO-NONE,1,19499000,0.0
DTL-002266,TRX-00972,PROD-0067,PROMO-NONE,1,3999000,0.0
DTL-002267,TRX-00972,PROD-0047,PROMO-NONE,1,12499000,0.0
DTL-002268,TRX-00973,PROD-0064,PROMO-003,1,7499000,599920.0
DTL-002269,TRX-00973,PROD-0034,PROMO-NONE,1,5999000,0.0
DTL-002270,TRX-00974,PROD-0054,PROMO-NONE,1,4499000,0.0
DTL-002271,TRX-00974,PROD-0069,PROMO-008,1,1599000,79950.0
DTL-002272,TRX-00974,PROD-0088,PROMO-NONE,1,2799000,0.0
DTL-002273,TRX-00974,PROD-0003,PROMO-NONE,1,18499000,0.0
DTL-002274,TRX-00975,PROD-0006,PROMO-NONE,1,12499000,0.0
DTL-002275,TRX-00975,PROD-0063,PROMO-010,1,6999000,349950.0
DTL-002276,TRX-00976,PROD-0064,PROMO-NONE,1,7499000,0.0
DTL-002277,TRX-00976,PROD-0016,PROMO-NONE,1,14999000,0.0
DTL-002278,TRX-00976,PROD-0025,PROMO-013,2,24499000,4899800.0
DTL-002279,TRX-00977,PROD-0013,PROMO-NONE,1,6499000,0.0
DTL-002280,TRX-00978,PROD-0006,PROMO-NONE,1,12499000,0.0
DTL-002281,TRX-00978,PROD-0058,PROMO-NONE,2,4999000,0.0
DTL-002282,TRX-00979,PROD-0005,PROMO-NONE,1,13999000,0.0
DTL-002283,TRX-00979,PROD-0053,PROMO-NONE,1,5099000,0.0
DTL-002284,TRX-00980,PROD-0017,PROMO-NONE,2,22999000,0.0
DTL-002285,TRX-00980,PROD-0033,PROMO-001,2,15999000,959940.0
DTL-002286,TRX-00981,PROD-0037,PROMO-NONE,1,2999000,0.0
DTL-002287,TRX-00982,PROD-0073,PROMO-NONE,2,4299000,0.0
DTL-002288,TRX-00982,PROD-0043,PROMO-NONE,1,8999000,0.0
DTL-002289,TRX-00982,PROD-0048,PROMO-004,1,16999000,2039880.0
DTL-002290,TRX-00982,PROD-0041,PROMO-NONE,1,6499000,0.0
DTL-002291,TRX-00983,PROD-0006,PROMO-NONE,1,12499000,0.0
DTL-002292,TRX-00984,PROD-0031,PROMO-008,2,20999000,2099900.0
DTL-002293,TRX-00984,PROD-0099,PROMO-NONE,1,3079000,0.0
DTL-002294,TRX-00985,PROD-0077,PROMO-NONE,1,1999000,0.0
DTL-002295,TRX-00985,PROD-0014,PROMO-015,1,9499000,759920.0
DTL-002296,TRX-00986,PROD-0094,PROMO-020,2,2999000,299900.0
DTL-002297,TRX-00986,PROD-0044,PROMO-005,1,4499000,359920.0
DTL-002298,TRX-00986,PROD-0052,PROMO-003,2,2099000,335840.0
DTL-002299,TRX-00986,PROD-0048,PROMO-NONE,1,16999000,0.0
DTL-002300,TRX-00987,PROD-0004,PROMO-NONE,1,16999000,0.0
DTL-002301,TRX-00987,PROD-0011,PROMO-NONE,1,15999000,0.0
DTL-002302,TRX-00987,PROD-0096,PROMO-002,2,1599000,255840.0
DTL-002303,TRX-00988,PROD-0053,PROMO-006,1,5099000,152970.0
DTL-002304,TRX-00988,PROD-0003,PROMO-NONE,1,18499000,0.0
DTL-002305,TRX-00989,PROD-0092,PROMO-NONE,1,649000,0.0
DTL-002306,TRX-00989,PROD-0050,PROMO-002,1,8499000,679920.0
DTL-002307,TRX-00989,PROD-0032,PROMO-NONE,1,28499000,0.0
DTL-002308,TRX-00989,PROD-0067,PROMO-001,1,3999000,119970.0
DTL-002309,TRX-00990,PROD-0094,PROMO-018,2,2999000,899700.0
DTL-002310,TRX-00990,PROD-0068,PROMO-NONE,1,3499000,0.0
DTL-002311,TRX-00990,PROD-0006,PROMO-NONE,1,12499000,0.0
DTL-002312,TRX-00990,PROD-0084,PROMO-014,3,1399000,125910.0
DTL-002313,TRX-00991,PROD-0062,PROMO-017,1,5999000,719880.0
DTL-002314,TRX-00992,PROD-0017,PROMO-NONE,1,22999000,0.0
DTL-002315,TRX-00992,PROD-0097,PROMO-012,1,1565000,156500.0
DTL-002316,TRX-00993,PROD-0035,PROMO-NONE,1,4999000,0.0
DTL-002317,TRX-00993,PROD-0054,PROMO-NONE,2,4499000,0.0
DTL-002318,TRX-00993,PROD-0027,PROMO-NONE,3,16499000,0.0
DTL-002319,TRX-00994,PROD-0078,PROMO-NONE,1,21999000,0.0
DTL-002320,TRX-00995,PROD-0086,PROMO-NONE,1,1199000,0.0
DTL-002321,TRX-00995,PROD-0061,PROMO-010,1,5599000,279950.0
DTL-002322,TRX-00995,PROD-0097,PROMO-NONE,3,1565000,0.0
DTL-002323,TRX-00995,PROD-0092,PROMO-013,1,649000,64900.0
DTL-002324,TRX-00996,PROD-0024,PROMO-NONE,3,399000,0.0
DTL-002325,TRX-00996,PROD-0051,PROMO-NONE,1,6499000,0.0
DTL-002326,TRX-00997,PROD-0050,PROMO-NONE,1,8499000,0.0
DTL-002327,TRX-00997,PROD-0015,PROMO-NONE,1,13599000,0.0
DTL-002328,TRX-00998,PROD-0023,PROMO-NONE,3,499000,0.0
DTL-002329,TRX-00998,PROD-0043,PROMO-NONE,1,8999000,0.0
DTL-002330,TRX-00999,PROD-0041,PROMO-NONE,1,6499000,0.0
DTL-002331,TRX-01000,PROD-0095,PROMO-NONE,1,399000,0.0
DTL-002332,TRX-01000,PROD-0031,PROMO-012,1,20999000,2099900.0
DTL-002333,TRX-01000,PROD-0030,PROMO-017,1,13499000,1619880.0
DTL-002334,TRX-01001,PROD-0011,PROMO-NONE,2,15999000,0.0
DTL-002335,TRX-01001,PROD-0002,PROMO-NONE,2,23499000,0.0
DTL-002336,TRX-01001,PROD-0060,PROMO-NONE,1,4999000,0.0
DTL-002337,TRX-01001,PROD-0094,PROMO-NONE,2,2999000,0.0
DTL-002338,TRX-01002,PROD-0047,PROMO-NONE,3,12499000,0.0
DTL-002339,TRX-01002,PROD-0003,PROMO-NONE,1,18499000,0.0
DTL-002340,TRX-01003,PROD-0089,PROMO-NONE,1,779000,0.0
DTL-002341,TRX-01003,PROD-0079,PROMO-NONE,1,18999000,0.0
DTL-002342,TRX-01003,PROD-0042,PROMO-NONE,1,3499000,0.0
DTL-002343,TRX-01004,PROD-0004,PROMO-018,1,16999000,2549850.0
DTL-002344,TRX-01004,PROD-0049,PROMO-014,1,6999000,209970.0
DTL-002345,TRX-01005,PROD-0075,PROMO-NONE,1,4699000,0.0
DTL-002346,TRX-01005,PROD-0029,PROMO-NONE,1,17499000,0.0
DTL-002347,TRX-01006,PROD-0098,PROMO-NONE,1,1695000,0.0
DTL-002348,TRX-01007,PROD-0062,PROMO-NONE,1,5999000,0.0
DTL-002349,TRX-01007,PROD-0056,PROMO-NONE,1,5799000,0.0
DTL-002350,TRX-01007,PROD-0060,PROMO-NONE,1,4999000,0.0
DTL-002351,TRX-01007,PROD-0019,PROMO-007,2,14999000,2999800.0
DTL-002352,TRX-01008,PROD-0040,PROMO-NONE,1,15999000,0.0
DTL-002353,TRX-01008,PROD-0019,PROMO-NONE,1,14999000,0.0
DTL-002354,TRX-01009,PROD-0071,PROMO-012,2,4999000,999800.0
DTL-002355,TRX-01009,PROD-0006,PROMO-NONE,1,12499000,0.0
DTL-002356,TRX-01010,PROD-0020,PROMO-NONE,1,3999000,0.0
DTL-002357,TRX-01010,PROD-0080,PROMO-004,2,10999000,2639760.0
DTL-002358,TRX-01011,PROD-0092,PROMO-017,2,649000,155760.0
DTL-002359,TRX-01011,PROD-0041,PROMO-NONE,1,6499000,0.0
DTL-002360,TRX-01012,PROD-0055,PROMO-014,2,3299000,197940.0
DTL-002361,TRX-01012,PROD-0063,PROMO-NONE,1,6999000,0.0
DTL-002362,TRX-01012,PROD-0083,PROMO-NONE,3,7499000,0.0
DTL-002363,TRX-01012,PROD-0039,PROMO-NONE,2,13999000,0.0
DTL-002364,TRX-01013,PROD-0094,PROMO-007,3,2999000,899700.0
DTL-002365,TRX-01013,PROD-0047,PROMO-NONE,2,12499000,0.0
DTL-002366,TRX-01014,PROD-0032,PROMO-015,1,28499000,2279920.0
DTL-002367,TRX-01014,PROD-0082,PROMO-NONE,1,7499000,0.0
DTL-002368,TRX-01014,PROD-0085,PROMO-NONE,1,399000,0.0
DTL-002369,TRX-01014,PROD-0081,PROMO-NONE,1,7999000,0.0
DTL-002370,TRX-01015,PROD-0018,PROMO-003,1,7999000,639920.0
DTL-002371,TRX-01015,PROD-0096,PROMO-005,1,1599000,127920.0
DTL-002372,TRX-01016,PROD-0077,PROMO-NONE,1,1999000,0.0
DTL-002373,TRX-01016,PROD-0076,PROMO-020,1,2999000,149950.0
DTL-002374,TRX-01017,PROD-0006,PROMO-008,1,12499000,624950.0
DTL-002375,TRX-01018,PROD-0024,PROMO-012,1,399000,39900.0
DTL-002376,TRX-01018,PROD-0011,PROMO-NONE,1,15999000,0.0
DTL-002377,TRX-01019,PROD-0057,PROMO-NONE,2,5999000,0.0
DTL-002378,TRX-01019,PROD-0050,PROMO-NONE,1,8499000,0.0
DTL-002379,TRX-01019,PROD-0099,PROMO-NONE,1,3079000,0.0
DTL-002380,TRX-01019,PROD-0040,PROMO-NONE,2,15999000,0.0
DTL-002381,TRX-01020,PROD-0095,PROMO-NONE,1,399000,0.0
DTL-002382,TRX-01020,PROD-0099,PROMO-003,1,3079000,246320.0
DTL-002383,TRX-01021,PROD-0036,PROMO-NONE,1,3999000,0.0
DTL-002384,TRX-01022,PROD-0046,PROMO-003,1,2999000,239920.0
DTL-002385,TRX-01022,PROD-0084,PROMO-NONE,1,1399000,0.0
DTL-002386,TRX-01022,PROD-0002,PROMO-NONE,1,23499000,0.0
DTL-002387,TRX-01023,PROD-0071,PROMO-NONE,1,4999000,0.0
DTL-002388,TRX-01023,PROD-0045,PROMO-NONE,1,3999000,0.0
DTL-002389,TRX-01023,PROD-0028,PROMO-NONE,3,20999000,0.0
DTL-002390,TRX-01023,PROD-0005,PROMO-014,2,13999000,839940.0
DTL-002391,TRX-01024,PROD-0044,PROMO-NONE,1,4499000,0.0
DTL-002392,TRX-01025,PROD-0085,PROMO-NONE,1,399000,0.0
DTL-002393,TRX-01025,PROD-0097,PROMO-014,1,1565000,46950.0
DTL-002394,TRX-01026,PROD-0065,PROMO-005,1,6299000,503920.0
DTL-002395,TRX-01026,PROD-0038,PROMO-NONE,1,1599000,0.0
DTL-002396,TRX-01026,PROD-0057,PROMO-017,1,5999000,719880.0
DTL-002397,TRX-01026,PROD-0001,PROMO-NONE,1,20499000,0.0
DTL-002398,TRX-01027,PROD-0066,PROMO-013,1,5499000,549900.0
DTL-002399,TRX-01028,PROD-0029,PROMO-NONE,1,17499000,0.0
DTL-002400,TRX-01028,PROD-0074,PROMO-NONE,1,5999000,0.0
DTL-002401,TRX-01029,PROD-0078,PROMO-009,1,21999000,659970.0
DTL-002402,TRX-01030,PROD-0067,PROMO-NONE,1,3999000,0.0
DTL-002403,TRX-01030,PROD-0009,PROMO-NONE,1,12999000,0.0
DTL-002404,TRX-01030,PROD-0071,PROMO-NONE,1,4999000,0.0
DTL-002405,TRX-01030,PROD-0016,PROMO-NONE,1,14999000,0.0
DTL-002406,TRX-01031,PROD-0032,PROMO-013,1,28499000,2849900.0
DTL-002407,TRX-01031,PROD-0026,PROMO-009,1,19499000,584970.0
DTL-002408,TRX-01032,PROD-0029,PROMO-014,1,17499000,524970.0
DTL-002409,TRX-01033,PROD-0002,PROMO-NONE,2,23499000,0.0
DTL-002410,TRX-01033,PROD-0015,PROMO-NONE,1,13599000,0.0
DTL-002411,TRX-01034,PROD-0037,PROMO-018,1,2999000,449850.0
DTL-002412,TRX-01034,PROD-0001,PROMO-010,1,20499000,1024950.0
DTL-002413,TRX-01035,PROD-0078,PROMO-NONE,1,21999000,0.0
DTL-002414,TRX-01035,PROD-0025,PROMO-NONE,1,24499000,0.0
DTL-002415,TRX-01036,PROD-0016,PROMO-NONE,1,14999000,0.0
DTL-002416,TRX-01036,PROD-0002,PROMO-NONE,1,23499000,0.0
DTL-002417,TRX-01036,PROD-0078,PROMO-018,2,21999000,6599700.0
DTL-002418,TRX-01036,PROD-0022,PROMO-014,1,499000,14970.0
DTL-002419,TRX-01037,PROD-0019,PROMO-011,1,14999000,1199920.0
DTL-002420,TRX-01038,PROD-0007,PROMO-NONE,2,9999000,0.0
DTL-002421,TRX-01039,PROD-0051,PROMO-NONE,2,6499000,0.0
DTL-002422,TRX-01039,PROD-0028,PROMO-002,1,20999000,1679920.0
DTL-002423,TRX-01040,PROD-0100,PROMO-NONE,2,1799000,0.0
DTL-002424,TRX-01040,PROD-0099,PROMO-NONE,1,3079000,0.0
DTL-002425,TRX-01040,PROD-0069,PROMO-NONE,1,1599000,0.0
DTL-002426,TRX-01041,PROD-0086,PROMO-NONE,3,1199000,0.0
DTL-002427,TRX-01041,PROD-0052,PROMO-NONE,1,2099000,0.0
DTL-002428,TRX-01041,PROD-0015,PROMO-NONE,1,13599000,0.0
DTL-002429,TRX-01042,PROD-0087,PROMO-009,2,1199000,71940.0
DTL-002430,TRX-01043,PROD-0008,PROMO-006,1,10999000,329970.0
DTL-002431,TRX-01043,PROD-0081,PROMO-NONE,1,7999000,0.0
DTL-002432,TRX-01044,PROD-0094,PROMO-016,1,2999000,149950.0
DTL-002433,TRX-01044,PROD-0032,PROMO-NONE,1,28499000,0.0
DTL-002434,TRX-01044,PROD-0071,PROMO-008,1,4999000,249950.0
DTL-002435,TRX-01045,PROD-0028,PROMO-NONE,1,20999000,0.0
DTL-002436,TRX-01045,PROD-0065,PROMO-NONE,1,6299000,0.0
DTL-002437,TRX-01045,PROD-0073,PROMO-011,2,4299000,687840.0
DTL-002438,TRX-01046,PROD-0066,PROMO-NONE,1,5499000,0.0
DTL-002439,TRX-01047,PROD-0046,PROMO-NONE,1,2999000,0.0
DTL-002440,TRX-01048,PROD-0073,PROMO-NONE,2,4299000,0.0
DTL-002441,TRX-01048,PROD-0044,PROMO-NONE,1,4499000,0.0
DTL-002442,TRX-01048,PROD-0071,PROMO-NONE,1,4999000,0.0
DTL-002443,TRX-01049,PROD-0044,PROMO-NONE,1,4499000,0.0
DTL-002444,TRX-01049,PROD-0043,PROMO-017,1,8999000,1079880.0
DTL-002445,TRX-01049,PROD-0010,PROMO-NONE,1,12599000,0.0
DTL-002446,TRX-01049,PROD-0003,PROMO-NONE,1,18499000,0.0
DTL-002447,TRX-01050,PROD-0031,PROMO-NONE,1,20999000,0.0
DTL-002448,TRX-01050,PROD-0014,PROMO-001,1,9499000,284970.0
DTL-002449,TRX-01051,PROD-0090,PROMO-NONE,1,699000,0.0
DTL-002450,TRX-01052,PROD-0083,PROMO-NONE,1,7499000,0.0
DTL-002451,TRX-01053,PROD-0006,PROMO-NONE,1,12499000,0.0
DTL-002452,TRX-01053,PROD-0037,PROMO-NONE,1,2999000,0.0
DTL-002453,TRX-01054,PROD-0060,PROMO-NONE,1,4999000,0.0
DTL-002454,TRX-01055,PROD-0091,PROMO-NONE,1,699000,0.0
DTL-002455,TRX-01055,PROD-0005,PROMO-NONE,3,13999000,0.0
DTL-002456,TRX-01056,PROD-0099,PROMO-NONE,1,3079000,0.0
DTL-002457,TRX-01056,PROD-0006,PROMO-NONE,1,12499000,0.0
DTL-002458,TRX-01057,PROD-0048,PROMO-012,3,16999000,5099700.0
DTL-002459,TRX-01058,PROD-0063,PROMO-016,2,6999000,699900.0
DTL-002460,TRX-01059,PROD-0097,PROMO-008,1,1565000,78250.0
DTL-002461,TRX-01059,PROD-0086,PROMO-NONE,1,1199000,0.0
DTL-002462,TRX-01060,PROD-0082,PROMO-008,1,7499000,374950.0
DTL-002463,TRX-01060,PROD-0097,PROMO-017,1,1565000,187800.0
DTL-002464,TRX-01061,PROD-0057,PROMO-NONE,2,5999000,0.0
DTL-002465,TRX-01061,PROD-0002,PROMO-004,2,23499000,5639760.0
DTL-002466,TRX-01062,PROD-0073,PROMO-014,1,4299000,128970.0
DTL-002467,TRX-01062,PROD-0003,PROMO-NONE,2,18499000,0.0
DTL-002468,TRX-01063,PROD-0067,PROMO-NONE,2,3999000,0.0
DTL-002469,TRX-01063,PROD-0035,PROMO-NONE,1,4999000,0.0
DTL-002470,TRX-01063,PROD-0043,PROMO-001,1,8999000,269970.0
DTL-002471,TRX-01064,PROD-0051,PROMO-NONE,3,6499000,0.0
DTL-002472,TRX-01064,PROD-0052,PROMO-010,1,2099000,104950.0
DTL-002473,TRX-01065,PROD-0071,PROMO-NONE,1,4999000,0.0
DTL-002474,TRX-01065,PROD-0098,PROMO-NONE,2,1695000,0.0
DTL-002475,TRX-01066,PROD-0020,PROMO-NONE,1,3999000,0.0
DTL-002476,TRX-01066,PROD-0053,PROMO-NONE,1,5099000,0.0
DTL-002477,TRX-01067,PROD-0004,PROMO-NONE,1,16999000,0.0
DTL-002478,TRX-01067,PROD-0037,PROMO-007,1,2999000,299900.0
DTL-002479,TRX-01068,PROD-0075,PROMO-014,1,4699000,140970.0
DTL-002480,TRX-01069,PROD-0017,PROMO-NONE,1,22999000,0.0
DTL-002481,TRX-01070,PROD-0003,PROMO-NONE,1,18499000,0.0
DTL-002482,TRX-01070,PROD-0058,PROMO-NONE,1,4999000,0.0
DTL-002483,TRX-01071,PROD-0077,PROMO-014,1,1999000,59970.0
DTL-002484,TRX-01071,PROD-0006,PROMO-002,2,12499000,1999840.0
DTL-002485,TRX-01072,PROD-0094,PROMO-NONE,1,2999000,0.0
DTL-002486,TRX-01072,PROD-0012,PROMO-NONE,1,11499000,0.0
DTL-002487,TRX-01072,PROD-0035,PROMO-NONE,1,4999000,0.0
DTL-002488,TRX-01073,PROD-0094,PROMO-NONE,1,2999000,0.0
DTL-002489,TRX-01073,PROD-0009,PROMO-007,1,12999000,1299900.0
DTL-002490,TRX-01073,PROD-0028,PROMO-NONE,1,20999000,0.0
DTL-002491,TRX-01073,PROD-0051,PROMO-NONE,1,6499000,0.0
DTL-002492,TRX-01074,PROD-0049,PROMO-NONE,1,6999000,0.0
DTL-002493,TRX-01074,PROD-0011,PROMO-NONE,2,15999000,0.0
DTL-002494,TRX-01074,PROD-0091,PROMO-NONE,1,699000,0.0
DTL-002495,TRX-01075,PROD-0061,PROMO-014,2,5599000,335940.0
DTL-002496,TRX-01075,PROD-0044,PROMO-NONE,1,4499000,0.0
DTL-002497,TRX-01075,PROD-0088,PROMO-NONE,1,2799000,0.0
DTL-002498,TRX-01076,PROD-0001,PROMO-NONE,2,20499000,0.0
DTL-002499,TRX-01076,PROD-0058,PROMO-NONE,1,4999000,0.0
DTL-002500,TRX-01076,PROD-0035,PROMO-NONE,2,4999000,0.0
DTL-002501,TRX-01077,PROD-0052,PROMO-NONE,1,2099000,0.0
DTL-002502,TRX-01077,PROD-0060,PROMO-NONE,1,4999000,0.0
DTL-002503,TRX-01077,PROD-0095,PROMO-NONE,1,399000,0.0
DTL-002504,TRX-01077,PROD-0025,PROMO-NONE,2,24499000,0.0
DTL-002505,TRX-01078,PROD-0011,PROMO-009,1,15999000,479970.0
DTL-002506,TRX-01079,PROD-0085,PROMO-NONE,1,399000,0.0
DTL-002507,TRX-01079,PROD-0088,PROMO-NONE,1,2799000,0.0
DTL-002508,TRX-01079,PROD-0010,PROMO-003,1,12599000,1007920.0
DTL-002509,TRX-01080,PROD-0076,PROMO-001,1,2999000,89970.0
DTL-002510,TRX-01081,PROD-0017,PROMO-NONE,1,22999000,0.0
DTL-002511,TRX-01082,PROD-0052,PROMO-NONE,1,2099000,0.0
DTL-002512,TRX-01082,PROD-0062,PROMO-NONE,1,5999000,0.0
DTL-002513,TRX-01082,PROD-0004,PROMO-NONE,1,16999000,0.0
DTL-002514,TRX-01083,PROD-0008,PROMO-014,1,10999000,329970.0
DTL-002515,TRX-01084,PROD-0081,PROMO-NONE,1,7999000,0.0
DTL-002516,TRX-01085,PROD-0042,PROMO-NONE,1,3499000,0.0
DTL-002517,TRX-01085,PROD-0077,PROMO-NONE,1,1999000,0.0
DTL-002518,TRX-01086,PROD-0098,PROMO-NONE,1,1695000,0.0
DTL-002519,TRX-01086,PROD-0073,PROMO-007,1,4299000,429900.0
DTL-002520,TRX-01086,PROD-0054,PROMO-NONE,1,4499000,0.0
DTL-002521,TRX-01086,PROD-0055,PROMO-NONE,1,3299000,0.0
DTL-002522,TRX-01087,PROD-0097,PROMO-NONE,1,1565000,0.0
DTL-002523,TRX-01087,PROD-0085,PROMO-NONE,1,399000,0.0
DTL-002524,TRX-01088,PROD-0077,PROMO-NONE,2,1999000,0.0
DTL-002525,TRX-01088,PROD-0050,PROMO-NONE,1,8499000,0.0
DTL-002526,TRX-01088,PROD-0026,PROMO-NONE,1,19499000,0.0
DTL-002527,TRX-01089,PROD-0019,PROMO-010,1,14999000,749950.0
DTL-002528,TRX-01090,PROD-0042,PROMO-NONE,1,3499000,0.0
DTL-002529,TRX-01090,PROD-0041,PROMO-NONE,1,6499000,0.0
DTL-002530,TRX-01091,PROD-0035,PROMO-006,1,4999000,149970.0
DTL-002531,TRX-01091,PROD-0057,PROMO-017,1,5999000,719880.0
DTL-002532,TRX-01091,PROD-0033,PROMO-010,2,15999000,1599900.0
DTL-002533,TRX-01091,PROD-0044,PROMO-NONE,1,4499000,0.0
DTL-002534,TRX-01092,PROD-0081,PROMO-NONE,1,7999000,0.0
DTL-002535,TRX-01092,PROD-0053,PROMO-014,2,5099000,305940.0
DTL-002536,TRX-01093,PROD-0066,PROMO-NONE,1,5499000,0.0
DTL-002537,TRX-01093,PROD-0042,PROMO-005,2,3499000,559840.0
DTL-002538,TRX-01094,PROD-0011,PROMO-005,1,15999000,1279920.0
DTL-002539,TRX-01095,PROD-0056,PROMO-NONE,1,5799000,0.0
DTL-002540,TRX-01095,PROD-0090,PROMO-NONE,1,699000,0.0
DTL-002541,TRX-01095,PROD-0060,PROMO-NONE,1,4999000,0.0
DTL-002542,TRX-01095,PROD-0061,PROMO-NONE,1,5599000,0.0
DTL-002543,TRX-01096,PROD-0044,PROMO-NONE,1,4499000,0.0
DTL-002544,TRX-01097,PROD-0083,PROMO-NONE,1,7499000,0.0
DTL-002545,TRX-01098,PROD-0080,PROMO-005,1,10999000,879920.0
DTL-002546,TRX-01098,PROD-0048,PROMO-006,1,16999000,509970.0
DTL-002547,TRX-01099,PROD-0017,PROMO-NONE,1,22999000,0.0
DTL-002548,TRX-01099,PROD-0094,PROMO-NONE,2,2999000,0.0
DTL-002549,TRX-01099,PROD-0007,PROMO-NONE,1,9999000,0.0
DTL-002550,TRX-01100,PROD-0051,PROMO-NONE,1,6499000,0.0
DTL-002551,TRX-01100,PROD-0007,PROMO-NONE,2,9999000,0.0
DTL-002552,TRX-01100,PROD-0066,PROMO-NONE,2,5499000,0.0
DTL-002553,TRX-01101,PROD-0008,PROMO-NONE,1,10999000,0.0
DTL-002554,TRX-01101,PROD-0078,PROMO-NONE,1,21999000,0.0
DTL-002555,TRX-01102,PROD-0058,PROMO-NONE,1,4999000,0.0
DTL-002556,TRX-01103,PROD-0011,PROMO-NONE,1,15999000,0.0
DTL-002557,TRX-01103,PROD-0043,PROMO-005,1,8999000,719920.0
DTL-002558,TRX-01103,PROD-0081,PROMO-NONE,1,7999000,0.0
DTL-002559,TRX-01104,PROD-0073,PROMO-NONE,1,4299000,0.0
DTL-002560,TRX-01104,PROD-0077,PROMO-009,1,1999000,59970.0
DTL-002561,TRX-01104,PROD-0009,PROMO-NONE,1,12999000,0.0
DTL-002562,TRX-01105,PROD-0068,PROMO-NONE,1,3499000,0.0
DTL-002563,TRX-01105,PROD-0090,PROMO-NONE,1,699000,0.0
DTL-002564,TRX-01105,PROD-0076,PROMO-NONE,1,2999000,0.0
DTL-002565,TRX-01106,PROD-0059,PROMO-NONE,1,2299000,0.0
DTL-002566,TRX-01106,PROD-0100,PROMO-NONE,1,1799000,0.0
DTL-002567,TRX-01106,PROD-0022,PROMO-NONE,1,499000,0.0
DTL-002568,TRX-01106,PROD-0066,PROMO-004,2,5499000,1319760.0
DTL-002569,TRX-01107,PROD-0091,PROMO-NONE,1,699000,0.0
DTL-002570,TRX-01107,PROD-0068,PROMO-NONE,1,3499000,0.0
DTL-002571,TRX-01107,PROD-0064,PROMO-NONE,1,7499000,0.0
DTL-002572,TRX-01107,PROD-0021,PROMO-006,3,2499000,224910.0
DTL-002573,TRX-01108,PROD-0033,PROMO-NONE,1,15999000,0.0
DTL-002574,TRX-01108,PROD-0020,PROMO-NONE,1,3999000,0.0
DTL-002575,TRX-01108,PROD-0088,PROMO-NONE,1,2799000,0.0
DTL-002576,TRX-01108,PROD-0073,PROMO-NONE,2,4299000,0.0
DTL-002577,TRX-01109,PROD-0058,PROMO-NONE,1,4999000,0.0
DTL-002578,TRX-01110,PROD-0023,PROMO-NONE,1,499000,0.0
DTL-002579,TRX-01111,PROD-0018,PROMO-NONE,2,7999000,0.0
DTL-002580,TRX-01111,PROD-0081,PROMO-NONE,1,7999000,0.0
DTL-002581,TRX-01111,PROD-0082,PROMO-NONE,2,7499000,0.0
DTL-002582,TRX-01112,PROD-0092,PROMO-NONE,1,649000,0.0
DTL-002583,TRX-01112,PROD-0096,PROMO-NONE,1,1599000,0.0
DTL-002584,TRX-01112,PROD-0073,PROMO-NONE,1,4299000,0.0
DTL-002585,TRX-01113,PROD-0050,PROMO-NONE,1,8499000,0.0
DTL-002586,TRX-01113,PROD-0038,PROMO-NONE,2,1599000,0.0
DTL-002587,TRX-01114,PROD-0019,PROMO-NONE,1,14999000,0.0
DTL-002588,TRX-01114,PROD-0010,PROMO-NONE,1,12599000,0.0
DTL-002589,TRX-01114,PROD-0048,PROMO-013,2,16999000,3399800.0
DTL-002590,TRX-01114,PROD-0057,PROMO-NONE,1,5999000,0.0
DTL-002591,TRX-01115,PROD-0016,PROMO-NONE,1,14999000,0.0
DTL-002592,TRX-01115,PROD-0014,PROMO-NONE,2,9499000,0.0
DTL-002593,TRX-01116,PROD-0012,PROMO-NONE,1,11499000,0.0
DTL-002594,TRX-01116,PROD-0091,PROMO-NONE,1,699000,0.0
DTL-002595,TRX-01117,PROD-0040,PROMO-NONE,1,15999000,0.0
DTL-002596,TRX-01117,PROD-0033,PROMO-014,1,15999000,479970.0
DTL-002597,TRX-01118,PROD-0090,PROMO-016,1,699000,34950.0
DTL-002598,TRX-01118,PROD-0096,PROMO-006,1,1599000,47970.0
DTL-002599,TRX-01119,PROD-0048,PROMO-NONE,2,16999000,0.0
DTL-002600,TRX-01120,PROD-0030,PROMO-NONE,1,13499000,0.0
DTL-002601,TRX-01120,PROD-0085,PROMO-NONE,1,399000,0.0
DTL-002602,TRX-01121,PROD-0029,PROMO-001,2,17499000,1049940.0
DTL-002603,TRX-01121,PROD-0038,PROMO-NONE,1,1599000,0.0
DTL-002604,TRX-01121,PROD-0010,PROMO-NONE,1,12599000,0.0
DTL-002605,TRX-01122,PROD-0009,PROMO-020,1,12999000,649950.0
DTL-002606,TRX-01122,PROD-0065,PROMO-NONE,1,6299000,0.0
DTL-002607,TRX-01123,PROD-0011,PROMO-NONE,1,15999000,0.0
DTL-002608,TRX-01123,PROD-0057,PROMO-NONE,1,5999000,0.0
DTL-002609,TRX-01123,PROD-0086,PROMO-NONE,1,1199000,0.0
DTL-002610,TRX-01123,PROD-0091,PROMO-NONE,1,699000,0.0
DTL-002611,TRX-01124,PROD-0072,PROMO-NONE,1,6999000,0.0
DTL-002612,TRX-01124,PROD-0085,PROMO-NONE,1,399000,0.0
DTL-002613,TRX-01125,PROD-0061,PROMO-016,2,5599000,559900.0
DTL-002614,TRX-01126,PROD-0046,PROMO-NONE,1,2999000,0.0
DTL-002615,TRX-01126,PROD-0056,PROMO-014,1,5799000,173970.0
DTL-002616,TRX-01126,PROD-0079,PROMO-NONE,1,18999000,0.0
DTL-002617,TRX-01126,PROD-0100,PROMO-NONE,1,1799000,0.0
DTL-002618,TRX-01127,PROD-0013,PROMO-NONE,1,6499000,0.0
DTL-002619,TRX-01127,PROD-0065,PROMO-NONE,1,6299000,0.0
DTL-002620,TRX-01128,PROD-0060,PROMO-019,2,4999000,499900.0
DTL-002621,TRX-01128,PROD-0028,PROMO-NONE,1,20999000,0.0
DTL-002622,TRX-01129,PROD-0051,PROMO-004,2,6499000,1559760.0
DTL-002623,TRX-01130,PROD-0062,PROMO-NONE,1,5999000,0.0
DTL-002624,TRX-01130,PROD-0023,PROMO-NONE,2,499000,0.0
DTL-002625,TRX-01130,PROD-0071,PROMO-NONE,2,4999000,0.0
DTL-002626,TRX-01131,PROD-0052,PROMO-NONE,1,2099000,0.0
DTL-002627,TRX-01132,PROD-0053,PROMO-NONE,2,5099000,0.0
DTL-002628,TRX-01132,PROD-0023,PROMO-NONE,2,499000,0.0
DTL-002629,TRX-01133,PROD-0067,PROMO-NONE,1,3999000,0.0
DTL-002630,TRX-01133,PROD-0085,PROMO-NONE,1,399000,0.0
DTL-002631,TRX-01134,PROD-0030,PROMO-NONE,1,13499000,0.0
DTL-002632,TRX-01135,PROD-0023,PROMO-NONE,1,499000,0.0
DTL-002633,TRX-01135,PROD-0084,PROMO-NONE,1,1399000,0.0
DTL-002634,TRX-01135,PROD-0019,PROMO-015,1,14999000,1199920.0
DTL-002635,TRX-01136,PROD-0098,PROMO-NONE,3,1695000,0.0
DTL-002636,TRX-01137,PROD-0010,PROMO-017,1,12599000,1511880.0
DTL-002637,TRX-01137,PROD-0070,PROMO-011,1,6499000,519920.0
DTL-002638,TRX-01137,PROD-0029,PROMO-012,1,17499000,1749900.0
DTL-002639,TRX-01137,PROD-0055,PROMO-019,2,3299000,329900.0
DTL-002640,TRX-01138,PROD-0064,PROMO-NONE,1,7499000,0.0
DTL-002641,TRX-01138,PROD-0011,PROMO-015,1,15999000,1279920.0
DTL-002642,TRX-01138,PROD-0061,PROMO-001,1,5599000,167970.0
DTL-002643,TRX-01139,PROD-0064,PROMO-002,1,7499000,599920.0
DTL-002644,TRX-01139,PROD-0092,PROMO-002,1,649000,51920.0
DTL-002645,TRX-01140,PROD-0066,PROMO-NONE,1,5499000,0.0
DTL-002646,TRX-01140,PROD-0025,PROMO-011,1,24499000,1959920.0
DTL-002647,TRX-01141,PROD-0096,PROMO-NONE,1,1599000,0.0
DTL-002648,TRX-01142,PROD-0028,PROMO-NONE,1,20999000,0.0
DTL-002649,TRX-01142,PROD-0068,PROMO-NONE,3,3499000,0.0
DTL-002650,TRX-01142,PROD-0045,PROMO-NONE,1,3999000,0.0
DTL-002651,TRX-01142,PROD-0093,PROMO-NONE,1,699000,0.0
DTL-002652,TRX-01143,PROD-0091,PROMO-011,1,699000,55920.0
DTL-002653,TRX-01143,PROD-0092,PROMO-NONE,1,649000,0.0
DTL-002654,TRX-01144,PROD-0099,PROMO-NONE,1,3079000,0.0
DTL-002655,TRX-01144,PROD-0089,PROMO-NONE,1,779000,0.0
DTL-002656,TRX-01145,PROD-0070,PROMO-NONE,1,6499000,0.0
DTL-002657,TRX-01145,PROD-0065,PROMO-NONE,1,6299000,0.0
DTL-002658,TRX-01146,PROD-0043,PROMO-NONE,1,8999000,0.0
DTL-002659,TRX-01146,PROD-0041,PROMO-NONE,1,6499000,0.0
DTL-002660,TRX-01147,PROD-0018,PROMO-NONE,1,7999000,0.0
DTL-002661,TRX-01148,PROD-0051,PROMO-007,3,6499000,1949700.0
DTL-002662,TRX-01148,PROD-0028,PROMO-011,2,20999000,3359840.0
DTL-002663,TRX-01148,PROD-0098,PROMO-NONE,2,1695000,0.0
DTL-002664,TRX-01149,PROD-0092,PROMO-013,1,649000,64900.0
DTL-002665,TRX-01150,PROD-0041,PROMO-NONE,1,6499000,0.0
DTL-002666,TRX-01150,PROD-0086,PROMO-NONE,2,1199000,0.0
DTL-002667,TRX-01150,PROD-0011,PROMO-019,1,15999000,799950.0
DTL-002668,TRX-01151,PROD-0033,PROMO-NONE,1,15999000,0.0
DTL-002669,TRX-01152,PROD-0033,PROMO-NONE,1,15999000,0.0
DTL-002670,TRX-01153,PROD-0070,PROMO-NONE,1,6499000,0.0
DTL-002671,TRX-01153,PROD-0046,PROMO-NONE,1,2999000,0.0
DTL-002672,TRX-01153,PROD-0036,PROMO-NONE,1,3999000,0.0
DTL-002673,TRX-01154,PROD-0005,PROMO-NONE,1,13999000,0.0
DTL-002674,TRX-01154,PROD-0085,PROMO-NONE,1,399000,0.0
DTL-002675,TRX-01154,PROD-0075,PROMO-NONE,1,4699000,0.0
DTL-002676,TRX-01154,PROD-0067,PROMO-NONE,1,3999000,0.0
DTL-002677,TRX-01155,PROD-0064,PROMO-019,1,7499000,374950.0
DTL-002678,TRX-01155,PROD-0056,PROMO-NONE,1,5799000,0.0
DTL-002679,TRX-01155,PROD-0075,PROMO-NONE,1,4699000,0.0
DTL-002680,TRX-01156,PROD-0067,PROMO-NONE,1,3999000,0.0
DTL-002681,TRX-01156,PROD-0084,PROMO-NONE,1,1399000,0.0
DTL-002682,TRX-01156,PROD-0053,PROMO-NONE,2,5099000,0.0
DTL-002683,TRX-01156,PROD-0024,PROMO-004,1,399000,47880.0
DTL-002684,TRX-01157,PROD-0010,PROMO-009,1,12599000,377970.0
DTL-002685,TRX-01158,PROD-0007,PROMO-NONE,1,9999000,0.0
DTL-002686,TRX-01158,PROD-0057,PROMO-NONE,1,5999000,0.0
DTL-002687,TRX-01159,PROD-0004,PROMO-NONE,1,16999000,0.0
DTL-002688,TRX-01159,PROD-0014,PROMO-016,1,9499000,474950.0
DTL-002689,TRX-01160,PROD-0016,PROMO-NONE,1,14999000,0.0
DTL-002690,TRX-01160,PROD-0008,PROMO-NONE,1,10999000,0.0
DTL-002691,TRX-01160,PROD-0040,PROMO-NONE,1,15999000,0.0
DTL-002692,TRX-01160,PROD-0041,PROMO-NONE,1,6499000,0.0
DTL-002693,TRX-01161,PROD-0076,PROMO-NONE,1,2999000,0.0
DTL-002694,TRX-01161,PROD-0078,PROMO-019,2,21999000,2199900.0
DTL-002695,TRX-01162,PROD-0065,PROMO-014,1,6299000,188970.0
DTL-002696,TRX-01162,PROD-0017,PROMO-NONE,2,22999000,0.0
DTL-002697,TRX-01162,PROD-0046,PROMO-017,1,2999000,359880.0
DTL-002698,TRX-01162,PROD-0039,PROMO-NONE,1,13999000,0.0
DTL-002699,TRX-01163,PROD-0023,PROMO-NONE,2,499000,0.0
DTL-002700,TRX-01163,PROD-0032,PROMO-NONE,1,28499000,0.0
DTL-002701,TRX-01164,PROD-0047,PROMO-NONE,1,12499000,0.0
DTL-002702,TRX-01164,PROD-0060,PROMO-NONE,1,4999000,0.0
DTL-002703,TRX-01164,PROD-0054,PROMO-NONE,1,4499000,0.0
DTL-002704,TRX-01165,PROD-0018,PROMO-NONE,1,7999000,0.0
DTL-002705,TRX-01165,PROD-0010,PROMO-020,1,12599000,629950.0
DTL-002706,TRX-01165,PROD-0026,PROMO-017,1,19499000,2339880.0
DTL-002707,TRX-01166,PROD-0017,PROMO-013,1,22999000,2299900.0
DTL-002708,TRX-01166,PROD-0058,PROMO-NONE,1,4999000,0.0
DTL-002709,TRX-01166,PROD-0015,PROMO-018,1,13599000,2039850.0
DTL-002710,TRX-01167,PROD-0029,PROMO-NONE,1,17499000,0.0
DTL-002711,TRX-01167,PROD-0098,PROMO-NONE,1,1695000,0.0
DTL-002712,TRX-01168,PROD-0081,PROMO-NONE,1,7999000,0.0
DTL-002713,TRX-01168,PROD-0029,PROMO-005,1,17499000,1399920.0
DTL-002714,TRX-01168,PROD-0096,PROMO-NONE,1,1599000,0.0
DTL-002715,TRX-01169,PROD-0030,PROMO-019,1,13499000,674950.0
DTL-002716,TRX-01170,PROD-0013,PROMO-002,1,6499000,519920.0
DTL-002717,TRX-01171,PROD-0026,PROMO-012,1,19499000,1949900.0
DTL-002718,TRX-01171,PROD-0077,PROMO-011,1,1999000,159920.0
DTL-002719,TRX-01172,PROD-0020,PROMO-006,1,3999000,119970.0
DTL-002720,TRX-01172,PROD-0100,PROMO-NONE,1,1799000,0.0
DTL-002721,TRX-01173,PROD-0008,PROMO-NONE,1,10999000,0.0
DTL-002722,TRX-01173,PROD-0077,PROMO-015,1,1999000,159920.0
DTL-002723,TRX-01173,PROD-0047,PROMO-NONE,1,12499000,0.0
DTL-002724,TRX-01174,PROD-0061,PROMO-016,1,5599000,279950.0
DTL-002725,TRX-01174,PROD-0083,PROMO-NONE,1,7499000,0.0
DTL-002726,TRX-01175,PROD-0054,PROMO-NONE,1,4499000,0.0
DTL-002727,TRX-01176,PROD-0037,PROMO-NONE,1,2999000,0.0
DTL-002728,TRX-01176,PROD-0008,PROMO-009,1,10999000,329970.0
DTL-002729,TRX-01176,PROD-0095,PROMO-006,1,399000,11970.0
DTL-002730,TRX-01177,PROD-0083,PROMO-001,1,7499000,224970.0
DTL-002731,TRX-01177,PROD-0046,PROMO-NONE,1,2999000,0.0
DTL-002732,TRX-01178,PROD-0009,PROMO-NONE,1,12999000,0.0
DTL-002733,TRX-01178,PROD-0006,PROMO-002,1,12499000,999920.0
DTL-002734,TRX-01179,PROD-0069,PROMO-NONE,1,1599000,0.0
DTL-002735,TRX-01180,PROD-0036,PROMO-NONE,1,3999000,0.0
DTL-002736,TRX-01180,PROD-0017,PROMO-NONE,1,22999000,0.0
DTL-002737,TRX-01181,PROD-0092,PROMO-014,1,649000,19470.0
DTL-002738,TRX-01181,PROD-0037,PROMO-NONE,1,2999000,0.0
DTL-002739,TRX-01181,PROD-0029,PROMO-004,1,17499000,2099880.0
DTL-002740,TRX-01182,PROD-0083,PROMO-001,1,7499000,224970.0
DTL-002741,TRX-01183,PROD-0005,PROMO-NONE,1,13999000,0.0
DTL-002742,TRX-01184,PROD-0091,PROMO-NONE,1,699000,0.0
DTL-002743,TRX-01185,PROD-0088,PROMO-003,2,2799000,447840.0
DTL-002744,TRX-01185,PROD-0085,PROMO-NONE,2,399000,0.0
DTL-002745,TRX-01186,PROD-0020,PROMO-NONE,1,3999000,0.0
DTL-002746,TRX-01186,PROD-0048,PROMO-016,3,16999000,2549850.0
DTL-002747,TRX-01186,PROD-0069,PROMO-NONE,1,1599000,0.0
DTL-002748,TRX-01186,PROD-0084,PROMO-NONE,1,1399000,0.0
DTL-002749,TRX-01187,PROD-0081,PROMO-NONE,2,7999000,0.0
DTL-002750,TRX-01188,PROD-0082,PROMO-NONE,2,7499000,0.0
DTL-002751,TRX-01188,PROD-0041,PROMO-013,2,6499000,1299800.0
DTL-002752,TRX-01188,PROD-0031,PROMO-NONE,1,20999000,0.0
DTL-002753,TRX-01188,PROD-0023,PROMO-NONE,1,499000,0.0
DTL-002754,TRX-01189,PROD-0040,PROMO-NONE,1,15999000,0.0
DTL-002755,TRX-01190,PROD-0095,PROMO-NONE,1,399000,0.0
DTL-002756,TRX-01190,PROD-0082,PROMO-NONE,2,7499000,0.0
DTL-002757,TRX-01191,PROD-0099,PROMO-NONE,2,3079000,0.0
DTL-002758,TRX-01191,PROD-0009,PROMO-NONE,1,12999000,0.0
DTL-002759,TRX-01192,PROD-0016,PROMO-NONE,1,14999000,0.0
DTL-002760,TRX-01192,PROD-0083,PROMO-006,1,7499000,224970.0
DTL-002761,TRX-01193,PROD-0022,PROMO-NONE,1,499000,0.0
DTL-002762,TRX-01193,PROD-0090,PROMO-007,2,699000,139800.0
DTL-002763,TRX-01194,PROD-0089,PROMO-012,2,779000,155800.0
DTL-002764,TRX-01194,PROD-0065,PROMO-NONE,1,6299000,0.0
DTL-002765,TRX-01195,PROD-0006,PROMO-NONE,1,12499000,0.0
DTL-002766,TRX-01195,PROD-0068,PROMO-NONE,1,3499000,0.0
DTL-002767,TRX-01196,PROD-0018,PROMO-012,1,7999000,799900.0
DTL-002768,TRX-01197,PROD-0021,PROMO-NONE,1,2499000,0.0
DTL-002769,TRX-01197,PROD-0061,PROMO-012,2,5599000,1119800.0
DTL-002770,TRX-01198,PROD-0015,PROMO-010,2,13599000,1359900.0
DTL-002771,TRX-01199,PROD-0015,PROMO-NONE,1,13599000,0.0
DTL-002772,TRX-01199,PROD-0018,PROMO-004,3,7999000,2879640.0
DTL-002773,TRX-01199,PROD-0087,PROMO-NONE,3,1199000,0.0
DTL-002774,TRX-01199,PROD-0045,PROMO-NONE,1,3999000,0.0
DTL-002775,TRX-01200,PROD-0087,PROMO-NONE,1,1199000,0.0
DTL-002776,TRX-01200,PROD-0042,PROMO-020,2,3499000,349900.0
DTL-002777,TRX-01201,PROD-0080,PROMO-NONE,1,10999000,0.0
DTL-002778,TRX-01202,PROD-0034,PROMO-NONE,1,5999000,0.0
DTL-002779,TRX-01203,PROD-0085,PROMO-NONE,1,399000,0.0
DTL-002780,TRX-01203,PROD-0065,PROMO-NONE,1,6299000,0.0
DTL-002781,TRX-01204,PROD-0072,PROMO-NONE,1,6999000,0.0
DTL-002782,TRX-01205,PROD-0073,PROMO-NONE,1,4299000,0.0
DTL-002783,TRX-01205,PROD-0067,PROMO-NONE,1,3999000,0.0
DTL-002784,TRX-01205,PROD-0002,PROMO-NONE,2,23499000,0.0
DTL-002785,TRX-01206,PROD-0058,PROMO-NONE,1,4999000,0.0
DTL-002786,TRX-01207,PROD-0100,PROMO-NONE,2,1799000,0.0
DTL-002787,TRX-01208,PROD-0086,PROMO-NONE,1,1199000,0.0
DTL-002788,TRX-01208,PROD-0029,PROMO-NONE,2,17499000,0.0
DTL-002789,TRX-01208,PROD-0024,PROMO-NONE,1,399000,0.0
DTL-002790,TRX-01209,PROD-0022,PROMO-NONE,2,499000,0.0
DTL-002791,TRX-01209,PROD-0085,PROMO-NONE,1,399000,0.0
DTL-002792,TRX-01209,PROD-0074,PROMO-NONE,1,5999000,0.0
DTL-002793,TRX-01209,PROD-0051,PROMO-NONE,1,6499000,0.0
DTL-002794,TRX-01210,PROD-0054,PROMO-018,1,4499000,674850.0
DTL-002795,TRX-01210,PROD-0011,PROMO-NONE,1,15999000,0.0
DTL-002796,TRX-01211,PROD-0058,PROMO-NONE,1,4999000,0.0
DTL-002797,TRX-01211,PROD-0057,PROMO-NONE,1,5999000,0.0
DTL-002798,TRX-01212,PROD-0013,PROMO-NONE,1,6499000,0.0
DTL-002799,TRX-01212,PROD-0045,PROMO-NONE,1,3999000,0.0
DTL-002800,TRX-01213,PROD-0091,PROMO-NONE,1,699000,0.0
DTL-002801,TRX-01214,PROD-0033,PROMO-NONE,1,15999000,0.0
DTL-002802,TRX-01215,PROD-0027,PROMO-NONE,1,16499000,0.0
DTL-002803,TRX-01215,PROD-0065,PROMO-015,2,6299000,1007840.0
DTL-002804,TRX-01215,PROD-0035,PROMO-NONE,1,4999000,0.0
DTL-002805,TRX-01216,PROD-0050,PROMO-NONE,2,8499000,0.0
DTL-002806,TRX-01216,PROD-0072,PROMO-NONE,1,6999000,0.0
DTL-002807,TRX-01216,PROD-0023,PROMO-015,1,499000,39920.0
DTL-002808,TRX-01217,PROD-0087,PROMO-NONE,1,1199000,0.0
DTL-002809,TRX-01217,PROD-0070,PROMO-013,2,6499000,1299800.0
DTL-002810,TRX-01218,PROD-0021,PROMO-019,1,2499000,124950.0
DTL-002811,TRX-01218,PROD-0063,PROMO-NONE,1,6999000,0.0
DTL-002812,TRX-01219,PROD-0070,PROMO-013,1,6499000,649900.0
DTL-002813,TRX-01219,PROD-0037,PROMO-NONE,3,2999000,0.0
DTL-002814,TRX-01220,PROD-0062,PROMO-NONE,1,5999000,0.0
DTL-002815,TRX-01220,PROD-0023,PROMO-NONE,1,499000,0.0
DTL-002816,TRX-01221,PROD-0056,PROMO-NONE,1,5799000,0.0
DTL-002817,TRX-01221,PROD-0045,PROMO-017,1,3999000,479880.0
DTL-002818,TRX-01221,PROD-0003,PROMO-NONE,1,18499000,0.0
DTL-002819,TRX-01222,PROD-0053,PROMO-NONE,1,5099000,0.0
DTL-002820,TRX-01222,PROD-0080,PROMO-NONE,1,10999000,0.0
DTL-002821,TRX-01222,PROD-0095,PROMO-NONE,1,399000,0.0
DTL-002822,TRX-01223,PROD-0019,PROMO-007,1,14999000,1499900.0
DTL-002823,TRX-01224,PROD-0063,PROMO-006,1,6999000,209970.0
DTL-002824,TRX-01224,PROD-0068,PROMO-NONE,1,3499000,0.0
DTL-002825,TRX-01224,PROD-0053,PROMO-NONE,1,5099000,0.0
DTL-002826,TRX-01225,PROD-0010,PROMO-003,1,12599000,1007920.0
DTL-002827,TRX-01225,PROD-0022,PROMO-NONE,1,499000,0.0
DTL-002828,TRX-01225,PROD-0042,PROMO-NONE,1,3499000,0.0
DTL-002829,TRX-01226,PROD-0046,PROMO-NONE,2,2999000,0.0
DTL-002830,TRX-01226,PROD-0048,PROMO-NONE,1,16999000,0.0
DTL-002831,TRX-01227,PROD-0089,PROMO-NONE,1,779000,0.0
DTL-002832,TRX-01227,PROD-0062,PROMO-NONE,1,5999000,0.0
DTL-002833,TRX-01228,PROD-0027,PROMO-NONE,1,16499000,0.0
DTL-002834,TRX-01228,PROD-0077,PROMO-NONE,1,1999000,0.0
DTL-002835,TRX-01228,PROD-0045,PROMO-NONE,2,3999000,0.0
DTL-002836,TRX-01229,PROD-0042,PROMO-NONE,1,3499000,0.0
DTL-002837,TRX-01229,PROD-0008,PROMO-NONE,2,10999000,0.0
DTL-002838,TRX-01229,PROD-0094,PROMO-NONE,1,2999000,0.0
DTL-002839,TRX-01230,PROD-0067,PROMO-NONE,1,3999000,0.0
DTL-002840,TRX-01230,PROD-0068,PROMO-NONE,2,3499000,0.0
DTL-002841,TRX-01231,PROD-0006,PROMO-NONE,1,12499000,0.0
DTL-002842,TRX-01231,PROD-0010,PROMO-010,1,12599000,629950.0
DTL-002843,TRX-01232,PROD-0068,PROMO-NONE,1,3499000,0.0
DTL-002844,TRX-01232,PROD-0024,PROMO-018,1,399000,59850.0
DTL-002845,TRX-01233,PROD-0099,PROMO-002,1,3079000,246320.0
DTL-002846,TRX-01234,PROD-0026,PROMO-NONE,1,19499000,0.0
DTL-002847,TRX-01234,PROD-0049,PROMO-NONE,1,6999000,0.0
DTL-002848,TRX-01235,PROD-0055,PROMO-NONE,2,3299000,0.0
DTL-002849,TRX-01235,PROD-0039,PROMO-017,1,13999000,1679880.0
DTL-002850,TRX-01235,PROD-0066,PROMO-NONE,1,5499000,0.0
DTL-002851,TRX-01236,PROD-0001,PROMO-NONE,1,20499000,0.0
DTL-002852,TRX-01236,PROD-0062,PROMO-NONE,1,5999000,0.0
DTL-002853,TRX-01236,PROD-0068,PROMO-015,1,3499000,279920.0
DTL-002854,TRX-01236,PROD-0080,PROMO-NONE,3,10999000,0.0
DTL-002855,TRX-01237,PROD-0062,PROMO-015,1,5999000,479920.0
DTL-002856,TRX-01237,PROD-0028,PROMO-NONE,2,20999000,0.0
DTL-002857,TRX-01237,PROD-0096,PROMO-NONE,1,1599000,0.0
DTL-002858,TRX-01238,PROD-0033,PROMO-NONE,2,15999000,0.0
DTL-002859,TRX-01238,PROD-0047,PROMO-NONE,1,12499000,0.0
DTL-002860,TRX-01238,PROD-0042,PROMO-013,1,3499000,349900.0
DTL-002861,TRX-01239,PROD-0035,PROMO-NONE,1,4999000,0.0
DTL-002862,TRX-01239,PROD-0051,PROMO-NONE,1,6499000,0.0
DTL-002863,TRX-01240,PROD-0017,PROMO-NONE,1,22999000,0.0
DTL-002864,TRX-01240,PROD-0091,PROMO-NONE,1,699000,0.0
DTL-002865,TRX-01241,PROD-0065,PROMO-003,1,6299000,503920.0
DTL-002866,TRX-01241,PROD-0087,PROMO-NONE,1,1199000,0.0
DTL-002867,TRX-01242,PROD-0016,PROMO-NONE,2,14999000,0.0
DTL-002868,TRX-01242,PROD-0098,PROMO-NONE,1,1695000,0.0
DTL-002869,TRX-01243,PROD-0026,PROMO-007,2,19499000,3899800.0
DTL-002870,TRX-01244,PROD-0100,PROMO-NONE,1,1799000,0.0
DTL-002871,TRX-01244,PROD-0023,PROMO-NONE,1,499000,0.0
DTL-002872,TRX-01244,PROD-0019,PROMO-019,1,14999000,749950.0
DTL-002873,TRX-01244,PROD-0005,PROMO-004,1,13999000,1679880.0
DTL-002874,TRX-01245,PROD-0013,PROMO-NONE,2,6499000,0.0
DTL-002875,TRX-01246,PROD-0095,PROMO-NONE,1,399000,0.0
DTL-002876,TRX-01246,PROD-0048,PROMO-009,1,16999000,509970.0
DTL-002877,TRX-01246,PROD-0096,PROMO-NONE,1,1599000,0.0
DTL-002878,TRX-01246,PROD-0057,PROMO-NONE,1,5999000,0.0
DTL-002879,TRX-01247,PROD-0046,PROMO-NONE,2,2999000,0.0
DTL-002880,TRX-01247,PROD-0038,PROMO-013,1,1599000,159900.0
DTL-002881,TRX-01247,PROD-0045,PROMO-NONE,2,3999000,0.0
DTL-002882,TRX-01248,PROD-0082,PROMO-NONE,2,7499000,0.0
DTL-002883,TRX-01248,PROD-0021,PROMO-NONE,1,2499000,0.0
DTL-002884,TRX-01248,PROD-0073,PROMO-NONE,1,4299000,0.0
DTL-002885,TRX-01248,PROD-0048,PROMO-NONE,1,16999000,0.0
DTL-002886,TRX-01249,PROD-0048,PROMO-NONE,2,16999000,0.0
DTL-002887,TRX-01249,PROD-0050,PROMO-006,1,8499000,254970.0
DTL-002888,TRX-01250,PROD-0065,PROMO-NONE,1,6299000,0.0
DTL-002889,TRX-01250,PROD-0007,PROMO-013,2,9999000,1999800.0
DTL-002890,TRX-01251,PROD-0044,PROMO-003,1,4499000,359920.0
DTL-002891,TRX-01251,PROD-0050,PROMO-020,1,8499000,424950.0
DTL-002892,TRX-01252,PROD-0026,PROMO-005,2,19499000,3119840.0
DTL-002893,TRX-01252,PROD-0024,PROMO-NONE,1,399000,0.0
DTL-002894,TRX-01252,PROD-0063,PROMO-NONE,1,6999000,0.0
DTL-002895,TRX-01253,PROD-0082,PROMO-NONE,1,7499000,0.0
DTL-002896,TRX-01253,PROD-0073,PROMO-NONE,1,4299000,0.0
DTL-002897,TRX-01253,PROD-0018,PROMO-018,1,7999000,1199850.0
DTL-002898,TRX-01254,PROD-0065,PROMO-NONE,1,6299000,0.0
DTL-002899,TRX-01255,PROD-0100,PROMO-NONE,2,1799000,0.0
DTL-002900,TRX-01255,PROD-0053,PROMO-NONE,1,5099000,0.0
DTL-002901,TRX-01256,PROD-0073,PROMO-010,2,4299000,429900.0
DTL-002902,TRX-01256,PROD-0070,PROMO-NONE,2,6499000,0.0
DTL-002903,TRX-01256,PROD-0048,PROMO-NONE,1,16999000,0.0
DTL-002904,TRX-01256,PROD-0041,PROMO-NONE,1,6499000,0.0
DTL-002905,TRX-01257,PROD-0063,PROMO-019,1,6999000,349950.0
DTL-002906,TRX-01257,PROD-0054,PROMO-011,1,4499000,359920.0
DTL-002907,TRX-01257,PROD-0062,PROMO-NONE,1,5999000,0.0
DTL-002908,TRX-01258,PROD-0010,PROMO-NONE,1,12599000,0.0
DTL-002909,TRX-01258,PROD-0005,PROMO-012,1,13999000,1399900.0
DTL-002910,TRX-01258,PROD-0018,PROMO-NONE,2,7999000,0.0
DTL-002911,TRX-01259,PROD-0051,PROMO-NONE,3,6499000,0.0
DTL-002912,TRX-01259,PROD-0055,PROMO-NONE,1,3299000,0.0
DTL-002913,TRX-01259,PROD-0085,PROMO-NONE,1,399000,0.0
DTL-002914,TRX-01259,PROD-0019,PROMO-NONE,1,14999000,0.0
DTL-002915,TRX-01260,PROD-0031,PROMO-NONE,3,20999000,0.0
DTL-002916,TRX-01260,PROD-0009,PROMO-012,1,12999000,1299900.0
DTL-002917,TRX-01261,PROD-0058,PROMO-004,3,4999000,1799640.0
DTL-002918,TRX-01261,PROD-0019,PROMO-006,1,14999000,449970.0
DTL-002919,TRX-01261,PROD-0044,PROMO-NONE,1,4499000,0.0
DTL-002920,TRX-01262,PROD-0010,PROMO-NONE,1,12599000,0.0
DTL-002921,TRX-01262,PROD-0089,PROMO-NONE,1,779000,0.0
DTL-002922,TRX-01263,PROD-0015,PROMO-NONE,3,13599000,0.0
DTL-002923,TRX-01264,PROD-0031,PROMO-NONE,1,20999000,0.0
DTL-002924,TRX-01264,PROD-0028,PROMO-020,2,20999000,2099900.0
DTL-002925,TRX-01264,PROD-0013,PROMO-NONE,2,6499000,0.0
DTL-002926,TRX-01264,PROD-0001,PROMO-NONE,2,20499000,0.0
DTL-002927,TRX-01265,PROD-0079,PROMO-NONE,1,18999000,0.0
DTL-002928,TRX-01265,PROD-0009,PROMO-003,1,12999000,1039920.0
DTL-002929,TRX-01266,PROD-0010,PROMO-NONE,1,12599000,0.0
DTL-002930,TRX-01267,PROD-0067,PROMO-010,1,3999000,199950.0
DTL-002931,TRX-01267,PROD-0068,PROMO-NONE,1,3499000,0.0
DTL-002932,TRX-01267,PROD-0044,PROMO-NONE,3,4499000,0.0
DTL-002933,TRX-01268,PROD-0001,PROMO-005,1,20499000,1639920.0
DTL-002934,TRX-01268,PROD-0020,PROMO-010,1,3999000,199950.0
DTL-002935,TRX-01268,PROD-0090,PROMO-NONE,1,699000,0.0
DTL-002936,TRX-01269,PROD-0086,PROMO-NONE,1,1199000,0.0
DTL-002937,TRX-01269,PROD-0098,PROMO-012,1,1695000,169500.0
DTL-002938,TRX-01269,PROD-0061,PROMO-NONE,1,5599000,0.0
DTL-002939,TRX-01270,PROD-0035,PROMO-NONE,1,4999000,0.0
DTL-002940,TRX-01271,PROD-0093,PROMO-020,1,699000,34950.0
DTL-002941,TRX-01271,PROD-0087,PROMO-NONE,1,1199000,0.0
DTL-002942,TRX-01271,PROD-0014,PROMO-NONE,1,9499000,0.0
DTL-002943,TRX-01272,PROD-0064,PROMO-NONE,2,7499000,0.0
DTL-002944,TRX-01273,PROD-0020,PROMO-007,2,3999000,799800.0
DTL-002945,TRX-01273,PROD-0066,PROMO-NONE,2,5499000,0.0
DTL-002946,TRX-01273,PROD-0085,PROMO-013,2,399000,79800.0
DTL-002947,TRX-01274,PROD-0065,PROMO-NONE,1,6299000,0.0
DTL-002948,TRX-01274,PROD-0096,PROMO-NONE,1,1599000,0.0
DTL-002949,TRX-01275,PROD-0032,PROMO-018,2,28499000,8549700.0
DTL-002950,TRX-01275,PROD-0041,PROMO-NONE,1,6499000,0.0
DTL-002951,TRX-01275,PROD-0092,PROMO-NONE,1,649000,0.0
DTL-002952,TRX-01275,PROD-0066,PROMO-004,3,5499000,1979640.0
DTL-002953,TRX-01276,PROD-0073,PROMO-014,1,4299000,128970.0
DTL-002954,TRX-01276,PROD-0020,PROMO-NONE,1,3999000,0.0
DTL-002955,TRX-01276,PROD-0023,PROMO-NONE,1,499000,0.0
DTL-002956,TRX-01276,PROD-0081,PROMO-NONE,1,7999000,0.0
DTL-002957,TRX-01277,PROD-0079,PROMO-NONE,1,18999000,0.0
DTL-002958,TRX-01277,PROD-0009,PROMO-NONE,3,12999000,0.0
DTL-002959,TRX-01278,PROD-0083,PROMO-NONE,2,7499000,0.0
DTL-002960,TRX-01278,PROD-0068,PROMO-NONE,1,3499000,0.0
DTL-002961,TRX-01278,PROD-0036,PROMO-NONE,2,3999000,0.0
DTL-002962,TRX-01278,PROD-0017,PROMO-NONE,1,22999000,0.0
DTL-002963,TRX-01279,PROD-0064,PROMO-011,1,7499000,599920.0
DTL-002964,TRX-01279,PROD-0054,PROMO-NONE,1,4499000,0.0
DTL-002965,TRX-01280,PROD-0048,PROMO-020,1,16999000,849950.0
DTL-002966,TRX-01280,PROD-0049,PROMO-010,2,6999000,699900.0
DTL-002967,TRX-01281,PROD-0062,PROMO-NONE,3,5999000,0.0
DTL-002968,TRX-01281,PROD-0096,PROMO-NONE,2,1599000,0.0
DTL-002969,TRX-01282,PROD-0051,PROMO-NONE,1,6499000,0.0
DTL-002970,TRX-01282,PROD-0018,PROMO-NONE,1,7999000,0.0
DTL-002971,TRX-01282,PROD-0004,PROMO-NONE,1,16999000,0.0
DTL-002972,TRX-01283,PROD-0069,PROMO-NONE,1,1599000,0.0
DTL-002973,TRX-01283,PROD-0089,PROMO-NONE,1,779000,0.0
DTL-002974,TRX-01284,PROD-0049,PROMO-NONE,1,6999000,0.0
DTL-002975,TRX-01284,PROD-0100,PROMO-009,1,1799000,53970.0
DTL-002976,TRX-01285,PROD-0063,PROMO-NONE,1,6999000,0.0
DTL-002977,TRX-01285,PROD-0076,PROMO-006,1,2999000,89970.0
DTL-002978,TRX-01285,PROD-0049,PROMO-015,1,6999000,559920.0
DTL-002979,TRX-01286,PROD-0033,PROMO-NONE,1,15999000,0.0
DTL-002980,TRX-01286,PROD-0093,PROMO-019,1,699000,34950.0
DTL-002981,TRX-01286,PROD-0064,PROMO-018,1,7499000,1124850.0
DTL-002982,TRX-01286,PROD-0020,PROMO-016,1,3999000,199950.0
DTL-002983,TRX-01287,PROD-0086,PROMO-NONE,1,1199000,0.0
DTL-002984,TRX-01287,PROD-0017,PROMO-NONE,1,22999000,0.0
DTL-002985,TRX-01287,PROD-0031,PROMO-NONE,1,20999000,0.0
DTL-002986,TRX-01287,PROD-0002,PROMO-NONE,1,23499000,0.0
DTL-002987,TRX-01288,PROD-0045,PROMO-005,1,3999000,319920.0
DTL-002988,TRX-01288,PROD-0026,PROMO-NONE,1,19499000,0.0
DTL-002989,TRX-01288,PROD-0092,PROMO-NONE,1,649000,0.0
DTL-002990,TRX-01289,PROD-0036,PROMO-015,1,3999000,319920.0
DTL-002991,TRX-01289,PROD-0035,PROMO-010,1,4999000,249950.0
DTL-002992,TRX-01290,PROD-0055,PROMO-NONE,1,3299000,0.0
DTL-002993,TRX-01291,PROD-0099,PROMO-NONE,1,3079000,0.0
DTL-002994,TRX-01291,PROD-0063,PROMO-NONE,3,6999000,0.0
DTL-002995,TRX-01292,PROD-0083,PROMO-NONE,1,7499000,0.0
DTL-002996,TRX-01293,PROD-0023,PROMO-NONE,2,499000,0.0
DTL-002997,TRX-01293,PROD-0048,PROMO-NONE,3,16999000,0.0
DTL-002998,TRX-01294,PROD-0089,PROMO-NONE,1,779000,0.0
DTL-002999,TRX-01294,PROD-0051,PROMO-NONE,1,6499000,0.0
DTL-003000,TRX-01295,PROD-0022,PROMO-NONE,1,499000,0.0
DTL-003001,TRX-01295,PROD-0073,PROMO-NONE,2,4299000,0.0
DTL-003002,TRX-01296,PROD-0042,PROMO-NONE,1,3499000,0.0
DTL-003003,TRX-01297,PROD-0017,PROMO-NONE,2,22999000,0.0
DTL-003004,TRX-01297,PROD-0056,PROMO-NONE,1,5799000,0.0
DTL-003005,TRX-01298,PROD-0007,PROMO-NONE,1,9999000,0.0
DTL-003006,TRX-01298,PROD-0075,PROMO-NONE,1,4699000,0.0
DTL-003007,TRX-01299,PROD-0075,PROMO-NONE,1,4699000,0.0
DTL-003008,TRX-01299,PROD-0043,PROMO-NONE,1,8999000,0.0
DTL-003009,TRX-01299,PROD-0058,PROMO-NONE,2,4999000,0.0
DTL-003010,TRX-01300,PROD-0022,PROMO-NONE,1,499000,0.0
DTL-003011,TRX-01300,PROD-0055,PROMO-NONE,1,3299000,0.0
DTL-003012,TRX-01300,PROD-0100,PROMO-NONE,1,1799000,0.0
DTL-003013,TRX-01300,PROD-0028,PROMO-NONE,1,20999000,0.0
DTL-003014,TRX-01301,PROD-0019,PROMO-020,1,14999000,749950.0
DTL-003015,TRX-01302,PROD-0025,PROMO-012,1,24499000,2449900.0
DTL-003016,TRX-01302,PROD-0060,PROMO-NONE,2,4999000,0.0
DTL-003017,TRX-01303,PROD-0019,PROMO-006,1,14999000,449970.0
DTL-003018,TRX-01303,PROD-0013,PROMO-019,1,6499000,324950.0
DTL-003019,TRX-01303,PROD-0024,PROMO-NONE,1,399000,0.0
DTL-003020,TRX-01303,PROD-0015,PROMO-NONE,1,13599000,0.0
DTL-003021,TRX-01304,PROD-0012,PROMO-NONE,1,11499000,0.0
DTL-003022,TRX-01304,PROD-0004,PROMO-NONE,1,16999000,0.0
DTL-003023,TRX-01305,PROD-0004,PROMO-NONE,1,16999000,0.0
DTL-003024,TRX-01305,PROD-0077,PROMO-016,2,1999000,199900.0
DTL-003025,TRX-01306,PROD-0010,PROMO-NONE,1,12599000,0.0
DTL-003026,TRX-01306,PROD-0066,PROMO-NONE,1,5499000,0.0
DTL-003027,TRX-01306,PROD-0016,PROMO-NONE,1,14999000,0.0
DTL-003028,TRX-01307,PROD-0017,PROMO-NONE,1,22999000,0.0
DTL-003029,TRX-01307,PROD-0073,PROMO-008,1,4299000,214950.0
DTL-003030,TRX-01307,PROD-0071,PROMO-NONE,2,4999000,0.0
DTL-003031,TRX-01308,PROD-0018,PROMO-NONE,1,7999000,0.0
DTL-003032,TRX-01308,PROD-0032,PROMO-NONE,1,28499000,0.0
DTL-003033,TRX-01309,PROD-0079,PROMO-NONE,1,18999000,0.0
DTL-003034,TRX-01309,PROD-0016,PROMO-NONE,2,14999000,0.0
DTL-003035,TRX-01310,PROD-0093,PROMO-NONE,2,699000,0.0
DTL-003036,TRX-01310,PROD-0053,PROMO-NONE,2,5099000,0.0
DTL-003037,TRX-01310,PROD-0071,PROMO-003,1,4999000,399920.0
DTL-003038,TRX-01311,PROD-0079,PROMO-001,2,18999000,1139940.0
DTL-003039,TRX-01311,PROD-0027,PROMO-NONE,1,16499000,0.0
DTL-003040,TRX-01312,PROD-0007,PROMO-014,1,9999000,299970.0
DTL-003041,TRX-01312,PROD-0095,PROMO-NONE,1,399000,0.0
DTL-003042,TRX-01312,PROD-0013,PROMO-NONE,1,6499000,0.0
DTL-003043,TRX-01312,PROD-0004,PROMO-NONE,1,16999000,0.0
DTL-003044,TRX-01313,PROD-0084,PROMO-006,1,1399000,41970.0
DTL-003045,TRX-01313,PROD-0045,PROMO-NONE,1,3999000,0.0
DTL-003046,TRX-01313,PROD-0002,PROMO-004,1,23499000,2819880.0
DTL-003047,TRX-01313,PROD-0062,PROMO-NONE,1,5999000,0.0
DTL-003048,TRX-01314,PROD-0072,PROMO-016,1,6999000,349950.0
DTL-003049,TRX-01314,PROD-0063,PROMO-NONE,1,6999000,0.0
DTL-003050,TRX-01315,PROD-0059,PROMO-NONE,2,2299000,0.0
DTL-003051,TRX-01315,PROD-0065,PROMO-003,1,6299000,503920.0
DTL-003052,TRX-01315,PROD-0060,PROMO-NONE,2,4999000,0.0
DTL-003053,TRX-01316,PROD-0028,PROMO-NONE,2,20999000,0.0
DTL-003054,TRX-01317,PROD-0004,PROMO-004,1,16999000,2039880.0
DTL-003055,TRX-01317,PROD-0095,PROMO-NONE,1,399000,0.0
DTL-003056,TRX-01317,PROD-0047,PROMO-NONE,1,12499000,0.0
DTL-003057,TRX-01317,PROD-0036,PROMO-NONE,1,3999000,0.0
DTL-003058,TRX-01318,PROD-0012,PROMO-NONE,1,11499000,0.0
DTL-003059,TRX-01318,PROD-0021,PROMO-NONE,1,2499000,0.0
DTL-003060,TRX-01318,PROD-0080,PROMO-NONE,1,10999000,0.0
DTL-003061,TRX-01319,PROD-0045,PROMO-NONE,1,3999000,0.0
DTL-003062,TRX-01319,PROD-0012,PROMO-NONE,2,11499000,0.0
DTL-003063,TRX-01320,PROD-0096,PROMO-NONE,2,1599000,0.0
DTL-003064,TRX-01320,PROD-0088,PROMO-004,1,2799000,335880.0
DTL-003065,TRX-01321,PROD-0028,PROMO-NONE,2,20999000,0.0
DTL-003066,TRX-01321,PROD-0004,PROMO-011,1,16999000,1359920.0
DTL-003067,TRX-01322,PROD-0051,PROMO-NONE,1,6499000,0.0
DTL-003068,TRX-01322,PROD-0066,PROMO-NONE,3,5499000,0.0
DTL-003069,TRX-01322,PROD-0080,PROMO-NONE,1,10999000,0.0
DTL-003070,TRX-01322,PROD-0043,PROMO-NONE,1,8999000,0.0
DTL-003071,TRX-01323,PROD-0054,PROMO-015,1,4499000,359920.0
DTL-003072,TRX-01323,PROD-0062,PROMO-NONE,1,5999000,0.0
DTL-003073,TRX-01324,PROD-0005,PROMO-002,1,13999000,1119920.0
DTL-003074,TRX-01324,PROD-0043,PROMO-NONE,1,8999000,0.0
DTL-003075,TRX-01324,PROD-0070,PROMO-NONE,1,6499000,0.0
DTL-003076,TRX-01325,PROD-0048,PROMO-NONE,1,16999000,0.0
DTL-003077,TRX-01326,PROD-0044,PROMO-018,1,4499000,674850.0
DTL-003078,TRX-01326,PROD-0074,PROMO-NONE,1,5999000,0.0
DTL-003079,TRX-01326,PROD-0066,PROMO-NONE,1,5499000,0.0
DTL-003080,TRX-01327,PROD-0087,PROMO-NONE,1,1199000,0.0
DTL-003081,TRX-01327,PROD-0027,PROMO-NONE,1,16499000,0.0
DTL-003082,TRX-01327,PROD-0025,PROMO-NONE,1,24499000,0.0
DTL-003083,TRX-01327,PROD-0098,PROMO-NONE,1,1695000,0.0
DTL-003084,TRX-01328,PROD-0059,PROMO-NONE,1,2299000,0.0
DTL-003085,TRX-01328,PROD-0058,PROMO-NONE,1,4999000,0.0
DTL-003086,TRX-01329,PROD-0081,PROMO-002,2,7999000,1279840.0
DTL-003087,TRX-01329,PROD-0086,PROMO-NONE,1,1199000,0.0
DTL-003088,TRX-01330,PROD-0010,PROMO-NONE,1,12599000,0.0
DTL-003089,TRX-01330,PROD-0049,PROMO-NONE,3,6999000,0.0
DTL-003090,TRX-01330,PROD-0083,PROMO-010,1,7499000,374950.0
DTL-003091,TRX-01330,PROD-0068,PROMO-NONE,1,3499000,0.0
DTL-003092,TRX-01331,PROD-0014,PROMO-NONE,1,9499000,0.0
DTL-003093,TRX-01331,PROD-0022,PROMO-NONE,1,499000,0.0
DTL-003094,TRX-01331,PROD-0042,PROMO-NONE,1,3499000,0.0
DTL-003095,TRX-01332,PROD-0027,PROMO-NONE,1,16499000,0.0
DTL-003096,TRX-01332,PROD-0042,PROMO-NONE,1,3499000,0.0
DTL-003097,TRX-01332,PROD-0064,PROMO-001,1,7499000,224970.0
DTL-003098,TRX-01333,PROD-0064,PROMO-NONE,2,7499000,0.0
DTL-003099,TRX-01333,PROD-0085,PROMO-NONE,3,399000,0.0
DTL-003100,TRX-01334,PROD-0088,PROMO-NONE,1,2799000,0.0
DTL-003101,TRX-01334,PROD-0040,PROMO-NONE,1,15999000,0.0
DTL-003102,TRX-01334,PROD-0047,PROMO-NONE,1,12499000,0.0
DTL-003103,TRX-01335,PROD-0060,PROMO-NONE,1,4999000,0.0
DTL-003104,TRX-01335,PROD-0099,PROMO-NONE,1,3079000,0.0
DTL-003105,TRX-01335,PROD-0040,PROMO-001,2,15999000,959940.0
DTL-003106,TRX-01336,PROD-0042,PROMO-NONE,1,3499000,0.0
DTL-003107,TRX-01337,PROD-0025,PROMO-NONE,1,24499000,0.0
DTL-003108,TRX-01337,PROD-0001,PROMO-NONE,1,20499000,0.0
DTL-003109,TRX-01338,PROD-0045,PROMO-NONE,2,3999000,0.0
DTL-003110,TRX-01338,PROD-0063,PROMO-NONE,1,6999000,0.0
DTL-003111,TRX-01338,PROD-0100,PROMO-NONE,1,1799000,0.0
DTL-003112,TRX-01339,PROD-0039,PROMO-NONE,2,13999000,0.0
DTL-003113,TRX-01340,PROD-0057,PROMO-NONE,1,5999000,0.0
DTL-003114,TRX-01340,PROD-0077,PROMO-NONE,1,1999000,0.0
DTL-003115,TRX-01340,PROD-0073,PROMO-NONE,1,4299000,0.0
DTL-003116,TRX-01340,PROD-0060,PROMO-NONE,1,4999000,0.0
DTL-003117,TRX-01341,PROD-0058,PROMO-NONE,2,4999000,0.0
DTL-003118,TRX-01342,PROD-0034,PROMO-NONE,1,5999000,0.0
DTL-003119,TRX-01342,PROD-0099,PROMO-006,1,3079000,92370.0
DTL-003120,TRX-01342,PROD-0076,PROMO-014,2,2999000,179940.0
DTL-003121,TRX-01342,PROD-0021,PROMO-NONE,1,2499000,0.0
DTL-003122,TRX-01343,PROD-0008,PROMO-012,1,10999000,1099900.0
DTL-003123,TRX-01343,PROD-0005,PROMO-NONE,1,13999000,0.0
DTL-003124,TRX-01344,PROD-0085,PROMO-NONE,2,399000,0.0
DTL-003125,TRX-01344,PROD-0017,PROMO-NONE,1,22999000,0.0
DTL-003126,TRX-01345,PROD-0068,PROMO-014,1,3499000,104970.0
DTL-003127,TRX-01345,PROD-0029,PROMO-NONE,3,17499000,0.0
DTL-003128,TRX-01346,PROD-0094,PROMO-NONE,1,2999000,0.0
DTL-003129,TRX-01346,PROD-0099,PROMO-NONE,1,3079000,0.0
DTL-003130,TRX-01347,PROD-0021,PROMO-003,1,2499000,199920.0
DTL-003131,TRX-01347,PROD-0016,PROMO-004,1,14999000,1799880.0
DTL-003132,TRX-01347,PROD-0093,PROMO-NONE,1,699000,0.0
DTL-003133,TRX-01347,PROD-0051,PROMO-NONE,1,6499000,0.0
DTL-003134,TRX-01348,PROD-0062,PROMO-009,2,5999000,359940.0
DTL-003135,TRX-01348,PROD-0054,PROMO-010,1,4499000,224950.0
DTL-003136,TRX-01348,PROD-0016,PROMO-NONE,1,14999000,0.0
DTL-003137,TRX-01348,PROD-0071,PROMO-NONE,1,4999000,0.0
DTL-003138,TRX-01349,PROD-0005,PROMO-017,2,13999000,3359760.0
DTL-003139,TRX-01350,PROD-0050,PROMO-005,1,8499000,679920.0
DTL-003140,TRX-01350,PROD-0066,PROMO-NONE,1,5499000,0.0
DTL-003141,TRX-01350,PROD-0098,PROMO-NONE,1,1695000,0.0
DTL-003142,TRX-01351,PROD-0022,PROMO-NONE,1,499000,0.0
DTL-003143,TRX-01351,PROD-0082,PROMO-019,1,7499000,374950.0
DTL-003144,TRX-01352,PROD-0075,PROMO-NONE,2,4699000,0.0
DTL-003145,TRX-01352,PROD-0087,PROMO-NONE,1,1199000,0.0
DTL-003146,TRX-01353,PROD-0088,PROMO-011,1,2799000,223920.0
DTL-003147,TRX-01353,PROD-0051,PROMO-NONE,1,6499000,0.0
DTL-003148,TRX-01353,PROD-0074,PROMO-NONE,1,5999000,0.0
DTL-003149,TRX-01354,PROD-0033,PROMO-NONE,1,15999000,0.0
DTL-003150,TRX-01355,PROD-0045,PROMO-NONE,3,3999000,0.0
DTL-003151,TRX-01356,PROD-0100,PROMO-NONE,2,1799000,0.0
DTL-003152,TRX-01356,PROD-0091,PROMO-008,1,699000,34950.0
DTL-003153,TRX-01356,PROD-0037,PROMO-017,2,2999000,719760.0
DTL-003154,TRX-01356,PROD-0059,PROMO-NONE,1,2299000,0.0
DTL-003155,TRX-01357,PROD-0066,PROMO-NONE,1,5499000,0.0
DTL-003156,TRX-01357,PROD-0021,PROMO-018,1,2499000,374850.0
DTL-003157,TRX-01358,PROD-0029,PROMO-NONE,1,17499000,0.0
DTL-003158,TRX-01358,PROD-0043,PROMO-NONE,1,8999000,0.0
DTL-003159,TRX-01358,PROD-0097,PROMO-NONE,3,1565000,0.0
DTL-003160,TRX-01358,PROD-0049,PROMO-NONE,1,6999000,0.0
DTL-003161,TRX-01359,PROD-0041,PROMO-016,1,6499000,324950.0
DTL-003162,TRX-01359,PROD-0038,PROMO-NONE,2,1599000,0.0
DTL-003163,TRX-01359,PROD-0033,PROMO-011,1,15999000,1279920.0
DTL-003164,TRX-01359,PROD-0062,PROMO-NONE,1,5999000,0.0
DTL-003165,TRX-01360,PROD-0037,PROMO-NONE,1,2999000,0.0
DTL-003166,TRX-01360,PROD-0094,PROMO-NONE,3,2999000,0.0
DTL-003167,TRX-01361,PROD-0032,PROMO-NONE,1,28499000,0.0
DTL-003168,TRX-01361,PROD-0076,PROMO-NONE,1,2999000,0.0
DTL-003169,TRX-01362,PROD-0090,PROMO-NONE,1,699000,0.0
DTL-003170,TRX-01362,PROD-0004,PROMO-NONE,3,16999000,0.0
DTL-003171,TRX-01362,PROD-0008,PROMO-001,1,10999000,329970.0
DTL-003172,TRX-01363,PROD-0072,PROMO-NONE,2,6999000,0.0
DTL-003173,TRX-01363,PROD-0023,PROMO-NONE,1,499000,0.0
DTL-003174,TRX-01363,PROD-0044,PROMO-NONE,1,4499000,0.0
DTL-003175,TRX-01364,PROD-0069,PROMO-NONE,1,1599000,0.0
DTL-003176,TRX-01364,PROD-0029,PROMO-NONE,1,17499000,0.0
DTL-003177,TRX-01365,PROD-0095,PROMO-007,2,399000,79800.0
DTL-003178,TRX-01365,PROD-0077,PROMO-014,1,1999000,59970.0
DTL-003179,TRX-01366,PROD-0070,PROMO-NONE,1,6499000,0.0
DTL-003180,TRX-01367,PROD-0095,PROMO-014,2,399000,23940.0
DTL-003181,TRX-01367,PROD-0024,PROMO-NONE,1,399000,0.0
DTL-003182,TRX-01368,PROD-0061,PROMO-NONE,1,5599000,0.0
DTL-003183,TRX-01368,PROD-0053,PROMO-NONE,1,5099000,0.0
DTL-003184,TRX-01369,PROD-0048,PROMO-002,1,16999000,1359920.0
DTL-003185,TRX-01369,PROD-0046,PROMO-015,1,2999000,239920.0
DTL-003186,TRX-01369,PROD-0058,PROMO-NONE,1,4999000,0.0
DTL-003187,TRX-01370,PROD-0004,PROMO-NONE,1,16999000,0.0
DTL-003188,TRX-01370,PROD-0006,PROMO-NONE,1,12499000,0.0
DTL-003189,TRX-01370,PROD-0069,PROMO-004,1,1599000,191880.0
DTL-003190,TRX-01371,PROD-0099,PROMO-006,1,3079000,92370.0
DTL-003191,TRX-01372,PROD-0045,PROMO-010,2,3999000,399900.0
DTL-003192,TRX-01372,PROD-0015,PROMO-NONE,1,13599000,0.0
DTL-003193,TRX-01373,PROD-0063,PROMO-NONE,1,6999000,0.0
DTL-003194,TRX-01373,PROD-0017,PROMO-NONE,1,22999000,0.0
DTL-003195,TRX-01373,PROD-0045,PROMO-NONE,1,3999000,0.0
DTL-003196,TRX-01374,PROD-0069,PROMO-NONE,1,1599000,0.0
DTL-003197,TRX-01374,PROD-0088,PROMO-018,2,2799000,839700.0
DTL-003198,TRX-01374,PROD-0041,PROMO-NONE,1,6499000,0.0
DTL-003199,TRX-01375,PROD-0034,PROMO-020,2,5999000,599900.0
DTL-003200,TRX-01375,PROD-0098,PROMO-002,1,1695000,135600.0
DTL-003201,TRX-01375,PROD-0024,PROMO-019,1,399000,19950.0
DTL-003202,TRX-01376,PROD-0084,PROMO-010,2,1399000,139900.0
DTL-003203,TRX-01376,PROD-0098,PROMO-NONE,3,1695000,0.0
DTL-003204,TRX-01377,PROD-0003,PROMO-001,1,18499000,554970.0
DTL-003205,TRX-01377,PROD-0097,PROMO-009,1,1565000,46950.0
DTL-003206,TRX-01377,PROD-0070,PROMO-018,1,6499000,974850.0
DTL-003207,TRX-01378,PROD-0075,PROMO-NONE,1,4699000,0.0
DTL-003208,TRX-01379,PROD-0087,PROMO-003,1,1199000,95920.0
DTL-003209,TRX-01379,PROD-0089,PROMO-NONE,2,779000,0.0
DTL-003210,TRX-01379,PROD-0008,PROMO-NONE,1,10999000,0.0
DTL-003211,TRX-01379,PROD-0036,PROMO-019,2,3999000,399900.0
DTL-003212,TRX-01380,PROD-0075,PROMO-NONE,1,4699000,0.0
DTL-003213,TRX-01380,PROD-0013,PROMO-NONE,2,6499000,0.0
DTL-003214,TRX-01381,PROD-0072,PROMO-004,3,6999000,2519640.0
DTL-003215,TRX-01381,PROD-0075,PROMO-NONE,1,4699000,0.0
DTL-003216,TRX-01382,PROD-0019,PROMO-NONE,1,14999000,0.0
DTL-003217,TRX-01382,PROD-0069,PROMO-NONE,2,1599000,0.0
DTL-003218,TRX-01382,PROD-0043,PROMO-008,1,8999000,449950.0
DTL-003219,TRX-01382,PROD-0038,PROMO-NONE,1,1599000,0.0
DTL-003220,TRX-01383,PROD-0061,PROMO-NONE,1,5599000,0.0
DTL-003221,TRX-01383,PROD-0023,PROMO-NONE,2,499000,0.0
DTL-003222,TRX-01383,PROD-0031,PROMO-004,1,20999000,2519880.0
DTL-003223,TRX-01383,PROD-0041,PROMO-NONE,1,6499000,0.0
DTL-003224,TRX-01384,PROD-0037,PROMO-NONE,1,2999000,0.0
DTL-003225,TRX-01384,PROD-0095,PROMO-NONE,1,399000,0.0
DTL-003226,TRX-01385,PROD-0069,PROMO-NONE,1,1599000,0.0
DTL-003227,TRX-01385,PROD-0005,PROMO-019,1,13999000,699950.0
DTL-003228,TRX-01386,PROD-0001,PROMO-NONE,1,20499000,0.0
DTL-003229,TRX-01386,PROD-0093,PROMO-NONE,3,699000,0.0
DTL-003230,TRX-01387,PROD-0047,PROMO-016,2,12499000,1249900.0
DTL-003231,TRX-01387,PROD-0049,PROMO-NONE,1,6999000,0.0
DTL-003232,TRX-01388,PROD-0060,PROMO-020,2,4999000,499900.0
DTL-003233,TRX-01388,PROD-0048,PROMO-NONE,2,16999000,0.0
DTL-003234,TRX-01388,PROD-0057,PROMO-NONE,2,5999000,0.0
DTL-003235,TRX-01388,PROD-0094,PROMO-NONE,1,2999000,0.0
DTL-003236,TRX-01389,PROD-0089,PROMO-NONE,1,779000,0.0
DTL-003237,TRX-01389,PROD-0070,PROMO-NONE,1,6499000,0.0
DTL-003238,TRX-01389,PROD-0019,PROMO-NONE,2,14999000,0.0
DTL-003239,TRX-01390,PROD-0009,PROMO-NONE,1,12999000,0.0
DTL-003240,TRX-01391,PROD-0056,PROMO-NONE,1,5799000,0.0
DTL-003241,TRX-01391,PROD-0066,PROMO-011,1,5499000,439920.0
DTL-003242,TRX-01391,PROD-0054,PROMO-006,1,4499000,134970.0
DTL-003243,TRX-01392,PROD-0078,PROMO-NONE,1,21999000,0.0
DTL-003244,TRX-01392,PROD-0086,PROMO-019,2,1199000,119900.0
DTL-003245,TRX-01392,PROD-0062,PROMO-003,1,5999000,479920.0
DTL-003246,TRX-01393,PROD-0018,PROMO-NONE,1,7999000,0.0
DTL-003247,TRX-01393,PROD-0035,PROMO-008,2,4999000,499900.0
DTL-003248,TRX-01394,PROD-0020,PROMO-016,2,3999000,399900.0
DTL-003249,TRX-01395,PROD-0073,PROMO-003,1,4299000,343920.0
DTL-003250,TRX-01395,PROD-0025,PROMO-010,1,24499000,1224950.0
DTL-003251,TRX-01395,PROD-0076,PROMO-NONE,2,2999000,0.0
DTL-003252,TRX-01396,PROD-0013,PROMO-NONE,1,6499000,0.0
DTL-003253,TRX-01396,PROD-0006,PROMO-NONE,1,12499000,0.0
DTL-003254,TRX-01396,PROD-0066,PROMO-NONE,1,5499000,0.0
DTL-003255,TRX-01396,PROD-0017,PROMO-NONE,1,22999000,0.0
DTL-003256,TRX-01397,PROD-0083,PROMO-004,1,7499000,899880.0
DTL-003257,TRX-01397,PROD-0085,PROMO-NONE,1,399000,0.0
DTL-003258,TRX-01397,PROD-0056,PROMO-001,1,5799000,173970.0
DTL-003259,TRX-01398,PROD-0011,PROMO-NONE,1,15999000,0.0
DTL-003260,TRX-01398,PROD-0066,PROMO-NONE,2,5499000,0.0
DTL-003261,TRX-01398,PROD-0086,PROMO-NONE,1,1199000,0.0
DTL-003262,TRX-01399,PROD-0008,PROMO-012,2,10999000,2199800.0
DTL-003263,TRX-01400,PROD-0018,PROMO-NONE,1,7999000,0.0
DTL-003264,TRX-01400,PROD-0062,PROMO-004,3,5999000,2159640.0
DTL-003265,TRX-01401,PROD-0095,PROMO-NONE,1,399000,0.0
DTL-003266,TRX-01401,PROD-0039,PROMO-NONE,1,13999000,0.0
DTL-003267,TRX-01401,PROD-0092,PROMO-NONE,1,649000,0.0
DTL-003268,TRX-01402,PROD-0056,PROMO-017,1,5799000,695880.0
DTL-003269,TRX-01402,PROD-0036,PROMO-NONE,1,3999000,0.0
DTL-003270,TRX-01403,PROD-0053,PROMO-NONE,1,5099000,0.0
DTL-003271,TRX-01403,PROD-0008,PROMO-014,2,10999000,659940.0
DTL-003272,TRX-01404,PROD-0095,PROMO-NONE,2,399000,0.0
DTL-003273,TRX-01404,PROD-0063,PROMO-010,1,6999000,349950.0
DTL-003274,TRX-01405,PROD-0011,PROMO-NONE,2,15999000,0.0
DTL-003275,TRX-01405,PROD-0019,PROMO-NONE,1,14999000,0.0
DTL-003276,TRX-01406,PROD-0002,PROMO-NONE,1,23499000,0.0
DTL-003277,TRX-01407,PROD-0094,PROMO-009,1,2999000,89970.0
DTL-003278,TRX-01407,PROD-0063,PROMO-NONE,2,6999000,0.0
DTL-003279,TRX-01407,PROD-0087,PROMO-NONE,1,1199000,0.0
DTL-003280,TRX-01408,PROD-0066,PROMO-NONE,1,5499000,0.0
DTL-003281,TRX-01408,PROD-0074,PROMO-NONE,1,5999000,0.0
DTL-003282,TRX-01408,PROD-0097,PROMO-NONE,1,1565000,0.0
DTL-003283,TRX-01408,PROD-0063,PROMO-019,2,6999000,699900.0
DTL-003284,TRX-01409,PROD-0071,PROMO-NONE,1,4999000,0.0
DTL-003285,TRX-01409,PROD-0047,PROMO-NONE,1,12499000,0.0
DTL-003286,TRX-01409,PROD-0078,PROMO-NONE,1,21999000,0.0
DTL-003287,TRX-01410,PROD-0019,PROMO-008,3,14999000,2249850.0
DTL-003288,TRX-01410,PROD-0052,PROMO-NONE,1,2099000,0.0
DTL-003289,TRX-01411,PROD-0075,PROMO-NONE,1,4699000,0.0
DTL-003290,TRX-01411,PROD-0073,PROMO-012,1,4299000,429900.0
DTL-003291,TRX-01411,PROD-0095,PROMO-NONE,1,399000,0.0
DTL-003292,TRX-01412,PROD-0098,PROMO-NONE,1,1695000,0.0
DTL-003293,TRX-01412,PROD-0057,PROMO-NONE,1,5999000,0.0
DTL-003294,TRX-01413,PROD-0012,PROMO-NONE,1,11499000,0.0
DTL-003295,TRX-01414,PROD-0048,PROMO-NONE,1,16999000,0.0
DTL-003296,TRX-01414,PROD-0084,PROMO-014,1,1399000,41970.0
DTL-003297,TRX-01414,PROD-0022,PROMO-015,1,499000,39920.0
DTL-003298,TRX-01414,PROD-0003,PROMO-007,1,18499000,1849900.0
DTL-003299,TRX-01415,PROD-0084,PROMO-NONE,2,1399000,0.0
DTL-003300,TRX-01415,PROD-0053,PROMO-NONE,1,5099000,0.0
DTL-003301,TRX-01416,PROD-0027,PROMO-012,1,16499000,1649900.0
DTL-003302,TRX-01416,PROD-0029,PROMO-012,1,17499000,1749900.0
DTL-003303,TRX-01416,PROD-0062,PROMO-001,1,5999000,179970.0
DTL-003304,TRX-01417,PROD-0089,PROMO-NONE,1,779000,0.0
DTL-003305,TRX-01417,PROD-0001,PROMO-NONE,2,20499000,0.0
DTL-003306,TRX-01417,PROD-0022,PROMO-013,1,499000,49900.0
DTL-003307,TRX-01418,PROD-0051,PROMO-NONE,1,6499000,0.0
DTL-003308,TRX-01418,PROD-0056,PROMO-010,1,5799000,289950.0
DTL-003309,TRX-01419,PROD-0061,PROMO-NONE,1,5599000,0.0
DTL-003310,TRX-01420,PROD-0009,PROMO-020,1,12999000,649950.0
DTL-003311,TRX-01420,PROD-0016,PROMO-NONE,1,14999000,0.0
DTL-003312,TRX-01420,PROD-0098,PROMO-NONE,1,1695000,0.0
DTL-003313,TRX-01421,PROD-0099,PROMO-NONE,1,3079000,0.0
DTL-003314,TRX-01421,PROD-0062,PROMO-005,1,5999000,479920.0
DTL-003315,TRX-01421,PROD-0057,PROMO-NONE,1,5999000,0.0
DTL-003316,TRX-01422,PROD-0034,PROMO-013,1,5999000,599900.0
DTL-003317,TRX-01423,PROD-0012,PROMO-NONE,2,11499000,0.0
DTL-003318,TRX-01423,PROD-0089,PROMO-NONE,1,779000,0.0
DTL-003319,TRX-01423,PROD-0049,PROMO-NONE,2,6999000,0.0
DTL-003320,TRX-01424,PROD-0052,PROMO-011,1,2099000,167920.0
DTL-003321,TRX-01424,PROD-0034,PROMO-NONE,1,5999000,0.0
DTL-003322,TRX-01424,PROD-0067,PROMO-NONE,1,3999000,0.0
DTL-003323,TRX-01424,PROD-0044,PROMO-NONE,1,4499000,0.0
DTL-003324,TRX-01425,PROD-0056,PROMO-NONE,1,5799000,0.0
DTL-003325,TRX-01426,PROD-0035,PROMO-NONE,1,4999000,0.0
DTL-003326,TRX-01426,PROD-0022,PROMO-NONE,1,499000,0.0
DTL-003327,TRX-01427,PROD-0002,PROMO-NONE,1,23499000,0.0
DTL-003328,TRX-01427,PROD-0030,PROMO-NONE,1,13499000,0.0
DTL-003329,TRX-01427,PROD-0100,PROMO-NONE,1,1799000,0.0
DTL-003330,TRX-01428,PROD-0078,PROMO-NONE,1,21999000,0.0
DTL-003331,TRX-01428,PROD-0100,PROMO-NONE,1,1799000,0.0
DTL-003332,TRX-01429,PROD-0078,PROMO-NONE,1,21999000,0.0
DTL-003333,TRX-01429,PROD-0093,PROMO-NONE,1,699000,0.0
DTL-003334,TRX-01429,PROD-0029,PROMO-NONE,1,17499000,0.0
DTL-003335,TRX-01429,PROD-0072,PROMO-NONE,1,6999000,0.0
DTL-003336,TRX-01430,PROD-0042,PROMO-002,1,3499000,279920.0
DTL-003337,TRX-01431,PROD-0051,PROMO-020,1,6499000,324950.0
DTL-003338,TRX-01432,PROD-0018,PROMO-NONE,1,7999000,0.0
DTL-003339,TRX-01432,PROD-0080,PROMO-007,1,10999000,1099900.0
DTL-003340,TRX-01433,PROD-0028,PROMO-NONE,1,20999000,0.0
DTL-003341,TRX-01433,PROD-0025,PROMO-004,1,24499000,2939880.0
DTL-003342,TRX-01433,PROD-0053,PROMO-NONE,1,5099000,0.0
DTL-003343,TRX-01434,PROD-0035,PROMO-NONE,3,4999000,0.0
DTL-003344,TRX-01434,PROD-0002,PROMO-NONE,1,23499000,0.0
DTL-003345,TRX-01434,PROD-0073,PROMO-NONE,1,4299000,0.0
DTL-003346,TRX-01435,PROD-0087,PROMO-NONE,2,1199000,0.0
DTL-003347,TRX-01435,PROD-0046,PROMO-NONE,1,2999000,0.0
DTL-003348,TRX-01436,PROD-0070,PROMO-NONE,1,6499000,0.0
DTL-003349,TRX-01436,PROD-0024,PROMO-NONE,1,399000,0.0
DTL-003350,TRX-01436,PROD-0043,PROMO-NONE,1,8999000,0.0
DTL-003351,TRX-01437,PROD-0003,PROMO-NONE,1,18499000,0.0
DTL-003352,TRX-01437,PROD-0070,PROMO-NONE,1,6499000,0.0
DTL-003353,TRX-01438,PROD-0096,PROMO-006,1,1599000,47970.0
DTL-003354,TRX-01438,PROD-0063,PROMO-019,1,6999000,349950.0
DTL-003355,TRX-01439,PROD-0069,PROMO-NONE,1,1599000,0.0
DTL-003356,TRX-01440,PROD-0084,PROMO-014,1,1399000,41970.0
DTL-003357,TRX-01440,PROD-0038,PROMO-NONE,1,1599000,0.0
DTL-003358,TRX-01441,PROD-0015,PROMO-NONE,1,13599000,0.0
DTL-003359,TRX-01441,PROD-0097,PROMO-013,1,1565000,156500.0
DTL-003360,TRX-01442,PROD-0099,PROMO-NONE,1,3079000,0.0
DTL-003361,TRX-01442,PROD-0088,PROMO-NONE,2,2799000,0.0
DTL-003362,TRX-01442,PROD-0057,PROMO-NONE,1,5999000,0.0
DTL-003363,TRX-01443,PROD-0009,PROMO-018,1,12999000,1949850.0
DTL-003364,TRX-01444,PROD-0014,PROMO-NONE,2,9499000,0.0
DTL-003365,TRX-01444,PROD-0037,PROMO-NONE,2,2999000,0.0
DTL-003366,TRX-01445,PROD-0079,PROMO-014,1,18999000,569970.0
DTL-003367,TRX-01445,PROD-0011,PROMO-NONE,1,15999000,0.0
DTL-003368,TRX-01445,PROD-0042,PROMO-NONE,1,3499000,0.0
DTL-003369,TRX-01446,PROD-0045,PROMO-NONE,1,3999000,0.0
DTL-003370,TRX-01446,PROD-0038,PROMO-NONE,3,1599000,0.0
DTL-003371,TRX-01446,PROD-0017,PROMO-014,1,22999000,689970.0
DTL-003372,TRX-01447,PROD-0003,PROMO-NONE,1,18499000,0.0
DTL-003373,TRX-01447,PROD-0014,PROMO-NONE,3,9499000,0.0
DTL-003374,TRX-01447,PROD-0016,PROMO-001,2,14999000,899940.0
DTL-003375,TRX-01448,PROD-0032,PROMO-NONE,1,28499000,0.0
DTL-003376,TRX-01449,PROD-0036,PROMO-010,1,3999000,199950.0
DTL-003377,TRX-01450,PROD-0053,PROMO-006,1,5099000,152970.0
DTL-003378,TRX-01450,PROD-0024,PROMO-007,2,399000,79800.0
DTL-003379,TRX-01450,PROD-0063,PROMO-NONE,2,6999000,0.0
DTL-003380,TRX-01451,PROD-0010,PROMO-NONE,1,12599000,0.0
DTL-003381,TRX-01451,PROD-0089,PROMO-008,1,779000,38950.0
DTL-003382,TRX-01451,PROD-0057,PROMO-008,2,5999000,599900.0
DTL-003383,TRX-01452,PROD-0082,PROMO-017,3,7499000,2699640.0
DTL-003384,TRX-01452,PROD-0023,PROMO-NONE,1,499000,0.0
DTL-003385,TRX-01452,PROD-0062,PROMO-NONE,1,5999000,0.0
DTL-003386,TRX-01452,PROD-0029,PROMO-NONE,1,17499000,0.0
DTL-003387,TRX-01453,PROD-0053,PROMO-NONE,3,5099000,0.0
DTL-003388,TRX-01453,PROD-0050,PROMO-004,1,8499000,1019880.0
DTL-003389,TRX-01453,PROD-0001,PROMO-NONE,1,20499000,0.0
DTL-003390,TRX-01454,PROD-0051,PROMO-008,1,6499000,324950.0
DTL-003391,TRX-01454,PROD-0035,PROMO-020,1,4999000,249950.0
DTL-003392,TRX-01455,PROD-0022,PROMO-NONE,1,499000,0.0
DTL-003393,TRX-01455,PROD-0062,PROMO-008,1,5999000,299950.0
DTL-003394,TRX-01455,PROD-0033,PROMO-011,2,15999000,2559840.0
DTL-003395,TRX-01456,PROD-0044,PROMO-NONE,1,4499000,0.0
DTL-003396,TRX-01456,PROD-0025,PROMO-NONE,2,24499000,0.0
DTL-003397,TRX-01457,PROD-0026,PROMO-NONE,1,19499000,0.0
DTL-003398,TRX-01457,PROD-0078,PROMO-012,1,21999000,2199900.0
DTL-003399,TRX-01457,PROD-0031,PROMO-NONE,1,20999000,0.0
DTL-003400,TRX-01457,PROD-0065,PROMO-NONE,1,6299000,0.0
DTL-003401,TRX-01458,PROD-0098,PROMO-NONE,1,1695000,0.0
DTL-003402,TRX-01458,PROD-0012,PROMO-017,1,11499000,1379880.0
DTL-003403,TRX-01459,PROD-0011,PROMO-NONE,1,15999000,0.0
DTL-003404,TRX-01459,PROD-0072,PROMO-NONE,1,6999000,0.0
DTL-003405,TRX-01460,PROD-0087,PROMO-005,1,1199000,95920.0
DTL-003406,TRX-01460,PROD-0066,PROMO-007,2,5499000,1099800.0
DTL-003407,TRX-01461,PROD-0074,PROMO-NONE,2,5999000,0.0
DTL-003408,TRX-01462,PROD-0085,PROMO-NONE,1,399000,0.0
DTL-003409,TRX-01462,PROD-0036,PROMO-NONE,1,3999000,0.0
DTL-003410,TRX-01463,PROD-0083,PROMO-NONE,1,7499000,0.0
DTL-003411,TRX-01463,PROD-0028,PROMO-NONE,2,20999000,0.0
DTL-003412,TRX-01463,PROD-0031,PROMO-NONE,1,20999000,0.0
DTL-003413,TRX-01463,PROD-0007,PROMO-NONE,3,9999000,0.0
DTL-003414,TRX-01464,PROD-0099,PROMO-NONE,1,3079000,0.0
DTL-003415,TRX-01464,PROD-0088,PROMO-NONE,1,2799000,0.0
DTL-003416,TRX-01465,PROD-0031,PROMO-NONE,1,20999000,0.0
DTL-003417,TRX-01465,PROD-0003,PROMO-NONE,1,18499000,0.0
DTL-003418,TRX-01465,PROD-0033,PROMO-NONE,1,15999000,0.0
DTL-003419,TRX-01465,PROD-0001,PROMO-NONE,2,20499000,0.0
DTL-003420,TRX-01466,PROD-0082,PROMO-NONE,2,7499000,0.0
DTL-003421,TRX-01466,PROD-0032,PROMO-NONE,1,28499000,0.0
DTL-003422,TRX-01466,PROD-0046,PROMO-NONE,2,2999000,0.0
DTL-003423,TRX-01467,PROD-0094,PROMO-NONE,1,2999000,0.0
DTL-003424,TRX-01468,PROD-0030,PROMO-NONE,1,13499000,0.0
DTL-003425,TRX-01468,PROD-0052,PROMO-010,1,2099000,104950.0
DTL-003426,TRX-01468,PROD-0024,PROMO-007,1,399000,39900.0
DTL-003427,TRX-01469,PROD-0090,PROMO-007,1,699000,69900.0
DTL-003428,TRX-01469,PROD-0060,PROMO-NONE,1,4999000,0.0
DTL-003429,TRX-01470,PROD-0088,PROMO-NONE,1,2799000,0.0
DTL-003430,TRX-01470,PROD-0056,PROMO-NONE,1,5799000,0.0
DTL-003431,TRX-01470,PROD-0009,PROMO-NONE,1,12999000,0.0
DTL-003432,TRX-01470,PROD-0041,PROMO-007,1,6499000,649900.0
DTL-003433,TRX-01471,PROD-0047,PROMO-NONE,1,12499000,0.0
DTL-003434,TRX-01471,PROD-0009,PROMO-NONE,1,12999000,0.0
DTL-003435,TRX-01471,PROD-0031,PROMO-010,1,20999000,1049950.0
DTL-003436,TRX-01471,PROD-0092,PROMO-004,1,649000,77880.0
DTL-003437,TRX-01472,PROD-0004,PROMO-009,2,16999000,1019940.0
DTL-003438,TRX-01472,PROD-0086,PROMO-014,1,1199000,35970.0
DTL-003439,TRX-01473,PROD-0066,PROMO-001,1,5499000,164970.0
DTL-003440,TRX-01473,PROD-0093,PROMO-NONE,2,699000,0.0
DTL-003441,TRX-01473,PROD-0078,PROMO-NONE,1,21999000,0.0
DTL-003442,TRX-01474,PROD-0059,PROMO-005,1,2299000,183920.0
DTL-003443,TRX-01474,PROD-0063,PROMO-NONE,2,6999000,0.0
DTL-003444,TRX-01475,PROD-0008,PROMO-014,1,10999000,329970.0
DTL-003445,TRX-01475,PROD-0038,PROMO-011,1,1599000,127920.0
DTL-003446,TRX-01475,PROD-0039,PROMO-NONE,1,13999000,0.0
DTL-003447,TRX-01475,PROD-0016,PROMO-005,1,14999000,1199920.0
DTL-003448,TRX-01476,PROD-0051,PROMO-NONE,1,6499000,0.0
DTL-003449,TRX-01476,PROD-0081,PROMO-NONE,1,7999000,0.0
DTL-003450,TRX-01476,PROD-0011,PROMO-008,2,15999000,1599900.0
DTL-003451,TRX-01476,PROD-0057,PROMO-NONE,2,5999000,0.0
DTL-003452,TRX-01477,PROD-0063,PROMO-NONE,1,6999000,0.0
DTL-003453,TRX-01477,PROD-0018,PROMO-014,1,7999000,239970.0
DTL-003454,TRX-01477,PROD-0007,PROMO-NONE,1,9999000,0.0
DTL-003455,TRX-01478,PROD-0017,PROMO-NONE,1,22999000,0.0
DTL-003456,TRX-01478,PROD-0011,PROMO-018,1,15999000,2399850.0
DTL-003457,TRX-01478,PROD-0072,PROMO-013,1,6999000,699900.0
DTL-003458,TRX-01479,PROD-0007,PROMO-NONE,1,9999000,0.0
DTL-003459,TRX-01479,PROD-0058,PROMO-014,1,4999000,149970.0
DTL-003460,TRX-01480,PROD-0037,PROMO-NONE,3,2999000,0.0
DTL-003461,TRX-01480,PROD-0063,PROMO-NONE,2,6999000,0.0
DTL-003462,TRX-01481,PROD-0051,PROMO-NONE,1,6499000,0.0
DTL-003463,TRX-01481,PROD-0089,PROMO-NONE,1,779000,0.0
DTL-003464,TRX-01482,PROD-0045,PROMO-020,1,3999000,199950.0
DTL-003465,TRX-01482,PROD-0067,PROMO-NONE,2,3999000,0.0
DTL-003466,TRX-01483,PROD-0076,PROMO-NONE,1,2999000,0.0
DTL-003467,TRX-01484,PROD-0046,PROMO-013,1,2999000,299900.0
DTL-003468,TRX-01484,PROD-0094,PROMO-019,1,2999000,149950.0
DTL-003469,TRX-01485,PROD-0089,PROMO-NONE,1,779000,0.0
DTL-003470,TRX-01485,PROD-0059,PROMO-NONE,1,2299000,0.0
DTL-003471,TRX-01485,PROD-0062,PROMO-019,1,5999000,299950.0
DTL-003472,TRX-01486,PROD-0095,PROMO-NONE,1,399000,0.0
DTL-003473,TRX-01486,PROD-0047,PROMO-NONE,1,12499000,0.0
DTL-003474,TRX-01486,PROD-0028,PROMO-NONE,1,20999000,0.0
DTL-003475,TRX-01487,PROD-0056,PROMO-NONE,1,5799000,0.0
DTL-003476,TRX-01487,PROD-0008,PROMO-NONE,1,10999000,0.0
DTL-003477,TRX-01488,PROD-0078,PROMO-NONE,1,21999000,0.0
DTL-003478,TRX-01488,PROD-0053,PROMO-NONE,2,5099000,0.0
DTL-003479,TRX-01489,PROD-0013,PROMO-NONE,1,6499000,0.0
DTL-003480,TRX-01489,PROD-0094,PROMO-NONE,1,2999000,0.0
DTL-003481,TRX-01490,PROD-0080,PROMO-NONE,1,10999000,0.0
DTL-003482,TRX-01490,PROD-0064,PROMO-NONE,1,7499000,0.0
DTL-003483,TRX-01491,PROD-0087,PROMO-NONE,2,1199000,0.0
DTL-003484,TRX-01491,PROD-0023,PROMO-NONE,1,499000,0.0
DTL-003485,TRX-01492,PROD-0074,PROMO-NONE,2,5999000,0.0
DTL-003486,TRX-01492,PROD-0016,PROMO-NONE,1,14999000,0.0
DTL-003487,TRX-01492,PROD-0056,PROMO-NONE,1,5799000,0.0
DTL-003488,TRX-01493,PROD-0017,PROMO-NONE,2,22999000,0.0
DTL-003489,TRX-01493,PROD-0070,PROMO-018,1,6499000,974850.0
DTL-003490,TRX-01493,PROD-0006,PROMO-013,1,12499000,1249900.0
DTL-003491,TRX-01494,PROD-0072,PROMO-NONE,1,6999000,0.0
DTL-003492,TRX-01494,PROD-0020,PROMO-NONE,1,3999000,0.0
DTL-003493,TRX-01494,PROD-0074,PROMO-016,1,5999000,299950.0
DTL-003494,TRX-01495,PROD-0030,PROMO-NONE,2,13499000,0.0
DTL-003495,TRX-01495,PROD-0092,PROMO-002,1,649000,51920.0
DTL-003496,TRX-01495,PROD-0062,PROMO-017,1,5999000,719880.0
DTL-003497,TRX-01495,PROD-0015,PROMO-001,1,13599000,407970.0
DTL-003498,TRX-01496,PROD-0029,PROMO-NONE,2,17499000,0.0
DTL-003499,TRX-01496,PROD-0012,PROMO-NONE,1,11499000,0.0
DTL-003500,TRX-01497,PROD-0095,PROMO-NONE,3,399000,0.0
DTL-003501,TRX-01497,PROD-0051,PROMO-NONE,3,6499000,0.0
DTL-003502,TRX-01497,PROD-0061,PROMO-NONE,1,5599000,0.0
DTL-003503,TRX-01498,PROD-0065,PROMO-015,2,6299000,1007840.0
DTL-003504,TRX-01498,PROD-0044,PROMO-NONE,1,4499000,0.0
DTL-003505,TRX-01499,PROD-0026,PROMO-007,1,19499000,1949900.0
DTL-003506,TRX-01499,PROD-0089,PROMO-NONE,1,779000,0.0
DTL-003507,TRX-01499,PROD-0083,PROMO-NONE,1,7499000,0.0
DTL-003508,TRX-01499,PROD-0078,PROMO-NONE,1,21999000,0.0
DTL-003509,TRX-01500,PROD-0040,PROMO-008,2,15999000,1599900.0
DTL-003510,TRX-01500,PROD-0063,PROMO-NONE,1,6999000,0.0
DTL-003511,TRX-01501,PROD-0096,PROMO-NONE,1,1599000,0.0
DTL-003512,TRX-01502,PROD-0015,PROMO-NONE,1,13599000,0.0
DTL-003513,TRX-01503,PROD-0098,PROMO-NONE,1,1695000,0.0
DTL-003514,TRX-01503,PROD-0063,PROMO-014,1,6999000,209970.0
DTL-003515,TRX-01504,PROD-0076,PROMO-NONE,1,2999000,0.0
DTL-003516,TRX-01504,PROD-0007,PROMO-019,1,9999000,499950.0
DTL-003517,TRX-01504,PROD-0021,PROMO-NONE,1,2499000,0.0
DTL-003518,TRX-01505,PROD-0073,PROMO-015,1,4299000,343920.0
DTL-003519,TRX-01505,PROD-0017,PROMO-NONE,1,22999000,0.0
DTL-003520,TRX-01506,PROD-0026,PROMO-010,2,19499000,1949900.0
DTL-003521,TRX-01506,PROD-0008,PROMO-015,1,10999000,879920.0
DTL-003522,TRX-01506,PROD-0039,PROMO-NONE,2,13999000,0.0
DTL-003523,TRX-01507,PROD-0087,PROMO-005,1,1199000,95920.0
DTL-003524,TRX-01507,PROD-0028,PROMO-NONE,1,20999000,0.0
DTL-003525,TRX-01507,PROD-0062,PROMO-012,1,5999000,599900.0
DTL-003526,TRX-01507,PROD-0037,PROMO-019,1,2999000,149950.0
DTL-003527,TRX-01508,PROD-0060,PROMO-NONE,2,4999000,0.0
DTL-003528,TRX-01508,PROD-0099,PROMO-NONE,1,3079000,0.0
DTL-003529,TRX-01508,PROD-0063,PROMO-NONE,1,6999000,0.0
DTL-003530,TRX-01508,PROD-0020,PROMO-NONE,2,3999000,0.0
DTL-003531,TRX-01509,PROD-0017,PROMO-NONE,1,22999000,0.0
DTL-003532,TRX-01509,PROD-0028,PROMO-002,1,20999000,1679920.0
DTL-003533,TRX-01509,PROD-0002,PROMO-NONE,2,23499000,0.0
DTL-003534,TRX-01510,PROD-0010,PROMO-NONE,2,12599000,0.0
DTL-003535,TRX-01510,PROD-0096,PROMO-NONE,1,1599000,0.0
DTL-003536,TRX-01510,PROD-0053,PROMO-008,1,5099000,254950.0
DTL-003537,TRX-01511,PROD-0087,PROMO-NONE,2,1199000,0.0
DTL-003538,TRX-01511,PROD-0008,PROMO-004,2,10999000,2639760.0
DTL-003539,TRX-01511,PROD-0009,PROMO-NONE,1,12999000,0.0
DTL-003540,TRX-01511,PROD-0091,PROMO-NONE,1,699000,0.0
DTL-003541,TRX-01512,PROD-0025,PROMO-NONE,1,24499000,0.0
DTL-003542,TRX-01512,PROD-0036,PROMO-NONE,1,3999000,0.0
DTL-003543,TRX-01512,PROD-0029,PROMO-NONE,1,17499000,0.0
DTL-003544,TRX-01513,PROD-0024,PROMO-NONE,1,399000,0.0
DTL-003545,TRX-01513,PROD-0068,PROMO-NONE,1,3499000,0.0
DTL-003546,TRX-01513,PROD-0010,PROMO-008,1,12599000,629950.0
DTL-003547,TRX-01513,PROD-0049,PROMO-NONE,1,6999000,0.0
DTL-003548,TRX-01514,PROD-0022,PROMO-012,1,499000,49900.0
DTL-003549,TRX-01514,PROD-0024,PROMO-NONE,2,399000,0.0
DTL-003550,TRX-01514,PROD-0096,PROMO-NONE,1,1599000,0.0
DTL-003551,TRX-01515,PROD-0059,PROMO-NONE,1,2299000,0.0
DTL-003552,TRX-01515,PROD-0096,PROMO-NONE,1,1599000,0.0
DTL-003553,TRX-01515,PROD-0069,PROMO-008,1,1599000,79950.0
DTL-003554,TRX-01515,PROD-0013,PROMO-004,1,6499000,779880.0
DTL-003555,TRX-01516,PROD-0050,PROMO-014,2,8499000,509940.0
DTL-003556,TRX-01516,PROD-0094,PROMO-011,1,2999000,239920.0
DTL-003557,TRX-01517,PROD-0004,PROMO-NONE,1,16999000,0.0
DTL-003558,TRX-01517,PROD-0061,PROMO-NONE,1,5599000,0.0
DTL-003559,TRX-01518,PROD-0013,PROMO-003,1,6499000,519920.0
DTL-003560,TRX-01518,PROD-0070,PROMO-NONE,1,6499000,0.0
DTL-003561,TRX-01519,PROD-0047,PROMO-NONE,1,12499000,0.0
DTL-003562,TRX-01519,PROD-0040,PROMO-NONE,1,15999000,0.0
DTL-003563,TRX-01519,PROD-0081,PROMO-NONE,1,7999000,0.0
DTL-003564,TRX-01519,PROD-0049,PROMO-NONE,1,6999000,0.0
DTL-003565,TRX-01520,PROD-0003,PROMO-NONE,1,18499000,0.0
DTL-003566,TRX-01520,PROD-0019,PROMO-NONE,2,14999000,0.0
DTL-003567,TRX-01520,PROD-0004,PROMO-NONE,1,16999000,0.0
DTL-003568,TRX-01520,PROD-0062,PROMO-014,2,5999000,359940.0
DTL-003569,TRX-01521,PROD-0078,PROMO-015,2,21999000,3519840.0
DTL-003570,TRX-01521,PROD-0004,PROMO-NONE,1,16999000,0.0
DTL-003571,TRX-01522,PROD-0006,PROMO-NONE,1,12499000,0.0
DTL-003572,TRX-01522,PROD-0056,PROMO-NONE,1,5799000,0.0
DTL-003573,TRX-01523,PROD-0051,PROMO-NONE,1,6499000,0.0
DTL-003574,TRX-01523,PROD-0037,PROMO-013,1,2999000,299900.0
DTL-003575,TRX-01524,PROD-0030,PROMO-008,1,13499000,674950.0
DTL-003576,TRX-01524,PROD-0087,PROMO-015,1,1199000,95920.0
DTL-003577,TRX-01524,PROD-0013,PROMO-NONE,1,6499000,0.0
DTL-003578,TRX-01525,PROD-0047,PROMO-NONE,1,12499000,0.0
DTL-003579,TRX-01525,PROD-0076,PROMO-NONE,1,2999000,0.0
DTL-003580,TRX-01525,PROD-0008,PROMO-NONE,2,10999000,0.0
DTL-003581,TRX-01525,PROD-0084,PROMO-NONE,1,1399000,0.0
DTL-003582,TRX-01526,PROD-0001,PROMO-NONE,1,20499000,0.0
DTL-003583,TRX-01527,PROD-0040,PROMO-NONE,2,15999000,0.0
DTL-003584,TRX-01527,PROD-0063,PROMO-NONE,1,6999000,0.0
DTL-003585,TRX-01528,PROD-0076,PROMO-NONE,1,2999000,0.0
DTL-003586,TRX-01528,PROD-0003,PROMO-NONE,1,18499000,0.0
DTL-003587,TRX-01529,PROD-0005,PROMO-NONE,1,13999000,0.0
DTL-003588,TRX-01529,PROD-0038,PROMO-NONE,1,1599000,0.0
DTL-003589,TRX-01529,PROD-0069,PROMO-008,1,1599000,79950.0
DTL-003590,TRX-01530,PROD-0072,PROMO-NONE,1,6999000,0.0
DTL-003591,TRX-01530,PROD-0044,PROMO-NONE,1,4499000,0.0
DTL-003592,TRX-01531,PROD-0081,PROMO-002,2,7999000,1279840.0
DTL-003593,TRX-01531,PROD-0015,PROMO-005,1,13599000,1087920.0
DTL-003594,TRX-01532,PROD-0022,PROMO-NONE,1,499000,0.0
DTL-003595,TRX-01532,PROD-0009,PROMO-011,1,12999000,1039920.0
DTL-003596,TRX-01533,PROD-0018,PROMO-NONE,1,7999000,0.0
DTL-003597,TRX-01533,PROD-0089,PROMO-NONE,2,779000,0.0
DTL-003598,TRX-01534,PROD-0016,PROMO-017,1,14999000,1799880.0
DTL-003599,TRX-01534,PROD-0021,PROMO-NONE,2,2499000,0.0
DTL-003600,TRX-01535,PROD-0014,PROMO-NONE,2,9499000,0.0
DTL-003601,TRX-01535,PROD-0091,PROMO-NONE,1,699000,0.0
DTL-003602,TRX-01536,PROD-0006,PROMO-NONE,2,12499000,0.0
DTL-003603,TRX-01537,PROD-0040,PROMO-010,1,15999000,799950.0
DTL-003604,TRX-01537,PROD-0016,PROMO-NONE,1,14999000,0.0
DTL-003605,TRX-01538,PROD-0080,PROMO-NONE,1,10999000,0.0
DTL-003606,TRX-01538,PROD-0033,PROMO-001,1,15999000,479970.0
DTL-003607,TRX-01539,PROD-0061,PROMO-NONE,1,5599000,0.0
DTL-003608,TRX-01539,PROD-0016,PROMO-NONE,1,14999000,0.0
DTL-003609,TRX-01540,PROD-0045,PROMO-NONE,2,3999000,0.0
DTL-003610,TRX-01540,PROD-0058,PROMO-007,3,4999000,1499700.0
DTL-003611,TRX-01541,PROD-0054,PROMO-NONE,1,4499000,0.0
DTL-003612,TRX-01541,PROD-0040,PROMO-017,1,15999000,1919880.0
DTL-003613,TRX-01541,PROD-0014,PROMO-NONE,1,9499000,0.0
DTL-003614,TRX-01542,PROD-0100,PROMO-013,1,1799000,179900.0
DTL-003615,TRX-01542,PROD-0080,PROMO-NONE,1,10999000,0.0
DTL-003616,TRX-01542,PROD-0027,PROMO-NONE,1,16499000,0.0
DTL-003617,TRX-01542,PROD-0060,PROMO-NONE,1,4999000,0.0
DTL-003618,TRX-01543,PROD-0070,PROMO-NONE,1,6499000,0.0
DTL-003619,TRX-01544,PROD-0011,PROMO-020,1,15999000,799950.0
DTL-003620,TRX-01544,PROD-0037,PROMO-NONE,1,2999000,0.0
DTL-003621,TRX-01545,PROD-0080,PROMO-009,1,10999000,329970.0
DTL-003622,TRX-01545,PROD-0061,PROMO-NONE,1,5599000,0.0
DTL-003623,TRX-01545,PROD-0045,PROMO-013,1,3999000,399900.0
DTL-003624,TRX-01546,PROD-0096,PROMO-013,1,1599000,159900.0
DTL-003625,TRX-01546,PROD-0072,PROMO-NONE,1,6999000,0.0
DTL-003626,TRX-01547,PROD-0064,PROMO-017,1,7499000,899880.0
DTL-003627,TRX-01548,PROD-0066,PROMO-NONE,1,5499000,0.0
DTL-003628,TRX-01548,PROD-0001,PROMO-012,1,20499000,2049900.0
DTL-003629,TRX-01548,PROD-0070,PROMO-009,1,6499000,194970.0
DTL-003630,TRX-01549,PROD-0083,PROMO-NONE,3,7499000,0.0
DTL-003631,TRX-01549,PROD-0080,PROMO-NONE,1,10999000,0.0
DTL-003632,TRX-01550,PROD-0007,PROMO-NONE,1,9999000,0.0
DTL-003633,TRX-01550,PROD-0049,PROMO-NONE,1,6999000,0.0
DTL-003634,TRX-01550,PROD-0014,PROMO-NONE,1,9499000,0.0
DTL-003635,TRX-01551,PROD-0079,PROMO-015,1,18999000,1519920.0
DTL-003636,TRX-01552,PROD-0070,PROMO-NONE,1,6499000,0.0
DTL-003637,TRX-01552,PROD-0057,PROMO-NONE,1,5999000,0.0
DTL-003638,TRX-01552,PROD-0034,PROMO-NONE,1,5999000,0.0
DTL-003639,TRX-01553,PROD-0085,PROMO-NONE,1,399000,0.0
DTL-003640,TRX-01553,PROD-0065,PROMO-NONE,1,6299000,0.0
DTL-003641,TRX-01553,PROD-0097,PROMO-NONE,2,1565000,0.0
DTL-003642,TRX-01553,PROD-0086,PROMO-NONE,1,1199000,0.0
DTL-003643,TRX-01554,PROD-0028,PROMO-NONE,2,20999000,0.0
DTL-003644,TRX-01554,PROD-0085,PROMO-NONE,3,399000,0.0
DTL-003645,TRX-01554,PROD-0088,PROMO-NONE,3,2799000,0.0
DTL-003646,TRX-01555,PROD-0080,PROMO-010,1,10999000,549950.0
DTL-003647,TRX-01556,PROD-0044,PROMO-013,1,4499000,449900.0
DTL-003648,TRX-01557,PROD-0018,PROMO-NONE,1,7999000,0.0
DTL-003649,TRX-01557,PROD-0098,PROMO-013,1,1695000,169500.0
DTL-003650,TRX-01557,PROD-0035,PROMO-005,2,4999000,799840.0
DTL-003651,TRX-01558,PROD-0070,PROMO-NONE,1,6499000,0.0
DTL-003652,TRX-01558,PROD-0086,PROMO-018,1,1199000,179850.0
DTL-003653,TRX-01559,PROD-0071,PROMO-NONE,1,4999000,0.0
DTL-003654,TRX-01559,PROD-0001,PROMO-NONE,1,20499000,0.0
DTL-003655,TRX-01560,PROD-0031,PROMO-NONE,1,20999000,0.0
DTL-003656,TRX-01560,PROD-0066,PROMO-NONE,1,5499000,0.0
DTL-003657,TRX-01561,PROD-0023,PROMO-NONE,1,499000,0.0
DTL-003658,TRX-01562,PROD-0075,PROMO-NONE,1,4699000,0.0
DTL-003659,TRX-01563,PROD-0064,PROMO-020,1,7499000,374950.0
DTL-003660,TRX-01563,PROD-0014,PROMO-NONE,3,9499000,0.0
DTL-003661,TRX-01563,PROD-0049,PROMO-005,1,6999000,559920.0
DTL-003662,TRX-01563,PROD-0055,PROMO-015,1,3299000,263920.0
DTL-003663,TRX-01564,PROD-0050,PROMO-NONE,1,8499000,0.0
DTL-003664,TRX-01564,PROD-0100,PROMO-010,1,1799000,89950.0
DTL-003665,TRX-01564,PROD-0011,PROMO-NONE,1,15999000,0.0
DTL-003666,TRX-01564,PROD-0024,PROMO-NONE,1,399000,0.0
DTL-003667,TRX-01565,PROD-0018,PROMO-NONE,1,7999000,0.0
DTL-003668,TRX-01565,PROD-0001,PROMO-008,1,20499000,1024950.0
DTL-003669,TRX-01566,PROD-0061,PROMO-NONE,2,5599000,0.0
DTL-003670,TRX-01566,PROD-0058,PROMO-NONE,1,4999000,0.0
DTL-003671,TRX-01567,PROD-0089,PROMO-NONE,1,779000,0.0
DTL-003672,TRX-01567,PROD-0030,PROMO-NONE,1,13499000,0.0
DTL-003673,TRX-01568,PROD-0061,PROMO-NONE,1,5599000,0.0
DTL-003674,TRX-01568,PROD-0087,PROMO-NONE,1,1199000,0.0
DTL-003675,TRX-01569,PROD-0055,PROMO-NONE,2,3299000,0.0
DTL-003676,TRX-01569,PROD-0015,PROMO-NONE,1,13599000,0.0
DTL-003677,TRX-01569,PROD-0058,PROMO-018,1,4999000,749850.0
DTL-003678,TRX-01569,PROD-0043,PROMO-004,1,8999000,1079880.0
DTL-003679,TRX-01570,PROD-0010,PROMO-NONE,2,12599000,0.0
DTL-003680,TRX-01570,PROD-0072,PROMO-NONE,1,6999000,0.0
DTL-003681,TRX-01571,PROD-0038,PROMO-NONE,1,1599000,0.0
DTL-003682,TRX-01571,PROD-0003,PROMO-NONE,1,18499000,0.0
DTL-003683,TRX-01571,PROD-0034,PROMO-NONE,1,5999000,0.0
DTL-003684,TRX-01571,PROD-0070,PROMO-NONE,1,6499000,0.0
DTL-003685,TRX-01572,PROD-0017,PROMO-012,1,22999000,2299900.0
DTL-003686,TRX-01572,PROD-0040,PROMO-NONE,1,15999000,0.0
DTL-003687,TRX-01573,PROD-0061,PROMO-NONE,1,5599000,0.0
DTL-003688,TRX-01573,PROD-0082,PROMO-NONE,1,7499000,0.0
DTL-003689,TRX-01573,PROD-0066,PROMO-NONE,1,5499000,0.0
DTL-003690,TRX-01573,PROD-0038,PROMO-NONE,1,1599000,0.0
DTL-003691,TRX-01574,PROD-0096,PROMO-NONE,1,1599000,0.0
DTL-003692,TRX-01574,PROD-0039,PROMO-NONE,1,13999000,0.0
DTL-003693,TRX-01575,PROD-0070,PROMO-013,2,6499000,1299800.0
DTL-003694,TRX-01575,PROD-0019,PROMO-008,1,14999000,749950.0
DTL-003695,TRX-01575,PROD-0006,PROMO-NONE,1,12499000,0.0
DTL-003696,TRX-01576,PROD-0061,PROMO-NONE,1,5599000,0.0
DTL-003697,TRX-01576,PROD-0011,PROMO-NONE,1,15999000,0.0
DTL-003698,TRX-01576,PROD-0093,PROMO-NONE,1,699000,0.0
DTL-003699,TRX-01576,PROD-0038,PROMO-NONE,1,1599000,0.0
DTL-003700,TRX-01577,PROD-0018,PROMO-NONE,3,7999000,0.0
DTL-003701,TRX-01578,PROD-0066,PROMO-NONE,1,5499000,0.0
DTL-003702,TRX-01579,PROD-0003,PROMO-NONE,2,18499000,0.0
DTL-003703,TRX-01579,PROD-0067,PROMO-NONE,1,3999000,0.0
DTL-003704,TRX-01580,PROD-0064,PROMO-NONE,1,7499000,0.0
DTL-003705,TRX-01580,PROD-0086,PROMO-006,1,1199000,35970.0
DTL-003706,TRX-01581,PROD-0053,PROMO-NONE,3,5099000,0.0
DTL-003707,TRX-01582,PROD-0084,PROMO-NONE,1,1399000,0.0
DTL-003708,TRX-01582,PROD-0063,PROMO-NONE,1,6999000,0.0
DTL-003709,TRX-01582,PROD-0098,PROMO-004,1,1695000,203400.0
DTL-003710,TRX-01583,PROD-0034,PROMO-NONE,1,5999000,0.0
DTL-003711,TRX-01583,PROD-0021,PROMO-NONE,1,2499000,0.0
DTL-003712,TRX-01583,PROD-0042,PROMO-009,1,3499000,104970.0
DTL-003713,TRX-01584,PROD-0029,PROMO-NONE,1,17499000,0.0
DTL-003714,TRX-01584,PROD-0030,PROMO-NONE,1,13499000,0.0
DTL-003715,TRX-01584,PROD-0060,PROMO-NONE,1,4999000,0.0
DTL-003716,TRX-01585,PROD-0026,PROMO-NONE,1,19499000,0.0
DTL-003717,TRX-01585,PROD-0006,PROMO-NONE,1,12499000,0.0
DTL-003718,TRX-01585,PROD-0038,PROMO-003,1,1599000,127920.0
DTL-003719,TRX-01585,PROD-0015,PROMO-NONE,1,13599000,0.0
DTL-003720,TRX-01586,PROD-0059,PROMO-NONE,1,2299000,0.0
DTL-003721,TRX-01586,PROD-0083,PROMO-014,1,7499000,224970.0
DTL-003722,TRX-01587,PROD-0066,PROMO-020,1,5499000,274950.0
DTL-003723,TRX-01587,PROD-0056,PROMO-NONE,1,5799000,0.0
DTL-003724,TRX-01588,PROD-0088,PROMO-009,1,2799000,83970.0
DTL-003725,TRX-01588,PROD-0081,PROMO-NONE,1,7999000,0.0
DTL-003726,TRX-01589,PROD-0007,PROMO-NONE,1,9999000,0.0
DTL-003727,TRX-01590,PROD-0098,PROMO-NONE,1,1695000,0.0
DTL-003728,TRX-01590,PROD-0008,PROMO-011,1,10999000,879920.0
DTL-003729,TRX-01590,PROD-0039,PROMO-NONE,1,13999000,0.0
DTL-003730,TRX-01591,PROD-0071,PROMO-NONE,1,4999000,0.0
DTL-003731,TRX-01592,PROD-0024,PROMO-020,1,399000,19950.0
DTL-003732,TRX-01592,PROD-0040,PROMO-NONE,1,15999000,0.0
DTL-003733,TRX-01593,PROD-0087,PROMO-002,1,1199000,95920.0
DTL-003734,TRX-01594,PROD-0077,PROMO-NONE,3,1999000,0.0
DTL-003735,TRX-01594,PROD-0016,PROMO-NONE,1,14999000,0.0
DTL-003736,TRX-01595,PROD-0001,PROMO-NONE,1,20499000,0.0
DTL-003737,TRX-01595,PROD-0084,PROMO-NONE,1,1399000,0.0
DTL-003738,TRX-01595,PROD-0030,PROMO-006,1,13499000,404970.0
DTL-003739,TRX-01595,PROD-0046,PROMO-017,1,2999000,359880.0
DTL-003740,TRX-01596,PROD-0056,PROMO-019,1,5799000,289950.0
DTL-003741,TRX-01596,PROD-0025,PROMO-NONE,1,24499000,0.0
DTL-003742,TRX-01597,PROD-0038,PROMO-018,1,1599000,239850.0
DTL-003743,TRX-01597,PROD-0062,PROMO-NONE,1,5999000,0.0
DTL-003744,TRX-01597,PROD-0053,PROMO-NONE,2,5099000,0.0
DTL-003745,TRX-01597,PROD-0071,PROMO-017,1,4999000,599880.0
DTL-003746,TRX-01598,PROD-0017,PROMO-NONE,1,22999000,0.0
DTL-003747,TRX-01598,PROD-0031,PROMO-015,1,20999000,1679920.0
DTL-003748,TRX-01599,PROD-0050,PROMO-NONE,2,8499000,0.0
DTL-003749,TRX-01599,PROD-0077,PROMO-NONE,1,1999000,0.0
DTL-003750,TRX-01600,PROD-0049,PROMO-NONE,1,6999000,0.0
DTL-003751,TRX-01600,PROD-0068,PROMO-NONE,1,3499000,0.0
DTL-003752,TRX-01601,PROD-0037,PROMO-006,2,2999000,179940.0
DTL-003753,TRX-01601,PROD-0090,PROMO-NONE,1,699000,0.0
DTL-003754,TRX-01602,PROD-0007,PROMO-NONE,1,9999000,0.0
DTL-003755,TRX-01602,PROD-0016,PROMO-NONE,1,14999000,0.0
DTL-003756,TRX-01603,PROD-0066,PROMO-NONE,1,5499000,0.0
DTL-003757,TRX-01603,PROD-0050,PROMO-NONE,1,8499000,0.0
DTL-003758,TRX-01603,PROD-0034,PROMO-NONE,1,5999000,0.0
DTL-003759,TRX-01603,PROD-0068,PROMO-NONE,1,3499000,0.0
DTL-003760,TRX-01604,PROD-0017,PROMO-NONE,2,22999000,0.0
DTL-003761,TRX-01604,PROD-0056,PROMO-NONE,1,5799000,0.0
DTL-003762,TRX-01605,PROD-0056,PROMO-001,1,5799000,173970.0
DTL-003763,TRX-01605,PROD-0042,PROMO-NONE,1,3499000,0.0
DTL-003764,TRX-01605,PROD-0048,PROMO-NONE,1,16999000,0.0
DTL-003765,TRX-01606,PROD-0001,PROMO-NONE,2,20499000,0.0
DTL-003766,TRX-01606,PROD-0004,PROMO-NONE,1,16999000,0.0
DTL-003767,TRX-01606,PROD-0065,PROMO-015,1,6299000,503920.0
DTL-003768,TRX-01606,PROD-0029,PROMO-004,2,17499000,4199760.0
DTL-003769,TRX-01607,PROD-0029,PROMO-NONE,1,17499000,0.0
DTL-003770,TRX-01608,PROD-0084,PROMO-NONE,1,1399000,0.0
DTL-003771,TRX-01608,PROD-0069,PROMO-NONE,3,1599000,0.0
DTL-003772,TRX-01609,PROD-0072,PROMO-018,1,6999000,1049850.0
DTL-003773,TRX-01609,PROD-0048,PROMO-NONE,1,16999000,0.0
DTL-003774,TRX-01609,PROD-0037,PROMO-018,1,2999000,449850.0
DTL-003775,TRX-01610,PROD-0090,PROMO-018,1,699000,104850.0
DTL-003776,TRX-01611,PROD-0093,PROMO-010,1,699000,34950.0
DTL-003777,TRX-01611,PROD-0043,PROMO-NONE,1,8999000,0.0
DTL-003778,TRX-01611,PROD-0030,PROMO-NONE,1,13499000,0.0
DTL-003779,TRX-01612,PROD-0093,PROMO-NONE,1,699000,0.0
DTL-003780,TRX-01612,PROD-0033,PROMO-NONE,1,15999000,0.0
DTL-003781,TRX-01613,PROD-0059,PROMO-018,1,2299000,344850.0
DTL-003782,TRX-01613,PROD-0027,PROMO-017,1,16499000,1979880.0
DTL-003783,TRX-01614,PROD-0025,PROMO-020,1,24499000,1224950.0
DTL-003784,TRX-01614,PROD-0095,PROMO-NONE,1,399000,0.0
DTL-003785,TRX-01615,PROD-0091,PROMO-NONE,2,699000,0.0
DTL-003786,TRX-01616,PROD-0078,PROMO-NONE,1,21999000,0.0
DTL-003787,TRX-01616,PROD-0071,PROMO-006,2,4999000,299940.0
DTL-003788,TRX-01616,PROD-0056,PROMO-NONE,1,5799000,0.0
DTL-003789,TRX-01617,PROD-0056,PROMO-NONE,1,5799000,0.0
DTL-003790,TRX-01617,PROD-0072,PROMO-004,1,6999000,839880.0
DTL-003791,TRX-01618,PROD-0096,PROMO-NONE,1,1599000,0.0
DTL-003792,TRX-01618,PROD-0034,PROMO-004,1,5999000,719880.0
DTL-003793,TRX-01619,PROD-0048,PROMO-NONE,1,16999000,0.0
DTL-003794,TRX-01620,PROD-0088,PROMO-NONE,1,2799000,0.0
DTL-003795,TRX-01620,PROD-0077,PROMO-NONE,1,1999000,0.0
DTL-003796,TRX-01620,PROD-0049,PROMO-NONE,1,6999000,0.0
DTL-003797,TRX-01621,PROD-0027,PROMO-NONE,1,16499000,0.0
DTL-003798,TRX-01621,PROD-0061,PROMO-NONE,1,5599000,0.0
DTL-003799,TRX-01621,PROD-0091,PROMO-012,1,699000,69900.0
DTL-003800,TRX-01622,PROD-0078,PROMO-NONE,1,21999000,0.0
DTL-003801,TRX-01622,PROD-0005,PROMO-NONE,1,13999000,0.0
DTL-003802,TRX-01623,PROD-0026,PROMO-009,1,19499000,584970.0
DTL-003803,TRX-01623,PROD-0050,PROMO-NONE,1,8499000,0.0
DTL-003804,TRX-01624,PROD-0054,PROMO-015,1,4499000,359920.0
DTL-003805,TRX-01624,PROD-0031,PROMO-NONE,1,20999000,0.0
DTL-003806,TRX-01624,PROD-0057,PROMO-NONE,1,5999000,0.0
DTL-003807,TRX-01625,PROD-0040,PROMO-NONE,1,15999000,0.0
DTL-003808,TRX-01625,PROD-0005,PROMO-005,2,13999000,2239840.0
DTL-003809,TRX-01625,PROD-0073,PROMO-NONE,2,4299000,0.0
DTL-003810,TRX-01625,PROD-0044,PROMO-NONE,1,4499000,0.0
DTL-003811,TRX-01626,PROD-0083,PROMO-002,1,7499000,599920.0
DTL-003812,TRX-01626,PROD-0024,PROMO-010,1,399000,19950.0
DTL-003813,TRX-01627,PROD-0082,PROMO-018,1,7499000,1124850.0
DTL-003814,TRX-01627,PROD-0033,PROMO-015,2,15999000,2559840.0
DTL-003815,TRX-01628,PROD-0090,PROMO-011,1,699000,55920.0
DTL-003816,TRX-01628,PROD-0051,PROMO-NONE,1,6499000,0.0
DTL-003817,TRX-01628,PROD-0036,PROMO-NONE,1,3999000,0.0
DTL-003818,TRX-01628,PROD-0043,PROMO-008,1,8999000,449950.0
DTL-003819,TRX-01629,PROD-0054,PROMO-NONE,1,4499000,0.0
DTL-003820,TRX-01629,PROD-0023,PROMO-NONE,1,499000,0.0
DTL-003821,TRX-01629,PROD-0029,PROMO-009,2,17499000,1049940.0
DTL-003822,TRX-01630,PROD-0038,PROMO-NONE,1,1599000,0.0
DTL-003823,TRX-01631,PROD-0047,PROMO-014,1,12499000,374970.0
DTL-003824,TRX-01631,PROD-0080,PROMO-NONE,2,10999000,0.0
DTL-003825,TRX-01631,PROD-0092,PROMO-NONE,1,649000,0.0
DTL-003826,TRX-01632,PROD-0015,PROMO-NONE,1,13599000,0.0
DTL-003827,TRX-01632,PROD-0070,PROMO-NONE,2,6499000,0.0
DTL-003828,TRX-01632,PROD-0007,PROMO-NONE,1,9999000,0.0
DTL-003829,TRX-01633,PROD-0015,PROMO-NONE,1,13599000,0.0
DTL-003830,TRX-01633,PROD-0052,PROMO-NONE,1,2099000,0.0
DTL-003831,TRX-01633,PROD-0034,PROMO-013,1,5999000,599900.0
DTL-003832,TRX-01634,PROD-0063,PROMO-001,1,6999000,209970.0
DTL-003833,TRX-01634,PROD-0086,PROMO-012,3,1199000,359700.0
DTL-003834,TRX-01635,PROD-0100,PROMO-NONE,3,1799000,0.0
DTL-003835,TRX-01636,PROD-0082,PROMO-014,2,7499000,449940.0
DTL-003836,TRX-01637,PROD-0073,PROMO-NONE,1,4299000,0.0
DTL-003837,TRX-01637,PROD-0034,PROMO-NONE,2,5999000,0.0
DTL-003838,TRX-01638,PROD-0029,PROMO-NONE,1,17499000,0.0
DTL-003839,TRX-01638,PROD-0020,PROMO-009,1,3999000,119970.0
DTL-003840,TRX-01639,PROD-0010,PROMO-005,1,12599000,1007920.0
DTL-003841,TRX-01639,PROD-0059,PROMO-008,1,2299000,114950.0
DTL-003842,TRX-01640,PROD-0091,PROMO-020,1,699000,34950.0
DTL-003843,TRX-01640,PROD-0023,PROMO-020,1,499000,24950.0
DTL-003844,TRX-01641,PROD-0002,PROMO-NONE,1,23499000,0.0
DTL-003845,TRX-01642,PROD-0091,PROMO-NONE,1,699000,0.0
DTL-003846,TRX-01642,PROD-0033,PROMO-NONE,1,15999000,0.0
DTL-003847,TRX-01643,PROD-0059,PROMO-NONE,1,2299000,0.0
DTL-003848,TRX-01643,PROD-0009,PROMO-NONE,1,12999000,0.0
DTL-003849,TRX-01644,PROD-0030,PROMO-NONE,1,13499000,0.0
DTL-003850,TRX-01645,PROD-0069,PROMO-NONE,1,1599000,0.0
DTL-003851,TRX-01645,PROD-0041,PROMO-NONE,1,6499000,0.0
DTL-003852,TRX-01646,PROD-0040,PROMO-NONE,1,15999000,0.0
DTL-003853,TRX-01646,PROD-0055,PROMO-NONE,1,3299000,0.0
DTL-003854,TRX-01647,PROD-0037,PROMO-NONE,3,2999000,0.0
DTL-003855,TRX-01647,PROD-0070,PROMO-008,1,6499000,324950.0
DTL-003856,TRX-01647,PROD-0060,PROMO-008,1,4999000,249950.0
DTL-003857,TRX-01648,PROD-0074,PROMO-NONE,2,5999000,0.0
DTL-003858,TRX-01649,PROD-0036,PROMO-NONE,1,3999000,0.0
DTL-003859,TRX-01649,PROD-0022,PROMO-NONE,1,499000,0.0
DTL-003860,TRX-01649,PROD-0046,PROMO-NONE,1,2999000,0.0
DTL-003861,TRX-01650,PROD-0051,PROMO-NONE,1,6499000,0.0
DTL-003862,TRX-01650,PROD-0033,PROMO-016,1,15999000,799950.0
DTL-003863,TRX-01650,PROD-0082,PROMO-NONE,1,7499000,0.0
DTL-003864,TRX-01651,PROD-0075,PROMO-NONE,1,4699000,0.0
DTL-003865,TRX-01651,PROD-0094,PROMO-NONE,1,2999000,0.0
DTL-003866,TRX-01652,PROD-0031,PROMO-013,1,20999000,2099900.0
DTL-003867,TRX-01652,PROD-0062,PROMO-NONE,1,5999000,0.0
DTL-003868,TRX-01652,PROD-0011,PROMO-NONE,1,15999000,0.0
DTL-003869,TRX-01652,PROD-0068,PROMO-009,3,3499000,314910.0
DTL-003870,TRX-01653,PROD-0031,PROMO-005,1,20999000,1679920.0
DTL-003871,TRX-01653,PROD-0075,PROMO-NONE,1,4699000,0.0
DTL-003872,TRX-01653,PROD-0082,PROMO-NONE,1,7499000,0.0
DTL-003873,TRX-01654,PROD-0044,PROMO-008,1,4499000,224950.0
DTL-003874,TRX-01654,PROD-0006,PROMO-NONE,1,12499000,0.0
DTL-003875,TRX-01654,PROD-0040,PROMO-NONE,3,15999000,0.0
DTL-003876,TRX-01654,PROD-0026,PROMO-NONE,1,19499000,0.0
DTL-003877,TRX-01655,PROD-0011,PROMO-NONE,1,15999000,0.0
DTL-003878,TRX-01655,PROD-0049,PROMO-NONE,1,6999000,0.0
DTL-003879,TRX-01656,PROD-0078,PROMO-007,1,21999000,2199900.0
DTL-003880,TRX-01657,PROD-0094,PROMO-NONE,1,2999000,0.0
DTL-003881,TRX-01658,PROD-0003,PROMO-001,1,18499000,554970.0
DTL-003882,TRX-01658,PROD-0061,PROMO-NONE,1,5599000,0.0
DTL-003883,TRX-01658,PROD-0069,PROMO-NONE,1,1599000,0.0
DTL-003884,TRX-01658,PROD-0036,PROMO-NONE,2,3999000,0.0
DTL-003885,TRX-01659,PROD-0086,PROMO-NONE,1,1199000,0.0
DTL-003886,TRX-01659,PROD-0084,PROMO-NONE,2,1399000,0.0
DTL-003887,TRX-01660,PROD-0041,PROMO-019,1,6499000,324950.0
DTL-003888,TRX-01660,PROD-0016,PROMO-NONE,1,14999000,0.0
DTL-003889,TRX-01661,PROD-0038,PROMO-NONE,1,1599000,0.0
DTL-003890,TRX-01661,PROD-0047,PROMO-NONE,1,12499000,0.0
DTL-003891,TRX-01661,PROD-0059,PROMO-NONE,1,2299000,0.0
DTL-003892,TRX-01661,PROD-0036,PROMO-NONE,1,3999000,0.0
DTL-003893,TRX-01662,PROD-0018,PROMO-NONE,1,7999000,0.0
DTL-003894,TRX-01662,PROD-0025,PROMO-006,1,24499000,734970.0
DTL-003895,TRX-01662,PROD-0015,PROMO-003,1,13599000,1087920.0
DTL-003896,TRX-01662,PROD-0027,PROMO-NONE,2,16499000,0.0
DTL-003897,TRX-01663,PROD-0067,PROMO-001,1,3999000,119970.0
DTL-003898,TRX-01663,PROD-0055,PROMO-001,1,3299000,98970.0
DTL-003899,TRX-01664,PROD-0057,PROMO-NONE,1,5999000,0.0
DTL-003900,TRX-01664,PROD-0024,PROMO-009,1,399000,11970.0
DTL-003901,TRX-01665,PROD-0047,PROMO-NONE,1,12499000,0.0
DTL-003902,TRX-01665,PROD-0018,PROMO-NONE,1,7999000,0.0
DTL-003903,TRX-01666,PROD-0095,PROMO-NONE,1,399000,0.0
DTL-003904,TRX-01666,PROD-0003,PROMO-NONE,1,18499000,0.0
DTL-003905,TRX-01667,PROD-0008,PROMO-NONE,1,10999000,0.0
DTL-003906,TRX-01667,PROD-0014,PROMO-NONE,1,9499000,0.0
DTL-003907,TRX-01668,PROD-0065,PROMO-020,1,6299000,314950.0
DTL-003908,TRX-01668,PROD-0087,PROMO-010,1,1199000,59950.0
DTL-003909,TRX-01668,PROD-0057,PROMO-013,1,5999000,599900.0
DTL-003910,TRX-01669,PROD-0036,PROMO-NONE,1,3999000,0.0
DTL-003911,TRX-01669,PROD-0061,PROMO-NONE,1,5599000,0.0
DTL-003912,TRX-01669,PROD-0058,PROMO-NONE,1,4999000,0.0
DTL-003913,TRX-01670,PROD-0057,PROMO-NONE,1,5999000,0.0
DTL-003914,TRX-01670,PROD-0043,PROMO-020,1,8999000,449950.0
DTL-003915,TRX-01670,PROD-0051,PROMO-NONE,1,6499000,0.0
DTL-003916,TRX-01671,PROD-0027,PROMO-NONE,1,16499000,0.0
DTL-003917,TRX-01671,PROD-0058,PROMO-NONE,2,4999000,0.0
DTL-003918,TRX-01671,PROD-0005,PROMO-NONE,1,13999000,0.0
DTL-003919,TRX-01671,PROD-0024,PROMO-NONE,1,399000,0.0
DTL-003920,TRX-01672,PROD-0001,PROMO-NONE,1,20499000,0.0
DTL-003921,TRX-01673,PROD-0081,PROMO-NONE,1,7999000,0.0
DTL-003922,TRX-01673,PROD-0032,PROMO-NONE,2,28499000,0.0
DTL-003923,TRX-01674,PROD-0028,PROMO-NONE,1,20999000,0.0
DTL-003924,TRX-01675,PROD-0025,PROMO-NONE,2,24499000,0.0
DTL-003925,TRX-01675,PROD-0069,PROMO-NONE,1,1599000,0.0
DTL-003926,TRX-01675,PROD-0068,PROMO-010,1,3499000,174950.0
DTL-003927,TRX-01676,PROD-0093,PROMO-004,1,699000,83880.0
DTL-003928,TRX-01676,PROD-0015,PROMO-NONE,1,13599000,0.0
DTL-003929,TRX-01676,PROD-0087,PROMO-NONE,1,1199000,0.0
DTL-003930,TRX-01677,PROD-0007,PROMO-NONE,1,9999000,0.0
DTL-003931,TRX-01677,PROD-0027,PROMO-NONE,1,16499000,0.0
DTL-003932,TRX-01677,PROD-0004,PROMO-NONE,1,16999000,0.0
DTL-003933,TRX-01678,PROD-0022,PROMO-NONE,2,499000,0.0
DTL-003934,TRX-01678,PROD-0058,PROMO-NONE,1,4999000,0.0
DTL-003935,TRX-01679,PROD-0017,PROMO-NONE,1,22999000,0.0
DTL-003936,TRX-01679,PROD-0091,PROMO-NONE,3,699000,0.0
DTL-003937,TRX-01680,PROD-0015,PROMO-NONE,3,13599000,0.0
DTL-003938,TRX-01680,PROD-0099,PROMO-NONE,1,3079000,0.0
DTL-003939,TRX-01680,PROD-0035,PROMO-NONE,1,4999000,0.0
DTL-003940,TRX-01681,PROD-0087,PROMO-NONE,1,1199000,0.0
DTL-003941,TRX-01682,PROD-0054,PROMO-001,1,4499000,134970.0
DTL-003942,TRX-01682,PROD-0067,PROMO-019,1,3999000,199950.0
DTL-003943,TRX-01683,PROD-0006,PROMO-008,1,12499000,624950.0
DTL-003944,TRX-01683,PROD-0084,PROMO-NONE,1,1399000,0.0
DTL-003945,TRX-01683,PROD-0045,PROMO-NONE,2,3999000,0.0
DTL-003946,TRX-01684,PROD-0025,PROMO-NONE,1,24499000,0.0
DTL-003947,TRX-01684,PROD-0096,PROMO-NONE,1,1599000,0.0
DTL-003948,TRX-01684,PROD-0060,PROMO-NONE,1,4999000,0.0
DTL-003949,TRX-01685,PROD-0049,PROMO-011,1,6999000,559920.0
DTL-003950,TRX-01685,PROD-0057,PROMO-NONE,1,5999000,0.0
DTL-003951,TRX-01686,PROD-0021,PROMO-NONE,1,2499000,0.0
DTL-003952,TRX-01686,PROD-0009,PROMO-004,1,12999000,1559880.0
DTL-003953,TRX-01687,PROD-0068,PROMO-NONE,1,3499000,0.0
DTL-003954,TRX-01688,PROD-0024,PROMO-018,1,399000,59850.0
DTL-003955,TRX-01689,PROD-0088,PROMO-015,1,2799000,223920.0
DTL-003956,TRX-01689,PROD-0051,PROMO-NONE,1,6499000,0.0
DTL-003957,TRX-01690,PROD-0086,PROMO-NONE,2,1199000,0.0
DTL-003958,TRX-01690,PROD-0016,PROMO-NONE,1,14999000,0.0
DTL-003959,TRX-01690,PROD-0091,PROMO-NONE,2,699000,0.0
DTL-003960,TRX-01690,PROD-0051,PROMO-NONE,2,6499000,0.0
DTL-003961,TRX-01691,PROD-0064,PROMO-NONE,1,7499000,0.0
DTL-003962,TRX-01691,PROD-0058,PROMO-NONE,1,4999000,0.0
DTL-003963,TRX-01692,PROD-0060,PROMO-NONE,1,4999000,0.0
DTL-003964,TRX-01692,PROD-0001,PROMO-NONE,2,20499000,0.0
DTL-003965,TRX-01693,PROD-0066,PROMO-NONE,2,5499000,0.0
DTL-003966,TRX-01693,PROD-0068,PROMO-NONE,1,3499000,0.0
DTL-003967,TRX-01694,PROD-0037,PROMO-009,1,2999000,89970.0
DTL-003968,TRX-01694,PROD-0054,PROMO-NONE,2,4499000,0.0
DTL-003969,TRX-01695,PROD-0019,PROMO-NONE,1,14999000,0.0
DTL-003970,TRX-01695,PROD-0038,PROMO-006,1,1599000,47970.0
DTL-003971,TRX-01695,PROD-0064,PROMO-020,1,7499000,374950.0
DTL-003972,TRX-01695,PROD-0095,PROMO-010,1,399000,19950.0
DTL-003973,TRX-01696,PROD-0006,PROMO-NONE,1,12499000,0.0
DTL-003974,TRX-01696,PROD-0030,PROMO-NONE,1,13499000,0.0
DTL-003975,TRX-01696,PROD-0013,PROMO-018,1,6499000,974850.0
DTL-003976,TRX-01697,PROD-0044,PROMO-NONE,1,4499000,0.0
DTL-003977,TRX-01697,PROD-0088,PROMO-NONE,1,2799000,0.0
DTL-003978,TRX-01698,PROD-0051,PROMO-008,1,6499000,324950.0
DTL-003979,TRX-01699,PROD-0068,PROMO-NONE,1,3499000,0.0
DTL-003980,TRX-01699,PROD-0093,PROMO-NONE,1,699000,0.0
DTL-003981,TRX-01700,PROD-0004,PROMO-NONE,1,16999000,0.0
DTL-003982,TRX-01700,PROD-0019,PROMO-NONE,1,14999000,0.0
DTL-003983,TRX-01700,PROD-0067,PROMO-NONE,2,3999000,0.0
DTL-003984,TRX-01700,PROD-0023,PROMO-005,3,499000,119760.0
DTL-003985,TRX-01701,PROD-0022,PROMO-NONE,1,499000,0.0
DTL-003986,TRX-01702,PROD-0016,PROMO-004,2,14999000,3599760.0
DTL-003987,TRX-01702,PROD-0059,PROMO-001,1,2299000,68970.0
DTL-003988,TRX-01702,PROD-0087,PROMO-NONE,1,1199000,0.0
DTL-003989,TRX-01702,PROD-0085,PROMO-006,1,399000,11970.0
DTL-003990,TRX-01703,PROD-0074,PROMO-NONE,1,5999000,0.0
DTL-003991,TRX-01703,PROD-0062,PROMO-NONE,1,5999000,0.0
DTL-003992,TRX-01703,PROD-0055,PROMO-015,1,3299000,263920.0
DTL-003993,TRX-01704,PROD-0058,PROMO-020,1,4999000,249950.0
DTL-003994,TRX-01705,PROD-0036,PROMO-NONE,2,3999000,0.0
DTL-003995,TRX-01705,PROD-0071,PROMO-NONE,2,4999000,0.0
DTL-003996,TRX-01706,PROD-0048,PROMO-NONE,3,16999000,0.0
DTL-003997,TRX-01706,PROD-0067,PROMO-014,1,3999000,119970.0
DTL-003998,TRX-01706,PROD-0021,PROMO-NONE,1,2499000,0.0
DTL-003999,TRX-01706,PROD-0047,PROMO-011,1,12499000,999920.0
DTL-004000,TRX-01707,PROD-0020,PROMO-NONE,1,3999000,0.0
DTL-004001,TRX-01707,PROD-0002,PROMO-NONE,1,23499000,0.0
DTL-004002,TRX-01708,PROD-0061,PROMO-015,1,5599000,447920.0
DTL-004003,TRX-01708,PROD-0079,PROMO-006,1,18999000,569970.0
DTL-004004,TRX-01708,PROD-0011,PROMO-NONE,1,15999000,0.0
DTL-004005,TRX-01709,PROD-0062,PROMO-NONE,1,5999000,0.0
DTL-004006,TRX-01710,PROD-0044,PROMO-NONE,1,4499000,0.0
DTL-004007,TRX-01711,PROD-0021,PROMO-007,1,2499000,249900.0
DTL-004008,TRX-01712,PROD-0059,PROMO-NONE,1,2299000,0.0
DTL-004009,TRX-01712,PROD-0064,PROMO-NONE,1,7499000,0.0
DTL-004010,TRX-01713,PROD-0011,PROMO-NONE,1,15999000,0.0
DTL-004011,TRX-01713,PROD-0086,PROMO-NONE,1,1199000,0.0
DTL-004012,TRX-01714,PROD-0068,PROMO-NONE,2,3499000,0.0
DTL-004013,TRX-01714,PROD-0059,PROMO-NONE,1,2299000,0.0
DTL-004014,TRX-01714,PROD-0091,PROMO-010,1,699000,34950.0
DTL-004015,TRX-01715,PROD-0092,PROMO-NONE,1,649000,0.0
DTL-004016,TRX-01715,PROD-0085,PROMO-NONE,1,399000,0.0
DTL-004017,TRX-01715,PROD-0054,PROMO-NONE,1,4499000,0.0
DTL-004018,TRX-01715,PROD-0069,PROMO-016,1,1599000,79950.0
DTL-004019,TRX-01716,PROD-0009,PROMO-003,1,12999000,1039920.0
DTL-004020,TRX-01716,PROD-0008,PROMO-NONE,1,10999000,0.0
DTL-004021,TRX-01717,PROD-0021,PROMO-001,1,2499000,74970.0
DTL-004022,TRX-01717,PROD-0064,PROMO-017,2,7499000,1799760.0
DTL-004023,TRX-01718,PROD-0008,PROMO-009,1,10999000,329970.0
DTL-004024,TRX-01718,PROD-0080,PROMO-020,1,10999000,549950.0
DTL-004025,TRX-01718,PROD-0004,PROMO-NONE,1,16999000,0.0
DTL-004026,TRX-01719,PROD-0012,PROMO-011,1,11499000,919920.0
DTL-004027,TRX-01719,PROD-0040,PROMO-NONE,1,15999000,0.0
DTL-004028,TRX-01720,PROD-0074,PROMO-020,1,5999000,299950.0
DTL-004029,TRX-01720,PROD-0035,PROMO-NONE,2,4999000,0.0
DTL-004030,TRX-01720,PROD-0066,PROMO-NONE,2,5499000,0.0
DTL-004031,TRX-01720,PROD-0052,PROMO-NONE,1,2099000,0.0
DTL-004032,TRX-01721,PROD-0087,PROMO-NONE,2,1199000,0.0
DTL-004033,TRX-01721,PROD-0080,PROMO-NONE,1,10999000,0.0
DTL-004034,TRX-01721,PROD-0030,PROMO-NONE,1,13499000,0.0
DTL-004035,TRX-01722,PROD-0067,PROMO-NONE,1,3999000,0.0
DTL-004036,TRX-01722,PROD-0010,PROMO-NONE,1,12599000,0.0
DTL-004037,TRX-01723,PROD-0042,PROMO-NONE,1,3499000,0.0
DTL-004038,TRX-01723,PROD-0068,PROMO-NONE,1,3499000,0.0
DTL-004039,TRX-01724,PROD-0055,PROMO-012,1,3299000,329900.0
DTL-004040,TRX-01724,PROD-0012,PROMO-NONE,1,11499000,0.0
DTL-004041,TRX-01724,PROD-0058,PROMO-NONE,1,4999000,0.0
DTL-004042,TRX-01724,PROD-0074,PROMO-NONE,2,5999000,0.0
DTL-004043,TRX-01725,PROD-0023,PROMO-NONE,1,499000,0.0
DTL-004044,TRX-01725,PROD-0040,PROMO-NONE,1,15999000,0.0
DTL-004045,TRX-01725,PROD-0022,PROMO-010,1,499000,24950.0
DTL-004046,TRX-01726,PROD-0017,PROMO-013,1,22999000,2299900.0
DTL-004047,TRX-01726,PROD-0098,PROMO-NONE,1,1695000,0.0
DTL-004048,TRX-01726,PROD-0006,PROMO-005,1,12499000,999920.0
DTL-004049,TRX-01727,PROD-0083,PROMO-NONE,1,7499000,0.0
DTL-004050,TRX-01727,PROD-0030,PROMO-NONE,1,13499000,0.0
DTL-004051,TRX-01727,PROD-0044,PROMO-NONE,1,4499000,0.0
DTL-004052,TRX-01728,PROD-0043,PROMO-007,1,8999000,899900.0
DTL-004053,TRX-01728,PROD-0026,PROMO-NONE,1,19499000,0.0
DTL-004054,TRX-01728,PROD-0003,PROMO-005,1,18499000,1479920.0
DTL-004055,TRX-01729,PROD-0009,PROMO-005,2,12999000,2079840.0
DTL-004056,TRX-01729,PROD-0065,PROMO-011,1,6299000,503920.0
DTL-004057,TRX-01730,PROD-0045,PROMO-NONE,1,3999000,0.0
DTL-004058,TRX-01730,PROD-0018,PROMO-NONE,2,7999000,0.0
DTL-004059,TRX-01730,PROD-0015,PROMO-011,1,13599000,1087920.0
DTL-004060,TRX-01731,PROD-0084,PROMO-016,1,1399000,69950.0
DTL-004061,TRX-01731,PROD-0021,PROMO-NONE,2,2499000,0.0
DTL-004062,TRX-01732,PROD-0036,PROMO-NONE,2,3999000,0.0
DTL-004063,TRX-01732,PROD-0080,PROMO-NONE,1,10999000,0.0
DTL-004064,TRX-01733,PROD-0096,PROMO-NONE,1,1599000,0.0
DTL-004065,TRX-01733,PROD-0036,PROMO-NONE,2,3999000,0.0
DTL-004066,TRX-01734,PROD-0002,PROMO-NONE,1,23499000,0.0
DTL-004067,TRX-01734,PROD-0083,PROMO-015,2,7499000,1199840.0
DTL-004068,TRX-01734,PROD-0085,PROMO-NONE,1,399000,0.0
DTL-004069,TRX-01734,PROD-0099,PROMO-NONE,1,3079000,0.0
DTL-004070,TRX-01735,PROD-0026,PROMO-002,1,19499000,1559920.0
DTL-004071,TRX-01735,PROD-0060,PROMO-NONE,1,4999000,0.0
DTL-004072,TRX-01735,PROD-0054,PROMO-003,1,4499000,359920.0
DTL-004073,TRX-01736,PROD-0082,PROMO-NONE,2,7499000,0.0
DTL-004074,TRX-01737,PROD-0091,PROMO-NONE,2,699000,0.0
DTL-004075,TRX-01738,PROD-0015,PROMO-NONE,1,13599000,0.0
DTL-004076,TRX-01738,PROD-0026,PROMO-NONE,2,19499000,0.0
DTL-004077,TRX-01738,PROD-0036,PROMO-NONE,1,3999000,0.0
DTL-004078,TRX-01738,PROD-0085,PROMO-NONE,2,399000,0.0
DTL-004079,TRX-01739,PROD-0089,PROMO-NONE,1,779000,0.0
DTL-004080,TRX-01739,PROD-0037,PROMO-NONE,1,2999000,0.0
DTL-004081,TRX-01740,PROD-0032,PROMO-013,3,28499000,8549700.0
DTL-004082,TRX-01740,PROD-0090,PROMO-007,3,699000,209700.0
DTL-004083,TRX-01740,PROD-0050,PROMO-NONE,1,8499000,0.0
DTL-004084,TRX-01741,PROD-0093,PROMO-NONE,1,699000,0.0
DTL-004085,TRX-01741,PROD-0078,PROMO-NONE,1,21999000,0.0
DTL-004086,TRX-01742,PROD-0074,PROMO-NONE,1,5999000,0.0
DTL-004087,TRX-01743,PROD-0035,PROMO-NONE,1,4999000,0.0
DTL-004088,TRX-01744,PROD-0001,PROMO-NONE,1,20499000,0.0
DTL-004089,TRX-01744,PROD-0078,PROMO-NONE,3,21999000,0.0
DTL-004090,TRX-01745,PROD-0009,PROMO-NONE,1,12999000,0.0
DTL-004091,TRX-01745,PROD-0080,PROMO-NONE,1,10999000,0.0
DTL-004092,TRX-01745,PROD-0097,PROMO-006,2,1565000,93900.0
DTL-004093,TRX-01746,PROD-0026,PROMO-NONE,1,19499000,0.0
DTL-004094,TRX-01746,PROD-0045,PROMO-NONE,2,3999000,0.0
DTL-004095,TRX-01746,PROD-0086,PROMO-020,2,1199000,119900.0
DTL-004096,TRX-01746,PROD-0018,PROMO-NONE,1,7999000,0.0
DTL-004097,TRX-01747,PROD-0067,PROMO-013,1,3999000,399900.0
DTL-004098,TRX-01747,PROD-0078,PROMO-NONE,3,21999000,0.0
DTL-004099,TRX-01747,PROD-0036,PROMO-NONE,1,3999000,0.0
DTL-004100,TRX-01748,PROD-0063,PROMO-NONE,1,6999000,0.0
DTL-004101,TRX-01749,PROD-0079,PROMO-NONE,1,18999000,0.0
DTL-004102,TRX-01749,PROD-0097,PROMO-006,1,1565000,46950.0
DTL-004103,TRX-01749,PROD-0045,PROMO-NONE,1,3999000,0.0
DTL-004104,TRX-01750,PROD-0054,PROMO-NONE,2,4499000,0.0
DTL-004105,TRX-01750,PROD-0019,PROMO-NONE,2,14999000,0.0
DTL-004106,TRX-01750,PROD-0026,PROMO-NONE,3,19499000,0.0
DTL-004107,TRX-01751,PROD-0066,PROMO-017,1,5499000,659880.0
DTL-004108,TRX-01751,PROD-0028,PROMO-NONE,3,20999000,0.0
DTL-004109,TRX-01752,PROD-0060,PROMO-NONE,1,4999000,0.0
DTL-004110,TRX-01752,PROD-0039,PROMO-NONE,1,13999000,0.0
DTL-004111,TRX-01752,PROD-0007,PROMO-NONE,1,9999000,0.0
DTL-004112,TRX-01753,PROD-0055,PROMO-NONE,1,3299000,0.0
DTL-004113,TRX-01753,PROD-0030,PROMO-003,1,13499000,1079920.0
DTL-004114,TRX-01754,PROD-0067,PROMO-005,1,3999000,319920.0
DTL-004115,TRX-01754,PROD-0049,PROMO-NONE,3,6999000,0.0
DTL-004116,TRX-01755,PROD-0033,PROMO-NONE,1,15999000,0.0
DTL-004117,TRX-01756,PROD-0079,PROMO-NONE,1,18999000,0.0
DTL-004118,TRX-01756,PROD-0006,PROMO-NONE,2,12499000,0.0
DTL-004119,TRX-01757,PROD-0062,PROMO-005,1,5999000,479920.0
DTL-004120,TRX-01758,PROD-0027,PROMO-NONE,1,16499000,0.0
DTL-004121,TRX-01758,PROD-0064,PROMO-NONE,2,7499000,0.0
DTL-004122,TRX-01758,PROD-0024,PROMO-NONE,1,399000,0.0
DTL-004123,TRX-01758,PROD-0067,PROMO-NONE,2,3999000,0.0
DTL-004124,TRX-01759,PROD-0072,PROMO-NONE,1,6999000,0.0
DTL-004125,TRX-01760,PROD-0036,PROMO-002,1,3999000,319920.0
DTL-004126,TRX-01760,PROD-0086,PROMO-NONE,1,1199000,0.0
DTL-004127,TRX-01760,PROD-0067,PROMO-005,2,3999000,639840.0
DTL-004128,TRX-01761,PROD-0046,PROMO-NONE,1,2999000,0.0
DTL-004129,TRX-01761,PROD-0055,PROMO-004,1,3299000,395880.0
DTL-004130,TRX-01762,PROD-0073,PROMO-NONE,1,4299000,0.0
DTL-004131,TRX-01762,PROD-0079,PROMO-NONE,1,18999000,0.0
DTL-004132,TRX-01763,PROD-0091,PROMO-013,3,699000,209700.0
DTL-004133,TRX-01764,PROD-0077,PROMO-NONE,2,1999000,0.0
DTL-004134,TRX-01764,PROD-0026,PROMO-NONE,1,19499000,0.0
DTL-004135,TRX-01765,PROD-0001,PROMO-007,1,20499000,2049900.0
DTL-004136,TRX-01765,PROD-0090,PROMO-NONE,1,699000,0.0
DTL-004137,TRX-01766,PROD-0001,PROMO-NONE,1,20499000,0.0
DTL-004138,TRX-01766,PROD-0060,PROMO-NONE,1,4999000,0.0
DTL-004139,TRX-01766,PROD-0039,PROMO-013,1,13999000,1399900.0
DTL-004140,TRX-01767,PROD-0083,PROMO-NONE,1,7499000,0.0
DTL-004141,TRX-01767,PROD-0088,PROMO-NONE,1,2799000,0.0
DTL-004142,TRX-01767,PROD-0002,PROMO-016,1,23499000,1174950.0
DTL-004143,TRX-01768,PROD-0078,PROMO-007,1,21999000,2199900.0
DTL-004144,TRX-01768,PROD-0094,PROMO-NONE,1,2999000,0.0
DTL-004145,TRX-01769,PROD-0041,PROMO-015,1,6499000,519920.0
DTL-004146,TRX-01770,PROD-0026,PROMO-NONE,1,19499000,0.0
DTL-004147,TRX-01770,PROD-0025,PROMO-NONE,1,24499000,0.0
DTL-004148,TRX-01771,PROD-0063,PROMO-NONE,1,6999000,0.0
DTL-004149,TRX-01771,PROD-0082,PROMO-NONE,1,7499000,0.0
DTL-004150,TRX-01772,PROD-0003,PROMO-NONE,1,18499000,0.0
DTL-004151,TRX-01772,PROD-0080,PROMO-NONE,1,10999000,0.0
DTL-004152,TRX-01773,PROD-0076,PROMO-016,1,2999000,149950.0
DTL-004153,TRX-01773,PROD-0001,PROMO-003,2,20499000,3279840.0
DTL-004154,TRX-01773,PROD-0049,PROMO-NONE,1,6999000,0.0
DTL-004155,TRX-01773,PROD-0033,PROMO-NONE,1,15999000,0.0
DTL-004156,TRX-01774,PROD-0048,PROMO-NONE,1,16999000,0.0
DTL-004157,TRX-01774,PROD-0069,PROMO-011,1,1599000,127920.0
DTL-004158,TRX-01775,PROD-0033,PROMO-NONE,1,15999000,0.0
DTL-004159,TRX-01775,PROD-0084,PROMO-020,1,1399000,69950.0
DTL-004160,TRX-01776,PROD-0039,PROMO-015,1,13999000,1119920.0
DTL-004161,TRX-01776,PROD-0083,PROMO-NONE,1,7499000,0.0
DTL-004162,TRX-01777,PROD-0058,PROMO-NONE,2,4999000,0.0
DTL-004163,TRX-01777,PROD-0031,PROMO-NONE,1,20999000,0.0
DTL-004164,TRX-01778,PROD-0029,PROMO-020,1,17499000,874950.0
DTL-004165,TRX-01778,PROD-0076,PROMO-NONE,1,2999000,0.0
DTL-004166,TRX-01779,PROD-0092,PROMO-010,1,649000,32450.0
DTL-004167,TRX-01779,PROD-0086,PROMO-NONE,1,1199000,0.0
DTL-004168,TRX-01780,PROD-0079,PROMO-007,2,18999000,3799800.0
DTL-004169,TRX-01781,PROD-0035,PROMO-NONE,1,4999000,0.0
DTL-004170,TRX-01781,PROD-0095,PROMO-NONE,1,399000,0.0
DTL-004171,TRX-01781,PROD-0005,PROMO-NONE,1,13999000,0.0
DTL-004172,TRX-01781,PROD-0075,PROMO-NONE,3,4699000,0.0
DTL-004173,TRX-01782,PROD-0084,PROMO-NONE,1,1399000,0.0
DTL-004174,TRX-01783,PROD-0042,PROMO-NONE,1,3499000,0.0
DTL-004175,TRX-01783,PROD-0039,PROMO-NONE,1,13999000,0.0
DTL-004176,TRX-01784,PROD-0044,PROMO-005,1,4499000,359920.0
DTL-004177,TRX-01784,PROD-0029,PROMO-NONE,1,17499000,0.0
DTL-004178,TRX-01785,PROD-0025,PROMO-006,1,24499000,734970.0
DTL-004179,TRX-01785,PROD-0064,PROMO-NONE,2,7499000,0.0
DTL-004180,TRX-01786,PROD-0064,PROMO-NONE,1,7499000,0.0
DTL-004181,TRX-01786,PROD-0042,PROMO-NONE,1,3499000,0.0
DTL-004182,TRX-01786,PROD-0049,PROMO-010,1,6999000,349950.0
DTL-004183,TRX-01787,PROD-0095,PROMO-NONE,1,399000,0.0
DTL-004184,TRX-01787,PROD-0070,PROMO-NONE,1,6499000,0.0
DTL-004185,TRX-01787,PROD-0060,PROMO-NONE,1,4999000,0.0
DTL-004186,TRX-01788,PROD-0052,PROMO-006,1,2099000,62970.0
DTL-004187,TRX-01788,PROD-0098,PROMO-NONE,1,1695000,0.0
DTL-004188,TRX-01789,PROD-0043,PROMO-017,1,8999000,1079880.0
DTL-004189,TRX-01789,PROD-0008,PROMO-NONE,1,10999000,0.0
DTL-004190,TRX-01789,PROD-0076,PROMO-011,2,2999000,479840.0
DTL-004191,TRX-01790,PROD-0045,PROMO-015,1,3999000,319920.0
DTL-004192,TRX-01790,PROD-0027,PROMO-NONE,1,16499000,0.0
DTL-004193,TRX-01791,PROD-0050,PROMO-NONE,2,8499000,0.0
DTL-004194,TRX-01791,PROD-0021,PROMO-NONE,1,2499000,0.0
DTL-004195,TRX-01791,PROD-0040,PROMO-NONE,2,15999000,0.0
DTL-004196,TRX-01791,PROD-0066,PROMO-NONE,2,5499000,0.0
DTL-004197,TRX-01792,PROD-0008,PROMO-NONE,1,10999000,0.0
DTL-004198,TRX-01793,PROD-0025,PROMO-NONE,1,24499000,0.0
DTL-004199,TRX-01793,PROD-0059,PROMO-NONE,1,2299000,0.0
DTL-004200,TRX-01793,PROD-0042,PROMO-NONE,1,3499000,0.0
DTL-004201,TRX-01793,PROD-0050,PROMO-001,1,8499000,254970.0
DTL-004202,TRX-01794,PROD-0052,PROMO-012,1,2099000,209900.0
DTL-004203,TRX-01795,PROD-0065,PROMO-001,1,6299000,188970.0
DTL-004204,TRX-01795,PROD-0080,PROMO-NONE,1,10999000,0.0
DTL-004205,TRX-01795,PROD-0067,PROMO-NONE,1,3999000,0.0
DTL-004206,TRX-01795,PROD-0091,PROMO-008,1,699000,34950.0
DTL-004207,TRX-01796,PROD-0093,PROMO-NONE,1,699000,0.0
DTL-004208,TRX-01797,PROD-0054,PROMO-NONE,1,4499000,0.0
DTL-004209,TRX-01797,PROD-0048,PROMO-009,1,16999000,509970.0
DTL-004210,TRX-01798,PROD-0027,PROMO-NONE,1,16499000,0.0
DTL-004211,TRX-01798,PROD-0049,PROMO-NONE,1,6999000,0.0
DTL-004212,TRX-01799,PROD-0047,PROMO-NONE,1,12499000,0.0
DTL-004213,TRX-01799,PROD-0098,PROMO-NONE,1,1695000,0.0
DTL-004214,TRX-01800,PROD-0076,PROMO-NONE,1,2999000,0.0
DTL-004215,TRX-01800,PROD-0038,PROMO-NONE,1,1599000,0.0
DTL-004216,TRX-01800,PROD-0011,PROMO-NONE,2,15999000,0.0
DTL-004217,TRX-01800,PROD-0010,PROMO-018,1,12599000,1889850.0
DTL-004218,TRX-01801,PROD-0064,PROMO-NONE,1,7499000,0.0
DTL-004219,TRX-01801,PROD-0036,PROMO-NONE,1,3999000,0.0
DTL-004220,TRX-01802,PROD-0055,PROMO-NONE,1,3299000,0.0
DTL-004221,TRX-01802,PROD-0004,PROMO-015,1,16999000,1359920.0
DTL-004222,TRX-01802,PROD-0099,PROMO-NONE,2,3079000,0.0
DTL-004223,TRX-01802,PROD-0029,PROMO-NONE,1,17499000,0.0
DTL-004224,TRX-01803,PROD-0100,PROMO-NONE,1,1799000,0.0
DTL-004225,TRX-01803,PROD-0014,PROMO-NONE,2,9499000,0.0
DTL-004226,TRX-01803,PROD-0099,PROMO-NONE,1,3079000,0.0
DTL-004227,TRX-01803,PROD-0092,PROMO-NONE,2,649000,0.0
DTL-004228,TRX-01804,PROD-0085,PROMO-NONE,1,399000,0.0
DTL-004229,TRX-01804,PROD-0083,PROMO-NONE,2,7499000,0.0
DTL-004230,TRX-01804,PROD-0036,PROMO-NONE,1,3999000,0.0
DTL-004231,TRX-01805,PROD-0051,PROMO-NONE,2,6499000,0.0
DTL-004232,TRX-01806,PROD-0083,PROMO-NONE,1,7499000,0.0
DTL-004233,TRX-01806,PROD-0097,PROMO-NONE,1,1565000,0.0
DTL-004234,TRX-01806,PROD-0001,PROMO-NONE,1,20499000,0.0
DTL-004235,TRX-01807,PROD-0090,PROMO-NONE,1,699000,0.0
DTL-004236,TRX-01807,PROD-0016,PROMO-NONE,1,14999000,0.0
DTL-004237,TRX-01808,PROD-0058,PROMO-NONE,2,4999000,0.0
DTL-004238,TRX-01808,PROD-0003,PROMO-NONE,1,18499000,0.0
DTL-004239,TRX-01809,PROD-0043,PROMO-NONE,1,8999000,0.0
DTL-004240,TRX-01809,PROD-0030,PROMO-NONE,1,13499000,0.0
DTL-004241,TRX-01809,PROD-0090,PROMO-NONE,1,699000,0.0
DTL-004242,TRX-01810,PROD-0032,PROMO-NONE,1,28499000,0.0
DTL-004243,TRX-01810,PROD-0089,PROMO-NONE,2,779000,0.0
DTL-004244,TRX-01811,PROD-0056,PROMO-NONE,1,5799000,0.0
DTL-004245,TRX-01811,PROD-0027,PROMO-015,1,16499000,1319920.0
DTL-004246,TRX-01811,PROD-0022,PROMO-NONE,1,499000,0.0
DTL-004247,TRX-01811,PROD-0099,PROMO-012,1,3079000,307900.0
DTL-004248,TRX-01812,PROD-0093,PROMO-NONE,1,699000,0.0
DTL-004249,TRX-01812,PROD-0096,PROMO-NONE,1,1599000,0.0
DTL-004250,TRX-01813,PROD-0099,PROMO-NONE,1,3079000,0.0
DTL-004251,TRX-01813,PROD-0045,PROMO-NONE,2,3999000,0.0
DTL-004252,TRX-01813,PROD-0003,PROMO-015,1,18499000,1479920.0
DTL-004253,TRX-01814,PROD-0018,PROMO-NONE,1,7999000,0.0
DTL-004254,TRX-01814,PROD-0021,PROMO-015,1,2499000,199920.0
DTL-004255,TRX-01815,PROD-0085,PROMO-NONE,1,399000,0.0
DTL-004256,TRX-01815,PROD-0003,PROMO-NONE,1,18499000,0.0
DTL-004257,TRX-01816,PROD-0050,PROMO-NONE,2,8499000,0.0
DTL-004258,TRX-01816,PROD-0088,PROMO-008,2,2799000,279900.0
DTL-004259,TRX-01817,PROD-0043,PROMO-NONE,1,8999000,0.0
DTL-004260,TRX-01818,PROD-0075,PROMO-002,1,4699000,375920.0
DTL-004261,TRX-01818,PROD-0016,PROMO-006,1,14999000,449970.0
DTL-004262,TRX-01819,PROD-0055,PROMO-006,2,3299000,197940.0
DTL-004263,TRX-01820,PROD-0080,PROMO-NONE,1,10999000,0.0
DTL-004264,TRX-01820,PROD-0049,PROMO-007,1,6999000,699900.0
DTL-004265,TRX-01820,PROD-0096,PROMO-NONE,1,1599000,0.0
DTL-004266,TRX-01821,PROD-0097,PROMO-006,2,1565000,93900.0
DTL-004267,TRX-01822,PROD-0002,PROMO-NONE,1,23499000,0.0
DTL-004268,TRX-01823,PROD-0061,PROMO-NONE,1,5599000,0.0
DTL-004269,TRX-01823,PROD-0069,PROMO-NONE,1,1599000,0.0
DTL-004270,TRX-01823,PROD-0028,PROMO-NONE,1,20999000,0.0
DTL-004271,TRX-01823,PROD-0036,PROMO-012,1,3999000,399900.0
DTL-004272,TRX-01824,PROD-0011,PROMO-NONE,1,15999000,0.0
DTL-004273,TRX-01824,PROD-0078,PROMO-NONE,1,21999000,0.0
DTL-004274,TRX-01825,PROD-0061,PROMO-019,1,5599000,279950.0
DTL-004275,TRX-01825,PROD-0071,PROMO-NONE,1,4999000,0.0
DTL-004276,TRX-01826,PROD-0017,PROMO-NONE,1,22999000,0.0
DTL-004277,TRX-01826,PROD-0051,PROMO-007,3,6499000,1949700.0
DTL-004278,TRX-01827,PROD-0080,PROMO-NONE,1,10999000,0.0
DTL-004279,TRX-01827,PROD-0013,PROMO-003,1,6499000,519920.0
DTL-004280,TRX-01828,PROD-0012,PROMO-009,2,11499000,689940.0
DTL-004281,TRX-01829,PROD-0044,PROMO-NONE,1,4499000,0.0
DTL-004282,TRX-01829,PROD-0033,PROMO-NONE,1,15999000,0.0
DTL-004283,TRX-01829,PROD-0025,PROMO-NONE,1,24499000,0.0
DTL-004284,TRX-01829,PROD-0010,PROMO-NONE,1,12599000,0.0
DTL-004285,TRX-01830,PROD-0053,PROMO-002,3,5099000,1223760.0
DTL-004286,TRX-01830,PROD-0065,PROMO-NONE,2,6299000,0.0
DTL-004287,TRX-01830,PROD-0084,PROMO-NONE,2,1399000,0.0
DTL-004288,TRX-01830,PROD-0071,PROMO-020,1,4999000,249950.0
DTL-004289,TRX-01831,PROD-0089,PROMO-010,1,779000,38950.0
DTL-004290,TRX-01831,PROD-0087,PROMO-NONE,1,1199000,0.0
DTL-004291,TRX-01831,PROD-0094,PROMO-NONE,2,2999000,0.0
DTL-004292,TRX-01831,PROD-0053,PROMO-NONE,1,5099000,0.0
DTL-004293,TRX-01832,PROD-0081,PROMO-NONE,2,7999000,0.0
DTL-004294,TRX-01832,PROD-0036,PROMO-003,1,3999000,319920.0
DTL-004295,TRX-01833,PROD-0074,PROMO-015,1,5999000,479920.0
DTL-004296,TRX-01834,PROD-0063,PROMO-009,2,6999000,419940.0
DTL-004297,TRX-01834,PROD-0045,PROMO-008,1,3999000,199950.0
DTL-004298,TRX-01835,PROD-0036,PROMO-003,2,3999000,639840.0
DTL-004299,TRX-01836,PROD-0037,PROMO-NONE,1,2999000,0.0
DTL-004300,TRX-01837,PROD-0083,PROMO-013,1,7499000,749900.0
DTL-004301,TRX-01838,PROD-0070,PROMO-001,1,6499000,194970.0
DTL-004302,TRX-01838,PROD-0100,PROMO-NONE,1,1799000,0.0
DTL-004303,TRX-01839,PROD-0065,PROMO-NONE,1,6299000,0.0
DTL-004304,TRX-01839,PROD-0020,PROMO-NONE,3,3999000,0.0
DTL-004305,TRX-01839,PROD-0036,PROMO-NONE,1,3999000,0.0
DTL-004306,TRX-01839,PROD-0092,PROMO-NONE,1,649000,0.0
DTL-004307,TRX-01840,PROD-0060,PROMO-006,1,4999000,149970.0
DTL-004308,TRX-01840,PROD-0077,PROMO-NONE,1,1999000,0.0
DTL-004309,TRX-01840,PROD-0064,PROMO-005,2,7499000,1199840.0
DTL-004310,TRX-01841,PROD-0020,PROMO-NONE,2,3999000,0.0
DTL-004311,TRX-01841,PROD-0039,PROMO-NONE,1,13999000,0.0
DTL-004312,TRX-01841,PROD-0100,PROMO-NONE,1,1799000,0.0
DTL-004313,TRX-01842,PROD-0085,PROMO-012,1,399000,39900.0
DTL-004314,TRX-01843,PROD-0077,PROMO-NONE,2,1999000,0.0
DTL-004315,TRX-01843,PROD-0090,PROMO-001,2,699000,41940.0
DTL-004316,TRX-01843,PROD-0056,PROMO-NONE,1,5799000,0.0
DTL-004317,TRX-01844,PROD-0035,PROMO-NONE,1,4999000,0.0
DTL-004318,TRX-01844,PROD-0025,PROMO-NONE,1,24499000,0.0
DTL-004319,TRX-01844,PROD-0017,PROMO-NONE,2,22999000,0.0
DTL-004320,TRX-01844,PROD-0005,PROMO-NONE,1,13999000,0.0
DTL-004321,TRX-01845,PROD-0033,PROMO-008,1,15999000,799950.0
DTL-004322,TRX-01845,PROD-0011,PROMO-NONE,1,15999000,0.0
DTL-004323,TRX-01845,PROD-0084,PROMO-NONE,3,1399000,0.0
DTL-004324,TRX-01846,PROD-0051,PROMO-NONE,2,6499000,0.0
DTL-004325,TRX-01846,PROD-0007,PROMO-003,1,9999000,799920.0
DTL-004326,TRX-01846,PROD-0026,PROMO-NONE,1,19499000,0.0
DTL-004327,TRX-01846,PROD-0035,PROMO-NONE,1,4999000,0.0
DTL-004328,TRX-01847,PROD-0066,PROMO-NONE,1,5499000,0.0
DTL-004329,TRX-01847,PROD-0071,PROMO-NONE,1,4999000,0.0
DTL-004330,TRX-01847,PROD-0050,PROMO-NONE,2,8499000,0.0
DTL-004331,TRX-01847,PROD-0096,PROMO-NONE,1,1599000,0.0
DTL-004332,TRX-01848,PROD-0037,PROMO-014,2,2999000,179940.0
DTL-004333,TRX-01848,PROD-0004,PROMO-NONE,2,16999000,0.0
DTL-004334,TRX-01849,PROD-0002,PROMO-NONE,1,23499000,0.0
DTL-004335,TRX-01849,PROD-0029,PROMO-NONE,1,17499000,0.0
DTL-004336,TRX-01849,PROD-0058,PROMO-001,3,4999000,449910.0
DTL-004337,TRX-01850,PROD-0056,PROMO-NONE,1,5799000,0.0
DTL-004338,TRX-01850,PROD-0024,PROMO-NONE,1,399000,0.0
DTL-004339,TRX-01851,PROD-0005,PROMO-NONE,1,13999000,0.0
DTL-004340,TRX-01851,PROD-0087,PROMO-NONE,3,1199000,0.0
DTL-004341,TRX-01852,PROD-0018,PROMO-NONE,1,7999000,0.0
DTL-004342,TRX-01852,PROD-0079,PROMO-NONE,1,18999000,0.0
DTL-004343,TRX-01853,PROD-0033,PROMO-NONE,1,15999000,0.0
DTL-004344,TRX-01854,PROD-0008,PROMO-NONE,1,10999000,0.0
DTL-004345,TRX-01854,PROD-0096,PROMO-NONE,1,1599000,0.0
DTL-004346,TRX-01855,PROD-0097,PROMO-NONE,1,1565000,0.0
DTL-004347,TRX-01855,PROD-0015,PROMO-NONE,1,13599000,0.0
DTL-004348,TRX-01855,PROD-0061,PROMO-NONE,1,5599000,0.0
DTL-004349,TRX-01855,PROD-0039,PROMO-002,1,13999000,1119920.0
DTL-004350,TRX-01856,PROD-0002,PROMO-013,1,23499000,2349900.0
DTL-004351,TRX-01856,PROD-0013,PROMO-006,1,6499000,194970.0
DTL-004352,TRX-01857,PROD-0070,PROMO-NONE,1,6499000,0.0
DTL-004353,TRX-01857,PROD-0037,PROMO-NONE,1,2999000,0.0
DTL-004354,TRX-01857,PROD-0050,PROMO-NONE,1,8499000,0.0
DTL-004355,TRX-01857,PROD-0020,PROMO-NONE,3,3999000,0.0
DTL-004356,TRX-01858,PROD-0011,PROMO-NONE,1,15999000,0.0
DTL-004357,TRX-01859,PROD-0019,PROMO-NONE,1,14999000,0.0
DTL-004358,TRX-01859,PROD-0001,PROMO-NONE,1,20499000,0.0
DTL-004359,TRX-01860,PROD-0039,PROMO-010,1,13999000,699950.0
DTL-004360,TRX-01860,PROD-0034,PROMO-NONE,1,5999000,0.0
DTL-004361,TRX-01860,PROD-0095,PROMO-NONE,1,399000,0.0
DTL-004362,TRX-01861,PROD-0008,PROMO-NONE,1,10999000,0.0
DTL-004363,TRX-01861,PROD-0084,PROMO-NONE,1,1399000,0.0
DTL-004364,TRX-01861,PROD-0070,PROMO-NONE,1,6499000,0.0
DTL-004365,TRX-01862,PROD-0035,PROMO-NONE,1,4999000,0.0
DTL-004366,TRX-01863,PROD-0031,PROMO-NONE,1,20999000,0.0
DTL-004367,TRX-01863,PROD-0004,PROMO-NONE,2,16999000,0.0
DTL-004368,TRX-01864,PROD-0003,PROMO-NONE,1,18499000,0.0
DTL-004369,TRX-01864,PROD-0041,PROMO-NONE,1,6499000,0.0
DTL-004370,TRX-01864,PROD-0010,PROMO-NONE,1,12599000,0.0
DTL-004371,TRX-01864,PROD-0065,PROMO-NONE,1,6299000,0.0
DTL-004372,TRX-01865,PROD-0031,PROMO-NONE,1,20999000,0.0
DTL-004373,TRX-01866,PROD-0063,PROMO-NONE,2,6999000,0.0
DTL-004374,TRX-01866,PROD-0037,PROMO-NONE,2,2999000,0.0
DTL-004375,TRX-01867,PROD-0066,PROMO-NONE,3,5499000,0.0
DTL-004376,TRX-01867,PROD-0070,PROMO-NONE,1,6499000,0.0
DTL-004377,TRX-01868,PROD-0017,PROMO-NONE,1,22999000,0.0
DTL-004378,TRX-01868,PROD-0044,PROMO-NONE,1,4499000,0.0
DTL-004379,TRX-01869,PROD-0002,PROMO-NONE,1,23499000,0.0
DTL-004380,TRX-01869,PROD-0088,PROMO-NONE,1,2799000,0.0
DTL-004381,TRX-01870,PROD-0058,PROMO-NONE,1,4999000,0.0
DTL-004382,TRX-01870,PROD-0046,PROMO-NONE,1,2999000,0.0
DTL-004383,TRX-01870,PROD-0094,PROMO-NONE,1,2999000,0.0
DTL-004384,TRX-01871,PROD-0047,PROMO-NONE,1,12499000,0.0
DTL-004385,TRX-01871,PROD-0054,PROMO-NONE,1,4499000,0.0
DTL-004386,TRX-01871,PROD-0036,PROMO-NONE,2,3999000,0.0
DTL-004387,TRX-01872,PROD-0086,PROMO-NONE,1,1199000,0.0
DTL-004388,TRX-01873,PROD-0043,PROMO-NONE,1,8999000,0.0
DTL-004389,TRX-01873,PROD-0022,PROMO-NONE,1,499000,0.0
DTL-004390,TRX-01874,PROD-0046,PROMO-007,3,2999000,899700.0
DTL-004391,TRX-01875,PROD-0042,PROMO-NONE,1,3499000,0.0
DTL-004392,TRX-01875,PROD-0082,PROMO-NONE,1,7499000,0.0
DTL-004393,TRX-01876,PROD-0076,PROMO-NONE,1,2999000,0.0
DTL-004394,TRX-01876,PROD-0030,PROMO-NONE,1,13499000,0.0
DTL-004395,TRX-01877,PROD-0004,PROMO-NONE,1,16999000,0.0
DTL-004396,TRX-01878,PROD-0060,PROMO-001,2,4999000,299940.0
DTL-004397,TRX-01878,PROD-0013,PROMO-NONE,1,6499000,0.0
DTL-004398,TRX-01878,PROD-0079,PROMO-NONE,1,18999000,0.0
DTL-004399,TRX-01879,PROD-0097,PROMO-NONE,1,1565000,0.0
DTL-004400,TRX-01879,PROD-0049,PROMO-NONE,2,6999000,0.0
DTL-004401,TRX-01879,PROD-0008,PROMO-NONE,2,10999000,0.0
DTL-004402,TRX-01879,PROD-0013,PROMO-NONE,1,6499000,0.0
DTL-004403,TRX-01880,PROD-0097,PROMO-NONE,3,1565000,0.0
DTL-004404,TRX-01881,PROD-0037,PROMO-008,1,2999000,149950.0
DTL-004405,TRX-01881,PROD-0022,PROMO-001,1,499000,14970.0
DTL-004406,TRX-01881,PROD-0030,PROMO-NONE,3,13499000,0.0
DTL-004407,TRX-01881,PROD-0031,PROMO-NONE,1,20999000,0.0
DTL-004408,TRX-01882,PROD-0067,PROMO-015,3,3999000,959760.0
DTL-004409,TRX-01883,PROD-0043,PROMO-NONE,3,8999000,0.0
DTL-004410,TRX-01884,PROD-0028,PROMO-016,1,20999000,1049950.0
DTL-004411,TRX-01884,PROD-0090,PROMO-NONE,1,699000,0.0
DTL-004412,TRX-01884,PROD-0083,PROMO-003,1,7499000,599920.0
DTL-004413,TRX-01885,PROD-0091,PROMO-004,1,699000,83880.0
DTL-004414,TRX-01885,PROD-0081,PROMO-014,1,7999000,239970.0
DTL-004415,TRX-01886,PROD-0077,PROMO-NONE,1,1999000,0.0
DTL-004416,TRX-01886,PROD-0064,PROMO-019,1,7499000,374950.0
DTL-004417,TRX-01886,PROD-0072,PROMO-NONE,1,6999000,0.0
DTL-004418,TRX-01886,PROD-0093,PROMO-NONE,2,699000,0.0
DTL-004419,TRX-01887,PROD-0013,PROMO-NONE,1,6499000,0.0
DTL-004420,TRX-01888,PROD-0081,PROMO-NONE,1,7999000,0.0
DTL-004421,TRX-01888,PROD-0015,PROMO-NONE,1,13599000,0.0
DTL-004422,TRX-01889,PROD-0009,PROMO-NONE,1,12999000,0.0
DTL-004423,TRX-01889,PROD-0078,PROMO-011,1,21999000,1759920.0
DTL-004424,TRX-01890,PROD-0088,PROMO-NONE,1,2799000,0.0
DTL-004425,TRX-01890,PROD-0082,PROMO-NONE,1,7499000,0.0
DTL-004426,TRX-01890,PROD-0051,PROMO-NONE,1,6499000,0.0
DTL-004427,TRX-01891,PROD-0067,PROMO-NONE,1,3999000,0.0
DTL-004428,TRX-01891,PROD-0031,PROMO-016,1,20999000,1049950.0
DTL-004429,TRX-01891,PROD-0074,PROMO-NONE,1,5999000,0.0
DTL-004430,TRX-01892,PROD-0030,PROMO-NONE,3,13499000,0.0
DTL-004431,TRX-01892,PROD-0096,PROMO-NONE,1,1599000,0.0
DTL-004432,TRX-01893,PROD-0043,PROMO-NONE,1,8999000,0.0
DTL-004433,TRX-01893,PROD-0009,PROMO-NONE,1,12999000,0.0
DTL-004434,TRX-01893,PROD-0031,PROMO-NONE,2,20999000,0.0
DTL-004435,TRX-01894,PROD-0009,PROMO-NONE,1,12999000,0.0
DTL-004436,TRX-01894,PROD-0065,PROMO-NONE,1,6299000,0.0
DTL-004437,TRX-01894,PROD-0004,PROMO-NONE,2,16999000,0.0
DTL-004438,TRX-01895,PROD-0026,PROMO-NONE,2,19499000,0.0
DTL-004439,TRX-01895,PROD-0010,PROMO-NONE,2,12599000,0.0
DTL-004440,TRX-01895,PROD-0077,PROMO-003,1,1999000,159920.0
DTL-004441,TRX-01896,PROD-0100,PROMO-NONE,1,1799000,0.0
DTL-004442,TRX-01897,PROD-0055,PROMO-NONE,1,3299000,0.0
DTL-004443,TRX-01897,PROD-0035,PROMO-020,1,4999000,249950.0
DTL-004444,TRX-01897,PROD-0013,PROMO-NONE,1,6499000,0.0
DTL-004445,TRX-01897,PROD-0083,PROMO-NONE,1,7499000,0.0
DTL-004446,TRX-01898,PROD-0030,PROMO-NONE,1,13499000,0.0
DTL-004447,TRX-01898,PROD-0019,PROMO-NONE,2,14999000,0.0
DTL-004448,TRX-01899,PROD-0068,PROMO-NONE,1,3499000,0.0
DTL-004449,TRX-01900,PROD-0020,PROMO-NONE,1,3999000,0.0
DTL-004450,TRX-01900,PROD-0026,PROMO-017,3,19499000,7019640.0
DTL-004451,TRX-01900,PROD-0096,PROMO-NONE,1,1599000,0.0
DTL-004452,TRX-01900,PROD-0054,PROMO-015,2,4499000,719840.0
DTL-004453,TRX-01901,PROD-0014,PROMO-NONE,1,9499000,0.0
DTL-004454,TRX-01901,PROD-0077,PROMO-006,1,1999000,59970.0
DTL-004455,TRX-01902,PROD-0021,PROMO-NONE,1,2499000,0.0
DTL-004456,TRX-01902,PROD-0100,PROMO-NONE,1,1799000,0.0
DTL-004457,TRX-01903,PROD-0046,PROMO-NONE,2,2999000,0.0
DTL-004458,TRX-01903,PROD-0014,PROMO-NONE,1,9499000,0.0
DTL-004459,TRX-01904,PROD-0087,PROMO-NONE,1,1199000,0.0
DTL-004460,TRX-01905,PROD-0026,PROMO-008,1,19499000,974950.0
DTL-004461,TRX-01905,PROD-0071,PROMO-NONE,2,4999000,0.0
DTL-004462,TRX-01905,PROD-0046,PROMO-NONE,1,2999000,0.0
DTL-004463,TRX-01905,PROD-0011,PROMO-NONE,1,15999000,0.0
DTL-004464,TRX-01906,PROD-0015,PROMO-NONE,3,13599000,0.0
DTL-004465,TRX-01906,PROD-0059,PROMO-NONE,1,2299000,0.0
DTL-004466,TRX-01906,PROD-0056,PROMO-NONE,1,5799000,0.0
DTL-004467,TRX-01907,PROD-0062,PROMO-013,1,5999000,599900.0
DTL-004468,TRX-01907,PROD-0048,PROMO-NONE,1,16999000,0.0
DTL-004469,TRX-01907,PROD-0077,PROMO-NONE,2,1999000,0.0
DTL-004470,TRX-01907,PROD-0078,PROMO-019,1,21999000,1099950.0
DTL-004471,TRX-01908,PROD-0009,PROMO-NONE,1,12999000,0.0
DTL-004472,TRX-01908,PROD-0059,PROMO-014,2,2299000,137940.0
DTL-004473,TRX-01908,PROD-0038,PROMO-NONE,1,1599000,0.0
DTL-004474,TRX-01908,PROD-0081,PROMO-009,1,7999000,239970.0
DTL-004475,TRX-01909,PROD-0016,PROMO-NONE,1,14999000,0.0
DTL-004476,TRX-01909,PROD-0074,PROMO-NONE,1,5999000,0.0
DTL-004477,TRX-01910,PROD-0096,PROMO-014,1,1599000,47970.0
DTL-004478,TRX-01911,PROD-0044,PROMO-NONE,2,4499000,0.0
DTL-004479,TRX-01911,PROD-0064,PROMO-NONE,1,7499000,0.0
DTL-004480,TRX-01912,PROD-0015,PROMO-NONE,1,13599000,0.0
DTL-004481,TRX-01912,PROD-0067,PROMO-NONE,1,3999000,0.0
DTL-004482,TRX-01913,PROD-0089,PROMO-NONE,1,779000,0.0
DTL-004483,TRX-01913,PROD-0084,PROMO-NONE,1,1399000,0.0
DTL-004484,TRX-01913,PROD-0082,PROMO-NONE,2,7499000,0.0
DTL-004485,TRX-01913,PROD-0032,PROMO-NONE,1,28499000,0.0
DTL-004486,TRX-01914,PROD-0018,PROMO-NONE,1,7999000,0.0
DTL-004487,TRX-01914,PROD-0072,PROMO-010,1,6999000,349950.0
DTL-004488,TRX-01914,PROD-0058,PROMO-NONE,1,4999000,0.0
DTL-004489,TRX-01915,PROD-0037,PROMO-NONE,1,2999000,0.0
DTL-004490,TRX-01915,PROD-0059,PROMO-020,1,2299000,114950.0
DTL-004491,TRX-01915,PROD-0096,PROMO-NONE,1,1599000,0.0
DTL-004492,TRX-01916,PROD-0100,PROMO-007,1,1799000,179900.0
DTL-004493,TRX-01917,PROD-0027,PROMO-NONE,1,16499000,0.0
DTL-004494,TRX-01917,PROD-0016,PROMO-019,1,14999000,749950.0
DTL-004495,TRX-01918,PROD-0091,PROMO-019,1,699000,34950.0
DTL-004496,TRX-01918,PROD-0027,PROMO-NONE,1,16499000,0.0
DTL-004497,TRX-01919,PROD-0075,PROMO-014,1,4699000,140970.0
DTL-004498,TRX-01919,PROD-0096,PROMO-NONE,1,1599000,0.0
DTL-004499,TRX-01920,PROD-0092,PROMO-NONE,1,649000,0.0
DTL-004500,TRX-01920,PROD-0069,PROMO-NONE,1,1599000,0.0
DTL-004501,TRX-01921,PROD-0008,PROMO-NONE,1,10999000,0.0
DTL-004502,TRX-01922,PROD-0034,PROMO-NONE,1,5999000,0.0
DTL-004503,TRX-01922,PROD-0042,PROMO-011,1,3499000,279920.0
DTL-004504,TRX-01922,PROD-0049,PROMO-NONE,2,6999000,0.0
DTL-004505,TRX-01923,PROD-0003,PROMO-004,1,18499000,2219880.0
DTL-004506,TRX-01923,PROD-0085,PROMO-NONE,1,399000,0.0
DTL-004507,TRX-01924,PROD-0082,PROMO-008,1,7499000,374950.0
DTL-004508,TRX-01924,PROD-0025,PROMO-NONE,1,24499000,0.0
DTL-004509,TRX-01924,PROD-0090,PROMO-NONE,1,699000,0.0
DTL-004510,TRX-01925,PROD-0078,PROMO-NONE,2,21999000,0.0
DTL-004511,TRX-01925,PROD-0099,PROMO-006,2,3079000,184740.0
DTL-004512,TRX-01925,PROD-0022,PROMO-006,1,499000,14970.0
DTL-004513,TRX-01926,PROD-0050,PROMO-006,1,8499000,254970.0
DTL-004514,TRX-01926,PROD-0052,PROMO-NONE,1,2099000,0.0
DTL-004515,TRX-01927,PROD-0076,PROMO-010,1,2999000,149950.0
DTL-004516,TRX-01927,PROD-0048,PROMO-NONE,1,16999000,0.0
DTL-004517,TRX-01928,PROD-0027,PROMO-NONE,1,16499000,0.0
DTL-004518,TRX-01928,PROD-0033,PROMO-NONE,1,15999000,0.0
DTL-004519,TRX-01929,PROD-0027,PROMO-011,1,16499000,1319920.0
DTL-004520,TRX-01929,PROD-0002,PROMO-NONE,1,23499000,0.0
DTL-004521,TRX-01929,PROD-0034,PROMO-006,1,5999000,179970.0
DTL-004522,TRX-01930,PROD-0004,PROMO-NONE,1,16999000,0.0
DTL-004523,TRX-01930,PROD-0037,PROMO-003,1,2999000,239920.0
DTL-004524,TRX-01930,PROD-0022,PROMO-NONE,2,499000,0.0
DTL-004525,TRX-01931,PROD-0023,PROMO-NONE,1,499000,0.0
DTL-004526,TRX-01931,PROD-0065,PROMO-NONE,2,6299000,0.0
DTL-004527,TRX-01931,PROD-0095,PROMO-005,2,399000,63840.0
DTL-004528,TRX-01931,PROD-0007,PROMO-NONE,1,9999000,0.0
DTL-004529,TRX-01932,PROD-0047,PROMO-020,1,12499000,624950.0
DTL-004530,TRX-01932,PROD-0078,PROMO-NONE,1,21999000,0.0
DTL-004531,TRX-01933,PROD-0003,PROMO-013,1,18499000,1849900.0
DTL-004532,TRX-01933,PROD-0024,PROMO-NONE,2,399000,0.0
DTL-004533,TRX-01933,PROD-0059,PROMO-018,2,2299000,689700.0
DTL-004534,TRX-01933,PROD-0011,PROMO-NONE,1,15999000,0.0
DTL-004535,TRX-01934,PROD-0060,PROMO-012,1,4999000,499900.0
DTL-004536,TRX-01934,PROD-0072,PROMO-NONE,1,6999000,0.0
DTL-004537,TRX-01934,PROD-0076,PROMO-004,1,2999000,359880.0
DTL-004538,TRX-01935,PROD-0061,PROMO-NONE,2,5599000,0.0
DTL-004539,TRX-01935,PROD-0077,PROMO-NONE,1,1999000,0.0
DTL-004540,TRX-01935,PROD-0073,PROMO-NONE,1,4299000,0.0
DTL-004541,TRX-01936,PROD-0004,PROMO-016,1,16999000,849950.0
DTL-004542,TRX-01936,PROD-0010,PROMO-NONE,1,12599000,0.0
DTL-004543,TRX-01937,PROD-0039,PROMO-006,1,13999000,419970.0
DTL-004544,TRX-01937,PROD-0084,PROMO-013,1,1399000,139900.0
DTL-004545,TRX-01938,PROD-0048,PROMO-015,2,16999000,2719840.0
DTL-004546,TRX-01939,PROD-0057,PROMO-009,2,5999000,359940.0
DTL-004547,TRX-01939,PROD-0077,PROMO-018,1,1999000,299850.0
DTL-004548,TRX-01939,PROD-0023,PROMO-NONE,3,499000,0.0
DTL-004549,TRX-01939,PROD-0064,PROMO-NONE,1,7499000,0.0
DTL-004550,TRX-01940,PROD-0091,PROMO-NONE,1,699000,0.0
DTL-004551,TRX-01940,PROD-0056,PROMO-003,1,5799000,463920.0
DTL-004552,TRX-01941,PROD-0010,PROMO-NONE,1,12599000,0.0
DTL-004553,TRX-01941,PROD-0016,PROMO-NONE,1,14999000,0.0
DTL-004554,TRX-01942,PROD-0042,PROMO-NONE,1,3499000,0.0
DTL-004555,TRX-01942,PROD-0085,PROMO-012,1,399000,39900.0
DTL-004556,TRX-01943,PROD-0036,PROMO-002,2,3999000,639840.0
DTL-004557,TRX-01943,PROD-0068,PROMO-NONE,1,3499000,0.0
DTL-004558,TRX-01944,PROD-0019,PROMO-NONE,1,14999000,0.0
DTL-004559,TRX-01944,PROD-0021,PROMO-NONE,1,2499000,0.0
DTL-004560,TRX-01944,PROD-0085,PROMO-NONE,2,399000,0.0
DTL-004561,TRX-01945,PROD-0028,PROMO-NONE,1,20999000,0.0
DTL-004562,TRX-01945,PROD-0020,PROMO-NONE,1,3999000,0.0
DTL-004563,TRX-01945,PROD-0066,PROMO-NONE,1,5499000,0.0
DTL-004564,TRX-01945,PROD-0069,PROMO-NONE,1,1599000,0.0
DTL-004565,TRX-01946,PROD-0061,PROMO-NONE,1,5599000,0.0
DTL-004566,TRX-01947,PROD-0014,PROMO-006,1,9499000,284970.0
DTL-004567,TRX-01947,PROD-0039,PROMO-018,1,13999000,2099850.0
DTL-004568,TRX-01947,PROD-0056,PROMO-018,1,5799000,869850.0
DTL-004569,TRX-01948,PROD-0030,PROMO-007,1,13499000,1349900.0
DTL-004570,TRX-01948,PROD-0011,PROMO-012,1,15999000,1599900.0
DTL-004571,TRX-01949,PROD-0094,PROMO-012,2,2999000,599800.0
DTL-004572,TRX-01949,PROD-0008,PROMO-NONE,1,10999000,0.0
DTL-004573,TRX-01949,PROD-0002,PROMO-009,1,23499000,704970.0
DTL-004574,TRX-01950,PROD-0058,PROMO-NONE,3,4999000,0.0
DTL-004575,TRX-01950,PROD-0100,PROMO-NONE,1,1799000,0.0
DTL-004576,TRX-01950,PROD-0019,PROMO-NONE,1,14999000,0.0
DTL-004577,TRX-01951,PROD-0011,PROMO-NONE,1,15999000,0.0
DTL-004578,TRX-01951,PROD-0022,PROMO-NONE,1,499000,0.0
DTL-004579,TRX-01952,PROD-0092,PROMO-014,1,649000,19470.0
DTL-004580,TRX-01953,PROD-0010,PROMO-NONE,3,12599000,0.0
DTL-004581,TRX-01953,PROD-0018,PROMO-NONE,1,7999000,0.0
DTL-004582,TRX-01953,PROD-0059,PROMO-NONE,1,2299000,0.0
DTL-004583,TRX-01954,PROD-0047,PROMO-NONE,2,12499000,0.0
DTL-004584,TRX-01954,PROD-0050,PROMO-NONE,1,8499000,0.0
DTL-004585,TRX-01954,PROD-0099,PROMO-NONE,1,3079000,0.0
DTL-004586,TRX-01954,PROD-0026,PROMO-009,1,19499000,584970.0
DTL-004587,TRX-01955,PROD-0067,PROMO-NONE,1,3999000,0.0
DTL-004588,TRX-01955,PROD-0064,PROMO-019,1,7499000,374950.0
DTL-004589,TRX-01956,PROD-0094,PROMO-013,1,2999000,299900.0
DTL-004590,TRX-01956,PROD-0064,PROMO-019,1,7499000,374950.0
DTL-004591,TRX-01956,PROD-0057,PROMO-NONE,1,5999000,0.0
DTL-004592,TRX-01957,PROD-0003,PROMO-013,1,18499000,1849900.0
DTL-004593,TRX-01958,PROD-0041,PROMO-NONE,3,6499000,0.0
DTL-004594,TRX-01958,PROD-0052,PROMO-NONE,2,2099000,0.0
DTL-004595,TRX-01959,PROD-0050,PROMO-NONE,1,8499000,0.0
DTL-004596,TRX-01960,PROD-0057,PROMO-NONE,1,5999000,0.0
DTL-004597,TRX-01961,PROD-0073,PROMO-NONE,1,4299000,0.0
DTL-004598,TRX-01961,PROD-0032,PROMO-NONE,1,28499000,0.0
DTL-004599,TRX-01962,PROD-0050,PROMO-NONE,3,8499000,0.0
DTL-004600,TRX-01962,PROD-0059,PROMO-NONE,1,2299000,0.0
DTL-004601,TRX-01963,PROD-0033,PROMO-010,1,15999000,799950.0
DTL-004602,TRX-01963,PROD-0035,PROMO-017,1,4999000,599880.0
DTL-004603,TRX-01964,PROD-0066,PROMO-NONE,1,5499000,0.0
DTL-004604,TRX-01965,PROD-0046,PROMO-NONE,1,2999000,0.0
DTL-004605,TRX-01965,PROD-0055,PROMO-013,1,3299000,329900.0
DTL-004606,TRX-01966,PROD-0003,PROMO-NONE,2,18499000,0.0
DTL-004607,TRX-01967,PROD-0011,PROMO-014,2,15999000,959940.0
DTL-004608,TRX-01967,PROD-0049,PROMO-NONE,2,6999000,0.0
DTL-004609,TRX-01967,PROD-0007,PROMO-003,1,9999000,799920.0
DTL-004610,TRX-01967,PROD-0076,PROMO-NONE,1,2999000,0.0
DTL-004611,TRX-01968,PROD-0019,PROMO-NONE,1,14999000,0.0
DTL-004612,TRX-01969,PROD-0074,PROMO-NONE,1,5999000,0.0
DTL-004613,TRX-01969,PROD-0030,PROMO-NONE,1,13499000,0.0
DTL-004614,TRX-01969,PROD-0003,PROMO-NONE,1,18499000,0.0
DTL-004615,TRX-01970,PROD-0070,PROMO-NONE,1,6499000,0.0
DTL-004616,TRX-01970,PROD-0053,PROMO-NONE,1,5099000,0.0
DTL-004617,TRX-01970,PROD-0014,PROMO-NONE,1,9499000,0.0
DTL-004618,TRX-01971,PROD-0074,PROMO-NONE,1,5999000,0.0
DTL-004619,TRX-01971,PROD-0062,PROMO-NONE,1,5999000,0.0
DTL-004620,TRX-01971,PROD-0065,PROMO-NONE,1,6299000,0.0
DTL-004621,TRX-01972,PROD-0004,PROMO-NONE,1,16999000,0.0
DTL-004622,TRX-01973,PROD-0048,PROMO-NONE,1,16999000,0.0
DTL-004623,TRX-01973,PROD-0075,PROMO-NONE,1,4699000,0.0
DTL-004624,TRX-01973,PROD-0010,PROMO-NONE,2,12599000,0.0
DTL-004625,TRX-01974,PROD-0003,PROMO-NONE,1,18499000,0.0
DTL-004626,TRX-01974,PROD-0020,PROMO-NONE,1,3999000,0.0
DTL-004627,TRX-01975,PROD-0089,PROMO-NONE,1,779000,0.0
DTL-004628,TRX-01975,PROD-0084,PROMO-NONE,1,1399000,0.0
DTL-004629,TRX-01975,PROD-0031,PROMO-NONE,3,20999000,0.0
DTL-004630,TRX-01976,PROD-0042,PROMO-006,1,3499000,104970.0
DTL-004631,TRX-01976,PROD-0033,PROMO-NONE,1,15999000,0.0
DTL-004632,TRX-01977,PROD-0049,PROMO-004,1,6999000,839880.0
DTL-004633,TRX-01977,PROD-0011,PROMO-NONE,1,15999000,0.0
DTL-004634,TRX-01978,PROD-0057,PROMO-NONE,1,5999000,0.0
DTL-004635,TRX-01978,PROD-0020,PROMO-NONE,1,3999000,0.0
DTL-004636,TRX-01979,PROD-0027,PROMO-002,2,16499000,2639840.0
DTL-004637,TRX-01979,PROD-0043,PROMO-NONE,1,8999000,0.0
DTL-004638,TRX-01980,PROD-0030,PROMO-015,1,13499000,1079920.0
DTL-004639,TRX-01981,PROD-0050,PROMO-NONE,1,8499000,0.0
DTL-004640,TRX-01981,PROD-0031,PROMO-NONE,1,20999000,0.0
DTL-004641,TRX-01981,PROD-0029,PROMO-015,1,17499000,1399920.0
DTL-004642,TRX-01981,PROD-0041,PROMO-016,1,6499000,324950.0
DTL-004643,TRX-01982,PROD-0041,PROMO-NONE,1,6499000,0.0
DTL-004644,TRX-01982,PROD-0015,PROMO-013,3,13599000,4079700.0
DTL-004645,TRX-01982,PROD-0001,PROMO-010,1,20499000,1024950.0
DTL-004646,TRX-01982,PROD-0057,PROMO-NONE,1,5999000,0.0
DTL-004647,TRX-01983,PROD-0067,PROMO-NONE,1,3999000,0.0
DTL-004648,TRX-01983,PROD-0043,PROMO-NONE,2,8999000,0.0
DTL-004649,TRX-01984,PROD-0023,PROMO-NONE,1,499000,0.0
DTL-004650,TRX-01984,PROD-0072,PROMO-NONE,1,6999000,0.0
DTL-004651,TRX-01985,PROD-0032,PROMO-NONE,1,28499000,0.0
DTL-004652,TRX-01985,PROD-0062,PROMO-NONE,1,5999000,0.0
DTL-004653,TRX-01985,PROD-0084,PROMO-NONE,1,1399000,0.0
DTL-004654,TRX-01986,PROD-0052,PROMO-020,3,2099000,314850.0
DTL-004655,TRX-01987,PROD-0053,PROMO-NONE,1,5099000,0.0
DTL-004656,TRX-01987,PROD-0013,PROMO-NONE,1,6499000,0.0
DTL-004657,TRX-01988,PROD-0096,PROMO-NONE,2,1599000,0.0
DTL-004658,TRX-01988,PROD-0082,PROMO-NONE,1,7499000,0.0
DTL-004659,TRX-01989,PROD-0074,PROMO-NONE,2,5999000,0.0
DTL-004660,TRX-01990,PROD-0088,PROMO-NONE,1,2799000,0.0
DTL-004661,TRX-01990,PROD-0078,PROMO-NONE,1,21999000,0.0
DTL-004662,TRX-01990,PROD-0026,PROMO-NONE,1,19499000,0.0
DTL-004663,TRX-01991,PROD-0005,PROMO-NONE,3,13999000,0.0
DTL-004664,TRX-01991,PROD-0029,PROMO-008,1,17499000,874950.0
DTL-004665,TRX-01991,PROD-0009,PROMO-019,1,12999000,649950.0
DTL-004666,TRX-01992,PROD-0056,PROMO-NONE,1,5799000,0.0
DTL-004667,TRX-01992,PROD-0047,PROMO-015,2,12499000,1999840.0
DTL-004668,TRX-01992,PROD-0044,PROMO-NONE,2,4499000,0.0
DTL-004669,TRX-01993,PROD-0002,PROMO-012,2,23499000,4699800.0
DTL-004670,TRX-01993,PROD-0064,PROMO-NONE,1,7499000,0.0
DTL-004671,TRX-01994,PROD-0037,PROMO-NONE,1,2999000,0.0
DTL-004672,TRX-01994,PROD-0039,PROMO-NONE,1,13999000,0.0
DTL-004673,TRX-01994,PROD-0083,PROMO-NONE,3,7499000,0.0
DTL-004674,TRX-01995,PROD-0030,PROMO-NONE,2,13499000,0.0
DTL-004675,TRX-01995,PROD-0087,PROMO-NONE,2,1199000,0.0
DTL-004676,TRX-01995,PROD-0036,PROMO-012,1,3999000,399900.0
DTL-004677,TRX-01996,PROD-0074,PROMO-NONE,1,5999000,0.0
DTL-004678,TRX-01997,PROD-0008,PROMO-005,1,10999000,879920.0
DTL-004679,TRX-01997,PROD-0057,PROMO-NONE,1,5999000,0.0
DTL-004680,TRX-01998,PROD-0075,PROMO-NONE,1,4699000,0.0
DTL-004681,TRX-01998,PROD-0069,PROMO-NONE,2,1599000,0.0
DTL-004682,TRX-01999,PROD-0093,PROMO-NONE,1,699000,0.0
DTL-004683,TRX-01999,PROD-0017,PROMO-012,1,22999000,2299900.0
DTL-004684,TRX-01999,PROD-0050,PROMO-NONE,1,8499000,0.0
DTL-004685,TRX-01999,PROD-0059,PROMO-NONE,1,2299000,0.0
DTL-004686,TRX-02000,PROD-0040,PROMO-010,2,15999000,1599900.0
DTL-004687,TRX-02000,PROD-0098,PROMO-NONE,1,1695000,0.0
DTL-004688,TRX-02000,PROD-0077,PROMO-001,1,1999000,59970.0
